t,X_true,Y_true,yaw_true,v_true,omega_true
0.0,0.0,0.0,0.0,0.0,0.0
0.01,0.0,0.0,0.0,0.0,0.0
0.02,0.0,0.0,0.0,0.0,0.0
0.03,0.0,0.0,0.0,0.0,0.0
0.04,0.0,0.0,0.0,0.0,0.0
0.05,0.0,0.0,0.0,0.0,0.0
0.06,0.0,0.0,0.0,0.0,0.0
0.07,0.0,0.0,0.0,0.0,0.0
0.08,0.0,0.0,0.0,0.0,0.0
0.09,0.0,0.0,0.0,0.0,0.0
0.1,0.0,0.0,0.0,0.0,0.0
0.11,0.0,0.0,0.0,0.0,0.0
0.12,0.0,0.0,0.0,0.0,0.0
0.13,0.0,0.0,0.0,0.0,0.0
0.14,0.0,0.0,0.0,0.0,0.0
0.15,0.0,0.0,0.0,0.0,0.0
0.16,0.0,0.0,0.0,0.0,0.0
0.17,0.0,0.0,0.0,0.0,0.0
0.18,0.0,0.0,0.0,0.0,0.0
0.19,0.0,0.0,0.0,0.0,0.0
0.2,0.0,0.0,0.0,0.0,0.0
0.21,0.0,0.0,0.0,0.0,0.0
0.22,0.0,0.0,0.0,0.0,0.0
0.23,0.0,0.0,0.0,0.0,0.0
0.24,0.0,0.0,0.0,0.0,0.0
0.25,0.0,0.0,0.0,0.0,0.0
0.26,0.0,0.0,0.0,0.0,0.0
0.27,0.0,0.0,0.0,0.0,0.0
0.28,0.0,0.0,0.0,0.0,0.0
0.29,0.0,0.0,0.0,0.0,0.0
0.3,0.0,0.0,0.0,0.0,0.0
0.31,0.0,0.0,0.0,0.0,0.0
0.32,0.0,0.0,0.0,0.0,0.0
0.33,0.0,0.0,0.0,0.0,0.0
0.34,0.0,0.0,0.0,0.0,0.0
0.35000000000000003,0.0,0.0,0.0,0.0,0.0
0.36,0.0,0.0,0.0,0.0,0.0
0.37,0.0,0.0,0.0,0.0,0.0
0.38,0.0,0.0,0.0,0.0,0.0
0.39,0.0,0.0,0.0,0.0,0.0
0.4,0.0,0.0,0.0,0.0,0.0
0.41000000000000003,0.0,0.0,0.0,0.0,0.0
0.42,0.0,0.0,0.0,0.0,0.0
0.43,0.0,0.0,0.0,0.0,0.0
0.44,0.0,0.0,0.0,0.0,0.0
0.45,0.0,0.0,0.0,0.0,0.0
0.46,0.0,0.0,0.0,0.0,0.0
0.47000000000000003,0.0,0.0,0.0,0.0,0.0
0.48,0.0,0.0,0.0,0.0,0.0
0.49,0.0,0.0,0.0,0.0,0.0
0.5,0.0,0.0,0.0,0.0,0.0
0.51,0.0,0.0,0.0,0.0,0.0
0.52,0.0,0.0,0.0,0.0,0.0
0.53,0.0,0.0,0.0,0.0,0.0
0.54,0.0,0.0,0.0,0.0,0.0
0.55,0.0,0.0,0.0,0.0,0.0
0.56,0.0,0.0,0.0,0.0,0.0
0.5700000000000001,0.0,0.0,0.0,0.0,0.0
0.58,0.0,0.0,0.0,0.0,0.0
0.59,0.0,0.0,0.0,0.0,0.0
0.6,0.0,0.0,0.0,0.0,0.0
0.61,0.0,0.0,0.0,0.0,0.0
0.62,0.0,0.0,0.0,0.0,0.0
0.63,0.0,0.0,0.0,0.0,0.0
0.64,0.0,0.0,0.0,0.0,0.0
0.65,0.0,0.0,0.0,0.0,0.0
0.66,0.0,0.0,0.0,0.0,0.0
0.67,0.0,0.0,0.0,0.0,0.0
0.68,0.0,0.0,0.0,0.0,0.0
0.6900000000000001,0.0,0.0,0.0,0.0,0.0
0.7000000000000001,0.0,0.0,0.0,0.0,0.0
0.71,0.0,0.0,0.0,0.0,0.0
0.72,0.0,0.0,0.0,0.0,0.0
0.73,0.0,0.0,0.0,0.0,0.0
0.74,0.0,0.0,0.0,0.0,0.0
0.75,0.0,0.0,0.0,0.0,0.0
0.76,0.0,0.0,0.0,0.0,0.0
0.77,0.0,0.0,0.0,0.0,0.0
0.78,0.0,0.0,0.0,0.0,0.0
0.79,0.0,0.0,0.0,0.0,0.0
0.8,0.0,0.0,0.0,0.0,0.0
0.81,0.0,0.0,0.0,0.0,0.0
0.8200000000000001,0.0,0.0,0.0,0.0,0.0
0.8300000000000001,0.0,0.0,0.0,0.0,0.0
0.84,0.0,0.0,0.0,0.0,0.0
0.85,0.0,0.0,0.0,0.0,0.0
0.86,0.0,0.0,0.0,0.0,0.0
0.87,0.0,0.0,0.0,0.0,0.0
0.88,0.0,0.0,0.0,0.0,0.0
0.89,0.0,0.0,0.0,0.0,0.0
0.9,0.0,0.0,0.0,0.0,0.0
0.91,0.0,0.0,0.0,0.0,0.0
0.92,0.0,0.0,0.0,0.0,0.0
0.93,0.0,0.0,0.0,0.0,0.0
0.9400000000000001,0.0,0.0,0.0,0.0,0.0
0.9500000000000001,0.0,0.0,0.0,0.0,0.0
0.96,0.0,0.0,0.0,0.0,0.0
0.97,0.0,0.0,0.0,0.0,0.0
0.98,0.0,0.0,0.0,0.0,0.0
0.99,0.0,0.0,0.0,0.0,0.0
1.0,0.0,0.0,0.0,0.0,0.0
1.01,0.0,0.0,0.0,0.0,0.0
1.02,0.0,0.0,0.0,0.0,0.0
1.03,0.0,0.0,0.0,0.0,0.0
1.04,0.0,0.0,0.0,0.0,0.0
1.05,0.0,0.0,0.0,0.0,0.0
1.06,0.0,0.0,0.0,0.0,0.0
1.07,0.0,0.0,0.0,0.0,0.0
1.08,0.0,0.0,0.0,0.0,0.0
1.09,0.0,0.0,0.0,0.0,0.0
1.1,0.0,0.0,0.0,0.0,0.0
1.11,0.0,0.0,0.0,0.0,0.0
1.12,0.0,0.0,0.0,0.0,0.0
1.1300000000000001,0.0,0.0,0.0,0.0,0.0
1.1400000000000001,0.0,0.0,0.0,0.0,0.0
1.1500000000000001,0.0,0.0,0.0,0.0,0.0
1.16,0.0,0.0,0.0,0.0,0.0
1.17,0.0,0.0,0.0,0.0,0.0
1.18,0.0,0.0,0.0,0.0,0.0
1.19,0.0,0.0,0.0,0.0,0.0
1.2,0.0,0.0,0.0,0.0,0.0
1.21,0.0,0.0,0.0,0.0,0.0
1.22,0.0,0.0,0.0,0.0,0.0
1.23,0.0,0.0,0.0,0.0,0.0
1.24,0.0,0.0,0.0,0.0,0.0
1.25,0.0,0.0,0.0,0.0,0.0
1.26,0.0,0.0,0.0,0.0,0.0
1.27,0.0,0.0,0.0,0.0,0.0
1.28,0.0,0.0,0.0,0.0,0.0
1.29,0.0,0.0,0.0,0.0,0.0
1.3,0.0,0.0,0.0,0.0,0.0
1.31,0.0,0.0,0.0,0.0,0.0
1.32,0.0,0.0,0.0,0.0,0.0
1.33,0.0,0.0,0.0,0.0,0.0
1.34,0.0,0.0,0.0,0.0,0.0
1.35,0.0,0.0,0.0,0.0,0.0
1.36,0.0,0.0,0.0,0.0,0.0
1.37,0.0,0.0,0.0,0.0,0.0
1.3800000000000001,0.0,0.0,0.0,0.0,0.0
1.3900000000000001,0.0,0.0,0.0,0.0,0.0
1.4000000000000001,0.0,0.0,0.0,0.0,0.0
1.41,0.0,0.0,0.0,0.0,0.0
1.42,0.0,0.0,0.0,0.0,0.0
1.43,0.0,0.0,0.0,0.0,0.0
1.44,0.0,0.0,0.0,0.0,0.0
1.45,0.0,0.0,0.0,0.0,0.0
1.46,0.0,0.0,0.0,0.0,0.0
1.47,0.0,0.0,0.0,0.0,0.0
1.48,0.0,0.0,0.0,0.0,0.0
1.49,0.0,0.0,0.0,0.0,0.0
1.5,0.0,0.0,0.0,0.0,0.0
1.51,0.0,0.0,0.0,0.0,0.0
1.52,0.0,0.0,0.0,0.0,0.0
1.53,0.0,0.0,0.0,0.0,0.0
1.54,0.0,0.0,0.0,0.0,0.0
1.55,0.0,0.0,0.0,0.0,0.0
1.56,0.0,0.0,0.0,0.0,0.0
1.57,0.0,0.0,0.0,0.0,0.0
1.58,0.0,0.0,0.0,0.0,0.0
1.59,0.0,0.0,0.0,0.0,0.0
1.6,0.0,0.0,0.0,0.0,0.0
1.61,0.0,0.0,0.0,0.0,0.0
1.62,0.0,0.0,0.0,0.0,0.0
1.6300000000000001,0.0,0.0,0.0,0.0,0.0
1.6400000000000001,0.0,0.0,0.0,0.0,0.0
1.6500000000000001,0.0,0.0,0.0,0.0,0.0
1.6600000000000001,0.0,0.0,0.0,0.0,0.0
1.67,0.0,0.0,0.0,0.0,0.0
1.68,0.0,0.0,0.0,0.0,0.0
1.69,0.0,0.0,0.0,0.0,0.0
1.7,0.0,0.0,0.0,0.0,0.0
1.71,0.0,0.0,0.0,0.0,0.0
1.72,0.0,0.0,0.0,0.0,0.0
1.73,0.0,0.0,0.0,0.0,0.0
1.74,0.0,0.0,0.0,0.0,0.0
1.75,0.0,0.0,0.0,0.0,0.0
1.76,0.0,0.0,0.0,0.0,0.0
1.77,0.0,0.0,0.0,0.0,0.0
1.78,0.0,0.0,0.0,0.0,0.0
1.79,0.0,0.0,0.0,0.0,0.0
1.8,0.0,0.0,0.0,0.0,0.0
1.81,0.0,0.0,0.0,0.0,0.0
1.82,0.0,0.0,0.0,0.0,0.0
1.83,0.0,0.0,0.0,0.0,0.0
1.84,0.0,0.0,0.0,0.0,0.0
1.85,0.0,0.0,0.0,0.0,0.0
1.86,0.0,0.0,0.0,0.0,0.0
1.87,0.0,0.0,0.0,0.0,0.0
1.8800000000000001,0.0,0.0,0.0,0.0,0.0
1.8900000000000001,0.0,0.0,0.0,0.0,0.0
1.9000000000000001,0.0,0.0,0.0,0.0,0.0
1.9100000000000001,0.0,0.0,0.0,0.0,0.0
1.92,0.0,0.0,0.0,0.0,0.0
1.93,0.0,0.0,0.0,0.0,0.0
1.94,0.0,0.0,0.0,0.0,0.0
1.95,0.0,0.0,0.0,0.0,0.0
1.96,0.0,0.0,0.0,0.0,0.0
1.97,0.0,0.0,0.0,0.0,0.0
1.98,0.0,0.0,0.0,0.0,0.0
1.99,0.0,0.0,0.0,0.0,0.0
2.0,0.0,0.0,0.0,0.0,0.0
2.0100000000000002,0.0,0.0,0.0,0.001000000000000023,0.0
2.02,1.000000000000023e-05,0.0,0.0,0.0020000000000000018,0.0
2.0300000000000002,3.0000000000000248e-05,0.0,0.0,0.0030000000000000248,0.0
2.04,6.0000000000000496e-05,0.0,0.0,0.0040000000000000036,0.0
2.05,0.00010000000000000053,0.0,0.0,0.004999999999999982,0.0
2.06,0.00015000000000000034,0.0,0.0,0.006000000000000005,0.0
2.07,0.0002100000000000004,0.0,0.0,0.0069999999999999845,0.0
2.08,0.00028000000000000025,0.0,0.0,0.008000000000000007,0.0
2.09,0.0003600000000000003,0.0,0.0,0.008999999999999985,0.0
2.1,0.00045000000000000015,0.0,0.0,0.010000000000000009,0.0
2.11,0.0005500000000000002,0.0,0.0,0.010999999999999987,0.0
2.12,0.0006600000000000001,0.0,0.0,0.01200000000000001,0.0
2.13,0.0007800000000000002,0.0,0.0,0.012999999999999989,0.0
2.14,0.0009100000000000001,0.0,0.0,0.014000000000000012,0.0
2.15,0.0010500000000000002,0.0,0.0,0.01499999999999999,0.0
2.16,0.0012000000000000001,0.0,0.0,0.016000000000000014,0.0
2.17,0.0013600000000000003,0.0,0.0,0.01699999999999999,0.0
2.18,0.0015300000000000001,0.0,0.0,0.018000000000000016,0.0
2.19,0.0017100000000000004,0.0,0.0,0.018999999999999993,0.0
2.2,0.0019000000000000002,0.0,0.0,0.020000000000000018,0.0
2.21,0.0021000000000000003,0.0,0.0,0.020999999999999994,0.0
2.22,0.0023100000000000004,0.0,0.0,0.02200000000000002,0.0
2.23,0.0025300000000000006,0.0,0.0,0.022999999999999996,0.0
2.24,0.0027600000000000003,0.0,0.0,0.02400000000000002,0.0
2.25,0.0030000000000000005,0.0,0.0,0.024999999999999998,0.0
2.2600000000000002,0.0032500000000000003,0.0,0.0,0.026000000000000023,0.0
2.27,0.0035100000000000005,0.0,0.0,0.027,0.0
2.2800000000000002,0.0037800000000000004,0.0,0.0,0.028000000000000025,0.0
2.29,0.00406,0.0,0.0,0.029,0.0
2.3000000000000003,0.004350000000000001,0.0,0.0,0.030000000000000027,0.0
2.31,0.0046500000000000005,0.0,0.0,0.031000000000000003,0.0
2.32,0.004960000000000001,0.0,0.0,0.03199999999999998,0.0
2.33,0.005280000000000001,0.0,0.0,0.03300000000000001,0.0
2.34,0.005610000000000001,0.0,0.0,0.03399999999999998,0.0
2.35,0.005950000000000001,0.0,0.0,0.03500000000000001,0.0
2.36,0.006300000000000002,0.0,0.0,0.03599999999999998,0.0
2.37,0.006660000000000002,0.0,0.0,0.03700000000000001,0.0
2.38,0.0070300000000000015,0.0,0.0,0.037999999999999985,0.0
2.39,0.007410000000000002,0.0,0.0,0.039000000000000014,0.0
2.4,0.007800000000000001,0.0,0.0,0.03999999999999999,0.0
2.41,0.0082,0.0,0.0,0.041000000000000016,0.0
2.42,0.008610000000000001,0.0,0.0,0.04199999999999999,0.0
2.43,0.009030000000000002,0.0,0.0,0.04300000000000001,0.0
2.44,0.009460000000000001,0.0,0.0,0.04399999999999999,0.0
2.45,0.0099,0.0,0.0,0.04500000000000001,0.0
2.46,0.010350000000000002,0.0,0.0,0.04599999999999999,0.0
2.47,0.010810000000000002,0.0,0.0,0.047000000000000014,0.0
2.48,0.011280000000000002,0.0,0.0,0.047999999999999994,0.0
2.49,0.011760000000000001,0.0,0.0,0.049000000000000016,0.0
2.5,0.012250000000000002,0.0,0.0,0.049999999999999996,0.0
2.5100000000000002,0.012750000000000003,0.0,0.0,0.05100000000000002,0.0
2.52,0.013260000000000003,0.0,0.0,0.052,0.0
2.5300000000000002,0.013780000000000002,0.0,0.0,0.05300000000000002,0.0
2.54,0.014310000000000003,0.0,0.0,0.054,0.0
2.5500000000000003,0.014850000000000004,0.0,0.0,0.05500000000000002,0.0
2.56,0.015400000000000004,0.0,0.0,0.056,0.0
2.57,0.015960000000000005,0.0,0.0,0.05699999999999999,0.0
2.58,0.016530000000000006,0.0,0.0,0.058,0.0
2.59,0.017110000000000007,0.0,0.0,0.05899999999999999,0.0
2.6,0.017700000000000007,0.0,0.0,0.060000000000000005,0.0
2.61,0.018300000000000007,0.0,0.0,0.06099999999999999,0.0
2.62,0.018910000000000007,0.0,0.0,0.062000000000000006,0.0
2.63,0.019530000000000006,0.0,0.0,0.06299999999999999,0.0
2.64,0.020160000000000004,0.0,0.0,0.06400000000000002,0.0
2.65,0.020800000000000006,0.0,0.0,0.06499999999999999,0.0
2.66,0.021450000000000007,0.0,0.0,0.06600000000000002,0.0
2.67,0.022110000000000008,0.0,0.0,0.06699999999999999,0.0
2.68,0.02278000000000001,0.0,0.0,0.06800000000000002,0.0
2.69,0.02346000000000001,0.0,0.0,0.06899999999999999,0.0
2.7,0.02415000000000001,0.0,0.0,0.07000000000000002,0.0
2.71,0.024850000000000007,0.0,0.0,0.071,0.0
2.72,0.025560000000000006,0.0,0.0,0.07200000000000002,0.0
2.73,0.026280000000000008,0.0,0.0,0.073,0.0
2.74,0.02701000000000001,0.0,0.0,0.07400000000000002,0.0
2.75,0.02775000000000001,0.0,0.0,0.075,0.0
2.7600000000000002,0.02850000000000001,0.0,0.0,0.07600000000000003,0.0
2.77,0.02926000000000001,0.0,0.0,0.077,0.0
2.7800000000000002,0.03003000000000001,0.0,0.0,0.07800000000000003,0.0
2.79,0.03081000000000001,0.0,0.0,0.079,0.0
2.8000000000000003,0.03160000000000001,0.0,0.0,0.08000000000000003,0.0
2.81,0.03240000000000001,0.0,0.0,0.081,0.0
2.82,0.03321000000000001,0.0,0.0,0.08199999999999998,0.0
2.83,0.03403000000000001,0.0,0.0,0.083,0.0
2.84,0.03486000000000001,0.0,0.0,0.08399999999999998,0.0
2.85,0.03570000000000001,0.0,0.0,0.085,0.0
2.86,0.03655000000000001,0.0,0.0,0.08599999999999998,0.0
2.87,0.03741000000000001,0.0,0.0,0.08700000000000001,0.0
2.88,0.038280000000000015,0.0,0.0,0.08799999999999998,0.0
2.89,0.039160000000000014,0.0,0.0,0.08900000000000001,0.0
2.9,0.040050000000000016,0.0,0.0,0.08999999999999998,0.0
2.91,0.040950000000000014,0.0,0.0,0.09100000000000001,0.0
2.92,0.041860000000000015,0.0,0.0,0.09199999999999998,0.0
2.93,0.04278000000000001,0.0,0.0,0.09300000000000001,0.0
2.94,0.04371000000000001,0.0,0.0,0.09399999999999999,0.0
2.95,0.04465000000000001,0.0,0.0,0.09500000000000001,0.0
2.96,0.04560000000000001,0.0,0.0,0.09599999999999999,0.0
2.97,0.04656000000000001,0.0,0.0,0.09700000000000002,0.0
2.98,0.04753000000000001,0.0,0.0,0.09799999999999999,0.0
2.99,0.04851000000000001,0.0,0.0,0.09900000000000002,0.0
3.0,0.04950000000000001,0.0,0.0,0.09999999999999999,0.0
3.0100000000000002,0.05050000000000001,0.0,0.0,0.10100000000000002,0.0
3.02,0.05151000000000001,0.0,0.0,0.102,0.0
3.0300000000000002,0.05253000000000001,0.0,0.0,0.10300000000000002,0.0
3.04,0.05356000000000001,0.0,0.0,0.104,0.0
3.0500000000000003,0.05460000000000001,0.0,0.0,0.10500000000000002,0.0
3.06,0.05565000000000001,0.0,0.0,0.106,0.0
3.0700000000000003,0.05671000000000001,0.0,0.0,0.10700000000000003,0.0
3.08,0.05778000000000001,0.0,0.0,0.108,0.0
3.09,0.05886000000000001,0.0,0.0,0.10899999999999999,0.0
3.1,0.05995000000000001,0.0,0.0,0.11,0.0
3.11,0.06105000000000001,0.0,0.0,0.11099999999999999,0.0
3.12,0.06216000000000001,0.0,0.0,0.112,0.0
3.13,0.06328,0.0,0.0,0.11299999999999999,0.0
3.14,0.06441000000000001,0.0,0.0,0.114,0.0
3.15,0.06555000000000001,0.0,0.0,0.11499999999999999,0.0
3.16,0.06670000000000001,0.0,0.0,0.116,0.0
3.17,0.06786,0.0,0.0,0.11699999999999999,0.0
3.18,0.06903000000000001,0.0,0.0,0.11800000000000001,0.0
3.19,0.07021000000000001,0.0,0.0,0.119,0.0
3.2,0.0714,0.0,0.0,0.12000000000000001,0.0
3.21,0.07260000000000001,0.0,0.0,0.121,0.0
3.22,0.07381000000000001,0.0,0.0,0.12200000000000001,0.0
3.23,0.07503000000000001,0.0,0.0,0.123,0.0
3.24,0.07626000000000001,0.0,0.0,0.12400000000000001,0.0
3.25,0.07750000000000001,0.0,0.0,0.125,0.0
3.2600000000000002,0.07875000000000001,0.0,0.0,0.12600000000000003,0.0
3.27,0.08001000000000001,0.0,0.0,0.127,0.0
3.2800000000000002,0.08128,0.0,0.0,0.12800000000000003,0.0
3.29,0.08256000000000001,0.0,0.0,0.129,0.0
3.3000000000000003,0.08385000000000001,0.0,0.0,0.13000000000000003,0.0
3.31,0.08515,0.0,0.0,0.131,0.0
3.3200000000000003,0.08646000000000001,0.0,0.0,0.13200000000000003,0.0
3.33,0.08778000000000001,0.0,0.0,0.133,0.0
3.34,0.08911000000000001,0.0,0.0,0.13399999999999998,0.0
3.35,0.09045,0.0,0.0,0.135,0.0
3.36,0.0918,0.0,0.0,0.13599999999999998,0.0
3.37,0.09316,0.0,0.0,0.137,0.0
3.38,0.09453,0.0,0.0,0.13799999999999998,0.0
3.39,0.09591000000000001,0.0,0.0,0.139,0.0
3.4,0.09730000000000001,0.0,0.0,0.13999999999999999,0.0
3.41,0.09870000000000001,0.0,0.0,0.14100000000000001,0.0
3.42,0.10011,0.0,0.0,0.142,0.0
3.43,0.10153000000000001,0.0,0.0,0.14300000000000002,0.0
3.44,0.10296000000000001,0.0,0.0,0.144,0.0
3.45,0.1044,0.0,0.0,0.14500000000000002,0.0
3.46,0.10585000000000001,0.0,0.0,0.146,0.0
3.47,0.10731000000000002,0.0,0.0,0.14700000000000002,0.0
3.48,0.10878000000000002,0.0,0.0,0.148,0.0
3.49,0.11026000000000001,0.0,0.0,0.14900000000000002,0.0
3.5,0.11175000000000002,0.0,0.0,0.15,0.0
3.5100000000000002,0.11325000000000002,0.0,0.0,0.15100000000000002,0.0
3.52,0.11476000000000001,0.0,0.0,0.152,0.0
3.5300000000000002,0.11628000000000001,0.0,0.0,0.15300000000000002,0.0
3.54,0.11781000000000001,0.0,0.0,0.154,0.0
3.5500000000000003,0.11935000000000001,0.0,0.0,0.15500000000000003,0.0
3.56,0.12090000000000001,0.0,0.0,0.156,0.0
3.5700000000000003,0.12246000000000001,0.0,0.0,0.15700000000000003,0.0
3.58,0.12403000000000002,0.0,0.0,0.158,0.0
3.59,0.12561000000000003,0.0,0.0,0.15899999999999997,0.0
3.6,0.12720000000000004,0.0,0.0,0.16,0.0
3.61,0.12880000000000003,0.0,0.0,0.16099999999999998,0.0
3.62,0.13041000000000003,0.0,0.0,0.162,0.0
3.63,0.13203000000000004,0.0,0.0,0.16299999999999998,0.0
3.64,0.13366000000000003,0.0,0.0,0.164,0.0
3.65,0.13530000000000003,0.0,0.0,0.16499999999999998,0.0
3.66,0.13695000000000004,0.0,0.0,0.166,0.0
3.67,0.13861000000000004,0.0,0.0,0.167,0.0
3.68,0.14028000000000004,0.0,0.0,0.168,0.0
3.69,0.14196000000000003,0.0,0.0,0.169,0.0
3.7,0.14365000000000003,0.0,0.0,0.17,0.0
3.71,0.14535000000000003,0.0,0.0,0.171,0.0
3.72,0.14706000000000002,0.0,0.0,0.17200000000000001,0.0
3.73,0.14878000000000002,0.0,0.0,0.17300000000000001,0.0
3.74,0.15051000000000003,0.0,0.0,0.17400000000000002,0.0
3.75,0.15225000000000002,0.0,0.0,0.17500000000000002,0.0
3.7600000000000002,0.15400000000000003,0.0,0.0,0.17600000000000002,0.0
3.77,0.15576000000000004,0.0,0.0,0.17700000000000002,0.0
3.7800000000000002,0.15753000000000003,0.0,0.0,0.17800000000000002,0.0
3.79,0.15931000000000003,0.0,0.0,0.17900000000000002,0.0
3.8000000000000003,0.16110000000000005,0.0,0.0,0.18000000000000002,0.0
3.81,0.16290000000000004,0.0,0.0,0.18100000000000002,0.0
3.8200000000000003,0.16471000000000005,0.0,0.0,0.18200000000000002,0.0
3.83,0.16653000000000004,0.0,0.0,0.18300000000000002,0.0
3.84,0.16836000000000004,0.0,0.0,0.18399999999999997,0.0
3.85,0.17020000000000005,0.0,0.0,0.18500000000000003,0.0
3.86,0.17205000000000004,0.0,0.0,0.18599999999999997,0.0
3.87,0.17391000000000004,0.0,0.0,0.18700000000000003,0.0
3.88,0.17578000000000005,0.0,0.0,0.18799999999999997,0.0
3.89,0.17766000000000004,0.0,0.0,0.18900000000000003,0.0
3.9,0.17955000000000004,0.0,0.0,0.18999999999999997,0.0
3.91,0.18145000000000006,0.0,0.0,0.19100000000000003,0.0
3.92,0.18336000000000005,0.0,0.0,0.19199999999999998,0.0
3.93,0.18528000000000006,0.0,0.0,0.19300000000000003,0.0
3.94,0.18721000000000004,0.0,0.0,0.19399999999999998,0.0
3.95,0.18915000000000004,0.0,0.0,0.19500000000000003,0.0
3.96,0.19110000000000005,0.0,0.0,0.19599999999999998,0.0
3.97,0.19306000000000004,0.0,0.0,0.19700000000000004,0.0
3.98,0.19503000000000004,0.0,0.0,0.19799999999999998,0.0
3.99,0.19701000000000005,0.0,0.0,0.19900000000000004,0.0
4.0,0.19900000000000004,0.0,0.0,0.19999999999999998,0.0
4.01,0.20100000000000004,0.0,0.0,0.20099999999999996,0.0
4.0200000000000005,0.20301000000000005,0.0,0.0,0.20200000000000004,0.0
4.03,0.20503000000000005,0.0,0.0,0.20300000000000004,0.0
4.04,0.20706000000000005,0.0,0.0,0.204,0.0
4.05,0.20910000000000004,0.0,0.0,0.20499999999999996,0.0
4.0600000000000005,0.21115000000000003,0.0,0.0,0.20600000000000004,0.0
4.07,0.21321000000000004,0.0,0.0,0.20700000000000005,0.0
4.08,0.21528000000000003,0.0,0.0,0.208,0.0
4.09,0.21736000000000003,0.0,0.0,0.20899999999999996,0.0
4.1,0.21945000000000003,0.0,0.0,0.20999999999999996,0.0
4.11,0.22155000000000002,0.0,0.0,0.21100000000000005,0.0
4.12,0.22366000000000003,0.0,0.0,0.212,0.0
4.13,0.22578000000000004,0.0,0.0,0.21299999999999997,0.0
4.14,0.22791000000000003,0.0,0.0,0.21399999999999997,0.0
4.15,0.23005000000000003,0.0,0.0,0.21500000000000005,0.0
4.16,0.23220000000000005,0.0,0.0,0.216,0.0
4.17,0.23436000000000004,0.0,0.0,0.21699999999999997,0.0
4.18,0.23653000000000005,0.0,0.0,0.21799999999999997,0.0
4.19,0.23871000000000003,0.0,0.0,0.21900000000000006,0.0
4.2,0.24090000000000003,0.0,0.0,0.22,0.0
4.21,0.24310000000000004,0.0,0.0,0.22099999999999997,0.0
4.22,0.24531000000000003,0.0,0.0,0.22199999999999998,0.0
4.23,0.24753000000000003,0.0,0.0,0.22300000000000006,0.0
4.24,0.24976000000000004,0.0,0.0,0.224,0.0
4.25,0.25200000000000006,0.0,0.0,0.22499999999999998,0.0
4.26,0.25425000000000003,0.0,0.0,0.22599999999999998,0.0
4.2700000000000005,0.25651,0.0,0.0,0.22700000000000006,0.0
4.28,0.25878,0.0,0.0,0.228,0.0
4.29,0.26106,0.0,0.0,0.22899999999999998,0.0
4.3,0.26335000000000003,0.0,0.0,0.22999999999999998,0.0
4.3100000000000005,0.26565000000000005,0.0,0.0,0.23100000000000007,0.0
4.32,0.26796000000000003,0.0,0.0,0.232,0.0
4.33,0.27028,0.0,0.0,0.23299999999999998,0.0
4.34,0.27261,0.0,0.0,0.23399999999999999,0.0
4.3500000000000005,0.27495,0.0,0.0,0.23500000000000007,0.0
4.36,0.27730000000000005,0.0,0.0,0.23600000000000002,0.0
4.37,0.27966,0.0,0.0,0.237,0.0
4.38,0.28203,0.0,0.0,0.238,0.0
4.39,0.28441,0.0,0.0,0.23899999999999996,0.0
4.4,0.2868,0.0,0.0,0.24000000000000002,0.0
4.41,0.2892,0.0,0.0,0.241,0.0
4.42,0.29161000000000004,0.0,0.0,0.242,0.0
4.43,0.29403,0.0,0.0,0.24299999999999997,0.0
4.44,0.29646,0.0,0.0,0.24400000000000002,0.0
4.45,0.2989,0.0,0.0,0.245,0.0
4.46,0.30135,0.0,0.0,0.246,0.0
4.47,0.30381,0.0,0.0,0.24699999999999997,0.0
4.48,0.30628,0.0,0.0,0.24800000000000003,0.0
4.49,0.30876,0.0,0.0,0.249,0.0
4.5,0.31124999999999997,0.0,0.0,0.25,0.0
4.51,0.31375,0.0,0.0,0.25099999999999995,0.0
4.5200000000000005,0.31626,0.0,0.0,0.25200000000000006,0.0
4.53,0.31878,0.0,0.0,0.253,0.0
4.54,0.32131,0.0,0.0,0.254,0.0
4.55,0.32384999999999997,0.0,0.0,0.25499999999999995,0.0
4.5600000000000005,0.32639999999999997,0.0,0.0,0.25600000000000006,0.0
4.57,0.32896,0.0,0.0,0.257,0.0
4.58,0.33153,0.0,0.0,0.258,0.0
4.59,0.33411,0.0,0.0,0.25899999999999995,0.0
4.6000000000000005,0.3367,0.0,0.0,0.26000000000000006,0.0
4.61,0.3393,0.0,0.0,0.261,0.0
4.62,0.34191,0.0,0.0,0.262,0.0
4.63,0.34453,0.0,0.0,0.26299999999999996,0.0
4.64,0.34716,0.0,0.0,0.26399999999999996,0.0
4.65,0.3498,0.0,0.0,0.265,0.0
4.66,0.35245,0.0,0.0,0.266,0.0
4.67,0.35511,0.0,0.0,0.26699999999999996,0.0
4.68,0.35778,0.0,0.0,0.26799999999999996,0.0
4.69,0.36046,0.0,0.0,0.269,0.0
4.7,0.36315000000000003,0.0,0.0,0.27,0.0
4.71,0.36585,0.0,0.0,0.27099999999999996,0.0
4.72,0.36856,0.0,0.0,0.27199999999999996,0.0
4.73,0.37128,0.0,0.0,0.273,0.0
4.74,0.37401,0.0,0.0,0.274,0.0
4.75,0.37675000000000003,0.0,0.0,0.27499999999999997,0.0
4.76,0.3795,0.0,0.0,0.27599999999999997,0.0
4.7700000000000005,0.38226,0.0,0.0,0.277,0.0
4.78,0.38503,0.0,0.0,0.278,0.0
4.79,0.38781,0.0,0.0,0.27899999999999997,0.0
4.8,0.3906,0.0,0.0,0.27999999999999997,0.0
4.8100000000000005,0.3934,0.0,0.0,0.281,0.0
4.82,0.39621,0.0,0.0,0.28200000000000003,0.0
4.83,0.39903,0.0,0.0,0.283,0.0
4.84,0.40186,0.0,0.0,0.284,0.0
4.8500000000000005,0.4047,0.0,0.0,0.28500000000000003,0.0
4.86,0.40755,0.0,0.0,0.28600000000000003,0.0
4.87,0.41041,0.0,0.0,0.287,0.0
4.88,0.41328,0.0,0.0,0.288,0.0
4.89,0.41616,0.0,0.0,0.289,0.0
4.9,0.41905,0.0,0.0,0.29000000000000004,0.0
4.91,0.42195,0.0,0.0,0.291,0.0
4.92,0.42486,0.0,0.0,0.292,0.0
4.93,0.42778,0.0,0.0,0.293,0.0
4.94,0.43071,0.0,0.0,0.29400000000000004,0.0
4.95,0.43365,0.0,0.0,0.295,0.0
4.96,0.4366,0.0,0.0,0.296,0.0
4.97,0.43956,0.0,0.0,0.297,0.0
4.98,0.44253,0.0,0.0,0.29800000000000004,0.0
4.99,0.44550999999999996,0.0,0.0,0.299,0.0
5.0,0.44849999999999995,0.0,0.0,0.3,0.0
5.01,0.45149999999999996,0.0,0.0,0.3,0.0
5.0200000000000005,0.45449999999999996,0.0,0.0,0.3,0.0
5.03,0.45749999999999996,0.0,0.0,0.3,0.0
5.04,0.46049999999999996,0.0,0.0,0.3,0.0
5.05,0.46349999999999997,0.0,0.0,0.3,0.0
5.0600000000000005,0.46649999999999997,0.0,0.0,0.3,0.0
5.07,0.4695,0.0,0.0,0.3,0.0
5.08,0.4725,0.0,0.0,0.3,0.0
5.09,0.4755,0.0,0.0,0.3,0.0
5.1000000000000005,0.4785,0.0,0.0,0.3,0.0
5.11,0.4815,0.0,0.0,0.3,0.0
5.12,0.4845,0.0,0.0,0.3,0.0
5.13,0.4875,0.0,0.0,0.3,0.0
5.14,0.4905,0.0,0.0,0.3,0.0
5.15,0.4935,0.0,0.0,0.3,0.0
5.16,0.4965,0.0,0.0,0.3,0.0
5.17,0.4995,0.0,0.0,0.3,0.0
5.18,0.5025,0.0,0.0,0.3,0.0
5.19,0.5055,0.0,0.0,0.3,0.0
5.2,0.5085,0.0,0.0,0.3,0.0
5.21,0.5115,0.0,0.0,0.3,0.0
5.22,0.5145,0.0,0.0,0.3,0.0
5.23,0.5175,0.0,0.0,0.3,0.0
5.24,0.5205,0.0,0.0,0.3,0.0
5.25,0.5235,0.0,0.0,0.3,0.0
5.26,0.5265,0.0,0.0,0.3,0.0
5.2700000000000005,0.5295,0.0,0.0,0.3,0.0
5.28,0.5325,0.0,0.0,0.3,0.0
5.29,0.5355,0.0,0.0,0.3,0.0
5.3,0.5385,0.0,0.0,0.3,0.0
5.3100000000000005,0.5415,0.0,0.0,0.3,0.0
5.32,0.5445,0.0,0.0,0.3,0.0
5.33,0.5475,0.0,0.0,0.3,0.0
5.34,0.5505,0.0,0.0,0.3,0.0
5.3500000000000005,0.5535,0.0,0.0,0.3,0.0
5.36,0.5565,0.0,0.0,0.3,0.0
5.37,0.5595,0.0,0.0,0.3,0.0
5.38,0.5625,0.0,0.0,0.3,0.0
5.39,0.5655,0.0,0.0,0.3,0.0
5.4,0.5685,0.0,0.0,0.3,0.0
5.41,0.5715,0.0,0.0,0.3,0.0
5.42,0.5745,0.0,0.0,0.3,0.0
5.43,0.5775,0.0,0.0,0.3,0.0
5.44,0.5805,0.0,0.0,0.3,0.0
5.45,0.5835,0.0,0.0,0.3,0.0
5.46,0.5865,0.0,0.0,0.3,0.0
5.47,0.5895,0.0,0.0,0.3,0.0
5.48,0.5925,0.0,0.0,0.3,0.0
5.49,0.5955,0.0,0.0,0.3,0.0
5.5,0.5985,0.0,0.0,0.3,0.0
5.51,0.6015,0.0,0.0,0.3,0.0
5.5200000000000005,0.6045,0.0,0.0,0.3,0.0
5.53,0.6075,0.0,0.0,0.3,0.0
5.54,0.6105,0.0,0.0,0.3,0.0
5.55,0.6135,0.0,0.0,0.3,0.0
5.5600000000000005,0.6165,0.0,0.0,0.3,0.0
5.57,0.6195,0.0,0.0,0.3,0.0
5.58,0.6225,0.0,0.0,0.3,0.0
5.59,0.6255000000000001,0.0,0.0,0.3,0.0
5.6000000000000005,0.6285000000000001,0.0,0.0,0.3,0.0
5.61,0.6315000000000001,0.0,0.0,0.3,0.0
5.62,0.6345000000000001,0.0,0.0,0.3,0.0
5.63,0.6375000000000001,0.0,0.0,0.3,0.0
5.64,0.6405000000000001,0.0,0.0,0.3,0.0
5.65,0.6435000000000001,0.0,0.0,0.3,0.0
5.66,0.6465000000000001,0.0,0.0,0.3,0.0
5.67,0.6495000000000001,0.0,0.0,0.3,0.0
5.68,0.6525000000000001,0.0,0.0,0.3,0.0
5.69,0.6555000000000001,0.0,0.0,0.3,0.0
5.7,0.6585000000000001,0.0,0.0,0.3,0.0
5.71,0.6615000000000001,0.0,0.0,0.3,0.0
5.72,0.6645000000000001,0.0,0.0,0.3,0.0
5.73,0.6675000000000001,0.0,0.0,0.3,0.0
5.74,0.6705000000000001,0.0,0.0,0.3,0.0
5.75,0.6735000000000001,0.0,0.0,0.3,0.0
5.76,0.6765000000000001,0.0,0.0,0.3,0.0
5.7700000000000005,0.6795000000000001,0.0,0.0,0.3,0.0
5.78,0.6825000000000001,0.0,0.0,0.3,0.0
5.79,0.6855000000000001,0.0,0.0,0.3,0.0
5.8,0.6885000000000001,0.0,0.0,0.3,0.0
5.8100000000000005,0.6915000000000001,0.0,0.0,0.3,0.0
5.82,0.6945000000000001,0.0,0.0,0.3,0.0
5.83,0.6975000000000001,0.0,0.0,0.3,0.0
5.84,0.7005000000000001,0.0,0.0,0.3,0.0
5.8500000000000005,0.7035000000000001,0.0,0.0,0.3,0.0
5.86,0.7065000000000001,0.0,0.0,0.3,0.0
5.87,0.7095000000000001,0.0,0.0,0.3,0.0
5.88,0.7125000000000001,0.0,0.0,0.3,0.0
5.89,0.7155000000000001,0.0,0.0,0.3,0.0
5.9,0.7185000000000001,0.0,0.0,0.3,0.0
5.91,0.7215000000000001,0.0,0.0,0.3,0.0
5.92,0.7245000000000001,0.0,0.0,0.3,0.0
5.93,0.7275000000000001,0.0,0.0,0.3,0.0
5.94,0.7305000000000001,0.0,0.0,0.3,0.0
5.95,0.7335000000000002,0.0,0.0,0.3,0.0
5.96,0.7365000000000002,0.0,0.0,0.3,0.0
5.97,0.7395000000000002,0.0,0.0,0.3,0.0
5.98,0.7425000000000002,0.0,0.0,0.3,0.0
5.99,0.7455000000000002,0.0,0.0,0.3,0.0
6.0,0.7485000000000002,0.0,0.0,0.3,0.0
6.01,0.7515000000000002,0.0,0.0,0.3,0.0
6.0200000000000005,0.7545000000000002,0.0,0.0,0.3,0.0
6.03,0.7575000000000002,0.0,0.0,0.3,0.0
6.04,0.7605000000000002,0.0,0.0,0.3,0.0
6.05,0.7635000000000002,0.0,0.0,0.3,0.0
6.0600000000000005,0.7665000000000002,0.0,0.0,0.3,0.0
6.07,0.7695000000000002,0.0,0.0,0.3,0.0
6.08,0.7725000000000002,0.0,0.0,0.3,0.0
6.09,0.7755000000000002,0.0,0.0,0.3,0.0
6.1000000000000005,0.7785000000000002,0.0,0.0,0.3,0.0
6.11,0.7815000000000002,0.0,0.0,0.3,0.0
6.12,0.7845000000000002,0.0,0.0,0.3,0.0
6.13,0.7875000000000002,0.0,0.0,0.3,0.0
6.140000000000001,0.7905000000000002,0.0,0.0,0.3,0.0
6.15,0.7935000000000002,0.0,0.0,0.3,0.0
6.16,0.7965000000000002,0.0,0.0,0.3,0.0
6.17,0.7995000000000002,0.0,0.0,0.3,0.0
6.18,0.8025000000000002,0.0,0.0,0.3,0.0
6.19,0.8055000000000002,0.0,0.0,0.3,0.0
6.2,0.8085000000000002,0.0,0.0,0.3,0.0
6.21,0.8115000000000002,0.0,0.0,0.3,0.0
6.22,0.8145000000000002,0.0,0.0,0.3,0.0
6.23,0.8175000000000002,0.0,0.0,0.3,0.0
6.24,0.8205000000000002,0.0,0.0,0.3,0.0
6.25,0.8235000000000002,0.0,0.0,0.3,0.0
6.26,0.8265000000000002,0.0,0.0,0.3,0.0
6.2700000000000005,0.8295000000000002,0.0,0.0,0.3,0.0
6.28,0.8325000000000002,0.0,0.0,0.3,0.0
6.29,0.8355000000000002,0.0,0.0,0.3,0.0
6.3,0.8385000000000002,0.0,0.0,0.3,0.0
6.3100000000000005,0.8415000000000002,0.0,0.0,0.3,0.0
6.32,0.8445000000000003,0.0,0.0,0.3,0.0
6.33,0.8475000000000003,0.0,0.0,0.3,0.0
6.34,0.8505000000000003,0.0,0.0,0.3,0.0
6.3500000000000005,0.8535000000000003,0.0,0.0,0.3,0.0
6.36,0.8565000000000003,0.0,0.0,0.3,0.0
6.37,0.8595000000000003,0.0,0.0,0.3,0.0
6.38,0.8625000000000003,0.0,0.0,0.3,0.0
6.390000000000001,0.8655000000000003,0.0,0.0,0.3,0.0
6.4,0.8685000000000003,0.0,0.0,0.3,0.0
6.41,0.8715000000000003,0.0,0.0,0.3,0.0
6.42,0.8745000000000003,0.0,0.0,0.3,0.0
6.43,0.8775000000000003,0.0,0.0,0.3,0.0
6.44,0.8805000000000003,0.0,0.0,0.3,0.0
6.45,0.8835000000000003,0.0,0.0,0.3,0.0
6.46,0.8865000000000003,0.0,0.0,0.3,0.0
6.47,0.8895000000000003,0.0,0.0,0.3,0.0
6.48,0.8925000000000003,0.0,0.0,0.3,0.0
6.49,0.8955000000000003,0.0,0.0,0.3,0.0
6.5,0.8985000000000003,0.0,0.0,0.3,0.0
6.51,0.9015000000000003,0.0,0.0,0.3,0.0
6.5200000000000005,0.9045000000000003,0.0,0.0,0.3,0.0
6.53,0.9075000000000003,0.0,0.0,0.3,0.0
6.54,0.9105000000000003,0.0,0.0,0.3,0.0
6.55,0.9135000000000003,0.0,0.0,0.3,0.0
6.5600000000000005,0.9165000000000003,0.0,0.0,0.3,0.0
6.57,0.9195000000000003,0.0,0.0,0.3,0.0
6.58,0.9225000000000003,0.0,0.0,0.3,0.0
6.59,0.9255000000000003,0.0,0.0,0.3,0.0
6.6000000000000005,0.9285000000000003,0.0,0.0,0.3,0.0
6.61,0.9315000000000003,0.0,0.0,0.3,0.0
6.62,0.9345000000000003,0.0,0.0,0.3,0.0
6.63,0.9375000000000003,0.0,0.0,0.3,0.0
6.640000000000001,0.9405000000000003,0.0,0.0,0.3,0.0
6.65,0.9435000000000003,0.0,0.0,0.3,0.0
6.66,0.9465000000000003,0.0,0.0,0.3,0.0
6.67,0.9495000000000003,0.0,0.0,0.3,0.0
6.68,0.9525000000000003,0.0,0.0,0.3,0.0
6.69,0.9555000000000003,0.0,0.0,0.3,0.0
6.7,0.9585000000000004,0.0,0.0,0.3,0.0
6.71,0.9615000000000004,0.0,0.0,0.3,0.0
6.72,0.9645000000000004,0.0,0.0,0.3,0.0
6.73,0.9675000000000004,0.0,0.0,0.3,0.0
6.74,0.9705000000000004,0.0,0.0,0.3,0.0
6.75,0.9735000000000004,0.0,0.0,0.3,0.0
6.76,0.9765000000000004,0.0,0.0,0.3,0.0
6.7700000000000005,0.9795000000000004,0.0,0.0,0.3,0.0
6.78,0.9825000000000004,0.0,0.0,0.3,0.0
6.79,0.9855000000000004,0.0,0.0,0.3,0.0
6.8,0.9885000000000004,0.0,0.0,0.3,0.0
6.8100000000000005,0.9915000000000004,0.0,0.0,0.3,0.0
6.82,0.9945000000000004,0.0,0.0,0.3,0.0
6.83,0.9975000000000004,0.0,0.0,0.3,0.0
6.84,1.0005000000000004,0.0,0.0,0.3,0.0
6.8500000000000005,1.0035000000000003,0.0,0.0,0.3,0.0
6.86,1.0065000000000002,0.0,0.0,0.3,0.0
6.87,1.0095,0.0,0.0,0.3,0.0
6.88,1.0125,0.0,0.0,0.3,0.0
6.890000000000001,1.0154999999999998,0.0,0.0,0.3,0.0
6.9,1.0184999999999997,0.0,0.0,0.3,0.0
6.91,1.0214999999999996,0.0,0.0,0.3,0.0
6.92,1.0244999999999995,0.0,0.0,0.3,0.0
6.93,1.0274999999999994,0.0,0.0,0.3,0.0
6.94,1.0304999999999993,0.0,0.0,0.3,0.0
6.95,1.0334999999999992,0.0,0.0,0.3,0.0
6.96,1.036499999999999,0.0,0.0,0.3,0.0
6.97,1.039499999999999,0.0,0.0,0.3,0.0
6.98,1.0424999999999989,0.0,0.0,0.3,0.0
6.99,1.0454999999999988,0.0,0.0,0.3,0.0
7.0,1.0484999999999987,0.0,0.0,0.3,0.0
7.01,1.0514999999999985,0.0,0.0,0.3,0.0
7.0200000000000005,1.0544999999999984,0.0,0.0,0.3,0.0
7.03,1.0574999999999983,0.0,0.0,0.3,0.0
7.04,1.0604999999999982,0.0,0.0,0.3,0.0
7.05,1.0634999999999981,0.0,0.0,0.3,0.0
7.0600000000000005,1.066499999999998,0.0,0.0,0.3,0.0
7.07,1.069499999999998,0.0,0.0,0.3,0.0
7.08,1.0724999999999978,0.0,0.0,0.3,0.0
7.09,1.0754999999999977,0.0,0.0,0.3,0.0
7.1000000000000005,1.0784999999999976,0.0,0.0,0.3,0.0
7.11,1.0814999999999975,0.0,0.0,0.3,0.0
7.12,1.0844999999999974,0.0,0.0,0.3,0.0
7.13,1.0874999999999972,0.0,0.0,0.3,0.0
7.140000000000001,1.0904999999999971,0.0,0.0,0.3,0.0
7.15,1.093499999999997,0.0,0.0,0.3,0.0
7.16,1.096499999999997,0.0,0.0,0.3,0.0
7.17,1.0994999999999968,0.0,0.0,0.3,0.0
7.18,1.1024999999999967,0.0,0.0,0.3,0.0
7.19,1.1054999999999966,0.0,0.0,0.3,0.0
7.2,1.1084999999999965,0.0,0.0,0.3,0.0
7.21,1.1114999999999964,0.0,0.0,0.3,0.0
7.22,1.1144999999999963,0.0,0.0,0.3,0.0
7.23,1.1174999999999962,0.0,0.0,0.3,0.0
7.24,1.120499999999996,0.0,0.0,0.3,0.0
7.25,1.123499999999996,0.0,0.0,0.3,0.0
7.26,1.1264999999999958,0.0,0.0,0.3,0.0
7.2700000000000005,1.1294999999999957,0.0,0.0,0.3,0.0
7.28,1.1324999999999956,0.0,0.0,0.3,0.0
7.29,1.1354999999999955,0.0,0.0,0.3,0.0
7.3,1.1384999999999954,0.0,0.0,0.3,0.0
7.3100000000000005,1.1414999999999953,0.0,0.0,0.3,0.0
7.32,1.1444999999999952,0.0,0.0,0.3,0.0
7.33,1.147499999999995,0.0,0.0,0.3,0.0
7.34,1.150499999999995,0.0,0.0,0.3,0.0
7.3500000000000005,1.1534999999999949,0.0,0.0,0.3,0.0
7.36,1.1564999999999948,0.0,0.0,0.3,0.0
7.37,1.1594999999999946,0.0,0.0,0.3,0.0
7.38,1.1624999999999945,0.0,0.0,0.3,0.0
7.390000000000001,1.1654999999999944,0.0,0.0,0.3,0.0
7.4,1.1684999999999943,0.0,0.0,0.3,0.0
7.41,1.1714999999999942,0.0,0.0,0.3,0.0
7.42,1.174499999999994,0.0,0.0,0.3,0.0
7.43,1.177499999999994,0.0,0.0,0.3,0.0
7.44,1.1804999999999939,0.0,0.0,0.3,0.0
7.45,1.1834999999999938,0.0,0.0,0.3,0.0
7.46,1.1864999999999937,0.0,0.0,0.3,0.0
7.47,1.1894999999999936,0.0,0.0,0.3,0.0
7.48,1.1924999999999935,0.0,0.0,0.3,0.0
7.49,1.1954999999999933,0.0,0.0,0.3,0.0
7.5,1.1984999999999932,0.0,0.0,0.3,0.0
7.51,1.2014999999999931,0.0,0.0,0.3,0.0
7.5200000000000005,1.204499999999993,0.0,0.0,0.3,0.0
7.53,1.207499999999993,0.0,0.0,0.3,0.0
7.54,1.2104999999999928,0.0,0.0,0.3,0.0
7.55,1.2134999999999927,0.0,0.0,0.3,0.0
7.5600000000000005,1.2164999999999926,0.0,0.0,0.3,0.0
7.57,1.2194999999999925,0.0,0.0,0.3,0.0
7.58,1.2224999999999924,0.0,0.0,0.3,0.0
7.59,1.2254999999999923,0.0,0.0,0.3,0.0
7.6000000000000005,1.2284999999999922,0.0,0.0,0.3,0.0
7.61,1.231499999999992,0.0,0.0,0.3,0.0
7.62,1.234499999999992,0.0,0.0,0.3,0.0
7.63,1.2374999999999918,0.0,0.0,0.3,0.0
7.640000000000001,1.2404999999999917,0.0,0.0,0.3,0.0
7.65,1.2434999999999916,0.0,0.0,0.3,0.0
7.66,1.2464999999999915,0.0,0.0,0.3,0.0
7.67,1.2494999999999914,0.0,0.0,0.3,0.0
7.68,1.2524999999999913,0.0,0.0,0.3,0.0
7.69,1.2554999999999912,0.0,0.0,0.3,0.0
7.7,1.258499999999991,0.0,0.0,0.3,0.0
7.71,1.261499999999991,0.0,0.0,0.3,0.0
7.72,1.2644999999999909,0.0,0.0,0.3,0.0
7.73,1.2674999999999907,0.0,0.0,0.3,0.0
7.74,1.2704999999999906,0.0,0.0,0.3,0.0
7.75,1.2734999999999905,0.0,0.0,0.3,0.0
7.76,1.2764999999999904,0.0,0.0,0.3,0.0
7.7700000000000005,1.2794999999999903,0.0,0.0,0.3,0.0
7.78,1.2824999999999902,0.0,0.0,0.3,0.0
7.79,1.28549999999999,0.0,0.0,0.3,0.0
7.8,1.28849999999999,0.0,0.0,0.3,0.0
7.8100000000000005,1.2914999999999899,0.0,0.0,0.3,0.0
7.82,1.2944999999999898,0.0,0.0,0.3,0.0
7.83,1.2974999999999897,0.0,0.0,0.3,0.0
7.84,1.3004999999999896,0.0,0.0,0.3,0.0
7.8500000000000005,1.3034999999999894,0.0,0.0,0.3,0.0
7.86,1.3064999999999893,0.0,0.0,0.3,0.0
7.87,1.3094999999999892,0.0,0.0,0.3,0.0
7.88,1.3124999999999891,0.0,0.0,0.3,0.0
7.890000000000001,1.315499999999989,0.0,0.0,0.3,0.0
7.9,1.318499999999989,0.0,0.0,0.3,0.0
7.91,1.3214999999999888,0.0,0.0,0.3,0.0
7.92,1.3244999999999887,0.0,0.0,0.3,0.0
7.930000000000001,1.3274999999999886,0.0,0.0,0.3,0.0
7.94,1.3304999999999885,0.0,0.0,0.3,0.0
7.95,1.3334999999999884,0.0,0.0,0.3,0.0
7.96,1.3364999999999883,0.0,0.0,0.3,0.0
7.97,1.3394999999999881,0.0,0.0,0.3,0.0
7.98,1.342499999999988,0.0,0.0,0.3,0.0
7.99,1.345499999999988,0.0,0.0,0.3,0.0
8.0,1.3484999999999878,0.0,0.0,0.3,0.0
8.01,1.3514999999999877,0.0,0.0,0.3,0.0
8.02,1.3544999999999876,0.0,0.0,0.3,0.0
8.03,1.3574999999999875,0.0,0.0,0.3,0.0
8.040000000000001,1.3604999999999874,0.0,0.0,0.3,0.0
8.05,1.3634999999999873,0.0,0.0,0.3,0.0
8.06,1.3664999999999872,0.0,0.0,0.3,0.0
8.07,1.369499999999987,0.0,0.0,0.3,0.0
8.08,1.372499999999987,0.0,0.0,0.3,0.0
8.09,1.3754999999999868,0.0,0.0,0.3,0.0
8.1,1.3784999999999867,0.0,0.0,0.3,0.0
8.11,1.3814999999999866,0.0,0.0,0.3,0.0
8.120000000000001,1.3844999999999865,0.0,0.0,0.3,0.0
8.13,1.3874999999999864,0.0,0.0,0.3,0.0
8.14,1.3904999999999863,0.0,0.0,0.3,0.0
8.15,1.3934999999999862,0.0,0.0,0.3,0.0
8.16,1.396499999999986,0.0,0.0,0.3,0.0
8.17,1.399499999999986,0.0,0.0,0.3,0.0
8.18,1.4024999999999859,0.0,0.0,0.3,0.0
8.19,1.4054999999999858,0.0,0.0,0.3,0.0
8.2,1.4084999999999857,0.0,0.0,0.3,0.0
8.21,1.4114999999999855,0.0,0.0,0.3,0.0
8.22,1.4144999999999854,0.0,0.0,0.3,0.0
8.23,1.4174999999999853,0.0,0.0,0.3,0.0
8.24,1.4204999999999852,0.0,0.0,0.3,0.0
8.25,1.423499999999985,0.0,0.0,0.3,0.0
8.26,1.426499999999985,0.0,0.0,0.3,0.0
8.27,1.429499999999985,0.0,0.0,0.3,0.0
8.28,1.4324999999999848,0.0,0.0,0.3,0.0
8.290000000000001,1.4354999999999847,0.0,0.0,0.3,0.0
8.3,1.4384999999999846,0.0,0.0,0.3,0.0
8.31,1.4414999999999845,0.0,0.0,0.3,0.0
8.32,1.4444999999999844,0.0,0.0,0.3,0.0
8.33,1.4474999999999842,0.0,0.0,0.3,0.0
8.34,1.4504999999999841,0.0,0.0,0.3,0.0
8.35,1.453499999999984,0.0,0.0,0.3,0.0
8.36,1.456499999999984,0.0,0.0,0.3,0.0
8.370000000000001,1.4594999999999838,0.0,0.0,0.3,0.0
8.38,1.4624999999999837,0.0,0.0,0.3,0.0
8.39,1.4654999999999836,0.0,0.0,0.3,0.0
8.4,1.4684999999999835,0.0,0.0,0.3,0.0
8.41,1.4714999999999834,0.0,0.0,0.3,0.0
8.42,1.4744999999999833,0.0,0.0,0.3,0.0
8.43,1.4774999999999832,0.0,0.0,0.3,0.0
8.44,1.480499999999983,0.0,0.0,0.3,0.0
8.45,1.483499999999983,0.0,0.0,0.3,0.0
8.46,1.4864999999999828,0.0,0.0,0.3,0.0
8.47,1.4894999999999827,0.0,0.0,0.3,0.0
8.48,1.4924999999999826,0.0,0.0,0.3,0.0
8.49,1.4954999999999825,0.0,0.0,0.3,0.0
8.5,1.4984999999999824,0.0,0.0,0.3,0.0
8.51,1.5014999999999823,0.0,0.0,0.3,0.0
8.52,1.5044999999999822,0.0,0.0,0.3,0.0
8.53,1.507499999999982,0.0,0.0,0.3,0.0
8.540000000000001,1.510499999999982,0.0,0.0,0.3,0.0
8.55,1.5134999999999819,0.0,0.0,0.3,0.0
8.56,1.5164999999999818,0.0,0.0,0.3,0.0
8.57,1.5194999999999816,0.0,0.0,0.3,0.0
8.58,1.5224999999999815,0.0,0.0,0.3,0.0
8.59,1.5254999999999814,0.0,0.0,0.3,0.0
8.6,1.5284999999999813,0.0,0.0,0.3,0.0
8.61,1.5314999999999812,0.0,0.0,0.3,0.0
8.620000000000001,1.534499999999981,0.0,0.0,0.3,0.0
8.63,1.537499999999981,0.0,0.0,0.3,0.0
8.64,1.5404999999999809,0.0,0.0,0.3,0.0
8.65,1.5434999999999808,0.0,0.0,0.3,0.0
8.66,1.5464999999999807,0.0,0.0,0.3,0.0
8.67,1.5494999999999806,0.0,0.0,0.3,0.0
8.68,1.5524999999999805,0.0,0.0,0.3,0.0
8.69,1.5554999999999803,0.0,0.0,0.3,0.0
8.700000000000001,1.5584999999999802,0.0,0.0,0.3,0.0
8.71,1.5614999999999801,0.0,0.0,0.3,0.0
8.72,1.56449999999998,0.0,0.0,0.3,0.0
8.73,1.56749999999998,0.0,0.0,0.3,0.0
8.74,1.5704999999999798,0.0,0.0,0.3,0.0
8.75,1.5734999999999797,0.0,0.0,0.3,0.0
8.76,1.5764999999999796,0.0,0.0,0.3,0.0
8.77,1.5794999999999795,0.0,0.0,0.3,0.0
8.78,1.5824999999999794,0.0,0.0,0.3,0.0
8.790000000000001,1.5854999999999793,0.0,0.0,0.3,0.0
8.8,1.5884999999999792,0.0,0.0,0.3,0.0
8.81,1.591499999999979,0.0,0.0,0.3,0.0
8.82,1.594499999999979,0.0,0.0,0.3,0.0
8.83,1.5974999999999788,0.0,0.0,0.3,0.0
8.84,1.6004999999999787,0.0,0.0,0.3,0.0
8.85,1.6034999999999786,0.0,0.0,0.3,0.0
8.86,1.6064999999999785,0.0,0.0,0.3,0.0
8.870000000000001,1.6094999999999784,0.0,0.0,0.3,0.0
8.88,1.6124999999999783,0.0,0.0,0.3,0.0
8.89,1.6154999999999782,0.0,0.0,0.3,0.0
8.9,1.618499999999978,0.0,0.0,0.3,0.0
8.91,1.621499999999978,0.0,0.0,0.3,0.0
8.92,1.6244999999999779,0.0,0.0,0.3,0.0
8.93,1.6274999999999777,0.0,0.0,0.3,0.0
8.94,1.6304999999999776,0.0,0.0,0.3,0.0
8.950000000000001,1.6334999999999775,0.0,0.0,0.3,0.0
8.96,1.6364999999999774,0.0,0.0,0.3,0.0
8.97,1.6394999999999773,0.0,0.0,0.3,0.0
8.98,1.6424999999999772,0.0,0.0,0.3,0.0
8.99,1.645499999999977,0.0,0.0,0.3,0.0
9.0,1.648499999999977,0.0,0.0,0.3,0.0
9.01,1.6514999999999769,0.0,0.0,0.3,0.0
9.02,1.6544999999999768,0.0,0.0,0.3,0.0
9.03,1.6574999999999767,0.0,0.0,0.3,0.0
9.040000000000001,1.6604999999999766,0.0,0.0,0.3,0.0
9.05,1.6634999999999764,0.0,0.0,0.3,0.0
9.06,1.6664999999999763,0.0,0.0,0.3,0.0
9.07,1.6694999999999762,0.0,0.0,0.3,0.0
9.08,1.6724999999999761,0.0,0.0,0.3,0.0
9.09,1.675499999999976,0.0,0.0,0.3,0.0
9.1,1.678499999999976,0.0,0.0,0.3,0.0
9.11,1.6814999999999758,0.0,0.0,0.3,0.0
9.120000000000001,1.6844999999999757,0.0,0.0,0.3,0.0
9.13,1.6874999999999756,0.0,0.0,0.3,0.0
9.14,1.6904999999999755,0.0,0.0,0.3,0.0
9.15,1.6934999999999754,0.0,0.0,0.3,0.0
9.16,1.6964999999999753,0.0,0.0,0.3,0.0
9.17,1.6994999999999751,0.0,0.0,0.3,0.0
9.18,1.702499999999975,0.0,0.0,0.3,0.0
9.19,1.705499999999975,0.0,0.0,0.3,0.0
9.200000000000001,1.7084999999999748,0.0,0.0,0.3,0.0
9.21,1.7114999999999747,0.0,0.0,0.3,0.0
9.22,1.7144999999999746,0.0,0.0,0.3,0.0
9.23,1.7174999999999745,0.0,0.0,0.3,0.0
9.24,1.7204999999999744,0.0,0.0,0.3,0.0
9.25,1.7234999999999743,0.0,0.0,0.3,0.0
9.26,1.7264999999999742,0.0,0.0,0.3,0.0
9.27,1.729499999999974,0.0,0.0,0.3,0.0
9.28,1.732499999999974,0.0,0.0,0.3,0.0
9.290000000000001,1.7354999999999738,0.0,0.0,0.3,0.0
9.3,1.7384999999999737,0.0,0.0,0.3,0.0
9.31,1.7414999999999736,0.0,0.0,0.3,0.0
9.32,1.7444999999999735,0.0,0.0,0.3,0.0
9.33,1.7474999999999734,0.0,0.0,0.3,0.0
9.34,1.7504999999999733,0.0,0.0,0.3,0.0
9.35,1.7534999999999732,0.0,0.0,0.3,0.0
9.36,1.756499999999973,0.0,0.0,0.3,0.0
9.370000000000001,1.759499999999973,0.0,0.0,0.3,0.0
9.38,1.7624999999999729,0.0,0.0,0.3,0.0
9.39,1.7654999999999728,0.0,0.0,0.3,0.0
9.4,1.7684999999999726,0.0,0.0,0.3,0.0
9.41,1.7714999999999725,0.0,0.0,0.3,0.0
9.42,1.7744999999999724,0.0,0.0,0.3,0.0
9.43,1.7774999999999723,0.0,0.0,0.3,0.0
9.44,1.7804999999999722,0.0,0.0,0.3,0.0
9.450000000000001,1.783499999999972,0.0,0.0,0.3,0.0
9.46,1.786499999999972,0.0,0.0,0.3,0.0
9.47,1.789499999999972,0.0,0.0,0.3,0.0
9.48,1.7924999999999718,0.0,0.0,0.3,0.0
9.49,1.7954999999999717,0.0,0.0,0.3,0.0
9.5,1.7984999999999716,0.0,0.0,0.3,0.0
9.51,1.8014999999999715,0.0,0.0,0.3,0.0
9.52,1.8044999999999713,0.0,0.0,0.3,0.0
9.53,1.8074999999999712,0.0,0.0,0.3,0.0
9.540000000000001,1.8104999999999711,0.0,0.0,0.3,0.0
9.55,1.813499999999971,0.0,0.0,0.3,0.0
9.56,1.816499999999971,0.0,0.0,0.3,0.0
9.57,1.8194999999999708,0.0,0.0,0.3,0.0
9.58,1.8224999999999707,0.0,0.0,0.3,0.0
9.59,1.8254999999999706,0.0,0.0,0.3,0.0
9.6,1.8284999999999705,0.0,0.0,0.3,0.0
9.61,1.8314999999999704,0.0,0.0,0.3,0.0
9.620000000000001,1.8344999999999703,0.0,0.0,0.3,0.0
9.63,1.8374999999999702,0.0,0.0,0.3,0.0
9.64,1.84049999999997,0.0,0.0,0.3,0.0
9.65,1.84349999999997,0.0,0.0,0.3,0.0
9.66,1.8464999999999698,0.0,0.0,0.3,0.0
9.67,1.8494999999999697,0.0,0.0,0.3,0.0
9.68,1.8524999999999696,0.0,0.0,0.3,0.0
9.69,1.8554999999999695,0.0,0.0,0.3,0.0
9.700000000000001,1.8584999999999694,0.0,0.0,0.3,0.0
9.71,1.8614999999999693,0.0,0.0,0.3,0.0
9.72,1.8644999999999692,0.0,0.0,0.3,0.0
9.73,1.867499999999969,0.0,0.0,0.3,0.0
9.74,1.870499999999969,0.0,0.0,0.3,0.0
9.75,1.8734999999999689,0.0,0.0,0.3,0.0
9.76,1.8764999999999687,0.0,0.0,0.3,0.0
9.77,1.8794999999999686,0.0,0.0,0.3,0.0
9.78,1.8824999999999685,0.0,0.0,0.3,0.0
9.790000000000001,1.8854999999999684,0.0,0.0,0.3,0.0
9.8,1.8884999999999683,0.0,0.0,0.3,0.0
9.81,1.8914999999999682,0.0,0.0,0.3,0.0
9.82,1.894499999999968,0.0,0.0,0.3,0.0
9.83,1.897499999999968,0.0,0.0,0.3,0.0
9.84,1.9004999999999679,0.0,0.0,0.3,0.0
9.85,1.9034999999999678,0.0,0.0,0.3,0.0
9.86,1.9064999999999677,0.0,0.0,0.3,0.0
9.870000000000001,1.9094999999999676,0.0,0.0,0.3,0.0
9.88,1.9124999999999674,0.0,0.0,0.3,0.0
9.89,1.9154999999999673,0.0,0.0,0.3,0.0
9.9,1.9184999999999672,0.0,0.0,0.3,0.0
9.91,1.9214999999999671,0.0,0.0,0.3,0.0
9.92,1.924499999999967,0.0,0.0,0.3,0.0
9.93,1.927499999999967,0.0,0.0,0.3,0.0
9.94,1.9304999999999668,0.0,0.0,0.3,0.0
9.950000000000001,1.9334999999999667,0.0,0.0,0.3,0.0
9.96,1.9364999999999666,0.0,0.0,0.3,0.0
9.97,1.9394999999999665,0.0,0.0,0.3,0.0
9.98,1.9424999999999664,0.0,0.0,0.3,0.0
9.99,1.9454999999999663,0.0,0.0,0.3,0.0
10.0,1.9484999999999661,0.0,0.0,0.3,0.3
10.01,1.951499999999966,0.0,0.003,0.3,0.3
10.02,1.9544999864999761,8.999986500006075e-06,0.006,0.3,0.3
10.03,1.957499932500138,2.6999878500200472e-05,0.009000000000000001,0.3,0.3
10.040000000000001,1.9604998110009582,5.39995140016767e-05,0.012,0.3,0.3
10.05,1.96349959500355,8.999865000789748e-05,0.015,0.3,0.3
10.06,1.966499257509878,0.00013499696252688176,0.018,0.3,0.3
10.07,1.969498771523,0.0001889940465741206,0.020999999999999998,0.3,0.3
10.08,1.9724981100473096,0.00025198941617622205,0.023999999999999997,0.3,0.3
10.09,1.9754972460887807,0.0003239825043752849,0.026999999999999996,0.3,0.3
10.1,1.9784961526552092,0.0004049726632340013,0.029999999999999995,0.3,0.3
10.11,1.981494802756456,0.0004949591638414883,0.032999999999999995,0.3,0.3
10.120000000000001,1.9844931694046908,0.0005939411963198478,0.036,0.3,0.3
10.13,1.9874912256146338,0.0007019178698314556,0.039,0.3,0.3
10.14,1.9904889444037992,0.0008188882125869789,0.042,0.3,0.3
10.15,1.9934862987927384,0.0009448511718541224,0.045000000000000005,0.3,0.3
10.16,1.996483261805282,0.0010798056139671032,0.04800000000000001,0.3,0.3
10.17,1.9994798064687829,0.001223750324336853,0.05100000000000001,0.3,0.3
10.18,2.0024759058143595,0.00137668400746195,0.05400000000000001,0.3,0.3
10.19,2.0054715328771384,0.0015386052869402788,0.057000000000000016,0.3,0.3
10.200000000000001,2.0084666606964956,0.0017095127054814166,0.06000000000000002,0.3,0.3
10.21,2.0114612623163013,0.0018894047249197504,0.06300000000000001,0.3,0.3
10.22,2.014455310785161,0.0020782797262283194,0.06600000000000002,0.3,0.3
10.23,2.0174487791566587,0.002276136009533387,0.06900000000000002,0.3,0.3
10.24,2.020441640489599,0.0024829717941297386,0.07200000000000002,0.3,0.3
10.25,2.023433867848251,0.0026987852184967094,0.07500000000000002,0.3,0.3
10.26,2.0264254343025874,0.0029235743403149364,0.07800000000000003,0.3,0.3
10.27,2.029416312928531,0.003157337136483841,0.08100000000000003,0.3,0.3
10.28,2.0324064768081946,0.003400071503139835,0.08400000000000003,0.3,0.3
10.290000000000001,2.035395899030123,0.0036517752556752578,0.08700000000000004,0.3,0.3
10.3,2.0383845526895366,0.003912446128758035,0.09000000000000004,0.3,0.3
10.31,2.0413724108885725,0.0041820817763520675,0.09300000000000004,0.3,0.3
10.32,2.0443594467365274,0.004460679771738349,0.09600000000000004,0.3,0.3
10.33,2.0473456333500986,0.0047482376075368,0.09900000000000005,0.3,0.3
10.34,2.0503309438536266,0.00504475269572884,0.10200000000000005,0.3,0.3
10.35,2.053315351379337,0.0053502223676806775,0.10500000000000005,0.3,0.3
10.36,2.0562988290675825,0.005664643874167325,0.10800000000000005,0.3,0.3
10.370000000000001,2.059281350067084,0.0059880143853973476,0.11100000000000006,0.3,0.3
10.38,2.0622628875351725,0.006320330991038327,0.11400000000000006,0.3,0.3
10.39,2.0652434146380307,0.006661590700243055,0.11700000000000006,0.3,0.3
10.4,2.0682229045509355,0.007011790441676453,0.12000000000000006,0.3,0.3
10.41,2.0712013304584973,0.007370927063543211,0.12300000000000007,0.3,0.3
10.42,2.074178665554903,0.007738997333616157,0.12600000000000006,0.3,0.3
10.43,2.0771548830441566,0.008115997939265346,0.12900000000000006,0.3,0.3
10.44,2.0801299561403215,0.00850192548748787,0.13200000000000006,0.3,0.3
10.450000000000001,2.0831038580677594,0.0088967765049384,0.13500000000000006,0.3,0.3
10.46,2.0860765620613733,0.009300547437960445,0.13800000000000007,0.3,0.3
10.47,2.089048041366847,0.009713234652618334,0.14100000000000007,0.3,0.3
10.48,2.092018269240887,0.01013483443472992,0.14400000000000007,0.3,0.3
10.49,2.094987218951462,0.010565342989900008,0.14700000000000008,0.3,0.3
10.5,2.0979548637780456,0.01100475644355451,0.15000000000000008,0.3,0.3
10.51,2.1009211770118537,0.011453070840975308,0.15300000000000008,0.3,0.3
10.52,2.1038861319560875,0.011910282147335851,0.15600000000000008,0.3,0.3
10.53,2.1068497019261723,0.012376386247737469,0.15900000000000009,0.3,0.3
10.540000000000001,2.1098118602499984,0.012851378947246405,0.1620000000000001,0.3,0.3
10.55,2.112772580268161,0.013335255970931567,0.1650000000000001,0.3,0.3
10.56,2.1157318353342003,0.01382801296390301,0.1680000000000001,0.3,0.3
10.57,2.11868959881484,0.014329645491351123,0.1710000000000001,0.3,0.3
10.58,2.1216458440902293,0.014840149038586546,0.1740000000000001,0.3,0.3
10.59,2.12460054455418,0.015359519011080798,0.1770000000000001,0.3,0.3
10.6,2.1275536736144085,0.015887750734507634,0.1800000000000001,0.3,0.3
10.61,2.130505204692773,0.01642483945478511,0.1830000000000001,0.3,0.3
10.620000000000001,2.1334551112255133,0.01697078033811836,0.1860000000000001,0.3,0.3
10.63,2.136403366663491,0.01752556847104313,0.1890000000000001,0.3,0.3
10.64,2.139349944472427,0.018089198860469963,0.19200000000000012,0.3,0.3
10.65,2.142294818133141,0.01866166643372916,0.19500000000000012,0.3,0.3
10.66,2.1452379611417896,0.019242966038616426,0.19800000000000012,0.3,0.3
10.67,2.148179347010106,0.01983309244343924,0.20100000000000012,0.3,0.3
10.68,2.1511189492656366,0.020432040337063945,0.20400000000000013,0.3,0.3
10.69,2.154056741451982,0.021039804328963536,0.20700000000000013,0.3,0.3
10.700000000000001,2.156992697129031,0.02165637894926619,0.21000000000000013,0.3,0.3
10.71,2.1599267898732037,0.022281758648804488,0.21300000000000013,0.3,0.3
10.72,2.1628589932776845,0.022915937799165356,0.21600000000000014,0.3,0.3
10.73,2.165789280952662,0.02355891069274072,0.21900000000000014,0.3,0.3
10.74,2.1687176265255683,0.02421067154277888,0.22200000000000014,0.3,0.3
10.75,2.171644003641312,0.02487121448343658,0.22500000000000014,0.3,0.3
10.76,2.1745683859625187,0.025540533569831818,0.22800000000000015,0.3,0.3
10.77,2.1774907471697675,0.02621862277809733,0.23100000000000015,0.3,0.3
10.78,2.1804110609618275,0.02690547600543482,0.23400000000000015,0.3,0.3
10.790000000000001,2.183329301055894,0.02760108707016988,0.23700000000000015,0.3,0.3
10.8,2.1862454411878263,0.028305449711807623,0.24000000000000016,0.3,0.3
10.81,2.1891594551123825,0.02901855759108903,0.24300000000000016,0.3,0.3
10.82,2.192071316603457,0.029740404290047994,0.24600000000000016,0.3,0.3
10.83,2.194980999454316,0.030470983312069103,0.24900000000000017,0.3,0.3
10.84,2.1978884774778336,0.031210288081946088,0.25200000000000017,0.3,0.3
10.85,2.200793724506727,0.03195831194594101,0.25500000000000017,0.3,0.3
10.86,2.203696714393793,0.03271504817184415,0.2580000000000002,0.3,0.3
10.870000000000001,2.2065974210121415,0.03348048994903457,0.2610000000000002,0.3,0.3
10.88,2.209495818255433,0.03425463038854145,0.2640000000000002,0.3,0.3
10.89,2.212391880038112,0.03503746252310606,0.2670000000000002,0.3,0.3
10.9,2.2152855802956415,0.03582897930724446,0.2700000000000002,0.3,0.3
10.91,2.218176892984739,0.03662917361731095,0.2730000000000002,0.3,0.3
10.92,2.22106579208361,0.037438038251562146,0.2760000000000002,0.3,0.3
10.93,2.223952251592182,0.03825556593022179,0.2790000000000002,0.3,0.3
10.94,2.2268362455323385,0.03908174929554629,0.2820000000000002,0.3,0.3
10.950000000000001,2.229717747948154,0.03991658091189094,0.2850000000000002,0.3,0.3
10.96,2.232596732906126,0.04076005326577682,0.2880000000000002,0.3,0.3
10.97,2.2354731744954095,0.041612158765958446,0.2910000000000002,0.3,0.3
10.98,2.2383470468280495,0.042472889743492066,0.2940000000000002,0.3,0.3
10.99,2.2412183240392145,0.043342238451804696,0.2970000000000002,0.3,0.3
11.0,2.244086980287429,0.044220197066763826,0.3000000000000002,0.3,0.3
11.01,2.2469529897548055,0.04510675768674784,0.3030000000000002,0.3,0.3
11.02,2.249816326647279,0.04600191233271716,0.3060000000000002,0.3,0.3
11.03,2.2526769651948366,0.046905652948286,0.3090000000000002,0.3,0.3
11.040000000000001,2.2555348796517505,0.04781797139979492,0.3120000000000002,0.3,0.3
11.05,2.2583900442968097,0.048738859476384025,0.3150000000000002,0.3,0.3
11.06,2.261242433433552,0.049668308890066834,0.3180000000000002,0.3,0.3
11.07,2.264092021390494,0.0506063112758049,0.32100000000000023,0.3,0.3
11.08,2.266938782521364,0.05155285819158308,0.32400000000000023,0.3,0.3
11.09,2.26978269120533,0.05250794111848553,0.32700000000000023,0.3,0.3
11.1,2.2726237218472343,0.05347155146077234,0.33000000000000024,0.3,0.3
11.11,2.2754618488778195,0.05444368054595695,0.33300000000000024,0.3,0.3
11.120000000000001,2.278297046753962,0.05542431962488414,0.33600000000000024,0.3,0.3
11.13,2.281129289958899,0.056413459871808826,0.33900000000000025,0.3,0.3
11.14,2.2839585530024618,0.05741109238447546,0.34200000000000025,0.3,0.3
11.15,2.286784810421302,0.058417208184198176,0.34500000000000025,0.3,0.3
11.16,2.2896080367791214,0.05943179821594155,0.34800000000000025,0.3,0.3
11.17,2.2924282066669024,0.06045485334840215,0.35100000000000026,0.3,0.3
11.18,2.2952452947031348,0.06148636437409069,0.35400000000000026,0.3,0.3
11.19,2.298059275534045,0.06252632200941491,0.35700000000000026,0.3,0.3
11.200000000000001,2.300870123833825,0.0635747168947631,0.36000000000000026,0.3,0.3
11.21,2.303677814304859,0.06463153959458837,0.36300000000000027,0.3,0.3
11.22,2.3064823216779513,0.06569678059749355,0.36600000000000027,0.3,0.3
11.23,2.309283620712555,0.06677043031631683,0.36900000000000027,0.3,0.3
11.24,2.312081686196997,0.06785247908821795,0.3720000000000003,0.3,0.3
11.25,2.3148764929487076,0.0689429171747653,0.3750000000000003,0.3,0.3
11.26,2.3176680158144447,0.07004173476202345,0.3780000000000003,0.3,0.3
11.27,2.320456229670521,0.07114892196064153,0.3810000000000003,0.3,0.3
11.28,2.323241109423031,0.07226446880594221,0.3840000000000003,0.3,0.3
11.290000000000001,2.3260226300080755,0.07338836525801144,0.3870000000000003,0.3,0.3
11.3,2.3288007663919883,0.07452060120178873,0.3900000000000003,0.3,0.3
11.31,2.33157549357156,0.07566116644715822,0.3930000000000003,0.3,0.3
11.32,2.3343467865742653,0.07681005072904039,0.3960000000000003,0.3,0.3
11.33,2.337114620458486,0.07796724370748448,0.3990000000000003,0.3,0.3
11.34,2.3398789703137357,0.07913273496776149,0.4020000000000003,0.3,0.3
11.35,2.342639811260884,0.08030651402045795,0.4050000000000003,0.3,0.3
11.36,2.3453971184523814,0.08148857030157029,0.4080000000000003,0.3,0.3
11.370000000000001,2.3481508670724818,0.08267889317259998,0.4110000000000003,0.3,0.3
11.38,2.350901032337466,0.08387747192064919,0.4140000000000003,0.3,0.3
11.39,2.353647589495865,0.0850842957585173,0.4170000000000003,0.3,0.3
11.4,2.3563905138286834,0.0862993538247979,0.4200000000000003,0.3,0.3
11.41,2.3591297806496203,0.08752263518397661,0.4230000000000003,0.3,0.3
11.42,2.361865365305293,0.08875412882652946,0.4260000000000003,0.3,0.3
11.43,2.3645972431754583,0.08999382366902195,0.4290000000000003,0.3,0.3
11.44,2.3673253896732334,0.09124170855420889,0.43200000000000033,0.3,0.3
11.450000000000001,2.3700497802453184,0.09249777225113473,0.43500000000000033,0.3,0.3
11.46,2.3727703903722164,0.09376200345523468,0.43800000000000033,0.3,0.3
11.47,2.375487195568455,0.09503439078843642,0.44100000000000034,0.3,0.3
11.48,2.3782001713828054,0.09631492279926257,0.44400000000000034,0.3,0.3
11.49,2.3809092933985037,0.09760358796293364,0.44700000000000034,0.3,0.3
11.5,2.38361453723347,0.09890037468147188,0.45000000000000034,0.3,0.3
11.51,2.386315878540528,0.10020527128380557,0.45300000000000035,0.3,0.3
11.52,2.389013293007624,0.1015182660258741,0.45600000000000035,0.3,0.3
11.53,2.391706756358047,0.10283934709073365,0.45900000000000035,0.3,0.3
11.540000000000001,2.3943962443506437,0.10416850258866356,0.46200000000000035,0.3,0.3
11.55,2.397081732780041,0.10550572055727331,0.46500000000000036,0.3,0.3
11.56,2.399763197476861,0.10685098896161022,0.46800000000000036,0.3,0.3
11.57,2.40244061430794,0.10820429569426772,0.47100000000000036,0.3,0.3
11.58,2.405113959176544,0.10956562857549436,0.47400000000000037,0.3,0.3
11.59,2.4077832080225874,0.11093497535330339,0.47700000000000037,0.3,0.3
11.6,2.4104483368228484,0.11231232370358306,0.48000000000000037,0.3,0.3
11.61,2.413109321591186,0.11369766123020751,0.4830000000000004,0.3,0.3
11.620000000000001,2.4157661383787556,0.11509097546514835,0.4860000000000004,0.3,0.3
11.63,2.418418763274224,0.11649225386858687,0.4890000000000004,0.3,0.3
11.64,2.4210671724039843,0.1179014838290269,0.4920000000000004,0.3,0.3
11.65,2.4237113419323726,0.11931865266340833,0.4950000000000004,0.3,0.3
11.66,2.426351248061881,0.12074374761722118,0.4980000000000004,0.3,0.3
11.67,2.4289868670333727,0.1221767558646205,0.5010000000000003,0.3,0.3
11.68,2.431618175126294,0.12361766450854174,0.5040000000000003,0.3,0.3
11.69,2.4342451486588903,0.12506646058081683,0.5070000000000003,0.3,0.3
11.700000000000001,2.4368677639884173,0.1265231310422909,0.5100000000000003,0.3,0.3
11.71,2.4394859975113548,0.12798766278293963,0.5130000000000003,0.3,0.3
11.72,2.4420998256636186,0.12946004262198724,0.5160000000000003,0.3,0.3
11.73,2.444709224920773,0.1309402573080251,0.5190000000000003,0.3,0.3
11.74,2.4473141717982427,0.13242829351913105,0.5220000000000004,0.3,0.3
11.75,2.449914642851523,0.1339241378629892,0.5250000000000004,0.3,0.3
11.76,2.4525106146763918,0.1354277768770106,0.5280000000000004,0.3,0.3
11.77,2.4551020639091203,0.13693919702845425,0.5310000000000004,0.3,0.3
11.78,2.4576889672266833,0.138458384714549,0.5340000000000004,0.3,0.3
11.790000000000001,2.460271301346968,0.1399853262626159,0.5370000000000004,0.3,0.3
11.8,2.462849043028985,0.14152000793019134,0.5400000000000004,0.3,0.3
11.81,2.4654221690730767,0.14306241590515067,0.5430000000000004,0.3,0.3
11.82,2.4679906563211254,0.14461253630583254,0.5460000000000004,0.3,0.3
11.83,2.4705544816567637,0.1461703551811638,0.5490000000000004,0.3,0.3
11.84,2.473113622005581,0.14773585851078508,0.5520000000000004,0.3,0.3
11.85,2.475668054335331,0.149309032205177,0.5550000000000004,0.3,0.3
11.86,2.4782177556561407,0.1508898621057869,0.5580000000000004,0.3,0.3
11.870000000000001,2.480762703020715,0.15247833398515637,0.5610000000000004,0.3,0.3
11.88,2.4833028735245444,0.1540744335470492,0.5640000000000004,0.3,0.3
11.89,2.485838244306112,0.15567814642658012,0.5670000000000004,0.3,0.3
11.9,2.4883687925470976,0.15728945819034404,0.5700000000000004,0.3,0.3
11.91,2.4908944954725842,0.15890835433654596,0.5730000000000004,0.3,0.3
11.92,2.493415330351263,0.16053482029513147,0.5760000000000004,0.3,0.3
11.93,2.4959312744956366,0.16216884142791796,0.5790000000000004,0.3,0.3
11.94,2.4984423052622247,0.16381040302872624,0.5820000000000004,0.3,0.3
11.950000000000001,2.5009484000517674,0.16545949032351298,0.5850000000000004,0.3,0.3
11.96,2.5034495363094287,0.16711608847050366,0.5880000000000004,0.3,0.3
11.97,2.5059456915249987,0.16878018256032615,0.5910000000000004,0.3,0.3
11.98,2.5084368432330977,0.17045175761614487,0.5940000000000004,0.3,0.3
11.99,2.510922969013377,0.1721307985937956,0.5970000000000004,0.3,0.3
12.0,2.5134040464907215,0.17381729038192087,0.6000000000000004,0.3,0.3
12.01,2.5158800533354504,0.175511217802106,0.6030000000000004,0.3,0.3
12.02,2.518350967263519,0.17721256560901558,0.6060000000000004,0.3,0.3
12.030000000000001,2.5208167660367184,0.1789213184905309,0.6090000000000004,0.3,0.3
12.040000000000001,2.523277427462877,0.1806374610678875,0.6120000000000004,0.3,0.3
12.05,2.5257329293960575,0.18236097789581382,0.6150000000000004,0.3,0.3
12.06,2.52818324973676,0.18409185346267,0.6180000000000004,0.3,0.3
12.07,2.5306283664321176,0.18583007219058767,0.6210000000000004,0.3,0.3
12.08,2.5330682574760965,0.18757561843560996,0.6240000000000004,0.3,0.3
12.09,2.535502900909694,0.1893284764878325,0.6270000000000004,0.3,0.3
12.1,2.5379322748211353,0.1910886305715446,0.6300000000000004,0.3,0.3
12.11,2.540356357346072,0.1928560648453714,0.6330000000000005,0.3,0.3
12.120000000000001,2.542775126667777,0.1946307634024164,0.6360000000000005,0.3,0.3
12.13,2.5451885610173433,0.19641271027040452,0.6390000000000005,0.3,0.3
12.14,2.547596638673878,0.198201889411826,0.6420000000000005,0.3,0.3
12.15,2.5499993379646986,0.19999828472408065,0.6450000000000005,0.3,0.3
12.16,2.5523966372655273,0.20180188003962277,0.6480000000000005,0.3,0.3
12.17,2.554788515000687,0.2036126591261067,0.6510000000000005,0.3,0.3
12.18,2.5571749496432936,0.2054306056865329,0.6540000000000005,0.3,0.3
12.19,2.5595559197154523,0.20725570335939458,0.6570000000000005,0.3,0.3
12.200000000000001,2.561931403788448,0.209087935718825,0.6600000000000005,0.3,0.3
12.21,2.56430138048294,0.2109272862747453,0.6630000000000005,0.3,0.3
12.22,2.5666658284691546,0.2127737384730129,0.6660000000000005,0.3,0.3
12.23,2.569024726467075,0.21462727569557047,0.6690000000000005,0.3,0.3
12.24,2.5713780532466357,0.2164878812605955,0.6720000000000005,0.3,0.3
12.25,2.5737257876279114,0.2183555384226505,0.6750000000000005,0.3,0.3
12.26,2.5760679084813085,0.22023023037283362,0.6780000000000005,0.3,0.3
12.27,2.5784043947277553,0.22211194023892994,0.6810000000000005,0.3,0.3
12.280000000000001,2.5807352253388913,0.22400065108556336,0.6840000000000005,0.3,0.3
12.290000000000001,2.583060379337257,0.225896345914349,0.6870000000000005,0.3,0.3
12.3,2.5853798357964815,0.22779900766404623,0.6900000000000005,0.3,0.3
12.31,2.587693573841473,0.22970861921071214,0.6930000000000005,0.3,0.3
12.32,2.590001572648604,0.23162516336785569,0.6960000000000005,0.3,0.3
12.33,2.5923038114459014,0.2335486228865924,0.6990000000000005,0.3,0.3
12.34,2.594600269513231,0.2354789804557996,0.7020000000000005,0.3,0.3
12.35,2.5968909261824864,0.23741621870227217,0.7050000000000005,0.3,0.3
12.36,2.5991757608377726,0.239360320190879,0.7080000000000005,0.3,0.3
12.370000000000001,2.6014547529155934,0.24131126742471978,0.7110000000000005,0.3,0.3
12.38,2.603727881905035,0.2432690428452826,0.7140000000000005,0.3,0.3
12.39,2.6059951273479522,0.2452336288326019,0.7170000000000005,0.3,0.3
12.4,2.6082564688391514,0.24720500770541703,0.7200000000000005,0.3,0.3
12.41,2.610511886026574,0.24918316172133145,0.7230000000000005,0.3,0.3
12.42,2.612761358611481,0.25116807307697236,0.7260000000000005,0.3,0.3
12.43,2.615004866348634,0.253159723908151,0.7290000000000005,0.3,0.3
12.44,2.6172423890464787,0.2551580962900233,0.7320000000000005,0.3,0.3
12.450000000000001,2.619473906567326,0.25716317223725127,0.7350000000000005,0.3,0.3
12.46,2.621699398827533,0.259174933704165,0.7380000000000005,0.3,0.3
12.47,2.623918845797684,0.2611933625849248,0.7410000000000005,0.3,0.3
12.48,2.6261322275027723,0.26321844071368444,0.7440000000000005,0.3,0.3
12.49,2.628339524022377,0.26525014986475437,0.7470000000000006,0.3,0.3
12.5,2.6305407154908442,0.26728847175276593,0.7500000000000006,0.3,0.3
12.51,2.6327357820974657,0.26933338803283596,0.7530000000000006,0.3,0.3
12.52,2.634924704086657,0.27138488030073166,0.7560000000000006,0.3,0.3
12.530000000000001,2.6371074617581343,0.2734429300930365,0.7590000000000006,0.3,0.3
12.540000000000001,2.639284035467094,0.2755075188873163,0.7620000000000006,0.3,0.3
12.55,2.6414544056243874,0.27757862810228573,0.7650000000000006,0.3,0.3
12.56,2.6436185526966973,0.27965623909797593,0.7680000000000006,0.3,0.3
12.57,2.645776457206715,0.28174033317590197,0.7710000000000006,0.3,0.3
12.58,2.647928099733314,0.28383089157923114,0.7740000000000006,0.3,0.3
12.59,2.6500734609117265,0.28592789549295194,0.7770000000000006,0.3,0.3
12.6,2.652212521433716,0.28803132604404336,0.7800000000000006,0.3,0.3
12.61,2.654345262047753,0.2901411643016446,0.7830000000000006,0.3,0.3
12.620000000000001,2.6564716635591856,0.29225739127722555,0.7860000000000006,0.3,0.3
12.63,2.658591706830415,0.2943799879247578,0.7890000000000006,0.3,0.3
12.64,2.660705372781066,0.2965089351408858,0.7920000000000006,0.3,0.3
12.65,2.6628126423881593,0.2986442137650989,0.7950000000000006,0.3,0.3
12.66,2.664913496686282,0.30078580457990406,0.7980000000000006,0.3,0.3
12.67,2.6670079167677607,0.30293368831099826,0.8010000000000006,0.3,0.3
12.68,2.6690958837828282,0.30508784562744246,0.8040000000000006,0.3,0.3
12.69,2.6711773789397957,0.30724825714183535,0.8070000000000006,0.3,0.3
12.700000000000001,2.6732523835052207,0.30941490341048794,0.8100000000000006,0.3,0.3
12.71,2.675320878804076,0.31158776493359835,0.8130000000000006,0.3,0.3
12.72,2.677382846219918,0.3137668221554276,0.8160000000000006,0.3,0.3
12.73,2.6794382671950534,0.3159520554644754,0.8190000000000006,0.3,0.3
12.74,2.681487123230708,0.31814344519365667,0.8220000000000006,0.3,0.3
12.75,2.683529395887191,0.3203409716204787,0.8250000000000006,0.3,0.3
12.76,2.6855650667840627,0.3225446149672184,0.8280000000000006,0.3,0.3
12.77,2.687594117600298,0.32475435540110065,0.8310000000000006,0.3,0.3
12.780000000000001,2.689616530074454,0.32697017303447634,0.8340000000000006,0.3,0.3
12.790000000000001,2.6916322860048316,0.3291920479250018,0.8370000000000006,0.3,0.3
12.8,2.6936413672496413,0.331419960075818,0.8400000000000006,0.3,0.3
12.81,2.6956437557271653,0.33365388943573054,0.8430000000000006,0.3,0.3
12.82,2.6976394334159206,0.3358938158993904,0.8460000000000006,0.3,0.3
12.83,2.6996283823548217,0.3381397193074744,0.8490000000000006,0.3,0.3
12.84,2.701610584643342,0.3403915794468671,0.8520000000000006,0.3,0.3
12.85,2.7035860224416735,0.34264937605084245,0.8550000000000006,0.3,0.3
12.86,2.70555467797089,0.3449130887992462,0.8580000000000007,0.3,0.3
12.870000000000001,2.7075165335131044,0.34718269731867896,0.8610000000000007,0.3,0.3
12.88,2.7094715714116306,0.3494581811826793,0.8640000000000007,0.3,0.3
12.89,2.7114197740711408,0.3517395199119078,0.8670000000000007,0.3,0.3
12.9,2.713361123957824,0.3540266929743314,0.8700000000000007,0.3,0.3
12.91,2.715295603599544,0.35631967978540796,0.8730000000000007,0.3,0.3
12.92,2.7172231955859973,0.35861845970827155,0.8760000000000007,0.3,0.3
12.93,2.719143882568869,0.36092301205391847,0.8790000000000007,0.3,0.3
12.94,2.7210576472619894,0.36323331608139314,0.8820000000000007,0.3,0.3
12.950000000000001,2.722964472441489,0.3655493509979749,0.8850000000000007,0.3,0.3
12.96,2.7248643409459543,0.3678710959593652,0.8880000000000007,0.3,0.3
12.97,2.7267572356765815,0.3701985300698749,0.8910000000000007,0.3,0.3
12.98,2.7286431395973305,0.3725316323826129,0.8940000000000007,0.3,0.3
12.99,2.730522035735079,0.374870381899674,0.8970000000000007,0.3,0.3
13.0,2.7323939071797745,0.37721475757232836,0.9000000000000007,0.3,0.3
13.01,2.7342587370845863,0.3795647383012108,0.9030000000000007,0.3,0.3
13.02,2.736116508666058,0.3819203029365106,0.9060000000000007,0.3,0.3
13.030000000000001,2.7379672052042583,0.3842814302781619,0.9090000000000007,0.3,0.3
13.040000000000001,2.7398108100429304,0.38664809907603465,0.9120000000000007,0.3,0.3
13.05,2.7416473065896434,0.3890202880301256,0.9150000000000007,0.3,0.3
13.06,2.7434766783159406,0.3913979757907502,0.9180000000000007,0.3,0.3
13.07,2.745298908757489,0.39378114095873457,0.9210000000000007,0.3,0.3
13.08,2.747113981514227,0.39616976208560833,0.9240000000000007,0.3,0.3
13.09,2.7489218802505118,0.3985638176737975,0.9270000000000007,0.3,0.3
13.1,2.750722588695267,0.4009632861768179,0.9300000000000007,0.3,0.3
13.11,2.752516090642129,0.40336814599946924,0.9330000000000007,0.3,0.3
13.120000000000001,2.754302369949592,0.4057783754980293,0.9360000000000007,0.3,0.3
13.13,2.7560814105411544,0.4081939529804489,0.9390000000000007,0.3,0.3
13.14,2.7578531964054633,0.410614856706547,0.9420000000000007,0.3,0.3
13.15,2.7596177115964573,0.4130410648882064,0.9450000000000007,0.3,0.3
13.16,2.761374940233512,0.41547255568956987,0.9480000000000007,0.3,0.3
13.17,2.763124866501581,0.4179093072272365,0.9510000000000007,0.3,0.3
13.18,2.7648674746513406,0.420351297570459,0.9540000000000007,0.3,0.3
13.19,2.7666027489993286,0.4227985047413408,0.9570000000000007,0.3,0.3
13.200000000000001,2.7683306739280877,0.4252509067150338,0.9600000000000007,0.3,0.3
13.21,2.770051233886305,0.4277084814199368,0.9630000000000007,0.3,0.3
13.22,2.771764413388953,0.43017120673789405,0.9660000000000007,0.3,0.3
13.23,2.773470197017427,0.4326390605043943,0.9690000000000007,0.3,0.3
13.24,2.7751685694196864,0.4351120205087704,0.9720000000000008,0.3,0.3
13.25,2.7768595153103908,0.4375900644943989,0.9750000000000008,0.3,0.3
13.26,2.778543019471039,0.4400731701589007,0.9780000000000008,0.3,0.3
13.27,2.7802190667501043,0.44256131515434155,0.9810000000000008,0.3,0.3
13.280000000000001,2.781887642063173,0.4450544770874333,0.9840000000000008,0.3,0.3
13.290000000000001,2.7835487303930786,0.44755263351973534,0.9870000000000008,0.3,0.3
13.3,2.785202316790037,0.45005576196785674,0.9900000000000008,0.3,0.3
13.31,2.7868483863717817,0.4525638399036583,0.9930000000000008,0.3,0.3
13.32,2.788486924323698,0.45507684475445553,0.9960000000000008,0.3,0.3
13.33,2.790117915898955,0.45759475390322174,0.9990000000000008,0.3,0.3
13.34,2.7917413464186396,0.4601175446887916,1.0020000000000007,0.3,0.3
13.35,2.7933572012718884,0.4626451944060651,1.0050000000000006,0.3,0.3
13.36,2.794965465916018,0.46517768030621176,1.0080000000000005,0.3,0.3
13.370000000000001,2.7965661258766583,0.46771497959687564,1.0110000000000003,0.3,0.3
13.38,2.79815916674788,0.4702570694423802,1.0140000000000002,0.3,0.3
13.39,2.799744574192326,0.47280392696393403,1.0170000000000001,0.3,0.3
13.4,2.8013223339413402,0.4753555292398366,1.02,0.3,0.3
13.41,2.802892431795095,0.4779118533056847,1.023,0.3,0.3
13.42,2.804454853622721,0.48047287615457895,1.0259999999999998,0.3,0.3
13.43,2.806009585362432,0.48303857473733103,1.0289999999999997,0.3,0.3
13.44,2.8075566130216525,0.48560892596267097,1.0319999999999996,0.3,0.3
13.450000000000001,2.8090959226771446,0.4881839066974551,1.0349999999999995,0.3,0.3
13.46,2.8106275004751313,0.49076349376687417,1.0379999999999994,0.3,0.3
13.47,2.812151332631423,0.493347663954662,1.0409999999999993,0.3,0.3
13.48,2.8136674054315405,0.49593639400330436,1.0439999999999992,0.3,0.3
13.49,2.815175705230839,0.49852966061424825,1.046999999999999,0.3,0.3
13.5,2.81667621845463,0.5011274404481117,1.049999999999999,0.3,0.3
13.51,2.818168931598305,0.5037297101248938,1.0529999999999988,0.3,0.3
13.52,2.819653831227456,0.5063364462241848,1.0559999999999987,0.3,0.3
13.530000000000001,2.821130903977996,0.5089476252853777,1.0589999999999986,0.3,0.3
13.540000000000001,2.8226001365562805,0.5115632238078784,1.0619999999999985,0.3,0.3
13.55,2.824061515739226,0.514183218251318,1.0649999999999984,0.3,0.3
13.56,2.8255150283744297,0.516807585035764,1.0679999999999983,0.3,0.3
13.57,2.8269606613802876,0.519436300541933,1.0709999999999982,0.3,0.3
13.58,2.828398401746113,0.5220693411114035,1.073999999999998,0.3,0.3
13.59,2.8298282365322516,0.5247066830468279,1.076999999999998,0.3,0.3
13.6,2.8312501528702003,0.5273483026121466,1.0799999999999979,0.3,0.3
13.61,2.8326641379627215,0.5299941760328014,1.0829999999999977,0.3,0.3
13.620000000000001,2.834070179083959,0.5326442794959494,1.0859999999999976,0.3,0.3
13.63,2.835468263579552,0.5352985891506773,1.0889999999999975,0.3,0.3
13.64,2.83685837886675,0.5379570811082162,1.0919999999999974,0.3,0.3
13.65,2.8382405124345245,0.5406197314421562,1.0949999999999973,0.3,0.3
13.66,2.8396146518436827,0.5432865161886625,1.0979999999999972,0.3,0.3
13.67,2.840980784726979,0.5459574113466903,1.100999999999997,0.3,0.3
13.68,2.842338898789227,0.5486323928782011,1.103999999999997,0.3,0.3
13.69,2.843688981807409,0.5513114367083793,1.1069999999999969,0.3,0.3
13.700000000000001,2.8450310216307875,0.5539945187258486,1.1099999999999968,0.3,0.3
13.71,2.8463650061810126,0.5566816147828887,1.1129999999999967,0.3,0.3
13.72,2.8476909234522325,0.5593727006956534,1.1159999999999966,0.3,0.3
13.73,2.8490087615112007,0.5620677522443875,1.1189999999999964,0.3,0.3
13.74,2.850318508497384,0.5647667451736456,1.1219999999999963,0.3,0.3
13.75,2.8516201526230676,0.5674696551925091,1.1249999999999962,0.3,0.3
13.76,2.8529136821734635,0.5701764579748064,1.1279999999999961,0.3,0.3
13.77,2.8541990855068144,0.5728871291593306,1.130999999999996,0.3,0.3
13.780000000000001,2.855476351054499,0.5756016443500593,1.133999999999996,0.3,0.3
13.790000000000001,2.8567454673211365,0.5783199791163742,1.1369999999999958,0.3,0.3
13.8,2.8580064228846886,0.5810421089932808,1.1399999999999957,0.3,0.3
13.81,2.8592592063965636,0.5837680094816284,1.1429999999999956,0.3,0.3
13.82,2.8605038065817188,0.5864976560483312,1.1459999999999955,0.3,0.3
13.83,2.8617402122387605,0.5892310241265883,1.1489999999999954,0.3,0.3
13.84,2.8629684122400465,0.5919680891161057,1.1519999999999953,0.3,0.3
13.85,2.8641883955317846,0.5947088263833168,1.1549999999999951,0.3,0.3
13.86,2.865400151134134,0.5974532112616048,1.157999999999995,0.3,0.3
13.870000000000001,2.866603668141302,0.6002012190515241,1.160999999999995,0.3,0.3
13.88,2.8677989357216433,0.6029528250210234,1.1639999999999948,0.3,0.3
13.89,2.8689859431177585,0.6057080044056675,1.1669999999999947,0.3,0.3
13.9,2.8701646796465887,0.6084667324088604,1.1699999999999946,0.3,0.3
13.91,2.8713351346995135,0.6112289842020688,1.1729999999999945,0.3,0.3
13.92,2.872497297742445,0.6139947349250452,1.1759999999999944,0.3,0.3
13.93,2.8736511583159237,0.6167639596860517,1.1789999999999943,0.3,0.3
13.94,2.874796706035212,0.6195366335620842,1.1819999999999942,0.3,0.3
13.950000000000001,2.8759339305903886,0.6223127315990965,1.184999999999994,0.3,0.3
13.96,2.87706282174644,0.625092228812225,1.187999999999994,0.3,0.3
13.97,2.8781833693433527,0.6278751001860137,1.1909999999999938,0.3,0.3
13.98,2.879295563296207,0.6306613206746388,1.1939999999999937,0.3,0.3
13.99,2.8803993935952645,0.6334508652021348,1.1969999999999936,0.3,0.3
14.0,2.88149485030606,0.6362437086626198,1.1999999999999935,0.3,0.3
14.01,2.88258192356949,0.6390398259205214,1.2029999999999934,0.3,0.3
14.02,2.8836606036019026,0.6418391918108034,1.2059999999999933,0.3,0.3
14.030000000000001,2.884730880695185,0.6446417811391915,1.2089999999999932,0.3,0.3
14.040000000000001,2.885792745216851,0.6474475686824006,1.211999999999993,0.3,0.3
14.05,2.8868461876101263,0.6502565291883619,1.214999999999993,0.3,0.3
14.06,2.887891198394037,0.6530686373764496,1.2179999999999929,0.3,0.3
14.07,2.888927768163493,0.6558838679377093,1.2209999999999928,0.3,0.3
14.08,2.889955887589373,0.6587021955350847,1.2239999999999926,0.3,0.3
14.09,2.8909755474186096,0.6615235948036465,1.2269999999999925,0.3,0.3
14.1,2.8919867384742712,0.6643480403508204,1.2299999999999924,0.3,0.3
14.11,2.892989451655645,0.6671755067566155,1.2329999999999923,0.3,0.3
14.120000000000001,2.893983677938319,0.6700059685738532,1.2359999999999922,0.3,0.3
14.13,2.894969408374263,0.6728394003283963,1.238999999999992,0.3,0.3
14.14,2.8959466340919104,0.675675776519378,1.241999999999992,0.3,0.3
14.15,2.896915346296236,0.678515071619432,1.244999999999992,0.3,0.3
14.16,2.897875536268837,0.6813572600749214,1.2479999999999918,0.3,0.3
14.17,2.898827195368009,0.6842023163061692,1.2509999999999917,0.3,0.3
14.18,2.899770315028828,0.6870502147076887,1.2539999999999916,0.3,0.3
14.19,2.9007048867632226,0.6899009296484133,1.2569999999999915,0.3,0.3
14.200000000000001,2.9016309021600533,0.692754435471928,1.2599999999999913,0.3,0.3
14.21,2.902548352885188,0.6956107064966995,1.2629999999999912,0.3,0.3
14.22,2.903457230681577,0.698469717016308,1.2659999999999911,0.3,0.3
14.23,2.904357527369325,0.701331441299678,1.268999999999991,0.3,0.3
14.24,2.905249234845769,0.7041958535913102,1.271999999999991,0.3,0.3
14.25,2.906132345085547,0.7070629281115135,1.2749999999999908,0.3,0.3
14.26,2.9070068501406734,0.7099326390566365,1.2779999999999907,0.3,0.3
14.27,2.9078727421406083,0.7128049605993,1.2809999999999906,0.3,0.3
14.280000000000001,2.9087300132923297,0.7156798668886295,1.2839999999999905,0.3,0.3
14.290000000000001,2.9095786558804027,0.7185573320504879,1.2869999999999904,0.3,0.3
14.3,2.91041866226705,0.7214373301877081,1.2899999999999903,0.3,0.3
14.31,2.9112500248922197,0.7243198353803263,1.2929999999999902,0.3,0.3
14.32,2.912072736273654,0.7272048216858152,1.29599999999999,0.3,0.3
14.33,2.9128867890069556,0.7300922631393176,1.29899999999999,0.3,0.3
14.34,2.9136921757656555,0.7329821337538799,1.3019999999999898,0.3,0.3
14.35,2.914488889301279,0.735874407520686,1.3049999999999897,0.3,0.3
14.36,2.9152769224434083,0.7387690584092916,1.3079999999999896,0.3,0.3
14.370000000000001,2.9160562680997515,0.7416660603678582,1.3109999999999895,0.3,0.3
14.38,2.9168269192562026,0.7445653873233877,1.3139999999999894,0.3,0.3
14.39,2.9175888689769067,0.7474670131819572,1.3169999999999893,0.3,0.3
14.4,2.9183421104043212,0.7503709118289534,1.3199999999999892,0.3,0.3
14.41,2.9190866367592783,0.7532770571293083,1.322999999999989,0.3,0.3
14.42,2.919822441341046,0.7561854229277335,1.325999999999989,0.3,0.3
14.43,2.920549517527388,0.7590959830489566,1.3289999999999889,0.3,0.3
14.44,2.9212678587746232,0.7620087112979562,1.3319999999999887,0.3,0.3
14.450000000000001,2.9219774586176857,0.7649235814601977,1.3349999999999886,0.3,0.3
14.46,2.9226783106701815,0.7678405673018692,1.3379999999999885,0.3,0.3
14.47,2.9233704086244465,0.7707596425701181,1.3409999999999884,0.3,0.3
14.48,2.9240537462516043,0.7736807809932864,1.3439999999999883,0.3,0.3
14.49,2.924728317401621,0.7766039562811481,1.3469999999999882,0.3,0.3
14.5,2.92539411600336,0.7795291421251453,1.349999999999988,0.3,0.3
14.51,2.9260511360646393,0.7824563121986253,1.352999999999988,0.3,0.3
14.52,2.926699371672282,0.7853854401570771,1.3559999999999879,0.3,0.3
14.530000000000001,2.927338816992173,0.7883164996383688,1.3589999999999878,0.3,0.3
14.540000000000001,2.9279694662693077,0.7912494642629849,1.3619999999999877,0.3,0.3
14.55,2.928591313827847,0.7941843076342636,1.3649999999999876,0.3,0.3
14.56,2.929204354071168,0.7971210033386343,1.3679999999999874,0.3,0.3
14.57,2.9298085814819115,0.8000595249458555,1.3709999999999873,0.3,0.3
14.58,2.9304039906220356,0.8029998460092527,1.3739999999999872,0.3,0.3
14.59,2.930990576132862,0.805941940065956,1.3769999999999871,0.3,0.3
14.6,2.9315683327351243,0.8088857806371388,1.379999999999987,0.3,0.3
14.61,2.932137255229018,0.8118313412282558,1.382999999999987,0.3,0.3
14.620000000000001,2.932697338494244,0.8147785953292818,1.3859999999999868,0.3,0.3
14.63,2.9332485774900565,0.8177275164149495,1.3889999999999867,0.3,0.3
14.64,2.933790967255309,0.820678077944989,1.3919999999999866,0.3,0.3
14.65,2.9343245029084963,0.8236302533643667,1.3949999999999865,0.3,0.3
14.66,2.934849179647802,0.8265840161035236,1.3979999999999864,0.3,0.3
14.67,2.935364992751138,0.829539339578615,1.4009999999999863,0.3,0.3
14.68,2.935871937576191,0.8324961971917496,1.4039999999999861,0.3,0.3
14.69,2.93637000956046,0.8354545623312288,1.406999999999986,0.3,0.3
14.700000000000001,2.9368592042213013,0.8384144083717864,1.409999999999986,0.3,0.3
14.71,2.9373395171559658,0.8413757086748279,1.4129999999999858,0.3,0.3
14.72,2.9378109440416402,0.8443384365886707,1.4159999999999857,0.3,0.3
14.73,2.938273480635486,0.8473025654487835,1.4189999999999856,0.3,0.3
14.74,2.938727122774677,0.8502680685780265,1.4219999999999855,0.3,0.3
14.75,2.9391718663764372,0.8532349192868917,1.4249999999999854,0.3,0.3
14.76,2.9396077074380766,0.8562030908737426,1.4279999999999853,0.3,0.3
14.77,2.940034642037029,0.859172556625055,1.4309999999999852,0.3,0.3
14.780000000000001,2.940452666330886,0.8621432898156571,1.433999999999985,0.3,0.3
14.790000000000001,2.9408617765574316,0.8651152637089704,1.436999999999985,0.3,0.3
14.8,2.9412619690346764,0.8680884515572499,1.4399999999999848,0.3,0.3
14.81,2.941653240160891,0.871062826601825,1.4429999999999847,0.3,0.3
14.82,2.9420355864146375,0.8740383620733403,1.4459999999999846,0.3,0.3
14.83,2.942409004354803,0.8770150311919968,1.4489999999999845,0.3,0.3
14.84,2.9427734906206275,0.8799928071677923,1.4519999999999844,0.3,0.3
14.85,2.943129041931738,0.8829716632007633,1.4549999999999843,0.3,0.3
14.86,2.9434756550881747,0.8859515724812255,1.4579999999999842,0.3,0.3
14.870000000000001,2.9438133269704214,0.8889325081900156,1.460999999999984,0.3,0.3
14.88,2.9441420545394337,0.8919144434987323,1.463999999999984,0.3,0.3
14.89,2.9444618348366656,0.8948973515699779,1.4669999999999839,0.3,0.3
14.9,2.9447726649840966,0.8978812055575999,1.4699999999999838,0.3,0.3
14.91,2.9450745421842575,0.9008659786069326,1.4729999999999837,0.3,0.3
14.92,2.9453674637202556,0.9038516438550388,1.4759999999999835,0.3,0.3
14.93,2.945651426955799,0.9068381744309513,1.4789999999999834,0.3,0.3
14.94,2.9459264293352203,0.909825543455915,1.4819999999999833,0.3,0.3
14.950000000000001,2.9461924683835,0.9128137240436289,1.4849999999999832,0.3,0.3
14.96,2.9464495417062886,0.915802689300488,1.4879999999999831,0.3,0.3
14.97,2.9466976469899278,0.9187924123258251,1.490999999999983,0.3,0.3
14.98,2.9469367820014716,0.921782866212153,1.493999999999983,0.3,0.3
14.99,2.947166944588707,0.9247740240454071,1.4969999999999828,0.3,0.3
15.0,2.947388132680172,0.9277658589051869,1.4999999999999827,0.3,0.0
15.01,2.947600344285175,0.9307583438649991,1.4999999999999827,0.299,0.0
15.02,2.9478118485181617,0.9337408538749452,1.4999999999999827,0.29800000000000004,0.0
15.030000000000001,2.9480226453791314,0.9367133889350253,1.4999999999999827,0.2969999999999999,0.0
15.040000000000001,2.9482327348680846,0.9396759490452393,1.4999999999999827,0.2959999999999999,0.0
15.05,2.9484421169850212,0.9426285342055873,1.4999999999999827,0.29499999999999993,0.0
15.06,2.948650791729941,0.9455711444160693,1.4999999999999827,0.29399999999999993,0.0
15.07,2.948858759102844,0.9485037796766852,1.4999999999999827,0.293,0.0
15.08,2.9490660191037303,0.951426439987435,1.4999999999999827,0.292,0.0
15.09,2.9492725717326,0.9543391253483189,1.4999999999999827,0.29100000000000004,0.0
15.1,2.9494784169894532,0.9572418357593366,1.4999999999999827,0.29000000000000004,0.0
15.11,2.9496835548742895,0.9601345712204884,1.4999999999999827,0.28900000000000003,0.0
15.120000000000001,2.949887985387109,0.9630173317317741,1.4999999999999827,0.28799999999999987,0.0
15.13,2.9500917085279124,0.9658901172931937,1.4999999999999827,0.2869999999999999,0.0
15.14,2.9502947242966986,0.9687529279047473,1.4999999999999827,0.2859999999999999,0.0
15.15,2.9504970326934683,0.9716057635664349,1.4999999999999827,0.2849999999999999,0.0
15.16,2.9506986337182215,0.9744486242782565,1.4999999999999827,0.284,0.0
15.17,2.9508995273709577,0.977281510040212,1.4999999999999827,0.283,0.0
15.18,2.9510997136516774,0.9801044208523015,1.4999999999999827,0.28200000000000003,0.0
15.19,2.95129919256038,0.982917356714525,1.4999999999999827,0.281,0.0
15.200000000000001,2.9514979640970664,0.9857203176268824,1.4999999999999827,0.2799999999999999,0.0
15.21,2.951696028261736,0.9885133035893737,1.4999999999999827,0.2789999999999999,0.0
15.22,2.951893385054389,0.9912963146019991,1.4999999999999827,0.2779999999999999,0.0
15.23,2.952090034475025,0.9940693506647583,1.4999999999999827,0.27699999999999997,0.0
15.24,2.952285976523645,0.9968324117776516,1.4999999999999827,0.27599999999999997,0.0
15.25,2.9524812112002476,0.9995854979406787,1.4999999999999827,0.27499999999999997,0.0
15.26,2.952675738504834,1.00232860915384,1.4999999999999827,0.274,0.0
15.27,2.9528695584374036,1.005061745417135,1.4999999999999827,0.273,0.0
15.280000000000001,2.9530626709979564,1.0077849067305642,1.4999999999999827,0.27199999999999985,0.0
15.290000000000001,2.9532550761864926,1.0104980930941272,1.4999999999999827,0.2709999999999999,0.0
15.3,2.9534467740030124,1.013201304507824,1.4999999999999827,0.2699999999999999,0.0
15.31,2.953637764447515,1.015894540971655,1.4999999999999827,0.26899999999999996,0.0
15.32,2.9538280475200014,1.01857780248562,1.4999999999999827,0.26799999999999996,0.0
15.33,2.9540176232204707,1.0212510890497188,1.4999999999999827,0.267,0.0
15.34,2.9542064915489235,1.0239144006639516,1.4999999999999827,0.266,0.0
15.35,2.9543946525053597,1.0265677373283184,1.4999999999999827,0.265,0.0
15.36,2.954582106089779,1.0292110990428192,1.4999999999999827,0.26400000000000007,0.0
15.370000000000001,2.954768852302182,1.0318444858074538,1.4999999999999827,0.2629999999999999,0.0
15.38,2.954954891142568,1.0344678976222224,1.4999999999999827,0.2619999999999999,0.0
15.39,2.9551402226109373,1.037081334487125,1.4999999999999827,0.2609999999999999,0.0
15.4,2.95532484670729,1.0396847964021616,1.4999999999999827,0.25999999999999995,0.0
15.41,2.9555087634316264,1.042278283367332,1.4999999999999827,0.25899999999999995,0.0
15.42,2.9556919727839457,1.0448617953826367,1.4999999999999827,0.258,0.0
15.43,2.9558744747642485,1.0474353324480752,1.4999999999999827,0.257,0.0
15.44,2.9560562693725343,1.0499988945636476,1.4999999999999827,0.25600000000000006,0.0
15.450000000000001,2.9562373566088036,1.052552481729354,1.4999999999999827,0.2549999999999999,0.0
15.46,2.9564177364730564,1.0550960939451943,1.4999999999999827,0.2539999999999999,0.0
15.47,2.956597408965292,1.0576297312111687,1.4999999999999827,0.25299999999999995,0.0
15.48,2.9567763740855115,1.0601533935272769,1.4999999999999827,0.25199999999999995,0.0
15.49,2.9569546318337143,1.062667080893519,1.4999999999999827,0.25099999999999995,0.0
15.5,2.9571321822099,1.0651707933098953,1.4999999999999827,0.25,0.0
15.51,2.9573090252140695,1.0676645307764054,1.4999999999999827,0.249,0.0
15.52,2.9574851608462223,1.0701482932930495,1.4999999999999827,0.24800000000000003,0.0
15.530000000000001,2.957660589106358,1.0726220808598275,1.4999999999999827,0.24699999999999986,0.0
15.540000000000001,2.9578353099944774,1.0750858934767396,1.4999999999999827,0.2459999999999999,0.0
15.55,2.95800932351058,1.0775397311437855,1.4999999999999827,0.2449999999999999,0.0
15.56,2.958182629654666,1.0799835938609654,1.4999999999999827,0.24399999999999994,0.0
15.57,2.9583552284267354,1.0824174816282792,1.4999999999999827,0.24299999999999997,0.0
15.58,2.9585271198267877,1.0848413944457271,1.4999999999999827,0.242,0.0
15.59,2.9586983038548236,1.087255332313309,1.4999999999999827,0.241,0.0
15.6,2.958868780510843,1.0896592952310247,1.4999999999999827,0.24000000000000005,0.0
15.610000000000001,2.9590385497948453,1.0920532831988743,1.4999999999999827,0.23899999999999988,0.0
15.620000000000001,2.959207611706831,1.094437296216858,1.4999999999999827,0.23799999999999988,0.0
15.63,2.9593759662468004,1.0968113342849757,1.4999999999999827,0.2369999999999999,0.0
15.64,2.959543613414753,1.0991753974032272,1.4999999999999827,0.23599999999999993,0.0
15.65,2.9597105532106887,1.101529485571613,1.4999999999999827,0.23499999999999996,0.0
15.66,2.959876785634608,1.1038735987901325,1.4999999999999827,0.23399999999999996,0.0
15.67,2.9600423106865104,1.106207737058786,1.4999999999999827,0.233,0.0
15.68,2.960207128366396,1.1085319003775733,1.4999999999999827,0.232,0.0
15.69,2.960371238674265,1.1108460887464948,1.4999999999999827,0.23100000000000004,0.0
15.700000000000001,2.9605346416101175,1.1131503021655502,1.4999999999999827,0.22999999999999987,0.0
15.71,2.9606973371739533,1.1154445406347395,1.4999999999999827,0.22899999999999993,0.0
15.72,2.9608593253657722,1.1177288041540627,1.4999999999999827,0.22799999999999992,0.0
15.73,2.9610206061855746,1.12000309272352,1.4999999999999827,0.22699999999999992,0.0
15.74,2.9611811796333605,1.1222674063431113,1.4999999999999827,0.22599999999999998,0.0
15.75,2.9613410457091294,1.1245217450128364,1.4999999999999827,0.22499999999999998,0.0
15.76,2.9615002044128818,1.1267661087326954,1.4999999999999827,0.22400000000000003,0.0
15.77,2.9616586557446176,1.1290004975026886,1.4999999999999827,0.223,0.0
15.780000000000001,2.9618163997043365,1.1312249113228157,1.4999999999999827,0.22199999999999986,0.0
15.790000000000001,2.961973436292039,1.1334393501930766,1.4999999999999827,0.2209999999999999,0.0
15.8,2.9621297655077248,1.1356438141134715,1.4999999999999827,0.21999999999999995,0.0
15.81,2.9622853873513937,1.1378383030840005,1.4999999999999827,0.21899999999999992,0.0
15.82,2.962440301823046,1.1400228171046634,1.4999999999999827,0.21799999999999997,0.0
15.83,2.9625945089226815,1.1421973561754601,1.4999999999999827,0.217,0.0
15.84,2.9627480086503004,1.1443619202963908,1.4999999999999827,0.216,0.0
15.85,2.962900801005903,1.1465165094674556,1.4999999999999827,0.21500000000000002,0.0
15.860000000000001,2.9630528859894882,1.1486611236886544,1.4999999999999827,0.21399999999999988,0.0
15.870000000000001,2.963204263601057,1.150795762959987,1.4999999999999827,0.2129999999999999,0.0
15.88,2.9633549338406096,1.1529204272814537,1.4999999999999827,0.21199999999999988,0.0
15.89,2.963504896708145,1.1550351166530544,1.4999999999999827,0.21099999999999994,0.0
15.9,2.963654152203664,1.157139831074789,1.4999999999999827,0.21,0.0
15.91,2.9638027003271663,1.1592345705466574,1.4999999999999827,0.20899999999999996,0.0
15.92,2.9639505410786517,1.16131933506866,1.4999999999999827,0.208,0.0
15.93,2.9640976744581207,1.1633941246407964,1.4999999999999827,0.20700000000000005,0.0
15.94,2.9642441004655726,1.1654589392630668,1.4999999999999827,0.20600000000000002,0.0
15.950000000000001,2.964389819101008,1.167513778935471,1.4999999999999827,0.20499999999999988,0.0
15.96,2.964534830364427,1.1695586436580094,1.4999999999999827,0.2039999999999999,0.0
15.97,2.964679134255829,1.1715935334306817,1.4999999999999827,0.20299999999999996,0.0
15.98,2.9648227307752144,1.173618448253488,1.4999999999999827,0.20199999999999993,0.0
15.99,2.9649656199225833,1.175633388126428,1.4999999999999827,0.20099999999999998,0.0
16.0,2.9651078016979353,1.1776383530495023,1.4999999999999827,0.2,0.0
16.01,2.9652492761012708,1.1796333430227104,1.4999999999999827,0.19899999999999987,0.0
16.02,2.9653900431325897,1.1816183580460524,1.4999999999999827,0.19800000000000004,0.0
16.03,2.9655301027918917,1.1835933981195284,1.4999999999999827,0.19699999999999987,0.0
16.04,2.965669455079177,1.1855584632431384,1.4999999999999827,0.19600000000000006,0.0
16.05,2.965808099994446,1.1875135534168824,1.4999999999999827,0.1949999999999999,0.0
16.06,2.965946037537698,1.1894586686407602,1.4999999999999827,0.19400000000000014,0.0
16.07,2.9660832677089335,1.191393808914772,1.4999999999999827,0.19299999999999998,0.0
16.080000000000002,2.966219790508152,1.1933189742389179,1.4999999999999827,0.19199999999999984,0.0
16.09,2.966355605935354,1.1952341646131976,1.4999999999999827,0.191,0.0
16.1,2.9664907139905394,1.1971393800376113,1.4999999999999827,0.18999999999999986,0.0
16.11,2.966625114673708,1.1990346205121591,1.4999999999999827,0.18900000000000003,0.0
16.12,2.96675880798486,1.2009198860368409,1.4999999999999827,0.18799999999999986,0.0
16.13,2.9668917939239954,1.2027951766116565,1.4999999999999827,0.1870000000000001,0.0
16.14,2.967024072491114,1.204660492236606,1.4999999999999827,0.18599999999999997,0.0
16.15,2.967155643686216,1.2065158329116896,1.4999999999999827,0.18500000000000014,0.0
16.16,2.9672865075093013,1.2083611986369072,1.4999999999999827,0.18399999999999997,0.0
16.17,2.96741666396037,1.2101965894122586,1.4999999999999827,0.18299999999999983,0.0
16.18,2.967546113039422,1.212022005237744,1.4999999999999827,0.182,0.0
16.19,2.967674854746457,1.2138374461133634,1.4999999999999827,0.18099999999999986,0.0
16.2,2.9678028890814754,1.2156429120391168,1.4999999999999827,0.18000000000000008,0.0
16.21,2.9679302160444774,1.217438403015004,1.4999999999999827,0.17899999999999994,0.0
16.22,2.9680568356354624,1.2192239190410252,1.4999999999999827,0.1780000000000001,0.0
16.23,2.968182747854431,1.2209994601171805,1.4999999999999827,0.17699999999999996,0.0
16.240000000000002,2.968307952701383,1.2227650262434697,1.4999999999999827,0.1759999999999998,0.0
16.25,2.968432450176318,1.2245206174198928,1.4999999999999827,0.17499999999999996,0.0
16.26,2.9685562402792365,1.2262662336464498,1.4999999999999827,0.17399999999999982,0.0
16.27,2.9686793230101385,1.228001874923141,1.4999999999999827,0.17300000000000007,0.0
16.28,2.9688016983690235,1.229727541249966,1.4999999999999827,0.1719999999999999,0.0
16.29,2.968923366355892,1.231443232626925,1.4999999999999827,0.17100000000000007,0.0
16.3,2.969044326970744,1.2331489490540177,1.4999999999999827,0.16999999999999993,0.0
16.31,2.969164580213579,1.2348446905312447,1.4999999999999827,0.1690000000000001,0.0
16.32,2.9692841260843976,1.2365304570586055,1.4999999999999827,0.16799999999999995,0.0
16.330000000000002,2.969402964583199,1.2382062486361003,1.4999999999999827,0.1669999999999998,0.0
16.34,2.9695210957099842,1.239872065263729,1.4999999999999827,0.16600000000000004,0.0
16.35,2.9696385194647528,1.2415279069414917,1.4999999999999827,0.16499999999999987,0.0
16.36,2.9697552358475043,1.2431737736693884,1.4999999999999827,0.16400000000000006,0.0
16.37,2.9698712448582394,1.244809665447419,1.4999999999999827,0.1629999999999999,0.0
16.38,2.969986546496958,1.2464355822755837,1.4999999999999827,0.16200000000000006,0.0
16.39,2.9701011407636595,1.2480515241538823,1.4999999999999827,0.16099999999999992,0.0
16.4,2.9702150276583446,1.2496574910823148,1.4999999999999827,0.16000000000000017,0.0
16.41,2.970328207181013,1.2512534830608812,1.4999999999999827,0.159,0.0
16.42,2.9704406793316647,1.2528395000895818,1.4999999999999827,0.15799999999999984,0.0
16.43,2.9705524441102997,1.2544155421684162,1.4999999999999827,0.15700000000000003,0.0
16.44,2.9706635015169183,1.2559816092973846,1.4999999999999827,0.15599999999999986,0.0
16.45,2.97077385155152,1.2575377014764868,1.4999999999999827,0.15500000000000005,0.0
16.46,2.970883494214105,1.2590838187057232,1.4999999999999827,0.1539999999999999,0.0
16.47,2.970992429504673,1.2606199609850934,1.4999999999999827,0.15300000000000014,0.0
16.48,2.9711006574232246,1.2621461283145976,1.4999999999999827,0.15199999999999997,0.0
16.490000000000002,2.9712081779697597,1.2636623206942357,1.4999999999999827,0.15099999999999983,0.0
16.5,2.9713149911442778,1.2651685381240079,1.4999999999999827,0.15,0.0
16.51,2.9714210969467794,1.266664780603914,1.4999999999999827,0.14899999999999983,0.0
16.52,2.9715264953772644,1.268151048133954,1.4999999999999827,0.14800000000000005,0.0
16.53,2.9716311864357325,1.2696273407141279,1.4999999999999827,0.14699999999999988,0.0
16.54,2.971735170122184,1.2710936583444359,1.4999999999999827,0.14600000000000007,0.0
16.55,2.971838446436619,1.2725500010248778,1.4999999999999827,0.1449999999999999,0.0
16.56,2.9719410153790373,1.2739963687554536,1.4999999999999827,0.14400000000000013,0.0
16.57,2.972042876949439,1.2754327615361634,1.4999999999999827,0.14299999999999996,0.0
16.580000000000002,2.9721440311478236,1.2768591793670072,1.4999999999999827,0.14199999999999982,0.0
16.59,2.9722444779741917,1.278275622247985,1.4999999999999827,0.14100000000000001,0.0
16.6,2.9723442174285433,1.2796820901790966,1.4999999999999827,0.13999999999999987,0.0
16.61,2.972443249510878,1.2810785831603424,1.4999999999999827,0.13900000000000004,0.0
16.62,2.972541574221196,1.282465101191722,1.4999999999999827,0.13799999999999987,0.0
16.63,2.9726391915594976,1.2838416442732357,1.4999999999999827,0.1370000000000001,0.0
16.64,2.9727361015257823,1.2852082124048831,1.4999999999999827,0.13599999999999993,0.0
16.65,2.9728323041200504,1.2865648055866648,1.4999999999999827,0.13500000000000015,0.0
16.66,2.972927799342302,1.2879114238185803,1.4999999999999827,0.13399999999999998,0.0
16.67,2.9730225871925366,1.2892480671006297,1.4999999999999827,0.13299999999999984,0.0
16.68,2.9731166676707548,1.290574735432813,1.4999999999999827,0.132,0.0
16.69,2.9732100407769564,1.2918914288151304,1.4999999999999827,0.13099999999999987,0.0
16.7,2.973302706511141,1.2931981472475818,1.4999999999999827,0.13000000000000006,0.0
16.71,2.973394664873309,1.294494890730167,1.4999999999999827,0.12899999999999992,0.0
16.72,2.9734859158634603,1.2957816592628861,1.4999999999999827,0.1280000000000001,0.0
16.73,2.973576459481595,1.2970584528457394,1.4999999999999827,0.12699999999999997,0.0
16.740000000000002,2.973666295727713,1.2983252714787266,1.4999999999999827,0.1259999999999998,0.0
16.75,2.9737554246018143,1.2995821151618476,1.4999999999999827,0.12499999999999999,0.0
16.76,2.973843846103899,1.3008289838951026,1.4999999999999827,0.12399999999999983,0.0
16.77,2.973931560233967,1.3020658776784917,1.4999999999999827,0.12300000000000004,0.0
16.78,2.9740185669920183,1.3032927965120147,1.4999999999999827,0.12199999999999989,0.0
16.79,2.974104866378053,1.3045097403956716,1.4999999999999827,0.1210000000000001,0.0
16.8,2.974190458392071,1.3057167093294624,1.4999999999999827,0.11999999999999994,0.0
16.81,2.9742753430340723,1.3069137033133873,1.4999999999999827,0.1190000000000001,0.0
16.82,2.974359520304057,1.3081007223474461,1.4999999999999827,0.11799999999999995,0.0
16.830000000000002,2.9744429902020246,1.3092777664316388,1.4999999999999827,0.1169999999999998,0.0
16.84,2.974525752727976,1.3104448355659657,1.4999999999999827,0.116,0.0
16.85,2.9746078078819105,1.3116019297504264,1.4999999999999827,0.11499999999999985,0.0
16.86,2.974689155663828,1.312749048985021,1.4999999999999827,0.11400000000000006,0.0
16.87,2.9747697960737294,1.3138861932697496,1.4999999999999827,0.1129999999999999,0.0
16.88,2.974849729111614,1.3150133626046123,1.4999999999999827,0.11200000000000009,0.0
16.89,2.9749289547774818,1.316130556989609,1.4999999999999827,0.11099999999999993,0.0
16.9,2.975007473071333,1.3172377764247394,1.4999999999999827,0.11000000000000014,0.0
16.91,2.9750852839931676,1.3183350209100038,1.4999999999999827,0.10899999999999999,0.0
16.92,2.9751623875429853,1.3194222904454023,1.4999999999999827,0.10799999999999983,0.0
16.93,2.9752387837207865,1.3204995850309347,1.4999999999999827,0.10700000000000004,0.0
16.94,2.975314472526571,1.321566904666601,1.4999999999999827,0.10599999999999989,0.0
16.95,2.975389453960339,1.3226242493524012,1.4999999999999827,0.10500000000000005,0.0
16.96,2.97546372802209,1.3236716190883355,1.4999999999999827,0.1039999999999999,0.0
16.97,2.9755372947118244,1.3247090138744038,1.4999999999999827,0.1030000000000001,0.0
16.98,2.975610154029542,1.325736433710606,1.4999999999999827,0.10199999999999995,0.0
16.990000000000002,2.9756823059752433,1.326753878596942,1.4999999999999827,0.1009999999999998,0.0
17.0,2.9757537505489275,1.327761348533412,1.4999999999999827,0.1,0.0
17.01,2.9758244877505953,1.3287588435200162,1.4999999999999827,0.09899999999999985,0.0
17.02,2.9758945175802465,1.3297463635567541,1.4999999999999827,0.09800000000000003,0.0
17.03,2.9759638400378807,1.330723908643626,1.4999999999999827,0.09699999999999988,0.0
17.04,2.9760324551234985,1.331691478780632,1.4999999999999827,0.09600000000000009,0.0
17.05,2.9761003628370997,1.3326490739677719,1.4999999999999827,0.09499999999999993,0.0
17.06,2.976167563178684,1.3335966942050457,1.4999999999999827,0.09400000000000014,0.0
17.07,2.9762340561482516,1.3345343394924536,1.4999999999999827,0.09299999999999999,0.0
17.080000000000002,2.9762998417458024,1.3354620098299954,1.4999999999999827,0.09199999999999982,0.0
17.09,2.9763649199713367,1.3363797052176711,1.4999999999999827,0.091,0.0
17.1,2.9764292908248544,1.3372874256554808,1.4999999999999827,0.08999999999999984,0.0
17.11,2.976492954306355,1.3381851711434245,1.4999999999999827,0.08900000000000005,0.0
17.12,2.9765559104158394,1.3390729416815021,1.4999999999999827,0.0879999999999999,0.0
17.13,2.976618159153307,1.3399507372697137,1.4999999999999827,0.0870000000000001,0.0
17.14,2.976679700518758,1.3408185579080591,1.4999999999999827,0.08599999999999995,0.0
17.150000000000002,2.9767405345121922,1.3416764035965387,1.4999999999999827,0.0849999999999998,0.0
17.16,2.97680066113361,1.3425242743351522,1.4999999999999827,0.08399999999999998,0.0
17.17,2.9768600803830108,1.3433621701238996,1.4999999999999827,0.08299999999999981,0.0
17.18,2.976918792260395,1.3441900909627809,1.4999999999999827,0.08200000000000003,0.0
17.19,2.9769767967657628,1.3450080368517963,1.4999999999999827,0.08099999999999986,0.0
17.2,2.9770340938991136,1.3458160077909456,1.4999999999999827,0.08000000000000008,0.0
17.21,2.977090683660448,1.3466140037802288,1.4999999999999827,0.07899999999999992,0.0
17.22,2.977146566049765,1.3474020248196459,1.4999999999999827,0.0780000000000001,0.0
17.23,2.977201741067066,1.3481800709091971,1.4999999999999827,0.07699999999999994,0.0
17.240000000000002,2.97725620871235,1.3489481420488822,1.4999999999999827,0.07599999999999979,0.0
17.25,2.9773099689856175,1.3497062382387013,1.4999999999999827,0.075,0.0
17.26,2.9773630218868683,1.3504543594786542,1.4999999999999827,0.07399999999999984,0.0
17.27,2.9774153674161026,1.3511925057687413,1.4999999999999827,0.07300000000000005,0.0
17.28,2.97746700557332,1.3519206771089622,1.4999999999999827,0.0719999999999999,0.0
17.29,2.9775179363585207,1.352638873499317,1.4999999999999827,0.07100000000000008,0.0
17.3,2.977568159771705,1.353347094939806,1.4999999999999827,0.06999999999999991,0.0
17.31,2.9776176758128723,1.354045341430429,1.4999999999999827,0.06900000000000013,0.0
17.32,2.977666484482023,1.3547336129711858,1.4999999999999827,0.06799999999999996,0.0
17.330000000000002,2.977714585779157,1.3554119095620765,1.4999999999999827,0.06699999999999981,0.0
17.34,2.9777619797042743,1.3560802312031013,1.4999999999999827,0.06600000000000002,0.0
17.35,2.977808666257375,1.35673857789426,1.4999999999999827,0.06499999999999986,0.0
17.36,2.977854645438459,1.3573869496355526,1.4999999999999827,0.06400000000000004,0.0
17.37,2.9778999172475262,1.3580253464269791,1.4999999999999827,0.06299999999999989,0.0
17.38,2.977944481684577,1.3586537682685398,1.4999999999999827,0.0620000000000001,0.0
17.39,2.977988338749611,1.3592722151602343,1.4999999999999827,0.06099999999999994,0.0
17.400000000000002,2.978031488442628,1.3598806871020628,1.4999999999999827,0.05999999999999978,0.0
17.41,2.978073930763629,1.3604791840940251,1.4999999999999827,0.059,0.0
17.42,2.978115665712613,1.3610677061361216,1.4999999999999827,0.057999999999999836,0.0
17.43,2.97815669328958,1.361646253228352,1.4999999999999827,0.057000000000000016,0.0
17.44,2.978197013494531,1.3622148253707163,1.4999999999999827,0.05599999999999986,0.0
17.45,2.978236626327465,1.3627734225632144,1.4999999999999827,0.05500000000000007,0.0
17.46,2.9782755317883822,1.3633220448058467,1.4999999999999827,0.053999999999999916,0.0
17.47,2.9783137298772826,1.363860692098613,1.4999999999999827,0.05300000000000012,0.0
17.48,2.9783512205941665,1.364389364441513,1.4999999999999827,0.05199999999999997,0.0
17.490000000000002,2.978388003939034,1.364908061834547,1.4999999999999827,0.05099999999999981,0.0
17.5,2.978424079911884,1.3654167842777152,1.4999999999999827,0.04999999999999999,0.0
17.51,2.978459448512718,1.3659155317710172,1.4999999999999827,0.04899999999999983,0.0
17.52,2.9784941097415354,1.3664043043144531,1.4999999999999827,0.04800000000000004,0.0
17.53,2.9785280635983358,1.366883101908023,1.4999999999999827,0.04699999999999988,0.0
17.54,2.9785613100831196,1.367351924551727,1.4999999999999827,0.046000000000000096,0.0
17.55,2.978593849195887,1.3678107722455648,1.4999999999999827,0.044999999999999936,0.0
17.56,2.9786256809366374,1.3682596449895366,1.4999999999999827,0.044000000000000115,0.0
17.57,2.9786568053053712,1.3686985427836424,1.4999999999999827,0.04299999999999996,0.0
17.580000000000002,2.978687222302088,1.3691274656278822,1.4999999999999827,0.0419999999999998,0.0
17.59,2.9787169319267885,1.369546413522256,1.4999999999999827,0.041000000000000016,0.0
17.6,2.9787459341794724,1.3699553864667635,1.4999999999999827,0.039999999999999855,0.0
17.61,2.9787742290601393,1.3703543844614052,1.4999999999999827,0.03900000000000007,0.0
17.62,2.9788018165687897,1.3707434075061808,1.4999999999999827,0.03799999999999991,0.0
17.63,2.9788286967054236,1.3711224556010904,1.4999999999999827,0.03700000000000009,0.0
17.64,2.9788548694700405,1.3714915287461338,1.4999999999999827,0.03599999999999993,0.0
17.650000000000002,2.978880334862641,1.3718506269413113,1.4999999999999827,0.034999999999999774,0.0
17.66,2.978905092883225,1.3721997501866228,1.4999999999999827,0.03399999999999998,0.0
17.67,2.9789291435317917,1.3725388984820681,1.4999999999999827,0.03299999999999983,0.0
17.68,2.978952486808342,1.3728680718276474,1.4999999999999827,0.032000000000000035,0.0
17.69,2.978975122712876,1.3731872702233607,1.4999999999999827,0.030999999999999882,0.0
17.7,2.978997051245393,1.373496493669208,1.4999999999999827,0.030000000000000058,0.0
17.71,2.9790182724058933,1.3737957421651892,1.4999999999999827,0.0289999999999999,0.0
17.72,2.979038786194377,1.3740850157113043,1.4999999999999827,0.02800000000000011,0.0
17.73,2.9790585926108437,1.3743643143075535,1.4999999999999827,0.026999999999999958,0.0
17.740000000000002,2.979077691655294,1.3746336379539366,1.4999999999999827,0.0259999999999998,0.0
17.75,2.9790960833277276,1.3748929866504536,1.4999999999999827,0.025000000000000012,0.0
17.76,2.9791137676281445,1.3751423603971045,1.4999999999999827,0.023999999999999855,0.0
17.77,2.979130744556545,1.3753817591938895,1.4999999999999827,0.02300000000000003,0.0
17.78,2.9791470141129284,1.3756111830408084,1.4999999999999827,0.021999999999999874,0.0
17.79,2.9791625762972953,1.3758306319378613,1.4999999999999827,0.021000000000000085,0.0
17.8,2.9791774311096457,1.3760401058850482,1.4999999999999827,0.019999999999999928,0.0
17.81,2.979191578549979,1.376239604882369,1.4999999999999827,0.01900000000000014,0.0
17.82,2.979205018618296,1.3764291289298238,1.4999999999999827,0.01799999999999998,0.0
17.830000000000002,2.979217751314596,1.3766086780274125,1.4999999999999827,0.016999999999999824,0.0
17.84,2.9792297766388796,1.3767782521751353,1.4999999999999827,0.016000000000000004,0.0
17.85,2.9792410945911465,1.376937851372992,1.4999999999999827,0.014999999999999847,0.0
17.86,2.9792517051713965,1.3770874756209825,1.4999999999999827,0.014000000000000056,0.0
17.87,2.97926160837963,1.377227124919107,1.4999999999999827,0.0129999999999999,0.0
17.88,2.979270804215847,1.3773567992673657,1.4999999999999827,0.01200000000000011,0.0
17.89,2.979279292680047,1.3774764986657582,1.4999999999999827,0.010999999999999954,0.0
17.900000000000002,2.9792870737722303,1.3775862231142846,1.4999999999999827,0.009999999999999797,0.0
17.91,2.9792941474923973,1.377685972612945,1.4999999999999827,0.008999999999999975,0.0
17.92,2.9793005138405473,1.3777757471617393,1.4999999999999827,0.007999999999999818,0.0
17.93,2.9793061728166808,1.3778555467606677,1.4999999999999827,0.007000000000000028,0.0
17.94,2.9793111244207977,1.37792537140973,1.4999999999999827,0.005999999999999872,0.0
17.95,2.9793153686528977,1.377985221108926,1.4999999999999827,0.005000000000000082,0.0
17.96,2.979318905512981,1.3780350958582563,1.4999999999999827,0.0039999999999999255,0.0
17.97,2.9793217350010477,1.3780749956577205,1.4999999999999827,0.0030000000000001024,0.0
17.98,2.9793238571170977,1.3781049205073186,1.4999999999999827,0.0019999999999999463,0.0
17.990000000000002,2.979325271861131,1.3781248704070506,1.4999999999999827,0.00099999999999979,0.0
18.0,2.9793259792331477,1.3781348453569167,1.4999999999999827,0.0,0.0
18.01,2.9793259792331477,1.3781348453569167,1.4999999999999827,0.0,0.0
18.02,2.9793259792331477,1.3781348453569167,1.4999999999999827,0.0,0.0
18.03,2.9793259792331477,1.3781348453569167,1.4999999999999827,0.0,0.0
18.04,2.9793259792331477,1.3781348453569167,1.4999999999999827,0.0,0.0
18.05,2.9793259792331477,1.3781348453569167,1.4999999999999827,0.0,0.0
18.06,2.9793259792331477,1.3781348453569167,1.4999999999999827,0.0,0.0
18.07,2.9793259792331477,1.3781348453569167,1.4999999999999827,0.0,0.0
18.080000000000002,2.9793259792331477,1.3781348453569167,1.4999999999999827,0.0,0.0
18.09,2.9793259792331477,1.3781348453569167,1.4999999999999827,0.0,0.0
18.1,2.9793259792331477,1.3781348453569167,1.4999999999999827,0.0,0.0
18.11,2.9793259792331477,1.3781348453569167,1.4999999999999827,0.0,0.0
18.12,2.9793259792331477,1.3781348453569167,1.4999999999999827,0.0,0.0
18.13,2.9793259792331477,1.3781348453569167,1.4999999999999827,0.0,0.0
18.14,2.9793259792331477,1.3781348453569167,1.4999999999999827,0.0,0.0
18.150000000000002,2.9793259792331477,1.3781348453569167,1.4999999999999827,0.0,0.0
18.16,2.9793259792331477,1.3781348453569167,1.4999999999999827,0.0,0.0
18.17,2.9793259792331477,1.3781348453569167,1.4999999999999827,0.0,0.0
18.18,2.9793259792331477,1.3781348453569167,1.4999999999999827,0.0,0.0
18.19,2.9793259792331477,1.3781348453569167,1.4999999999999827,0.0,0.0
18.2,2.9793259792331477,1.3781348453569167,1.4999999999999827,0.0,0.0
18.21,2.9793259792331477,1.3781348453569167,1.4999999999999827,0.0,0.0
18.22,2.9793259792331477,1.3781348453569167,1.4999999999999827,0.0,0.0
18.23,2.9793259792331477,1.3781348453569167,1.4999999999999827,0.0,0.0
18.240000000000002,2.9793259792331477,1.3781348453569167,1.4999999999999827,0.0,0.0
18.25,2.9793259792331477,1.3781348453569167,1.4999999999999827,0.0,0.0
18.26,2.9793259792331477,1.3781348453569167,1.4999999999999827,0.0,0.0
18.27,2.9793259792331477,1.3781348453569167,1.4999999999999827,0.0,0.0
18.28,2.9793259792331477,1.3781348453569167,1.4999999999999827,0.0,0.0
18.29,2.9793259792331477,1.3781348453569167,1.4999999999999827,0.0,0.0
18.3,2.9793259792331477,1.3781348453569167,1.4999999999999827,0.0,0.0
18.31,2.9793259792331477,1.3781348453569167,1.4999999999999827,0.0,0.0
18.32,2.9793259792331477,1.3781348453569167,1.4999999999999827,0.0,0.0
18.330000000000002,2.9793259792331477,1.3781348453569167,1.4999999999999827,0.0,0.0
18.34,2.9793259792331477,1.3781348453569167,1.4999999999999827,0.0,0.0
18.35,2.9793259792331477,1.3781348453569167,1.4999999999999827,0.0,0.0
18.36,2.9793259792331477,1.3781348453569167,1.4999999999999827,0.0,0.0
18.37,2.9793259792331477,1.3781348453569167,1.4999999999999827,0.0,0.0
18.38,2.9793259792331477,1.3781348453569167,1.4999999999999827,0.0,0.0
18.39,2.9793259792331477,1.3781348453569167,1.4999999999999827,0.0,0.0
18.400000000000002,2.9793259792331477,1.3781348453569167,1.4999999999999827,0.0,0.0
18.41,2.9793259792331477,1.3781348453569167,1.4999999999999827,0.0,0.0
18.42,2.9793259792331477,1.3781348453569167,1.4999999999999827,0.0,0.0
18.43,2.9793259792331477,1.3781348453569167,1.4999999999999827,0.0,0.0
18.44,2.9793259792331477,1.3781348453569167,1.4999999999999827,0.0,0.0
18.45,2.9793259792331477,1.3781348453569167,1.4999999999999827,0.0,0.0
18.46,2.9793259792331477,1.3781348453569167,1.4999999999999827,0.0,0.0
18.47,2.9793259792331477,1.3781348453569167,1.4999999999999827,0.0,0.0
18.48,2.9793259792331477,1.3781348453569167,1.4999999999999827,0.0,0.0
18.490000000000002,2.9793259792331477,1.3781348453569167,1.4999999999999827,0.0,0.0
18.5,2.9793259792331477,1.3781348453569167,1.4999999999999827,0.0,0.0
18.51,2.9793259792331477,1.3781348453569167,1.4999999999999827,0.0,0.0
18.52,2.9793259792331477,1.3781348453569167,1.4999999999999827,0.0,0.0
18.53,2.9793259792331477,1.3781348453569167,1.4999999999999827,0.0,0.0
18.54,2.9793259792331477,1.3781348453569167,1.4999999999999827,0.0,0.0
18.55,2.9793259792331477,1.3781348453569167,1.4999999999999827,0.0,0.0
18.56,2.9793259792331477,1.3781348453569167,1.4999999999999827,0.0,0.0
18.57,2.9793259792331477,1.3781348453569167,1.4999999999999827,0.0,0.0
18.580000000000002,2.9793259792331477,1.3781348453569167,1.4999999999999827,0.0,0.0
18.59,2.9793259792331477,1.3781348453569167,1.4999999999999827,0.0,0.0
18.6,2.9793259792331477,1.3781348453569167,1.4999999999999827,0.0,0.0
18.61,2.9793259792331477,1.3781348453569167,1.4999999999999827,0.0,0.0
18.62,2.9793259792331477,1.3781348453569167,1.4999999999999827,0.0,0.0
18.63,2.9793259792331477,1.3781348453569167,1.4999999999999827,0.0,0.0
18.64,2.9793259792331477,1.3781348453569167,1.4999999999999827,0.0,0.0
18.650000000000002,2.9793259792331477,1.3781348453569167,1.4999999999999827,0.0,0.0
18.66,2.9793259792331477,1.3781348453569167,1.4999999999999827,0.0,0.0
18.67,2.9793259792331477,1.3781348453569167,1.4999999999999827,0.0,0.0
18.68,2.9793259792331477,1.3781348453569167,1.4999999999999827,0.0,0.0
18.69,2.9793259792331477,1.3781348453569167,1.4999999999999827,0.0,0.0
18.7,2.9793259792331477,1.3781348453569167,1.4999999999999827,0.0,0.0
18.71,2.9793259792331477,1.3781348453569167,1.4999999999999827,0.0,0.0
18.72,2.9793259792331477,1.3781348453569167,1.4999999999999827,0.0,0.0
18.73,2.9793259792331477,1.3781348453569167,1.4999999999999827,0.0,0.0
18.740000000000002,2.9793259792331477,1.3781348453569167,1.4999999999999827,0.0,0.0
18.75,2.9793259792331477,1.3781348453569167,1.4999999999999827,0.0,0.0
18.76,2.9793259792331477,1.3781348453569167,1.4999999999999827,0.0,0.0
18.77,2.9793259792331477,1.3781348453569167,1.4999999999999827,0.0,0.0
18.78,2.9793259792331477,1.3781348453569167,1.4999999999999827,0.0,0.0
18.79,2.9793259792331477,1.3781348453569167,1.4999999999999827,0.0,0.0
18.8,2.9793259792331477,1.3781348453569167,1.4999999999999827,0.0,0.0
18.81,2.9793259792331477,1.3781348453569167,1.4999999999999827,0.0,0.0
18.82,2.9793259792331477,1.3781348453569167,1.4999999999999827,0.0,0.0
18.830000000000002,2.9793259792331477,1.3781348453569167,1.4999999999999827,0.0,0.0
18.84,2.9793259792331477,1.3781348453569167,1.4999999999999827,0.0,0.0
18.85,2.9793259792331477,1.3781348453569167,1.4999999999999827,0.0,0.0
18.86,2.9793259792331477,1.3781348453569167,1.4999999999999827,0.0,0.0
18.87,2.9793259792331477,1.3781348453569167,1.4999999999999827,0.0,0.0
18.88,2.9793259792331477,1.3781348453569167,1.4999999999999827,0.0,0.0
18.89,2.9793259792331477,1.3781348453569167,1.4999999999999827,0.0,0.0
18.900000000000002,2.9793259792331477,1.3781348453569167,1.4999999999999827,0.0,0.0
18.91,2.9793259792331477,1.3781348453569167,1.4999999999999827,0.0,0.0
18.92,2.9793259792331477,1.3781348453569167,1.4999999999999827,0.0,0.0
18.93,2.9793259792331477,1.3781348453569167,1.4999999999999827,0.0,0.0
18.94,2.9793259792331477,1.3781348453569167,1.4999999999999827,0.0,0.0
18.95,2.9793259792331477,1.3781348453569167,1.4999999999999827,0.0,0.0
18.96,2.9793259792331477,1.3781348453569167,1.4999999999999827,0.0,0.0
18.97,2.9793259792331477,1.3781348453569167,1.4999999999999827,0.0,0.0
18.98,2.9793259792331477,1.3781348453569167,1.4999999999999827,0.0,0.0
18.990000000000002,2.9793259792331477,1.3781348453569167,1.4999999999999827,0.0,0.0
19.0,2.9793259792331477,1.3781348453569167,1.4999999999999827,0.0,0.0
19.01,2.9793259792331477,1.3781348453569167,1.4999999999999827,0.0,0.0
19.02,2.9793259792331477,1.3781348453569167,1.4999999999999827,0.0,0.0
19.03,2.9793259792331477,1.3781348453569167,1.4999999999999827,0.0,0.0
19.04,2.9793259792331477,1.3781348453569167,1.4999999999999827,0.0,0.0
19.05,2.9793259792331477,1.3781348453569167,1.4999999999999827,0.0,0.0
19.06,2.9793259792331477,1.3781348453569167,1.4999999999999827,0.0,0.0
19.07,2.9793259792331477,1.3781348453569167,1.4999999999999827,0.0,0.0
19.080000000000002,2.9793259792331477,1.3781348453569167,1.4999999999999827,0.0,0.0
19.09,2.9793259792331477,1.3781348453569167,1.4999999999999827,0.0,0.0
19.1,2.9793259792331477,1.3781348453569167,1.4999999999999827,0.0,0.0
19.11,2.9793259792331477,1.3781348453569167,1.4999999999999827,0.0,0.0
19.12,2.9793259792331477,1.3781348453569167,1.4999999999999827,0.0,0.0
19.13,2.9793259792331477,1.3781348453569167,1.4999999999999827,0.0,0.0
19.14,2.9793259792331477,1.3781348453569167,1.4999999999999827,0.0,0.0
19.150000000000002,2.9793259792331477,1.3781348453569167,1.4999999999999827,0.0,0.0
19.16,2.9793259792331477,1.3781348453569167,1.4999999999999827,0.0,0.0
19.17,2.9793259792331477,1.3781348453569167,1.4999999999999827,0.0,0.0
19.18,2.9793259792331477,1.3781348453569167,1.4999999999999827,0.0,0.0
19.19,2.9793259792331477,1.3781348453569167,1.4999999999999827,0.0,0.0
19.2,2.9793259792331477,1.3781348453569167,1.4999999999999827,0.0,0.0
19.21,2.9793259792331477,1.3781348453569167,1.4999999999999827,0.0,0.0
19.22,2.9793259792331477,1.3781348453569167,1.4999999999999827,0.0,0.0
19.23,2.9793259792331477,1.3781348453569167,1.4999999999999827,0.0,0.0
19.240000000000002,2.9793259792331477,1.3781348453569167,1.4999999999999827,0.0,0.0
19.25,2.9793259792331477,1.3781348453569167,1.4999999999999827,0.0,0.0
19.26,2.9793259792331477,1.3781348453569167,1.4999999999999827,0.0,0.0
19.27,2.9793259792331477,1.3781348453569167,1.4999999999999827,0.0,0.0
19.28,2.9793259792331477,1.3781348453569167,1.4999999999999827,0.0,0.0
19.29,2.9793259792331477,1.3781348453569167,1.4999999999999827,0.0,0.0
19.3,2.9793259792331477,1.3781348453569167,1.4999999999999827,0.0,0.0
19.31,2.9793259792331477,1.3781348453569167,1.4999999999999827,0.0,0.0
19.32,2.9793259792331477,1.3781348453569167,1.4999999999999827,0.0,0.0
19.330000000000002,2.9793259792331477,1.3781348453569167,1.4999999999999827,0.0,0.0
19.34,2.9793259792331477,1.3781348453569167,1.4999999999999827,0.0,0.0
19.35,2.9793259792331477,1.3781348453569167,1.4999999999999827,0.0,0.0
19.36,2.9793259792331477,1.3781348453569167,1.4999999999999827,0.0,0.0
19.37,2.9793259792331477,1.3781348453569167,1.4999999999999827,0.0,0.0
19.38,2.9793259792331477,1.3781348453569167,1.4999999999999827,0.0,0.0
19.39,2.9793259792331477,1.3781348453569167,1.4999999999999827,0.0,0.0
19.400000000000002,2.9793259792331477,1.3781348453569167,1.4999999999999827,0.0,0.0
19.41,2.9793259792331477,1.3781348453569167,1.4999999999999827,0.0,0.0
19.42,2.9793259792331477,1.3781348453569167,1.4999999999999827,0.0,0.0
19.43,2.9793259792331477,1.3781348453569167,1.4999999999999827,0.0,0.0
19.44,2.9793259792331477,1.3781348453569167,1.4999999999999827,0.0,0.0
19.45,2.9793259792331477,1.3781348453569167,1.4999999999999827,0.0,0.0
19.46,2.9793259792331477,1.3781348453569167,1.4999999999999827,0.0,0.0
19.47,2.9793259792331477,1.3781348453569167,1.4999999999999827,0.0,0.0
19.48,2.9793259792331477,1.3781348453569167,1.4999999999999827,0.0,0.0
19.490000000000002,2.9793259792331477,1.3781348453569167,1.4999999999999827,0.0,0.0
19.5,2.9793259792331477,1.3781348453569167,1.4999999999999827,0.0,0.0
19.51,2.9793259792331477,1.3781348453569167,1.4999999999999827,0.0,0.0
19.52,2.9793259792331477,1.3781348453569167,1.4999999999999827,0.0,0.0
19.53,2.9793259792331477,1.3781348453569167,1.4999999999999827,0.0,0.0
19.54,2.9793259792331477,1.3781348453569167,1.4999999999999827,0.0,0.0
19.55,2.9793259792331477,1.3781348453569167,1.4999999999999827,0.0,0.0
19.56,2.9793259792331477,1.3781348453569167,1.4999999999999827,0.0,0.0
19.57,2.9793259792331477,1.3781348453569167,1.4999999999999827,0.0,0.0
19.580000000000002,2.9793259792331477,1.3781348453569167,1.4999999999999827,0.0,0.0
19.59,2.9793259792331477,1.3781348453569167,1.4999999999999827,0.0,0.0
19.6,2.9793259792331477,1.3781348453569167,1.4999999999999827,0.0,0.0
19.61,2.9793259792331477,1.3781348453569167,1.4999999999999827,0.0,0.0
19.62,2.9793259792331477,1.3781348453569167,1.4999999999999827,0.0,0.0
19.63,2.9793259792331477,1.3781348453569167,1.4999999999999827,0.0,0.0
19.64,2.9793259792331477,1.3781348453569167,1.4999999999999827,0.0,0.0
19.650000000000002,2.9793259792331477,1.3781348453569167,1.4999999999999827,0.0,0.0
19.66,2.9793259792331477,1.3781348453569167,1.4999999999999827,0.0,0.0
19.67,2.9793259792331477,1.3781348453569167,1.4999999999999827,0.0,0.0
19.68,2.9793259792331477,1.3781348453569167,1.4999999999999827,0.0,0.0
19.69,2.9793259792331477,1.3781348453569167,1.4999999999999827,0.0,0.0
19.7,2.9793259792331477,1.3781348453569167,1.4999999999999827,0.0,0.0
19.71,2.9793259792331477,1.3781348453569167,1.4999999999999827,0.0,0.0
19.72,2.9793259792331477,1.3781348453569167,1.4999999999999827,0.0,0.0
19.73,2.9793259792331477,1.3781348453569167,1.4999999999999827,0.0,0.0
19.740000000000002,2.9793259792331477,1.3781348453569167,1.4999999999999827,0.0,0.0
19.75,2.9793259792331477,1.3781348453569167,1.4999999999999827,0.0,0.0
19.76,2.9793259792331477,1.3781348453569167,1.4999999999999827,0.0,0.0
19.77,2.9793259792331477,1.3781348453569167,1.4999999999999827,0.0,0.0
19.78,2.9793259792331477,1.3781348453569167,1.4999999999999827,0.0,0.0
19.79,2.9793259792331477,1.3781348453569167,1.4999999999999827,0.0,0.0
19.8,2.9793259792331477,1.3781348453569167,1.4999999999999827,0.0,0.0
19.81,2.9793259792331477,1.3781348453569167,1.4999999999999827,0.0,0.0
19.82,2.9793259792331477,1.3781348453569167,1.4999999999999827,0.0,0.0
19.830000000000002,2.9793259792331477,1.3781348453569167,1.4999999999999827,0.0,0.0
19.84,2.9793259792331477,1.3781348453569167,1.4999999999999827,0.0,0.0
19.85,2.9793259792331477,1.3781348453569167,1.4999999999999827,0.0,0.0
19.86,2.9793259792331477,1.3781348453569167,1.4999999999999827,0.0,0.0
19.87,2.9793259792331477,1.3781348453569167,1.4999999999999827,0.0,0.0
19.88,2.9793259792331477,1.3781348453569167,1.4999999999999827,0.0,0.0
19.89,2.9793259792331477,1.3781348453569167,1.4999999999999827,0.0,0.0
19.900000000000002,2.9793259792331477,1.3781348453569167,1.4999999999999827,0.0,0.0
19.91,2.9793259792331477,1.3781348453569167,1.4999999999999827,0.0,0.0
19.92,2.9793259792331477,1.3781348453569167,1.4999999999999827,0.0,0.0
19.93,2.9793259792331477,1.3781348453569167,1.4999999999999827,0.0,0.0
19.94,2.9793259792331477,1.3781348453569167,1.4999999999999827,0.0,0.0
19.95,2.9793259792331477,1.3781348453569167,1.4999999999999827,0.0,0.0
19.96,2.9793259792331477,1.3781348453569167,1.4999999999999827,0.0,0.0
19.97,2.9793259792331477,1.3781348453569167,1.4999999999999827,0.0,0.0
19.98,2.9793259792331477,1.3781348453569167,1.4999999999999827,0.0,0.0
19.990000000000002,2.9793259792331477,1.3781348453569167,1.4999999999999827,0.0,0.0
