t,X,Y,yaw,vx,vyaw,P_yaw
0.0,0.0,0.0,0.0,-2.230311403499673e-05,-1.8043552111811723e-05,1e-06
0.0,0.0,0.0,0.0,-2.230311403499673e-05,0.00010556663429724233,1e-06
0.01,-4.1068015882039933e-07,0.0,1.1261697082734787e-06,-0.004969953735902181,0.001546323862500226,6.00009826144923e-06
0.02,-4.456764876959664e-05,-4.7132042965670324e-11,5.7647617912733505e-06,0.0031254996744763857,-0.0008483623796606496,1.1014434354492849e-05
0.02,-4.4567648769582824e-05,-5.940341719155039e-11,5.646871820327696e-05,0.0031254996744763857,0.010368638228332316,1.1010229661842539e-05
0.03,-1.2889510390971342e-05,1.570109428199672e-09,0.000143809464090034,0.003703578794612864,0.004849112630855471,1.601949565067006e-05
0.04,1.4389526173885062e-05,5.6934472239764235e-09,0.0002054122005758703,-0.009566647484998985,0.006896587839796277,2.1045558667187963e-05
0.04,1.438952616490467e-05,5.764811628670353e-09,0.00021210190333460468,-0.009566647484998985,0.007941234558886838,2.1036508647763052e-05
0.05,-7.510941246716675e-05,-1.4320011932728467e-08,0.000323774391923496,-0.0011806869801507438,0.017496891469503402,2.6047689255037813e-05
0.06,-8.603499230480013e-05,-1.7347444201296304e-08,0.000453208937653129,1.7572398879851445e-05,0.010613082178985794,3.1075085915889335e-05
0.06,-8.603499210306022e-05,-1.8156363654117488e-08,0.0005244482306901385,1.7572398879851445e-05,0.021382918643189315,3.106542284056732e-05
0.07,-8.894297099850739e-05,-1.9508275886948217e-08,0.0007092736296761882,-0.004175228016513312,0.012901664110357444,3.60768067678909e-05
0.08,-0.00012531241289646966,-4.567748810766035e-08,0.0008637611372688376,0.003143610155961731,0.016739723599307824,4.1104339734878804e-05
0.08,-0.00012531241286709076,-4.5721696343926366e-08,0.000867515904389978,0.003143610155961731,0.01730550802538036,4.109461311984646e-05
0.09,-9.651933404042736e-05,-2.063025970571407e-08,0.0010510069418819983,-0.0004499975773362163,0.02035319777148003,4.6106017826602115e-05
0.1,-0.00010153995285074039,-2.6014837008252846e-08,0.001119888190244599,-0.001157901023919015,7.020147111724828e-05,5.11335646724766e-05
0.1,-0.00010153995286514896,-2.599892753331539e-08,0.001138542980724125,-0.001157901023919015,0.00288024972039607,5.1123831578332824e-05
0.11,-0.00010682669530372601,-3.2120620798099065e-08,0.0011811330928492487,0.007397463559501919,0.0069062140583389595,5.6135238401022024e-05
0.12,-3.636000502175283e-05,5.1323955421500164e-08,0.0012615623582388888,0.0026279041177512813,0.008618433067889003,6.116278665962742e-05
0.12,-3.63600044380918e-05,5.08304198489671e-08,0.0012338035043324095,0.0026279041177512813,0.004437143766318124,6.115305290587758e-05
0.13,-9.477147997361857e-06,8.361682623535764e-08,0.0012565895113029947,0.003448917126531279,-0.001865686697375482,6.616445994394915e-05
0.14,2.7077966748474353e-05,1.3024349705691645e-07,0.0012903037536398335,0.00625794631240711,0.00602289561199959,7.119200834635191e-05
0.14,2.7077966417212876e-05,1.305102298304716e-07,0.0013103846600643542,0.00625794631240711,0.00904765268249087,7.118227452546186e-05
0.15,8.386355043144862e-05,2.0522735458213727e-07,0.0014102453139300554,-0.0016197151453464951,0.0117877638825221,7.619368158545653e-05
0.16,6.950927213949334e-05,1.8482231452505414e-07,0.001486648438659839,0.0008859533022668284,0.005540521698087265,8.122123000249593e-05
0.16,6.950927228047576e-05,1.8470178129790737e-07,0.001453071574374079,0.0008859533022668284,0.0004828903415303957,8.121149617477192e-05
0.17,7.427692275655231e-05,1.9166541444490946e-07,0.0014623082304214775,-0.004677624781736309,0.0017699286147763147,8.622290323699806e-05
0.18,3.384827151080945e-05,1.327163909549324e-07,0.00146353679852197,0.003952914719026835,-0.0007110301899351426,9.125045165552725e-05
0.18,3.384827286599136e-05,1.317964485618025e-07,0.001549789131980262,0.003952914719026835,0.012281025499811601,9.124071782710762e-05
0.19,7.158760024858414e-05,1.902843017680591e-07,0.0016716419813063166,0.0015194229543147929,0.012001468585381727,9.62521248895609e-05
0.2,8.537459209963888e-05,2.132335809892289e-07,0.0017755153704310349,-0.00039392136474773786,0.009570130013563443,0.00010127967330824177
0.2,8.537459214012179e-05,2.1320876496742267e-07,0.0017718734710291993,-0.00039392136474773786,0.009021556337050736,0.00010126993947975134
0.21,7.853945047989415e-05,2.0110946490998107e-07,0.0018534534689062913,-0.004331424708101215,0.006500021202425021,0.00010628134654222772
0.22,4.110356377339523e-05,1.3234009053904077e-07,0.0018578203394390307,0.003661083841176806,-0.002633085283759667,0.00011130889496092401
0.22,4.110356492580492e-05,1.3172208939008096e-07,0.0019152709877795992,0.003661083841176806,0.006020617053727735,0.00011129916113242638
0.23,7.472335737112188e-05,1.96093642434613e-07,0.0019722339268774475,-0.0004056496040208959,0.005073612247931142,0.00011631056819490512
0.24,6.715290625078222e-05,1.8109857721859718e-07,0.001973381978175301,-0.0051834676702933805,-0.002395762247800792,0.00012133811661360297
0.24,6.715290602263112e-05,1.8121784011204907e-07,0.002048074316550167,-0.0051834676702933805,0.00885502920247076,0.0001213283827851046
0.25,1.494384927853796e-05,7.478634028736994e-08,0.0021119487322552874,-0.005692646193643542,0.0016498161617223015,0.0001263397898475836
0.26,-3.5720492041915184e-05,-3.220508952406124e-08,0.0021264619456754824,0.0028215795651940377,0.0013508264836620955,0.00013136733826628165
0.26,-3.5720487962218914e-05,-3.415110504847436e-08,0.002225567580515754,0.0028215795651940377,0.016278955035941893,0.00013135760443778321
0.27,-1.425121347843258e-05,1.3479928632462507e-08,0.0023284526587401904,-0.006351349988489537,-0.001212804050354517,0.00013636901150026226
0.28,-7.208290362844385e-05,-1.2112288328276958e-07,0.0023098672009466727,0.0013737886336472292,-0.0021854748331586473,0.0001413965599189603
0.28,-7.208290180364962e-05,-1.2191028730286562e-07,0.0023612331632032013,0.0013737886336472292,0.005551700646445095,0.00014138682609046184
0.29,-5.9387939427387754e-05,-9.191965450177486e-08,0.002397969355578382,-4.418926994496138e-05,6.78116514173828e-05,0.00014639823315294086
0.3,-5.237447055416089e-05,-7.511178217063519e-08,0.0023624896086247528,0.010092624127676291,-0.00537859142034399,0.00015142578157163893
0.3,-5.237447052124027e-05,-7.51272539168666e-08,0.002418808487729484,0.010092624127676291,0.0031046342665746957,0.00015141604774314047
0.31,3.970036098699536e-05,1.4744767862616308e-07,0.002446090782183328,-0.0019419524553204344,0.002005553978153895,0.00015642745480561951
0.32,2.1928203322804703e-05,1.0421805526126334e-07,0.0025126475534914612,0.00029784133799123534,0.009009962589095451,0.0001614550032243176
0.32,2.192820270557108e-05,1.044757937278151e-07,0.002561360976071478,0.00029784133799123534,0.01634759011822366,0.00016144526939581913
0.33,2.2096841738004103e-05,1.0491111385382932e-07,0.0027190188596236155,-0.0035225066540024792,0.014648762649780366,0.00016645667645829817
0.34,-9.144307354203445e-06,2.034337708008242e-08,0.0028135732099677535,0.0018941264914695637,0.006826133554955113,0.00017148422487699624
0.34,-9.144306522654287e-06,2.0040591819278896e-08,0.0028507504052224944,0.0018941264914695637,0.01242607699783007,0.00017147449104849778
0.35,1.2514951709231445e-05,8.169134146052814e-08,0.0029592465614600005,0.005589803187888664,0.007822901044270327,0.0001764858981109768
0.36,6.334245724052476e-05,2.3166465989665853e-07,0.003006266797045759,-0.0013041076267942377,0.0031219715383516517,0.00018151344652967487
0.36,6.334245716477422e-05,2.316902761461534e-07,0.003007934649885726,-0.0013041076267942377,0.003373197633027579,0.0001815037127011764
0.37,5.1531476144373256e-05,1.9618351471717445e-07,0.0030684730244042156,0.00036833590130693405,0.011200510726162599,0.00018651511976365545
0.38,5.104927993614318e-05,1.9468652329235143e-07,0.003150052580156085,-0.005295422326595203,0.006617556942117076,0.00019154266818235353
0.38,5.104927994702592e-05,1.946828820646868e-07,0.003146955146181796,-0.005295422326595203,0.0061509952514030375,0.00019153293435385506
0.39,3.7574228698007617e-06,4.60396063582966e-08,0.00319807165577583,0.002403174973580234,0.0031161700846931858,0.0001965443414163341
0.4,2.972810608861595e-05,1.290895881091851e-07,0.0032305558013986323,0.005039653391687819,0.0033153678966974655,0.00020157188983503218
0.4,2.9728106020059753e-05,1.2910923599812573e-07,0.0032533950617636433,0.005039653391687819,0.006755610374506407,0.00020156215600653372
0.41,7.926136083875614e-05,2.901972613804263e-07,0.00331766088807601,0.003866240110435859,0.005794868411032909,0.00020657356306901274
0.42,0.00011796717636683134,4.201127400499827e-07,0.0034752387570371798,0.0039255654992238235,0.020801858491956114,0.0002116011114877108
0.42,0.00011796717954989657,4.1914724105149144e-07,0.003411214344637095,0.0039255654992238235,0.011157960238010857,0.00021159137765921235
0.43,0.00015338981320505072,5.394776253962692e-07,0.00349834397741265,-0.0012857773492211746,0.004018710650327767,0.0002166027847216914
0.44,0.00013869583854060386,4.879204892005458e-07,0.0034655914256279917,-0.003782516718091415,-0.00696807730815815,0.00022163033314038946
0.44,0.00013869583845853504,4.879460861059036e-07,0.0034769650231905322,-0.003782516718091415,-0.005254889891629576,0.000221620599311891
0.45,0.00010179285330518563,3.5985459694507635e-07,0.003409024510818331,-0.0025289613559214144,-0.009749151921239046,0.00022663200637437005
0.46,8.153292457783578e-05,2.907007100695223e-07,0.003322532040498795,0.0043095590813945345,-0.008092382191748838,0.00023165955479306812
0.46,8.153292490430075e-05,2.906057969896785e-07,0.0033319550504409844,0.0043095590813945345,-0.006673008772739191,0.00023164982096456966
0.47,0.00012322875491178463,4.2965208400535857e-07,0.003274710570805266,0.0024066700625146936,-0.0039032661205933867,0.00023666122802704868
0.48,0.0001473278333499829,5.084097560412157e-07,0.0032188103660459435,0.002450867982506909,-0.006443998127727869,0.00024168877644574675
0.48,0.0001473278324534904,5.086827973842266e-07,0.003247549130622373,0.002450867982506909,-0.002115122451567775,0.0002416790426172483
0.49,0.00016788588175864277,5.75201268110602e-07,0.0032089677964123155,-0.002920515416604497,-0.007204613582292688,0.0002466904496797273
0.5,0.00014295443978478805,4.950670704997484e-07,0.003172435752545427,0.0028901216923224726,-0.0018551808180361038,0.00025171799809842535
0.5,0.0001429544397941113,4.950641264515831e-07,0.0031731738543951224,0.0028901216923224726,-0.0017440016775696324,0.0002517082642699269
0.51,0.00016859834394483908,5.761464623375543e-07,0.0031273745537685003,-0.0015385546207323138,-0.010024748394817169,0.0002567196713324059
0.52,0.00015362509798971818,5.291349263318776e-07,0.0031608760915704456,-0.0009780651717496707,0.010121659966770974,0.0002617472197511039
0.52,0.00015362509777903894,5.292041849151515e-07,0.0031110203096449446,-0.0009780651717496707,0.002611960615593826,0.0002617374859226055
0.53,0.00014997648966751188,5.176438913643872e-07,0.0031859709007854126,0.007359428283337011,0.01687032555654812,0.00026674889298508445
0.54,0.00021830489332864468,7.353873627629112e-07,0.003356027964431513,0.00020007417782145782,0.017074247574657007,0.0002717764414037825
0.54,0.00021830489514349817,7.348186869038698e-07,0.003323785170914282,0.00020007417782145782,0.012217565436599154,0.00027176670757528406
0.55,0.0002200485268147542,7.406967355440285e-07,0.0034561775248155018,-0.0001494956982770967,0.015200782558095191,0.000276778114637763
0.56,0.00021700305740091636,7.301201568605639e-07,0.003567409095249672,-0.0022576964266690755,0.009058718288061311,0.00028180566305646107
0.56,0.00021700305752156876,7.30081800949599e-07,0.0035436962419420673,-0.0022576964266690755,0.005486887855940655,0.00028179592922796264
0.5700000000000001,0.0001952944004697706,6.536240356742065e-07,0.0035414995953793197,-0.001077273489385675,-0.011175915136803546,0.0002868073362904416
0.58,0.00018209905839753636,6.067251959062947e-07,0.003464173201439717,-0.004371318343045475,-0.005989362120627299,0.0002918348847091396
0.58,0.000182099059663186,6.063692665797132e-07,0.003537086477564471,-0.004371318343045475,0.004993451933407079,0.00029182515088064116
0.59,0.00014111266381394905,4.621102943628206e-07,0.003550233061713472,-0.0006641488668556587,-0.005748412181336401,0.0002968365579431201
0.6,0.00012818991973718202,4.160904224791516e-07,0.00351480445932012,-0.009204656523642852,-0.0024262233903584746,0.00030186410636181817
0.6,0.00012818991956415438,4.161392746395751e-07,0.003507447791900968,-0.009204656523642852,-0.003534346829822049,0.00030185437253331973
0.61,4.5436101473661915e-05,1.2450785781302182e-07,0.003507714904515022,0.0034296576616646545,0.006863736652775192,0.0003068657795957987
0.62,7.832041715689392e-05,2.398690695087759e-07,0.003566947606863715,0.001509732574249558,0.005447126627702246,0.00031189332801449674
0.62,7.832041707980278e-05,2.3989094800610055e-07,0.003550062784453424,0.001509732574249558,0.00290379193306686,0.0003118835941859983
0.63,9.446223985011592e-05,2.971622462224688e-07,0.0035735786485187136,0.0029300356207915463,0.0012913837618444659,0.00031689500124847727
0.64,0.00012262073449320716,3.9737614538955587e-07,0.003539734574924671,0.0013777301298516203,-0.005751688113339683,0.0003219225496671753
0.64,0.00012262073168921905,3.9816151756964587e-07,0.0036281828949478647,0.0013777301298516203,0.007571145584934744,0.0003219128158386769
0.65,0.0001367895053576192,4.4937511934520224e-07,0.003682654137918445,0.0019101268302800364,0.0013691263804283737,0.00032692422290115584
0.66,0.000155907459066985,5.201673619524061e-07,0.0037502773648345595,0.0019329915660811741,0.00949281460166277,0.0003319517713198539
0.66,0.0001559074588881179,5.202162610850348e-07,0.00375708882298577,0.0019329915660811741,0.01051881401202502,0.00033194203749135545
0.67,0.0001728482785810556,5.838653410812383e-07,0.003861121590487057,-0.0013152134098255717,0.010181451895549575,0.0003369534445538344
0.68,0.0001635860461865151,5.480964963912863e-07,0.003927782126885403,0.0039736516373113685,0.004886261853295096,0.00034198099297253246
0.68,0.00016358604611375449,5.4811303734698e-07,0.003902602993488854,0.0039736516373113685,0.0010935679183405205,0.000341971259144034
0.6900000000000001,0.00019976638787472438,6.89308998593694e-07,0.003912628186327468,-0.0008611760137704223,0.0008277111763168992,0.000346982666206513
0.7000000000000001,0.00018826266908744866,6.443704541699154e-07,0.003959542767868439,-0.0047933871469460175,0.006647613512921727,0.00035201021462521104
0.7000000000000001,0.00018826266906351156,6.443766368718173e-07,0.003963014541403306,-0.0047933871469460175,0.007170561392892428,0.0003520004807967126
0.71,0.00013814588584792138,4.4595120040854824e-07,0.004024865707711297,-0.007761947537520685,0.004293119733354407,0.0003570118878591915
0.72,5.960910461256851e-05,1.311911700670422e-07,0.0040132005359178,-0.009010032811054107,-0.003930646938736551,0.00036203943627788956
0.72,5.960911916347982e-05,1.2756586203072431e-07,0.004161179946863212,-0.009010032811054107,0.01835926294623752,0.0003620297024493911
0.73,-2.381074245740506e-05,-2.1842940895320562e-07,0.00431861152315939,7.218070072557287e-05,0.010720386863735193,0.0003670411095118701
0.74,-2.271026211491097e-05,-2.133845617411028e-07,0.004399980104924478,0.0005870647583241655,0.006828857545189332,0.00037206865793056813
0.74,-2.271026236191018e-05,-2.1332470694989798e-07,0.004394766462241211,0.0005870647583241655,0.006043534608437357,0.0003720589241020697
0.75,-1.8523836223977255e-05,-1.9483500423110029e-07,0.004418964517145039,-0.0017028548930447872,-0.0045375446445728015,0.00037707033116454866
0.76,-3.537937534030173e-05,-2.694493324899267e-07,0.004399927405143148,-0.0014678442253465932,-0.0005702420480649794,0.0003820978795832467
0.76,-3.537937522243106e-05,-2.694764140769365e-07,0.004405437343456884,-0.0014678442253465932,0.00025971144141236123,0.00038208814575474827
0.77,-4.8595174533625574e-05,-3.27682362246668e-07,0.004406159742163126,0.0005206843092551011,-0.0002876946928690304,0.00038709955281722723
0.78,-4.7038935927648e-05,-3.207456217428401e-07,0.004283661304447314,-0.004442889823851987,-0.018306094907577047,0.0003921271012359253
0.78,-4.7038935569484086e-05,-3.2082769060055433e-07,0.004406877851966379,-0.004442889823851987,0.0002538231444737249,0.00039211736740742684
0.79,-9.105902539002556e-05,-5.146422676366669e-07,0.004399531220490418,-0.003887627898982386,-0.002632499606527033,0.0003971287744699058
0.8,-0.00012541195317880173,-6.658255251310233e-07,0.004376498626708702,0.0022621571340248016,-0.0021365701408219643,0.00040215632288860385
0.8,-0.00012541195013188934,-6.665177402245617e-07,0.004424212985311703,0.0022621571340248016,0.005050569926065902,0.0004021465890601054
0.81,-0.00010493194768591302,-5.758638693764329e-07,0.004487642135365324,-0.0006493839873095821,0.008824142745882953,0.0004071579961225844
0.8200000000000001,-0.00011424521977398688,-6.176026979038683e-07,0.0045235058029970765,-0.004482991364901645,0.0009345617625322357,0.0004121855445412824
0.8200000000000001,-0.00011424521969629623,-6.176199217834047e-07,0.004544239540596283,-0.004482991364901645,0.004057652601402326,0.000412175810712784
0.8300000000000001,-0.000156484027984303,-8.09676315972121e-07,0.004590358386031974,-0.0009605526051064397,0.005675977788954804,0.00041718721777526295
0.84,-0.00016580466248704767,-8.530599998262876e-07,0.004731273956471362,-0.000573333079270023,0.018352234710443095,0.00042221476619396094
0.84,-0.00016580466468029138,-8.525790033690087e-07,0.004663508755563582,-0.000573333079270023,0.00814486726708449,0.0004222050323654625
0.85,-0.00016842461397613005,-8.648054949492851e-07,0.004743377054424211,0.0036597805705467635,0.007683407263025017,0.0004272164394279415
0.86,-0.00013554981644863773,-7.088425375665924e-07,0.004820524927825878,-0.0014017562495149817,0.007730674588067342,0.0004322439878466395
0.86,-0.0001355498137163564,-7.09415855204142e-07,0.004749129383456327,-0.0014017562495149817,-0.0030235258781922585,0.0004322342540181411
0.87,-0.00014958721111090414,-7.760689118211328e-07,0.004713517213835823,-0.0014289402022418874,-0.004593552717006732,0.00043724566108062005
0.88,-0.00016321733380363171,-8.401498364246914e-07,0.004629084588046344,-0.000532746706327296,-0.010392311163046036,0.0004422732094993181
0.88,-0.0001632173328660563,-8.40348666128546e-07,0.004675816485173722,-0.000532746706327296,-0.003353157749282345,0.00044226347567081966
0.89,-0.00016621185686720134,-8.543553005207092e-07,0.0046451867107586645,0.0026392272249251276,-0.0025058480486346672,0.0004472748827332986
0.9,-0.00013977596962966483,-7.31641933369038e-07,0.00460497445242017,0.002698916198833258,-0.004788438177783709,0.00045230243115199667
0.9,-0.00013977597100683909,-7.313449398231342e-07,0.004656558923695378,0.002698916198833258,0.002981650977474196,0.00045229269732349823
0.91,-0.00011349341225629564,-6.08834943250633e-07,0.00469574243641384,0.0017385614985118765,0.005716761613003477,0.0004573041043859772
0.92,-9.792626367240002e-05,-5.356353767995696e-07,0.004765106904180396,-0.0007337076343442506,0.007553954517891825,0.00046233165280467524
0.92,-9.792626311048564e-05,-5.35755508405967e-07,0.004749642470369377,-0.0007337076343442506,0.005224570761952237,0.0004623219189761768
0.93,-0.0001031699981885296,-5.606678968065889e-07,0.004812271045667436,0.0021124524571258206,0.008256308019374305,0.00046733332603865577
0.94,-8.692089443838673e-05,-4.821241502524918e-07,0.004954808507692248,-0.004516223155170889,0.017290156430317845,0.00047236087445735376
0.94,-8.692089221961957e-05,-4.825862686627748e-07,0.004869748045321191,-0.004516223155170889,0.0044776304923379185,0.0004723511406288553
0.95,-0.00013041430534658954,-6.949087537044e-07,0.004946807633559004,-0.002247895624062688,0.01390416233754339,0.0004773625476913343
0.96,-0.00015232554277880793,-8.039499183689679e-07,0.005151957581310593,-0.0014763577187700888,0.02386195703058143,0.00048239009611003233
0.96,-0.00015232554776444923,-8.029363401819042e-07,0.0050483017453497835,-0.0014763577187700888,0.008248438718426523,0.0004823803622815339
0.97,-0.00016995536902009804,-8.918852230937531e-07,0.005127568798813295,-0.005373791412637535,0.007308995896581289,0.00048739176934401286
0.98,-0.0002230422617111535,-1.1623072111792776e-06,0.005090154749080971,-0.0044895575480979255,-0.009336052087279558,0.0004924193177627109
0.98,-0.0002230422546682942,-1.163686151507289e-06,0.00517523940903025,-0.0044895575480979255,0.0034801186944968376,0.0004924095839342125
0.99,-0.0002634883576079533,-1.3739129687338197e-06,0.005246560013658873,0.0015594868466782714,0.014143577253230578,0.0004974209909966915
1.0,-0.00024922358233522146,-1.2990605286133505e-06,0.005386246114290848,-0.0002487258379756088,0.013880026879989734,0.0005024485394153896
1.0,-0.00024922358238128325,-1.299051313921416e-06,0.00538213431116771,-0.0002487258379756088,0.013260672332664787,0.0005024388055868912
1.01,-0.0002524341424684947,-1.316214106258823e-06,0.005456400015238101,-0.001232235458379455,-0.0037745675636119327,0.0005074502126493702
1.02,-0.0002662152107575384,-1.39137370660972e-06,0.005410990351341359,-0.003215874496789626,-0.004928982266288351,0.0005124777610680683
1.02,-0.00026621520968641725,-1.3915712407024857e-06,0.005465486575469861,-0.003215874496789626,0.0032796997195033237,0.0005124680272395698
1.03,-0.0002929217785466646,-1.5375147088342494e-06,0.005496328101690705,0.004196710364028324,0.002708713514939571,0.0005174794343020489
1.04,-0.00025644168679632255,-1.3368340053328673e-06,0.0055460878077264655,-0.0032630311319156325,0.006123847814292802,0.000522506982720747
1.04,-0.0002564416874391039,-1.3367174440768935e-06,0.0055625893316319204,-0.0032630311319156325,0.008609446847748975,0.0005224972488922485
1.05,-0.00028838029023710223,-1.5142667258338084e-06,0.0056372024202420296,-0.0023232110178299675,0.005256950390290668,0.0005275086559547276
1.06,-0.00030905008814828625,-1.6315757617352503e-06,0.005780525556739596,0.0011602199111534518,0.018927029757042788,0.0005325362043734256
1.06,-0.0003090500925954297,-1.6307842510641698e-06,0.005687721519341309,0.0011602199111534518,0.004948101084778745,0.0005325264705449272
1.07,-0.0003012266113115007,-1.5862900321130518e-06,0.00572209267736381,-0.003977394295109464,0.0005361115282440116,0.0005375378776074063
1.08,-0.0003381843547520129,-1.7970681142422189e-06,0.005655536474774887,-0.00014912669997206064,-0.010296682873897896,0.0005425654260261043
1.08,-0.00033818434844221865,-1.7981717776025422e-06,0.005767770492545747,-0.00014912669997206064,0.006608953701881578,0.0005425556921976059
1.09,-0.0003428360734135878,-1.8251090353899314e-06,0.005859826547696027,-0.004446393358902428,0.014191026680372804,0.000547567099260085
1.1,-0.0003824777899026191,-2.057047110055836e-06,0.005970553276593625,0.0021092786146453,0.009493898577337418,0.000552594647678783
1.1,-0.0003824777900943593,-2.0570143190508685e-06,0.005967929057246383,0.0021092786146453,0.00909861647427516,0.0005525849138502846
1.11,-0.000361250489594445,-1.9303404992243532e-06,0.006056102534917444,0.002292686821010205,0.008277328131523497,0.0005575963209127636
1.12,-0.00033921226296488303,-1.7965446511320155e-06,0.006186855358706369,0.00108498515461086,0.015504412434861711,0.0005626238693314617
1.12,-0.00033921226239940806,-1.7966378480967387e-06,0.00617299442794108,0.00108498515461086,0.013416561863581134,0.0005626141355029633
1.13,-0.0003317907784433989,-1.7506828594205362e-06,0.006323222304912948,-0.0035762490642202533,0.018106648315942768,0.0005676255425654422
1.14,-0.0003638940490177462,-1.9535796762538746e-06,0.006484958480439887,0.0013981886271697396,0.015194953963165985,0.0005726530909841403
1.14,-0.00036389404989373885,-1.9534421533697105e-06,0.006466207848521671,0.0013981886271697396,0.01237057526701385,0.0005726433571556418
1.15,-0.00035256778502391363,-1.8801887535970345e-06,0.006584788487415481,-0.0022122418574906963,0.010874071712764988,0.0005776547642181209
1.16,-0.0003725384623660793,-2.011564428602445e-06,0.00666374436299314,0.0007128154934304197,0.006387627079379909,0.0005826823126368189
1.16,-0.0003725384616057928,-2.0116798590531043e-06,0.00668698462281843,0.0007128154934304197,0.009888271485919491,0.0005826725788083205
1.17,-0.0003656203290621475,-1.9654214581629433e-06,0.006779685101389794,0.00042746590383692634,0.008083094277820353,0.0005876839858707996
1.18,-0.00035772829064363863,-1.91204035993645e-06,0.006783906929578331,0.0053461315300608655,-0.0034564182101785544,0.0005927115342894976
1.18,-0.0003577282910591883,-1.9119792768128965e-06,0.006830519522237785,0.0053461315300608655,0.0035647645560341022,0.0005927018004609992
1.19,-0.00030678318638623943,-1.5636881214723223e-06,0.006879632180686752,0.0019265495112297942,0.007496470372771215,0.0005977132075234783
1.2,-0.00028984597437823316,-1.4466026116813674e-06,0.007007353676101706,-0.0012385827644951653,0.015443144339210756,0.0006027407559421763
1.2,-0.00028984597148557504,-1.4470246950359262e-06,0.006967115096714767,-0.0012385827644951653,0.009382069337600557,0.0006027310221136779
1.21,-0.0003009019743134735,-1.5240556292790832e-06,0.007051608888249578,0.0005691671817435228,0.006658667991870236,0.0006077424291761569
1.22,-0.00029686829870274195,-1.4956742448518965e-06,0.007059978718098992,-0.001685014648386649,-0.002110446127053825,0.000612769977594855
1.22,-0.0002968682994866114,-1.4955617500047138e-06,0.00714933448411048,-0.001685014648386649,0.011349074757467183,0.0006127602437663566
1.23,-0.0003094927518107465,-1.5856673487625031e-06,0.0072334953478644425,0.004060071967433762,0.0027849184676860417,0.0006177716508288356
1.24,-0.0002699374917752102,-1.2999106125560022e-06,0.007218295110684108,0.002640001635027013,-0.003699549389474732,0.0006227991992475337
1.24,-0.00026993749330706733,-1.2996992111170822e-06,0.007242399407784033,0.002640001635027013,-6.875638411424226e-05,0.0006227894654190352
1.25,-0.0002441629268548395,-1.1130616047882866e-06,0.007239145726020075,0.0017905187467673895,-0.0008180479627426968,0.0006278008724815143
1.26,-0.00021958658473004574,-9.348702957338482e-07,0.007264773889713482,0.010861925244144715,0.0042744957103269645,0.0006328284209002124
1.26,-0.00021958658368267922,-9.350149375508709e-07,0.007247020735201718,0.010861925244144715,0.001600365493744199,0.0006328186870717139
1.27,-0.00012209712405165493,-2.2804985413475615e-07,0.007272440222647766,-0.004267367042214117,0.004349734079553953,0.000637830094134193
1.28,-0.00016231424233858127,-5.204990774119461e-07,0.007352861132780302,-0.0009287275180085925,0.009911474242561077,0.000642857642552891
1.28,-0.000162314242246548,-5.205122908788331e-07,0.007339633885276663,-0.0009287275180085925,0.007919074401267436,0.0006428479087243926
1.29,-0.00017065965333567281,-5.818556468017219e-07,0.0074446916017389154,0.0003515845468712198,0.015472080616901748,0.0006478593157868717
1.3,-0.0001680127977728561,-5.621443017553457e-07,0.007588567897486883,-0.0008298498693335775,0.013838588778492984,0.0006528868642055697
1.3,-0.00016801279776199732,-5.621455954748323e-07,0.007564284021096445,-0.0008298498693335775,0.010180746022243716,0.0006528771303770713
1.31,-0.0001736739370163256,-6.051617586059206e-07,0.007717738660683316,0.0027558503623653407,0.025261423419644526,0.0006578885374395504
1.32,-0.00014745083924152592,-4.0335373384351724e-07,0.007874437677394493,0.0009412030210099367,0.010813862500963731,0.0006629160858582484
1.32,-0.00014745083630284152,-4.0373343721718195e-07,0.00781310514830283,0.0009412030210099367,0.001575438467940787,0.00066290635202975
1.33,-0.00013846464441502807,-3.334719226164154e-07,0.007836395838628945,0.0003625794919556618,0.0037759960903471996,0.000667917759092229
1.34,-0.00013997202375229726,-3.4522042145507963e-07,0.007895406528595036,-0.006616874505395059,0.006976960554049118,0.0006729453075109271
1.34,-0.00013997202358621938,-3.4524170442998926e-07,0.007886937615096023,-0.006616874505395059,0.005701301207180389,0.0006729355736824286
1.35,-0.00020454798772055229,-8.547238156825401e-07,0.00795021907625546,-0.0044539604192984205,0.007531652053750339,0.0006779469807449077
1.36,-0.0002448244210699636,-1.1746294674579507e-06,0.008007202955783867,0.0013407917047807347,0.0047702346819981385,0.0006829745291636058
1.36,-0.0002448244207065757,-1.1746752999761968e-06,0.008009771895044614,0.0013407917047807347,0.005157190031098227,0.0006829647953351073
1.37,-0.0002287102308649891,-1.0456067109857505e-06,0.00805753540773796,0.0050211159254169415,0.004045162892877467,0.0006879762023975864
1.38,-0.00017695637082462787,-6.295938275748046e-07,0.008017135716412294,0.007120943811561019,-0.008133346475682469,0.0006930037508162843
1.38,-0.00017695636889989824,-6.298322902906663e-07,0.007997838663496301,0.007120943811561019,-0.011040031721927494,0.0006929940169877859
1.39,-0.00010164643748887637,-2.808849493283866e-08,0.007869399073107223,0.012699505148989692,-0.016307395061129132,0.000698005424050265
1.4,1.7332163070632958e-05,9.086242782210451e-07,0.007717961399859734,0.0018048396722625485,-0.014554640592256356,0.000703032972468963
1.4,1.7332130417163623e-05,9.127583980488716e-07,0.007819035381742456,0.0018048396722625485,0.0006699770318295203,0.0007030232386404646
1.41,3.129895103925839e-05,1.0221864023682117e-06,0.00783573972907015,-0.003744149159406451,0.0035912556037251886,0.0007080346457029437
1.42,-2.3454583687733275e-06,7.578329929404038e-07,0.008073245359498106,0.0014171944450523423,0.033956908723274955,0.0007130621941216417
1.42,-2.345462703603538e-06,7.583908062387736e-07,0.007916157398469955,0.0014171944450523423,0.010294992021745053,0.0007130524602931433
1.43,1.2279813111546746e-05,8.741419361948614e-07,0.008013267825450558,0.002034195525631309,0.008589893800449767,0.0007180638673556223
1.44,2.7929471714744566e-05,9.99496710639097e-07,0.008085480584403755,-0.004345068250828869,0.00652836580966964,0.0007230914157743204
1.44,2.7929472203426354e-05,9.994356640754491e-07,0.008075744618445145,-0.004345068250828869,0.005061852309756691,0.000723081681945822
1.45,-1.4931259626347756e-05,6.534165635307311e-07,0.008118034925577748,-0.0035448326502397036,0.0026300614586572293,0.000728093089008301
1.46,-5.1296164498915945e-05,3.584543629513966e-07,0.008124621242379742,-0.0047926976416571235,-0.0003394727370552367,0.0007331206374269991
1.46,-5.129615461799014e-05,3.5723588870767003e-07,0.008219613426503703,-0.0047926976416571235,0.013969053093481025,0.0007331109035985006
1.47,-9.422552260487119e-05,4.170107785964844e-09,0.008365869158837849,0.002000396134125241,0.01588605389721783,0.0007381223106609797
1.48,-7.408267689293778e-05,1.7278723429725359e-07,0.008430131490257259,0.002190191634259277,0.001636872148487175,0.0007431498590796778
1.48,-7.408267712345076e-05,1.7281840280229133e-07,0.008401293895491338,0.002190191634259277,-0.002706890166318229,0.0007431401252511793
1.49,-5.306984945849887e-05,3.493735246983953e-07,0.008375817687466685,0.0009823383395726006,-0.0022418328437091863,0.0007481515323136584
1.5,-4.439787308166949e-05,4.2204876910152297e-07,0.00836213656269523,-0.000582774174044597,-0.0009257613638360437,0.0007531790807323564
1.5,-4.439787315044611e-05,4.220569454923452e-07,0.008363904377400656,-0.000582774174044597,-0.000659478167913415,0.000753169346903858
1.51,-5.048078742052944e-05,3.7116480533342987e-07,0.00838608339080714,-0.0009300125050393916,0.007742303430327144,0.0007581807539663371
1.52,-6.457007005972239e-05,2.529656972824124e-07,0.008483311990399905,-0.00744233131954876,0.010725585109199558,0.0007632083023850351
1.52,-6.457007293878107e-05,2.533094151537294e-07,0.008345539392934455,-0.00744233131954876,-0.010026888241681079,0.0007631985685565367
1.53,-0.00013725378432074108,-3.5323053091839003e-07,0.008243502525997459,-0.0050804984564092335,-0.01054312948700408,0.0007682099756190158
1.54,-0.0001842095790896756,-7.409940878485125e-07,0.008171845122026226,0.0001509290344157933,-0.005455820517534687,0.0007732375240377138
1.54,-0.00018420957204555758,-7.418445709495531e-07,0.008212755040654563,0.0001509290344157933,0.0007063772760734378,0.0007732277902092154
1.55,-0.00017770541012843618,-6.882655317616685e-07,0.00820061055321619,0.006942575676334878,-0.0049023235086113216,0.0007782391972716944
1.56,-0.00011204206164523529,-1.4948072952401676e-07,0.00817044448162458,0.0018299703401945385,-0.0020618981258280927,0.0007832667456903925
1.56,-0.00011204206504102553,-1.4906609984612568e-07,0.008196773714561822,0.0018299703401945385,0.0019040335248128744,0.000783257011861894
1.57,-9.462367838546112e-05,-6.6978870948442215e-09,0.008185688935380271,0.0006324668334951617,-0.006892325499328715,0.0007882684189243731
1.58,-8.83490076039433e-05,4.4996285475589634e-08,0.008181846159848656,0.0005647764806462771,0.002910646503355487,0.0007932959673430712
1.58,-8.83490073823843e-05,4.4969237121567264e-08,0.008176520554754596,0.0005647764806462771,0.0021084588417669466,0.0007932862335145727
1.59,-8.7239512995275e-05,5.406145768278893e-08,0.008203050901846424,-0.005605695338849003,0.0036985888500212045,0.0007982976405770518
1.6,-0.00014265388491686582,-4.006691993292608e-07,0.008251575286616351,-0.004734537278818061,0.005436614703867474,0.0008033251889957498
1.6,-0.00014265387942504772,-4.013385365463896e-07,0.008302251321902312,-0.004734537278818061,0.013069867550566092,0.0008033154551672514
1.61,-0.00019034655802343772,-7.969760704433945e-07,0.008419467751874951,-0.005208987654574944,0.009133129901422211,0.0008083268622297305
1.62,-0.00023148487336131316,-1.142377963049302e-06,0.008456198011179698,0.009679483265307737,0.0009086597067204244,0.0008133544106484285
1.62,-0.00023148486287007951,-1.1436305312695844e-06,0.0085205930278845,0.009679483265307737,0.010608381514107099,0.0008133446768199301
1.63,-0.0001417291544935713,-3.783191448251628e-07,0.008641847275800441,0.00011307625969595066,0.015038060065233316,0.0008183560838824091
1.64,-0.0001375692454045844,-3.4273128378474966e-07,0.008751105493281381,0.004231904394165109,0.00884385906598836,0.0008233836323011071
1.64,-0.00013756924457034568,-3.428287385081475e-07,0.008739163415612367,0.004231904394165109,0.007045042369928581,0.0008233738984726087
1.65,-9.740997843349784e-05,8.738719854288912e-09,0.008838629656710105,0.0012974247475172635,0.01551749308248961,0.0008283853055350877
1.66,-7.726679075556282e-05,1.8714539982155188e-07,0.009043080489820794,0.01104584812675446,0.0229398460600688,0.0008334128539537858
1.66,-7.726678283484669e-05,1.8624128550655713e-07,0.008936055045384684,0.01104584812675446,0.006818768832911878,0.0008334031201252874
1.67,2.2770129151816378e-05,1.0784385760981979e-06,0.00896553259398812,-0.003118573969721823,-0.004484367880364777,0.0008384145271877664
1.68,-8.204177579481879e-06,8.006635540140327e-07,0.008904800855367205,-0.002832789657362328,-0.0068775617666724225,0.0008434420756064645
1.68,-8.204181737848006e-06,8.011337793685226e-07,0.009018183538314538,-0.002832789657362328,0.010201096468728318,0.000843432341777966
1.69,-3.6004143571067974e-05,5.505838273349132e-07,0.009103197406665839,-0.0021165109419627216,0.005238042732012652,0.0008484437488404451
1.7,-5.895877984942872e-05,3.417799268989615e-07,0.009136296980664902,-0.004550957236774414,0.002333797605706365,0.0008534712972591432
1.7,-5.895877850224116e-05,3.416316599618169e-07,0.009155159824035922,-0.004550957236774414,0.005175078539508115,0.0008534615634306447
1.71,-0.00010270789414058608,-5.8313420434627285e-08,0.009178582933747218,-0.0021598133291013655,-0.003096438775909474,0.0008584729704931238
1.72,-0.00012444962797411574,-2.5802043734540715e-07,0.009160721143981355,-0.0023563088523051276,-0.0011228146976521784,0.0008635005189118218
1.72,-0.0001244496276632817,-2.580543632216927e-07,0.009163821745117566,-0.0023563088523051276,-0.0006557759422345568,0.0008634907850833234
1.73,-0.00015165358926279605,-5.073656905018026e-07,0.009157908896942608,-0.0073082258117143604,-0.00046746559128259783,0.0008685021921458025
1.74,-0.00022175547286989232,-1.1509348347179297e-06,0.009223908645397409,-0.0032599346997991916,0.010178110671416003,0.0008735297405645005
1.74,-0.00022175549240873555,-1.1488015416161524e-06,0.009127618949508226,-0.0032599346997991916,-0.004325857350278375,0.0008735200067360021
1.75,-0.0002516375234212094,-1.4215851237355261e-06,0.009085730647003916,0.000433008907839017,-0.003925746150997135,0.0008785314137984812
1.76,-0.00024317049841282264,-1.344465553095463e-06,0.009007117912735872,0.006058328895468442,-0.009853770040750384,0.0008835589622171792
1.76,-0.0002431704957024587,-1.344761640259831e-06,0.009073378564764962,0.006058328895468442,0.0001269695311409899,0.0008835492283886808
1.77,-0.0001853029710172515,-8.195737441410113e-07,0.00908011422600578,0.002369042561263572,0.0017229999409520884,0.0008885606354511598
1.78,-0.00016219401409265518,-6.094109400616567e-07,0.009124976870713534,0.0015797399127129384,0.005885262580369399,0.0008935881838698579
1.78,-0.00016219401762083957,-6.090221158470775e-07,0.009158054822223838,0.0015797399127129384,0.010867743275715564,0.0008935784500413594
1.79,-0.0001476679905513962,-4.7618862953543047e-07,0.009247884997262415,-0.00014807300077037842,0.005364453125560389,0.0008985898571038385
1.8,-0.00014167138789901497,-4.2072129557861515e-07,0.009325688737886093,0.01001893509032902,0.00900351748097418,0.0009036174055225366
1.8,-0.00014167138970537288,-4.205228546448286e-07,0.009407464579681824,0.01001893509032902,0.021321286099928477,0.0009036076716940381
1.81,-4.737334050134288e-05,4.660188987796677e-07,0.009604632380153804,0.0020144109668602077,0.016636221308167682,0.0009086190787565172
1.82,-3.3502907635824475e-05,5.978203618052375e-07,0.009673932187441671,-0.006514829337607839,0.0020158611881986917,0.0009136466271752152
1.82,-3.350291118746248e-05,5.981954847261938e-07,0.009698004592909404,-0.006514829337607839,0.005641850406308579,0.0009136368933467168
1.83,-9.396148015433984e-05,1.2567428098882269e-08,0.009716380157709429,-0.00014223661600948866,-0.005466467634195931,0.0009186483004091959
1.84,-9.810944452473442e-05,-2.7286218448610646e-08,0.009579244502814308,-0.0038483943650317,-0.017888943628195545,0.0009236758488278939
1.84,-9.810943947937147e-05,-2.7802784755776273e-08,0.009674770678677053,-0.0038483943650317,-0.003499983447632169,0.0009236661149993955
1.85,-0.00013061269995104496,-3.4187926379253227e-07,0.009618153159207936,0.004281261508475231,-0.009812222324310615,0.0009286775220618746
1.86,-9.060276966421761e-05,4.2988449105314765e-08,0.00952709532808144,0.00047306894114008046,-0.008748123861792596,0.0009337050704805726
1.86,-9.060277141408276e-05,4.317127127986133e-08,0.009555422891733771,0.00047306894114008046,-0.004481186745086102,0.0009336953366520742
1.87,-8.983978041088741e-05,5.0513291936958704e-08,0.009526128747411964,-0.004921619337297331,4.989857905476902e-05,0.0009387067437145532
1.88,-0.0001342987836002409,-3.7467686318524e-07,0.00967256211428314,0.0015437961039859787,0.022031768777244626,0.0009437342921332512
1.88,-0.00013429879039031256,-3.739638145502321e-07,0.009610103585374652,0.0015437961039859787,0.012623737132681478,0.0009437245583047527
1.89,-0.0001151845446784369,-1.9033260489543358e-07,0.009709070131577723,0.00654350695593614,0.004660814062863183,0.0009487359653672318
1.9,-4.896291690426915e-05,4.517305220370972e-07,0.00970294776750619,0.007617193768862949,-0.003281900335354226,0.0009537635137859299
1.9,-4.896291258597788e-05,4.512859319730999e-07,0.009676950404222331,0.007617193768862949,-0.007197842973198078,0.0009537537799574314
1.91,1.9597063309081067e-05,1.1145022675491602e-06,0.00959844683902439,-0.002728154466037274,-0.009103144756323853,0.0009587651870199105
1.92,-8.789298098005324e-06,8.420029798354916e-07,0.009499579342613331,-0.0042321122562293005,-0.010283476679233095,0.0009637927354386085
1.92,-8.789300893482353e-06,8.422848561326226e-07,0.009610806748474074,-0.0042321122562293005,0.006470535500812247,0.0009637830016101101
1.93,-4.498474152257442e-05,4.948441585541702e-07,0.009647778948242942,0.0040944890956182275,-0.0016273852863825378,0.0009687944086725892
1.94,-8.856930394296058e-06,8.437957652422348e-07,0.009690184555319201,-0.002452829160172013,0.007211411042154829,0.0009738219570912872
1.94,-8.85693216923841e-06,8.43979054233172e-07,0.009718844838189775,-0.002452829160172013,0.011528465140299704,0.0009738122232627888
1.95,-3.7624441444723276e-05,5.645796963265989e-07,0.009809940693104816,-0.008218585166920069,0.004465476590774597,0.0009788236303252679
1.96,-0.00011317965882163613,-1.7565768062666105e-07,0.00980978509653214,0.000791918692049802,-0.002284239029934962,0.0009838511787439658
1.96,-0.00011317964466342996,-1.7710182205087792e-07,0.00987309502768519,0.000791918692049802,0.00725203801840369,0.0009838414449154674
1.97,-0.00010662232263715317,-1.1235808294503859e-07,0.009946613943332122,-0.0010593252750802898,0.007543604593211969,0.0009888528519779462
1.98,-0.00011696341551970141,-2.151177269360623e-07,0.009997406738358774,-0.0007171667887122726,0.003831629809380091,0.0009938804003966442
1.98,-0.00011696341542756707,-2.151270501501099e-07,0.009999617048850249,-0.0007171667887122726,0.0041645654614281226,0.0009938706665681457
1.99,-0.00012574573191022454,-3.028816247786145e-07,0.010027684101299362,-0.0029077036514729235,0.00019969223348986764,0.0009988820736306246
2.0,-0.00015326402572966448,-5.785103721193668e-07,0.009991362018847061,-0.0007902142765632055,-0.005572240213947865,0.0010039096220493225
2.0,-0.00015326401829525915,-5.792524521144495e-07,0.010077885502235156,-0.0007902142765632055,0.007460658317903399,0.001003899888220824
2.01,-0.00015729086818884385,-6.196457381940184e-07,0.010121447796181692,0.004478606103981024,-0.0016040944277090343,0.0010089112952833027
2.02,-0.00011381471128682567,-1.7955247598265464e-07,0.010108726210567734,0.002700605239453184,-0.0011041045642244765,0.0010139388437020007
2.02,-0.0001138147157865994,-1.7910847724220891e-07,0.010154277044775135,0.002700605239453184,0.005757147167902767,0.0010139291098735022
2.03,-8.391748537143478e-05,1.244058960231045e-07,0.010206824783700877,0.006633730314153861,0.004290246285504718,0.0010189405169359809
2.04,-2.147403279639098e-05,7.644054695457298e-07,0.010376191105581273,0.0013438613991341424,0.02333930184919329,0.0010239680653546788
2.04,-2.1474006100890797e-05,7.61787418168563e-07,0.010249488744348221,0.0013438613991341424,0.0042543210666980205,0.0010239583315261804
2.05,-6.269779935175969e-06,9.175251114035249e-07,0.010284852908726575,0.0037455850034569093,0.002158081108735965,0.001028969738588659
2.06,2.9931996929664667e-05,1.2900314090066067e-06,0.010318709073811086,0.0020430726959828494,0.004007098702836006,0.001033997287007357
2.06,2.9931984851659475e-05,1.2912077757874191e-06,0.010409020216250823,0.0020430726959828494,0.017610526461670446,0.0010339875531788585
2.07,5.207618532921863e-05,1.521874826300593e-06,0.010598173557840733,0.0043744542062619275,0.021420489404679024,0.0010389989602413371
2.08,9.772666487624865e-05,2.005972280190187e-06,0.010832528601227529,0.0069693784585196155,0.024455675246330102,0.001044026508660035
2.08,9.772668243376727e-05,2.0043067019122863e-06,0.01071816715860861,0.0069693784585196155,0.007229587954823997,0.0010440167748315366
2.09,0.00016715399702455484,2.7482316761795417e-06,0.0107833398842127,0.006612487808338062,0.00514966823789773,0.0010490281818940153
2.1,0.00023926784684867808,3.5254510183582724e-06,0.010818785932577978,0.0147611710451992,0.0027319860517315137,0.0010540557303127132
2.1,0.0002392678329134437,3.5267471425446453e-06,0.010869726662714347,0.0147611710451992,0.010405109474511658,0.0010540459964842148
2.11,0.00038354783635102173,5.097112503073621e-06,0.011002720115125961,0.010242788620569702,0.018856110370589096,0.0010590574035466934
2.12,0.0004900191039851678,6.26927674302457e-06,0.011206871771581205,0.015749201034165744,0.0212044912272214,0.0010640849519653914
2.12,0.0004900191929137241,6.261149904936165e-06,0.011021082274678143,0.015749201034165744,-0.006780693448717009,0.001064075218136893
2.13,0.0006484034642435184,8.010107156520925e-06,0.010994649002330376,0.016975505058783164,0.005300176390673008,0.0010690866251993716
2.14,0.0008135400670189566,9.823608557713867e-06,0.011013430406668145,0.010709507073362802,0.0001456165356876829,0.0010741141736180695
2.14,0.0008135400064184901,9.829118657782466e-06,0.011099816161741318,0.010709507073362802,0.013157769264399263,0.001074104439789571
2.15,0.0009257556738856126,1.1072942783413561e-05,0.011205524214121682,0.01768117013043672,0.005603984062506443,0.0010791158468520497
2.16,0.0011025869882866596,1.3052367151339211e-05,0.011227231309163732,0.017722900280644625,0.00043249567598049963,0.0010841433952707476
2.16,0.0011025869233092262,1.305818639764492e-05,0.011320346034018275,0.017722900280644625,0.014458222719437603,0.0010841336614422492
2.17,0.001281976579375077,1.5085754820240846e-05,0.011430920584380364,0.020676241728118248,0.00452817794924998,0.0010891450685047278
2.18,0.0014851623554614282,1.740611488982591e-05,0.011445476008265653,0.01583122571420232,-0.00010008549093268142,0.0010941726169234258
2.18,0.0014851623255312239,1.7408744112846563e-05,0.011479558734184405,0.01583122571420232,0.005033742820111833,0.0010941628830949273
2.19,0.001640940038933611,1.9195543831094088e-05,0.011513419245518755,0.012399030785157566,0.00022257847717326897,0.001099174290157406
2.2,0.0017698468026087746,2.0680489381700967e-05,0.011528865892038467,0.0190953870066243,0.0022140164419645484,0.001104201838576104
2.2,0.0017698467742628475,2.0682957310554527e-05,0.011573258225420827,0.0190953870066243,0.008900764985932966,0.0011041921047476055
2.21,0.0019609609096876853,2.2892608797706407e-05,0.011639296023217111,0.019330661752612915,0.0021937011522136863,0.0011092035118100841
2.22,0.002156648128612114,2.5169733433413624e-05,0.0116527916325979,0.022585493062330358,0.0009221857986158085,0.001114231060228782
2.22,0.002156648084270635,2.5173552402935824e-05,0.011704118978125294,0.022585493062330358,0.008653544500013665,0.0011142213264002836
2.23,0.002378728885417388,2.777271371816744e-05,0.011788689411489845,0.017474625053820317,0.008079772477552044,0.0011192327334627623
2.24,0.002555761353657308,2.985465897801613e-05,0.011801378625577268,0.020599757500155448,-0.0021793071872371252,0.0011242602818814602
2.24,0.002555761339246175,2.9855885940050903e-05,0.011817708416264517,0.020599757500155448,0.0002804239370714514,0.0011242505480529618
2.25,0.00276575429162612,3.233761416443989e-05,0.011820395565703648,0.026052066294496693,0.00024623435486303627,0.0011292619551154404
2.26,0.0030319639123291197,3.547468855869719e-05,0.011720072109518814,0.03381226780186989,-0.015236231745499332,0.0011342895035341381
2.26,0.003031963757645539,3.5487781498307197e-05,0.011857791253776057,0.03381226780186989,0.00550819003127135,0.0011342797697056397
2.27,0.0033706819117266763,3.9500101906091724e-05,0.011887907976845854,0.03465422528636853,-0.0017814972043621114,0.0011392911767681185
2.28,0.0037155090073933772,4.3617462877172084e-05,0.0120051133043437,0.03235560824651689,0.018556401765459696,0.0011443187251868163
2.28,0.0037155091683423254,4.360390953849962e-05,0.011902815776724045,0.03235560824651689,0.003147483338700288,0.0011443089913583178
2.29,0.004036721865167782,4.74286347665511e-05,0.01194091987456704,0.029200350865315968,0.005083190184129641,0.0011493203984207967
2.3000000000000003,0.004327146695453428,5.090565794631435e-05,0.012065473894872548,0.0270821772344781,0.016187838909233768,0.0011543479468394946
2.3000000000000003,0.004327146812173271,5.089586906512901e-05,0.011984509412022183,0.0270821772344781,0.003992284033806703,0.0011543382130109962
2.31,0.004597042713364685,5.4128902681576826e-05,0.012013594340577664,0.02584963121616378,0.0008276765321781937,0.0011593496200734748
2.32,0.004857643353773557,5.725228910779439e-05,0.011950905787794813,0.028736258897498083,-0.009861719616954373,0.0011643771684921725
2.32,0.004857643183989593,5.7266442402181726e-05,0.012084667842191373,0.028736258897498083,0.010286651832018138,0.0011643674346636741
2.33,0.00515390718800822,6.084653741525884e-05,0.012185707826576176,0.04086860169426695,0.009753314496391306,0.001169378841726153
2.34,0.005554301154736222,6.572180665975229e-05,0.012254713522643228,0.029634555290757196,0.005456268974337008,0.0011744063901448507
2.34,0.0055543010761127925,6.572827685992102e-05,0.012299562034326816,0.029634555290757196,0.012211730950538291,0.0011743966563163523
2.35,0.0058506453026941204,6.937062830664988e-05,0.012406115858105736,0.029663185631345027,0.00766728321286572,0.001179408063378831
2.36,0.006146889830965975,7.305513851954402e-05,0.012558078973631212,0.029167701349025812,0.01900814219728454,0.0011844356117975288
2.36,0.00614688998027535,7.304304770537666e-05,0.012457750993255908,0.029167701349025812,0.0038958936268945216,0.0011844258779690304
2.37,0.006443365594009081,7.673633974082613e-05,0.012494893536598259,0.035723461753320224,0.0033655174071277817,0.0011894372850315092
2.38,0.006797903123088669,8.116648200226097e-05,0.012528514840108782,0.03209395997784622,0.0033604155369275383,0.001194464833450207
2.38,0.006797903151909529,8.116417148105765e-05,0.01251115275494008,0.03209395997784622,0.0007451914908717687,0.0011944550996217085
2.39,0.007121752768520466,8.521665852918666e-05,0.012521626388243414,0.036085078241045634,0.001627515769869596,0.0011994665066841874
2.4,0.007486015619252267,8.979018033113976e-05,0.012625570506754951,0.040763380499146774,0.01483295579522847,0.0012044940551028851
2.4,0.007486015749482424,8.977977444813966e-05,0.0125503064070126,0.040763380499146774,0.003496040814200631,0.0012044843212743867
2.41,0.007891842139845319,9.487022910599518e-05,0.012571210463735319,0.03834931085058566,-0.0006083324303284895,0.0012094957283368655
2.42,0.008271023629790215,9.96398635425423e-05,0.012582116210596371,0.03252774433352747,0.0019507050929534527,0.0012145232767555632
2.42,0.008271023527123778,9.964803696848354e-05,0.012635403298490184,0.03252774433352747,0.009977256757116455,0.0012145135429270648
2.43,0.008602320115506679,0.00010384020582112464,0.01276610335209443,0.04074781990164725,0.019007903644653972,0.0012195249499895437
2.44,0.009017634991376805,0.00010912558301197917,0.01284621369431338,0.05144879271189623,0.002443489251861334,0.0012245524984082414
2.44,0.009017635037760673,0.00010912193573662744,0.012822322242793768,0.05144879271189623,-0.00115524315280956,0.001224542764579743
2.45,0.009523556927042938,0.00011561249815760935,0.012822321070009851,0.039858466470757054,0.002217657532156579,0.0012295541716422218
2.46,0.009920550675529556,0.00012069882500204055,0.012818944270725581,0.03773965563503428,-0.0016314077775517301,0.0012345817200609195
2.46,0.009920550553031768,0.00012070838517398439,0.012875321437550694,0.03773965563503428,0.006860597698571219,0.001234571986232421
2.47,0.010306610305646105,0.00012566911380703936,0.012897388745759398,0.04956202409962689,-0.006728424179628228,0.0012395833932949
2.48,0.010807253800169095,0.00013210568858540897,0.012716073218614682,0.05644821583076808,-0.023904780391925708,0.0012446109417135977
2.48,0.010807253347504353,0.00013214081859606145,0.012908993260949348,0.05644821583076808,0.005154467318090862,0.0012446012078850992
2.49,0.011366573391795412,0.00013937144916518115,0.012993990975930517,0.049493019659263435,0.014922561869618706,0.001249612614947578
2.5,0.011858785937712562,0.00014575555946540222,0.013083539744316097,0.0458542185116282,0.0059335301715999315,0.0012546401633662758
2.5,0.011858785946725119,0.00014575486408185178,0.013080101263366008,0.0458542185116282,0.005415597102201998,0.0012546304295377774
2.51,0.012321367125626167,0.00015180290412531114,0.013123304470988723,0.051399648381793034,0.002217453593348332,0.001259641836600256
2.52,0.012840904014161329,0.00015861137589095838,0.013095370808811239,0.05899339181353932,-0.005330266817593854,0.001264669385018954
2.52,0.012840903743010626,0.00015863207927822013,0.013199740214068072,0.05899339181353932,0.010390735334396838,0.0012646596511904555
2.53,0.013419432257121526,0.0001662594973713773,0.01327340363598133,0.0435542376156971,0.001559682433767402,0.0012696710582529342
2.54,0.013863788718101688,0.00017216788100718293,0.01334106064609059,0.05559183565568677,0.009401427728129512,0.001274698606671632
2.54,0.013863788797546428,0.0001721618771833011,0.013309681666295122,0.05559183565568677,0.004674860515468928,0.0012746888728431337
2.5500000000000003,0.014418380793207284,0.00017953334626910115,0.013321507607497755,0.05385503731545935,-0.0055223551969831195,0.0012797002799056125
2.56,0.01496000285395547,0.00018675047680600466,0.01327323793973889,0.05809687554052297,-0.00447490236944021,0.0012847278283243102
2.56,0.014960002720080167,0.0001867605343352476,0.013320361220994247,0.05809687554052297,0.002623204630415675,0.0012847180944958118
2.57,0.015539889874350381,0.00019448782095146143,0.013354553511324113,0.056696260665757135,0.0049475498053817915,0.0012897295015582904
2.58,0.016109741013368952,0.00020210794674272985,0.013446476929902442,0.06069296354257246,0.011341414446760194,0.0012947570499769884
2.58,0.01610974122622752,0.00020209199284220615,0.01337572050652568,0.06069296354257246,0.000683483787522204,0.00129474731614849
2.59,0.016713683456396466,0.0002101807019181279,0.013412841748027359,0.056704741524779056,0.009526938323446352,0.0012997587232109686
2.6,0.017277308870470236,0.00021771526448728185,0.013396003845657452,0.0521204410146078,-0.007359608782031082,0.0013047862716296665
2.6,0.017277308515306095,0.00021774177622163146,0.013511590772020927,0.0521204410146078,0.01005107123124033,0.001304776537801168
2.61,0.01780228596003293,0.00022483067847943396,0.013596131176503795,0.05731557288466757,0.005387833794497974,0.0013097879448636467
2.62,0.018379394788260475,0.0002326742048697308,0.013634830706029584,0.06276292763795085,0.003101473349733862,0.0013148154932823447
2.62,0.018379394840724508,0.00023267033463949624,0.0136174438300019,0.06276292763795085,0.00048251509491785893,0.0013148057594538462
2.63,0.019005513586894607,0.00024119883207358517,0.013627665108544098,0.06078808558035805,0.0020581531147858094,0.0013198171665163249
2.64,0.019617580891534356,0.00024953943035566295,0.01364426205291414,0.06655751286009959,0.0014579609688720164,0.0013248447149350228
2.64,0.0196175807616755,0.00024954896548947715,0.013683729496645645,0.06655751286009959,0.007402880998929589,0.0013248349811065244
2.65,0.020285904896017067,0.00025869135164468637,0.013748530728220121,0.07038025526400501,0.004708481518733971,0.001329846388169003
2.66,0.02098828423754384,0.0002683513322533934,0.01380547828152565,0.06853548177865021,0.00619409051304599,0.001334873936587701
2.66,0.02098828425288006,0.0002683502145714986,0.013801367017046146,0.06853548177865021,0.00557481710077896,0.0013348642027592025
2.67,0.021672817896706102,0.00027779323217897106,0.0138438018515201,0.06750751522334877,0.0016873999016114626,0.0013398756098216811
2.68,0.022344306999509185,0.00028706672209328696,0.013775101605042143,0.06271875539229439,-0.011202516393846434,0.001344903158240379
2.68,0.022344306823580448,0.0002870794511282181,0.013822311961244518,0.06271875539229439,-0.0040912934293444855,0.0013448934244118806
2.69,0.022974757242864168,0.0002957928029083207,0.013777236123641106,0.06723702104472382,-0.005306837097493863,0.0013499048314743593
2.7,0.023648299342631473,0.00030508874679502514,0.013784297360262503,0.06891761413088897,0.0037503927304828434,0.0013549323798930572
2.7,0.023648299393757666,0.00030508504026458076,0.01377019263386877,0.06891761413088897,0.0016258196006136375,0.0013549226460645588
2.71,0.024337171206207698,0.00031456251539296014,0.013762701319493325,0.06859246863636806,-0.005308899948805138,0.0013599340531270374
2.72,0.025026514193911345,0.00032406187836146787,0.013752054249460665,0.0733291981620846,0.0010840622670946877,0.0013649616015457354
2.72,0.02502651387232076,0.00032408523542209235,0.013837970953090568,0.0733291981620846,0.014025562502090222,0.001364951867717237
2.73,0.025765969858795257,0.00033430652786375464,0.013948559920042819,0.08180621942746977,0.005363070081441991,0.0013699632747797156
2.74,0.026582264336532175,0.00034567052583032293,0.013928609551084452,0.07951026637221077,-0.005720332697343615,0.0013749908231984135
2.74,0.026582264026482498,0.00034569282063651836,0.01400030267387439,0.07951026637221077,0.005078691546303292,0.001374981089369915
2.75,0.027368436425727023,0.0003566741576545012,0.013992024656749343,0.06747238174825333,-0.012167926852250202,0.0013799924964323937
2.76,0.028044543123843784,0.0003661356885743283,0.013873195380910157,0.06944264402731289,-0.011738636860635643,0.0013850200448510914
2.76,0.028044542916924545,0.00036615048361580396,0.013925165255338006,0.06944264402731289,-0.00391049502435342,0.001385010311022593
2.77,0.028745743931211192,0.00037593539588828107,0.013937017613719719,0.07874661004053185,0.010968744110753128,0.0013900217180850718
2.78,0.029534009748996597,0.0003868928048151581,0.013948971857047245,0.07993749976873916,-0.0037526563690082997,0.0013950492665037696
2.78,0.029534009474300925,0.0003869125107537128,0.014014544422164626,0.07993749976873916,0.006124437735199247,0.0013950395326752711
2.79,0.03032895946992719,0.0003980362956783941,0.014035165932636673,0.07402679904136049,-0.005737204234660238,0.00140005093973775
2.8000000000000003,0.031076937758190523,0.0004085483495312896,0.014022266749906092,0.08461064292441743,0.000961673851385938,0.001405078488156448
2.8000000000000003,0.031076937670452744,0.0004085546072586294,0.01404307212207858,0.08461064292441743,0.004095554895277806,0.0014050687543279495
2.81,0.031916761432402206,0.0004203605313281121,0.01410902218616744,0.07618114830196936,0.01139380862588273,0.0014100801613904281
2.82,0.0326868569930263,0.0004312215815260205,0.014207120340495054,0.08754884050527807,0.009007864168642937,0.0014151077098091258
2.82,0.032686856413033184,0.0004312627656994162,0.014339523347129578,0.08754884050527807,0.02895152435439582,0.0014150979759806274
2.83,0.0335607129010679,0.00044378252008664626,0.01460408563902241,0.08545191849106347,0.02166540692079187,0.0014201093830431063
2.84,0.03441274340552504,0.0004562344043946938,0.014843841586687744,0.08219185494241511,0.0251452071558357,0.001425136931461804
2.84,0.034412743850489216,0.0004562036890503867,0.014753164727461812,0.08219185494241511,0.011486692042918653,0.0014251271976333055
2.85,0.03523626301405259,0.00046835618471845734,0.014872608314914788,0.08449006081692295,0.012823052320292459,0.0014301386046957844
2.86,0.03608417309363028,0.00048096514703511106,0.014993125091201553,0.0887093943835443,0.011661142548263123,0.0014351661531144821
2.86,0.03608417332484338,0.0004809495284960936,0.014946313218570782,0.0887093943835443,0.004609942548070764,0.0014351564192859837
2.87,0.03697501100691253,0.0004942808612693839,0.015024485479585766,0.09393523975446752,0.013975024859717088,0.0014401678263484625
2.88,0.03791165240602042,0.0005083638632306011,0.015189990172456381,0.09039313665837351,0.017854376982591,0.0014451953747671603
2.88,0.03791165242050775,0.0005083628964747402,0.015187333167888398,0.09039313665837351,0.017454156492416505,0.0014451856409386618
2.89,0.038810901874356755,0.0005220025028820262,0.015324916706982744,0.08416794728665239,0.006662626894031732,0.0014501970480011407
2.9,0.039656896399249304,0.0005349739224490644,0.015407988375363606,0.09017016930526066,0.009139771986110564,0.0014552245964198384
2.9,0.03965689690293758,0.0005349408993057305,0.015311913963098207,0.09017016930526066,-0.005331768196175795,0.00145521486259134
2.91,0.04056184598982421,0.0005488083721762945,0.015278489138305066,0.09472999284166836,0.00047683094058718813,0.0014602262696538188
2.92,0.04151292027215152,0.0005633358469796725,0.015270656883561167,0.10001269443258198,-0.0014211725560060438,0.0014652538180725165
2.92,0.041512920024612904,0.0005633520413923941,0.015314616818894285,0.10001269443258198,0.005200444538320222,0.001465244084244018
2.93,0.04250168411697433,0.00057851232192877,0.015396884699842182,0.08472104923146888,0.01403719253316723,0.001470255491306497
2.94,0.04335714744710675,0.0005916960236045724,0.015568873545148632,0.09608025190638655,0.01879960030716664,0.0014752830397251947
2.94,0.043357147354464,0.0005917020539952634,0.01558584205008077,0.09608025190638655,0.02135553997068924,0.0014752733058966962
2.95,0.04431946960109525,0.0006066995938729552,0.01579510334747983,0.09830546013597505,0.020101686954651386,0.001480284712959175
2.96,0.04530699502919766,0.0006223207853439258,0.016053027040480106,0.10455225754522704,0.02867347378986507,0.0014853122613778728
2.96,0.04530699579585114,0.0006222719614616466,0.015926116188160776,0.10455225754522704,0.009557088317384478,0.0014853025275493744
2.97,0.04634479822390222,0.0006387939784822623,0.016008338616129106,0.09423425978277343,0.005659416669382208,0.0014903139346118532
2.98,0.04728472697427483,0.0006538583109584584,0.016107247709037927,0.09111636357490335,0.012033248583536426,0.001495341483030551
2.98,0.04728472763315382,0.0006538170170831656,0.01600024965199374,0.09111636357490335,-0.004083703323117591,0.0014953317492020525
2.99,0.048201222077882,0.0006684787728447035,0.015952387567263075,0.09852391901580329,-0.006134977694102801,0.0015003431562645314
3.0,0.04919000983325905,0.0006842217558254009,0.01580785829860655,0.10351916420482689,-0.01866417593033795,0.001505370704683229
3.0,0.04919000912587821,0.0006842660625566007,0.015923444174607698,0.10351916420482689,-0.0012536541315199962,0.0015053609708547307
3.01,0.05021812760591107,0.0007006449908233983,0.015922165103990076,0.09407942004028207,0.0020334621445286683,0.0015103723779172093
3.02,0.05116014284038824,0.000715583314114767,0.015781573389855023,0.0959006477634644,-0.0222066229814225,0.0015153999263359072
3.02,0.05116014152889975,0.000715665652007224,0.015995803147786834,0.0959006477634644,0.01006247424279428,0.0015153901925074088
3.03,0.05212224601235164,0.0007310515515590472,0.016087043356126023,0.10028015659038363,0.007322244614401036,0.0015204015995698874
3.04,0.05312812878150548,0.000747235981742984,0.016163769528716166,0.1046465767811987,0.007850005511994081,0.0015254291479885854
3.04,0.05312812874226227,0.00074723842683966,0.01616999891920378,0.1046465767811987,0.008788328970103012,0.001525419414160087
3.0500000000000003,0.05417137254230474,0.0007641104540102937,0.016260122908194095,0.10045127404289815,0.009442600191534176,0.0015304308212225658
3.06,0.05518299801991175,0.0007805926746619917,0.01643316188521307,0.11030475453469835,0.02128395109065438,0.0015354583696412635
3.06,0.05518299879218342,0.0007805450526625259,0.016314898496626585,0.11030475453469835,0.003470119710714363,0.001535448635812765
3.0700000000000003,0.056286462476229315,0.0007985355848134443,0.01632636552770038,0.1110699533743413,-0.0033141222722639207,0.001540460042875244
3.08,0.05739894294569436,0.0008167163142340872,0.01633067753039556,0.11369340433395102,0.0023273991673150194,0.0015454875912939417
3.08,0.057398943014983064,0.0008167120671540949,0.01632094891854291,0.11369340433395102,0.0008619934050133912,0.0015454778574654432
3.09,0.05853680139316561,0.000835269456111431,0.016305379734011114,0.11515592872098475,-0.00620108919408735,0.0015504892645279219
3.1,0.05968898800896968,0.0008540568846961329,0.016240995119605424,0.11621713454595227,-0.006558639339034074,0.0015555168129466198
3.1,0.05968898768728634,0.0008540766059079201,0.016284445882533145,0.11621713454595227,-1.3718096919286202e-05,0.0015555070791181214
3.11,0.06084897707230417,0.0008729664147828892,0.016281762044215865,0.11345951124075614,-0.0007573273003806839,0.0015605184861806
3.12,0.06198912067321911,0.0008915249524583142,0.016259538289813084,0.12120894358567061,-0.0029641066629170687,0.001565546034599298
3.12,0.0619891202020686,0.0008915538808507224,0.016323274150901804,0.12120894358567061,0.006636327553115996,0.0015655363007707995
3.13,0.06319649026012351,0.0009112564327293295,0.01637844047654143,0.11501073930593854,0.0033668830020863777,0.0015705477078332781
3.14,0.06434860066343738,0.0009301180250528202,0.016390819064406877,0.11794407125678044,0.00015996674230649198,0.001575575256251976
3.14,0.06434859998985606,0.000930159207807643,0.01647978277399585,0.11794407125678044,0.013560432774048314,0.0015755655224234777
3.15,0.06552601399372424,0.0009495646669431834,0.016615634119056193,0.11540584420089824,0.01363256040150602,0.0015805769294859563
3.16,0.06667984328123161,0.0009687179714608678,0.016708493723080822,0.11531040378144813,0.007085344024192206,0.0015856044779046542
3.16,0.06667984297993312,0.0009687361711465265,0.016747927972675644,0.11531040378144813,0.013025264072761517,0.0015855947440761558
3.17,0.06783331325673791,0.0009880611624681383,0.016885867381435892,0.1160284568474931,0.015269755840858048,0.0015906061511386344
3.18,0.06900172060008516,0.0010078027874290182,0.017060853556289647,0.12729944690695796,0.018627055676352415,0.0015956336995573324
3.18,0.06900172097382185,0.0010077805655049087,0.017012574780096313,0.12729944690695796,0.011354898260458678,0.001595623965728834
3.19,0.07026572857322987,0.0010292907939214485,0.017131974882203024,0.11532915876263092,0.013063391283911837,0.0016006353727913126
3.2,0.07142463698636328,0.0010491270044264175,0.017219969194650207,0.1231969563798543,0.006640654200452121,0.0016056629212100105
3.2,0.07142463747413458,0.0010490984286203476,0.01715924372715702,0.1231969563798543,-0.0025063290825491896,0.001605653187381512
3.21,0.0726572169011166,0.0010702676777302837,0.017159266220404853,0.1242733173942681,0.004818574649389722,0.0016106645944439907
3.22,0.07390318426644325,0.0010916441284295512,0.01719616930843348,0.1289200375383089,0.0031190852484852967,0.0016156921428626886
3.22,0.07390318461651293,0.0010916237185815952,0.017154538575169555,0.1289200375383089,-0.003151687739255534,0.0016156824090341902
3.23,0.07518978131149298,0.0011136901681864484,0.01711360439166514,0.12563717903397154,-0.005901486608685811,0.0016206938160966688
3.24,0.07644363813589292,0.0011350652197611708,0.016885077264504368,0.122465370984097,-0.031434856417337856,0.0016257213645153668
3.24,0.076443636209468,0.001135177681256485,0.01710929783057507,0.122465370984097,0.0023391407904053488,0.0016257116306868684
3.25,0.07767253144968879,0.0011562016798934674,0.017127477904014466,0.12847693048167794,0.0008174612942824079,0.001630723037749347
3.26,0.07894725673053607,0.0011780217172389798,0.017105984868945358,0.11507433446051787,-0.003651330657654034,0.0016357505861680447
3.26,0.0789472567820987,0.001178018706229379,0.01710000342321501,0.11507433446051787,-0.004552306580314507,0.0016357408523395463
3.27,0.08010901968026359,0.0011979053379226102,0.0170825440695249,0.13028862969850216,0.003642134900486163,0.0016407522594020251
3.28,0.08140799035475255,0.001220122487281425,0.017169425987664074,0.12522301259968333,0.011242932413886155,0.0016457798078207228
3.28,0.08140799067903604,0.0012201035149417548,0.01713153259846411,0.12522301259968333,0.005535109784324509,0.0016457700739922244
3.29,0.0826636599438962,0.0012416311764722764,0.017206939415303938,0.13014997799282088,0.011391263632073104,0.0016507814810547033
3.3000000000000003,0.08396617623445382,0.0012639804530080766,0.01719304635066385,0.1317927746858079,-0.00785991150778128,0.0016558090294734012
3.3000000000000003,0.08396617546638344,0.0012640251649331626,0.017280652466772208,0.1317927746858079,0.005336062316903015,0.0016557992956449028
3.31,0.0852813949119095,0.00128672675476101,0.0172949018877305,0.12837676475360155,-0.006084182320324953,0.0016608107027073814
3.3200000000000003,0.08656650902409713,0.0013089826456754387,0.0172880904927411,0.1304695127884579,0.0020543375469933255,0.0016658382511260793
3.3200000000000003,0.08656650927007395,0.0013089684116665595,0.017260372197742815,0.1304695127884579,-0.0021208263743230614,0.001665828517297581
3.33,0.08787048940701431,0.001331490380859009,0.01725646333490292,0.12976179554463835,0.002930498546069288,0.0016708399243600596
3.34,0.08916983030666721,0.0013538998179152132,0.017257061019213378,0.13236714943998276,-0.0013936378428477461,0.0016758674727787573
3.34,0.08916983034500475,0.0013538975969279027,0.01725275703779191,0.13236714943998276,-0.002041939910130016,0.0016758577389502588
3.35,0.09049267223868743,0.0013767389592367588,0.017254713727749296,0.13150727641616689,0.004491748563513162,0.0016808691460127377
3.36,0.09181513656931085,0.0013996328169251435,0.01743897087787855,0.14182673557641629,0.025480266798135802,0.0016858966944314354
3.36,0.09181513755054746,0.001399575954840272,0.017330179210120786,0.14182673557641629,0.009093146082733664,0.001685886960602937
3.37,0.0932323529507425,0.0014241401099273781,0.017422524062691763,0.14068585500617173,0.009505848289983984,0.0016908983676654158
3.38,0.09464190307784359,0.0014486870345217112,0.017493394105203758,0.14463608688996946,0.005862380911255604,0.0016959259160841136
3.38,0.09464190286114038,0.0014486994999962008,0.01751579860162269,0.14463608688996946,0.009237135568040072,0.0016959161822556151
3.39,0.09608730739881126,0.0014740168770888229,0.017604876609863176,0.14363724865041896,0.008275497180229414,0.001700927589318094
3.4,0.09751921738541593,0.0014993113191476822,0.01783351941425216,0.13787348036746178,0.03025035585074443,0.0017059551377367917
3.4,0.09751921823386978,0.0014992630061375696,0.01774878944146515,0.13787348036746178,0.017487611047851348,0.0017059454039082933
3.41,0.09890012373483387,0.0015237584152124747,0.01790239820023412,0.14112027462378554,0.01127766746185948,0.0017109568109707721
3.42,0.10030743740040832,0.0015488911080939812,0.017899987472177928,0.1361375448684314,-0.006072832915874217,0.0017159843593894698
3.42,0.1003074364942795,0.001548941928364232,0.017991014064985694,0.1361375448684314,0.007638362025763653,0.0017159746255609714
3.43,0.10167377730985279,0.0015735145486438608,0.018051925121687573,0.14318918290396013,0.003120463035602908,0.0017209860326234503
3.44,0.10311121639235749,0.0015994427754481974,0.018041922886282775,0.1510495074945531,-0.0030864634454725445,0.001726013581042148
3.44,0.10311121586691217,0.0015994719407044263,0.018093948046192507,0.1510495074945531,0.0047500059574706556,0.0017260038472136495
3.45,0.10461079285241329,0.0016266196635283542,0.01815531227975566,0.13653866541855858,0.00879826450467711,0.0017310152542761284
3.46,0.10598078374931501,0.0016514948586021584,0.018243063764138596,0.1431059182451419,0.00876344513127326,0.0017360428026948261
3.46,0.10598078422513532,0.0016514686079229545,0.01819610745865879,0.1431059182451419,0.0016904894343334588,0.0017360330688663277
3.47,0.10741405712067176,0.0016775341441205844,0.018191201392768322,0.14643805742213628,-0.004678184693880682,0.0017410444759288065
3.48,0.10887909258341917,0.0017042701969707894,0.018287341099375444,0.1476601562930545,0.016849867950783484,0.0017460720243475043
3.48,0.10887909367726752,0.0017042100551379828,0.018182937564241556,0.1476601562930545,0.0011237248681787645,0.0017460622905190058
3.49,0.11036115798277168,0.0017311510877343064,0.018181694363622547,0.15542056034371657,-0.002520494080388276,0.0017510736975814847
3.5,0.11191358829036192,0.0017593905718189114,0.018173929132272372,0.1533559488503041,0.00010642239170566021,0.0017561012460001824
3.5,0.11191358818343838,0.0017593964517770954,0.018183642792512122,0.1533559488503041,0.0015695760156725638,0.001756091512171684
3.51,0.1134484398638919,0.0017873046271125338,0.018194540487137943,0.15545785036371168,0.0001685686558599343,0.0017611029192341626
3.52,0.11499908348252566,0.0018155349492889935,0.018218943541920385,0.1504570988211763,0.0035904507088977437,0.0017661304676528605
3.52,0.11499908314072511,0.001815553737218764,0.01824953279193424,0.1504570988211763,0.008198062145527249,0.001766120733824362
3.53,0.11650732193589732,0.0018430678013758618,0.018315393672401346,0.15578528048825993,0.003491191091507911,0.0017711321408868407
3.54,0.11806344059966882,0.0018715077801090805,0.018245702946047614,0.15378076266934138,-0.012264942437855371,0.0017761596893055387
3.54,0.11806343933638083,0.0018715768565974811,0.018358391221029818,0.15378076266934138,0.004709118199357806,0.0017761499554770402
3.5500000000000003,0.11959761974632607,0.0018997088081420784,0.018363182173262653,0.1491996291388141,-0.007642304021716777,0.001781161362539519
3.56,0.12109484980137515,0.001927213075411122,0.0182988849563877,0.15665924886404248,-0.005815809998986025,0.0017861889109582168
3.56,0.12109485009621473,0.0019271970130940637,0.018272089783539235,0.15665924886404248,-0.009851925458081057,0.0017861791771297184
3.5700000000000003,0.122662693300192,0.001955855229747079,0.01818195393115632,0.15871589256100904,-0.007404020546429448,0.0017911905841921972
3.58,0.12424984271389482,0.001984781472411985,0.018212766056810867,0.15906133135336362,0.008389723981520887,0.001796218132610895
3.58,0.1242498432454082,0.0019847523064145415,0.018166120873450636,0.15906133135336362,0.0013636321284376616,0.0017962083987823965
3.59,0.1258432155862963,0.002013724285734067,0.01820621329097225,0.16317078186659834,0.009088659079727827,0.0018012198058448752
3.6,0.12747553071276527,0.0020434815930119622,0.018352789293500794,0.16436527961165256,0.017477069069378397,0.001806247354263573
3.6,0.1274755308283732,0.002043475240803608,0.018342890411834796,0.16436527961165256,0.015986015828339972,0.0018062376204350747
3.61,0.1291152799348665,0.0020735250950861886,0.01846844065848512,0.15943192042563648,0.00596772024590941,0.0018112490274975533
3.62,0.13071248063114624,0.00210298098526362,0.01845736881237368,0.16371905859324742,-0.004689099557668634,0.0018162765759162512
3.62,0.13071247991466706,0.0021030199032067492,0.0185182502505543,0.16371905859324742,0.0044813773488398285,0.0018162668420877528
3.63,0.1323476526667785,0.0021333231658617834,0.01858425922739796,0.16135723215341638,0.0106702540330363,0.0018212782491502314
3.64,0.13396793486280928,0.0021634980625704,0.018783770139425296,0.17086240327821955,0.024649835574010168,0.0018263057975689294
3.64,0.13396793678678573,0.0021633943522782256,0.018622539532068563,0.17086240327821955,0.00036391846080475673,0.001826296063740431
3.65,0.13567862195000344,0.0021952550493334316,0.018625879047228077,0.17406821866241104,0.00027641671656960864,0.0018313074708029096
3.66,0.13741428339810455,0.002227641658454805,0.01870858734995835,0.16765249926766693,0.012318278257860941,0.0018363350192216075
3.66,0.13741428254099872,0.0022276876902994863,0.018775950461791577,0.16765249926766693,0.022465079645575488,0.001836325285393109
3.67,0.1390874613915298,0.0022590973223352243,0.01899039213715649,0.16350368860918335,0.01948407538597209,0.0018413366924555877
3.68,0.14072381915905696,0.002290118833774823,0.019098113941896318,0.1656994194656907,0.006361482771567605,0.0018463642408742857
3.68,0.14072381919865762,0.0022901167382270177,0.01909492536294729,0.1656994194656907,0.005881192054224582,0.0018463545070457872
3.69,0.14238628684331375,0.0023218602765525584,0.019148357559671432,0.1735534933362398,0.004310343841673543,0.0018513659141082659
3.7,0.14411672643548148,0.002354960781748633,0.0191345043665611,0.1670559456293683,-0.00426894550661489,0.0018563934625269638
3.7,0.14411672550551033,0.0023550094396587685,0.019206251387958232,0.1670559456293683,0.006538197400902742,0.0018563837286984654
3.71,0.14579202559589519,0.0023871614245497283,0.019241564739358667,0.1739210696305731,-0.0022416663385020994,0.001861395135760944
3.72,0.14753119569532425,0.0024206043929918346,0.019181784365761526,0.1743030205511158,-0.007869704241043184,0.001866422684179642
3.72,0.1475311944912695,0.002420667032910981,0.019273545665572454,0.1743030205511158,0.0059521584805771,0.0018664129503511435
3.73,0.14927824753768182,0.0024543503299300187,0.01934053648000729,0.18021418478560508,0.008133130294124229,0.0018714243574136221
3.74,0.15107622575853055,0.0024890889257958744,0.01936580787793707,0.175009300566471,-0.00031108652551647097,0.00187645190583232
3.74,0.15107622551124303,0.0024891017291923294,0.019383929697417833,0.175009300566471,0.0024185751253667743,0.0018764421720038216
3.75,0.15282574471105384,0.0025229419584523968,0.019330009151349116,0.17467406490920143,-0.020388011548279957,0.0018814535790663003
3.76,0.15457371028925637,0.0025567849746877115,0.019198867636268515,0.17678497295066514,-0.009431508628274826,0.001886481127484998
3.76,0.15457370959396097,0.002556820917767483,0.01925054439034816,0.17678497295066514,-0.0016475190568592491,0.0018864713936564996
3.77,0.15633556310213093,0.0025907634687083784,0.019256196475238765,0.16907663670275183,0.004813517286074147,0.0018914828007189784
3.78,0.15803567308056932,0.002623452349263173,0.01922690866144789,0.182208058625987,-0.00684858749231757,0.0018965103491376761
3.78,0.15803567097382915,0.0026235616994823917,0.019387257893376662,0.182208058625987,0.01730456940283704,0.0018965006153091777
3.79,0.15985404040367823,0.002658812066423262,0.01955302088625585,0.17762665515214757,0.015178062825631975,0.0019015120223716566
3.8,0.16163123688718822,0.002693532182226222,0.019656990139207176,0.179352144378888,0.007976309282917652,0.0019065395707903543
3.8,0.16163123643857139,0.002693555207480673,0.019689516698808324,0.179352144378888,0.012875734667475467,0.0019065298369618558
3.81,0.16343005796543486,0.002728959543950482,0.019800133088189432,0.18703215660489042,0.0075786801527426536,0.0019115412440243347
3.82,0.16528981998303888,0.002765778725851108,0.01986328032161445,0.17317022759373946,0.005674801551066031,0.0019165687924430324
3.82,0.16528981944707966,0.0027658058716950353,0.019900384532638638,0.17317022759373946,0.011263751492130901,0.001916559058614534
3.83,0.16702410582658575,0.0028003264680745597,0.02001617082731532,0.17715082302527382,0.012183176952931463,0.0019215704656770128
3.84,0.168797975765335,0.002835889016947148,0.020211629319513643,0.18084659068353007,0.02327345635689269,0.0019265980140957106
3.84,0.16879797672012933,0.0028358411830504107,0.02014354112672791,0.18084659068353007,0.01301743714632444,0.0019265882802672121
3.85,0.17060589049774413,0.0028722568189620103,0.02026665280014625,0.18059448482417212,0.010955170202007473,0.001931599687329691
3.86,0.17241265272802528,0.0029087992215620995,0.020265068774028557,0.18220825489706757,-0.005785032704365822,0.0019366272357483887
3.86,0.17241265243557302,0.0029088136944214454,0.02028527774103882,0.18220825489706757,-0.0027409872479789736,0.0019366175019198903
3.87,0.1742402086968395,0.0029458957160153755,0.02026227104326362,0.19016212525434367,-0.001455285723492382,0.0019416289089823691
3.88,0.17614296926007392,0.0029844846944720844,0.020287319075647677,0.19224318951638275,0.004509735054279813,0.0019466564574010668
3.88,0.17614296831156936,0.0029845314993291296,0.020350285057627045,0.19224318951638275,0.013994203570354465,0.0019466467235725684
3.89,0.17805964364382645,0.0030235537129817123,0.020501418949040975,0.18495624560927745,0.01726216064997673,0.0019516581306350473
3.9,0.17990308211740744,0.0030613369168076493,0.02065351417746812,0.1771560997948231,0.014170304056005605,0.001956685679053745
3.9,0.1799030833354322,0.003061277326919195,0.020573316055756328,0.1771560997948231,0.0020901849740377083,0.0019566759452252468
3.91,0.1816853876247906,0.0030979592070617527,0.020603045646514613,0.1922765533150496,0.004667834248927683,0.001961687352287726
3.92,0.18360296964707443,0.003137427309994232,0.02058874404423763,0.18578091856978865,-0.004517480552277922,0.0019667149007064244
3.92,0.18360296859122904,0.003137478609520708,0.020657480861363448,0.18578091856978865,0.005836239939822055,0.001966705166877926
3.93,0.18546697919539035,0.0031759826883950046,0.02070897635553696,0.19475341876158042,0.0038311433655897663,0.0019717165739404053
3.94,0.18741318176238522,0.0032162339449507862,0.02067069073269535,0.1935087452567544,-0.007706552830629523,0.0019767441223591036
3.94,0.18741318171227497,0.00321623636735188,0.02067387079981203,0.1935087452567544,-0.007227544237433559,0.001976734388530605
3.95,0.18934667912037811,0.0032561985271886413,0.02058634980662292,0.1919082670024324,-0.011679156821363506,0.0019817457955930845
3.96,0.19126884295696173,0.0032957531924011282,0.020441708360007096,0.19665091680210142,-0.01587414094737365,0.001986773344011783
3.96,0.1912688424870852,0.003295775977974719,0.02047153536299926,0.19665091680210142,-0.011381345601138307,0.0019867636101832844
3.97,0.19323527745791844,0.00333603983046134,0.020359816155235067,0.19711044529991212,-0.010769837236216889,0.0019917750172457637
3.98,0.1952063375274947,0.003376153522840603,0.020223591686700775,0.19760503183197062,-0.015066678999436043,0.001996802565664462
3.98,0.19520633550395206,0.003376252633100843,0.02035055598819123,0.19760503183197062,0.004057757439055143,0.0019967928318359637
3.99,0.1971826821890448,0.0034164972950326677,0.02040872503084261,0.1985650616696166,0.00919436433710499,0.002001804238898443
4.0,0.19916755628350896,0.0034569876669533787,0.020470180246163473,0.19807072321987096,0.004601939556985874,0.0020068317873171413
4.0,0.1991675567215221,0.0034569661928239037,0.020442894014699762,0.19807072321987096,0.000491856697884277,0.002006822053488643
4.01,0.20115238883302144,0.0034975609754635617,0.020459969630320256,0.20424355397098945,0.004041644526094831,0.0020118334605511217
4.0200000000000005,0.20319523136641124,0.003539337890853746,0.020468736245735784,0.2053776851684429,-0.000725720410838967,0.0020168610089698205
4.0200000000000005,0.20319523217731325,0.003539298241801941,0.020419335519438888,0.2053776851684429,-0.00816687543622467,0.002016851275141322
4.03,0.2052446039842699,0.0035811524292367167,0.020339044533604436,0.19996935468971966,-0.007764575001784023,0.002021862682203801
4.04,0.20724590353821712,0.0036218273882216096,0.020217473034482666,0.20271493410213348,-0.014381042677262132,0.0020268902306224993
4.04,0.20724590137105176,0.003621933757111536,0.020350313781755645,0.20271493410213348,0.005628553704086034,0.002026880496794001
4.05,0.20927007956235777,0.0036631023086856097,0.020380196889773584,0.19924433474455172,-0.002080802731294423,0.0020318919038564798
4.0600000000000005,0.2112671087343593,0.0037038252517248996,0.02038132746410835,0.2060439968613841,0.001223774916404245,0.0020369194522751786
4.0600000000000005,0.21126710683891722,0.0037039182825112853,0.020498204001081433,0.2060439968613841,0.018828706981979606,0.00203690971844668
4.07,0.2133287915025663,0.0037461470311108388,0.02065316632822974,0.20832432841062712,0.009098075033351727,0.002041921125509159
4.08,0.21540197573061862,0.0037889421318695856,0.020708987660091237,0.19524788500293888,0.0038020661876450416,0.0020469486739278574
4.08,0.21540197451897963,0.0037890009813193646,0.020780577669616954,0.19524788500293888,0.014585558639722317,0.002046938940099359
4.09,0.217359508668912,0.003829686616115718,0.02092746267372963,0.20269620796454915,0.01488614265350528,0.0020519503471618378
4.1,0.21938590143729753,0.003872095589003629,0.021070722631630644,0.2025254539062496,0.014042402093393098,0.002056977895580536
4.1,0.21938590234282565,0.003872052175514943,0.02101641106679765,0.2025254539062496,0.005861535051788628,0.0020569681617520377
4.11,0.22141488186880087,0.0039147657487503176,0.021133088460649905,0.20820141280539037,0.022815315593818573,0.002061979568814517
4.12,0.22349391095221974,0.003958633810745291,0.021269884564392806,0.20477196057783098,0.009054344065550906,0.0020670071172332154
4.12,0.2234939112289955,0.003958620680469614,0.02125384220564938,0.20477196057783098,0.006637908370552303,0.002066997383404717
4.13,0.22554531613326131,0.004002181554427684,0.021280103807421954,0.21041150412700133,-0.005076164120373713,0.002072008790467196
4.14,0.22765318681928048,0.004047102661354334,0.021300099675073233,0.21616865800724802,0.005581930042775366,0.002077036338885894
4.14,0.2276531861073666,0.004047136153446007,0.021340532303291054,0.21616865800724802,0.011672234319769215,0.0020770266050573957
4.15,0.2298169248314532,0.004093329975903039,0.021466879831153068,0.21962925451204637,0.01448273252314028,0.002082038012119875
4.16,0.232010968286395,0.0041403420916134755,0.021502551426242588,0.21725599245728017,-0.0019592263463171847,0.0020870655605385734
4.16,0.23201096660042417,0.004140420812252103,0.021593615604034517,0.21725599245728017,0.011757629963376658,0.002087055826710075
4.17,0.23418434251728984,0.004187310252081251,0.02167085947892916,0.21905311853449033,-1.920458268320213e-05,0.002092067233772554
4.18,0.2363748147156975,0.004234812846886113,0.021700327534292532,0.21967315516825467,0.004448450603163814,0.002097094782191252
4.18,0.2363748148364664,0.0042348072630971935,0.021693892827150146,0.21967315516825467,0.003479200614779479,0.0020970850483627537
4.19,0.23856847528502198,0.004282328501191574,0.021667145247408818,0.21619725959451794,-0.01449000222231912,0.002102096455425233
4.2,0.24072873942201928,0.00432909549568737,0.021467726840592023,0.21456254159258709,-0.022702022204707854,0.0021071240038439314
4.2,0.240728736507069,0.00432922999151946,0.02162352431045757,0.21456254159258709,0.000765509808181658,0.002107114270015433
4.21,0.24287586334629835,0.004375675676993734,0.02163949998205962,0.21728691482339516,0.003195069109660852,0.002112125677077912
4.22,0.2450535062896558,0.004422880230208629,0.021757529611513192,0.22447322524184593,0.016161006510768346,0.00211715322549661
4.22,0.24505350706620152,0.004422844348646655,0.021715826060803873,0.22447322524184593,0.009879265143808543,0.0021171434916681118
4.23,0.24729257740440566,0.004471486644835452,0.021823787027075336,0.21749323254866915,0.01255636000128845,0.002122154898730591
4.24,0.24946975429233093,0.004519023078726609,0.02196618614362312,0.22125060203198646,0.01509226782814406,0.0021271824471492894
4.24,0.2494697547676346,0.004519001256059556,0.021941123125083575,0.22125060203198646,0.011317064094579245,0.002127172713320791
4.25,0.25168596516068364,0.004567653899969536,0.022069514761398786,0.22701332693764154,0.015761506630615256,0.00213218412038327
4.26,0.25396111368102753,0.004617894684978293,0.022250931853836062,0.2345865202920173,0.0193467690272763,0.002137211668801968
4.26,0.25396111520375536,0.004617825506659316,0.02217344359742049,0.2345865202920173,0.007674832765250961,0.0021372019349734698
4.2700000000000005,0.25630367022074463,0.004669721464811632,0.022207573331491724,0.230867276353872,-0.004769549848465109,0.002142213342035949
4.28,0.2586067981333468,0.004720940033431522,0.02222872732410214,0.2241023952622659,0.005601142549421649,0.0021472408904546474
4.28,0.25860679819488935,0.0047209372590713925,0.02222570646142366,0.2241023952622659,0.005146114674611237,0.002147231156626149
4.29,0.260855388446105,0.004770945860160152,0.022296101049368928,0.23514602673348575,0.010674569902192739,0.002152242563688628
4.3,0.2631972261824675,0.0048231289202724514,0.022360003501827548,0.22285302534117757,0.004221157910790004,0.0021572701121073262
4.3,0.2631972247684929,0.004823192411281581,0.02242892165846025,0.22285302534117757,0.01460219329244954,0.002157260378278828
4.3100000000000005,0.2654340070713786,0.004873366454876514,0.022572634829986202,0.23483807457029315,0.013928048329112225,0.002162271785341307
4.32,0.26777737391790307,0.004926209736442827,0.022644830405745036,0.22883086250140805,0.003823152425126451,0.0021672993337600054
4.32,0.2677773725988159,0.004926268337016603,0.0227085626291547,0.22883086250140805,0.013423038703187364,0.002167289599931507
4.33,0.27006422702965727,0.0049782349237372,0.022863469496862653,0.22765634879357052,0.01946045136786328,0.002172301006993986
4.34,0.27234601760830374,0.005030331230286252,0.022967312550092763,0.23557194759602554,0.005789192903586758,0.0021773285554126842
4.34,0.27234601716034174,0.005030350885706091,0.02298898186736652,0.23557194759602554,0.009053208662367992,0.002177318821584186
4.3500000000000005,0.2746973596778222,0.005084399056230389,0.023066951535989224,0.23046523815800038,0.00538505532784965,0.002182330228646665
4.36,0.27700192626383013,0.005137539716256455,0.023090276380622773,0.23118151658907946,0.0007870150293795598,0.0021873577770653635
4.36,0.2770019241043043,0.005137633516596711,0.02319225351078225,0.23118151658907946,0.016147672482067416,0.002187348043236865
4.37,0.2793153953724402,0.0051913095986662414,0.023362931600597412,0.23427978486246293,0.018834417795273367,0.002192359450299344
4.38,0.28166083542950754,0.005246145950949156,0.023583712858008626,0.23874377201806413,0.023720364924283498,0.0021973869987180423
4.38,0.2816608378437364,0.005246042286987496,0.023471809613177057,0.23874377201806413,0.006864552164953075,0.002197377264889544
4.39,0.28404843540499036,0.005302075075139143,0.023526291117131514,0.23985495438010682,0.002728740991157384,0.0022023886719520227
4.4,0.28644616408281914,0.005358500444630922,0.023559156663424428,0.2396414416960082,0.00356896705011929,0.0022074162203707215
4.4,0.2864461622350669,0.005358579096931174,0.023642040295652967,0.2396414416960082,0.01605360042925162,0.002207406486542223
4.41,0.28884477383822066,0.005415286520468285,0.023794193712230367,0.2435401758880591,0.013605933341857793,0.002212417893604702
4.42,0.2912771214457454,0.005473090761213349,0.023844544118929712,0.24032131974234486,0.0006957302216805683,0.0022174454420234003
4.42,0.2912771202625285,0.005473140624255207,0.023896400859495168,0.24032131974234486,0.00850683087918249,0.002217435708194902
4.43,0.29368591562233987,0.00553069186540318,0.023965677307984386,0.2488458359061696,0.003895699087299865,0.0022224471152573807
4.44,0.29617136491008056,0.005590310001434008,0.02404682040744822,0.24572656281222016,0.010250127401886796,0.0022274746636760795
4.44,0.2961713621547558,0.0055904251483142675,0.024164671290492882,0.24572656281222016,0.02800182370982185,0.002227464929847581
4.45,0.2986298357204563,0.005649905056323618,0.024488578824241932,0.2483471124789498,0.04081724426395733,0.00223247633691006
4.46,0.301112445263113,0.005710568617906862,0.024750146849591367,0.2481832626977349,0.01873444754744908,0.0022375038853287583
4.46,0.3011124481298702,0.005710450905378601,0.024630380607086985,0.2481832626977349,0.0006942436053656853,0.00223749415150026
4.47,0.3035910188240941,0.005771507887320039,0.024634767568150393,0.24477049369780596,-5.194029856366586e-05,0.0022425055585627387
4.48,0.3060442459607693,0.00583194029415141,0.024619418051248974,0.25329073013326436,-0.002285777429383702,0.0022475331069814375
4.48,0.3060442456026054,0.005831954848133953,0.024634317467151907,0.25329073013326436,-4.150144738478915e-05,0.002247523373152939
4.49,0.3085760327940273,0.005894346126392606,0.02464090473230161,0.2528128530672673,0.0020031236676488068,0.002252534780215418
4.5,0.3111000344580965,0.0059565307572870384,0.02463934460780591,0.24824308858207877,-0.001249149684078187,0.0022575623286341163
4.5,0.3111000330510909,0.005956587858465067,0.024696337015569097,0.24824308858207877,0.007335528583344647,0.002257552594805618
4.51,0.31358347868687697,0.006017907811346101,0.024752060017445753,0.2506519713650133,0.0021870037383492106,0.0022625640018680967
4.5200000000000005,0.3160955175836478,0.0060800335443307015,0.02470848487083767,0.2592005705451211,-0.007670903143817509,0.0022675915502867955
4.5200000000000005,0.31609551535703406,0.006080123577694709,0.02479907870643405,0.2592005705451211,0.0059751062481401196,0.002267581816458297
4.53,0.3186851674529243,0.006144284698913897,0.024807799798248615,0.257080984631409,-0.008925349782480992,0.002272593223520776
4.54,0.32125234219832927,0.006207981353715507,0.024716222854232642,0.2532127369860761,-0.009275326890058559,0.0022776207719394743
4.54,0.32125233799609293,0.006208150781537603,0.02488224174420523,0.2532127369860761,0.015731841830578668,0.002277611038110976
4.55,0.32378544350766447,0.006271174485442626,0.02502641434174007,0.2556085139545301,0.011893338264454038,0.0022826224451734547
4.5600000000000005,0.32634545554689015,0.006335227332519673,0.025117335255313504,0.2620371324463681,0.007673863357359426,0.0022876499935921535
4.5600000000000005,0.3263454565022042,0.006335189076308074,0.025079584932825166,0.2620371324463681,0.0019875906453795545,0.002287640259763655
4.57,0.328958433525888,0.006400738618643803,0.025101799077233533,0.2531010986679294,0.0026703425924392774,0.002292651666826134
4.58,0.3314887573912721,0.006464166532219684,0.025028973398114093,0.25324757682933885,-0.012321572621884002,0.0022976792152448323
4.58,0.33148875389069626,0.006464306067114797,0.025166411388474984,0.25324757682933885,0.008380499378161453,0.002297669481416334
4.59,0.3340201893335363,0.006527974768721493,0.025213567935964954,0.2529215587837788,-0.002320634787179315,0.0023026808884788127
4.6000000000000005,0.3365514161109928,0.006591745915270284,0.025127154419845713,0.25674817080973755,-0.011841432817925062,0.0023077084368975116
4.6000000000000005,0.3365514124122008,0.006591892731631782,0.0252730890416408,0.25674817080973755,0.010140473638711683,0.002307698703069013
4.61,0.3391163682549948,0.006656708904742128,0.025359072574339205,0.2544271612769373,0.005637571432415969,0.002312710110131492
4.62,0.3416612541959149,0.00672130972616403,0.025465831091074587,0.2563770898730118,0.013226655064549859,0.0023177376585501903
4.62,0.34166125441505857,0.006721301072910066,0.02545728468950807,0.2563770898730118,0.011939323809874705,0.002317727924721692
4.63,0.34422171209386637,0.006786504647083274,0.025581701849487503,0.2530008664013754,0.01340627991637952,0.0023227393317841708
4.64,0.34675450997741913,0.006851302192534859,0.025706020129700587,0.25792006897805686,0.011938478092490691,0.002327766880202869
4.64,0.34675451186491796,0.006851228255067913,0.025632752356625956,0.25792006897805686,0.0009022667109717768,0.0023277571463743707
4.65,0.3493350619213199,0.006917381122873788,0.02563604003969243,0.26090745176762026,-0.0007723154307783802,0.00233276855343685
4.66,0.35194518836375305,0.006984304168378483,0.02562354384808089,0.2635040422406031,-0.0014912706604192404,0.0023377961018555484
4.66,0.35194518570051525,0.006984408081270953,0.02572437830301781,0.2635040422406031,0.013697267390144666,0.00233778636802705
4.67,0.3545887628389442,0.007052397709565955,0.025841054472911715,0.27629967328563454,0.007770805713061563,0.0023427977750895288
4.68,0.3573489577923014,0.0071237019680062685,0.025883536634423738,0.27374224314692036,0.0024647835175441012,0.002347825323508227
4.68,0.3573489557938611,0.0071237794371138904,0.025955424523352106,0.27374224314692036,0.013293145083501554,0.0023478155896797287
4.69,0.3600801729345194,0.00719469367417296,0.026093851457533613,0.2665566562508443,0.014897794408226857,0.002352826996742208
4.7,0.36274694828487336,0.00726422568229745,0.026177135776256986,0.26943249084683735,0.005002465187007725,0.0023578545451609064
4.7,0.36274694741868774,0.007264258955521843,0.02620829055032579,0.26943249084683735,0.009695260637697132,0.002357844811332408
4.71,0.36543961291457966,0.007334833533428955,0.026297419234622126,0.26843355480771847,0.007410720681547807,0.002362856218394887
4.72,0.3681255558492093,0.007405495093414759,0.02638268854994764,0.27188262012429776,0.009092051829073761,0.002367883766813585
4.72,0.36812555606878344,0.007405486729635844,0.026374852983007332,0.27188262012429776,0.007911792495148211,0.0023678740329850867
4.73,0.3708458574833809,0.007477251416589886,0.026454308187534414,0.2751752723407892,0.008010276178766327,0.002372885440047566
4.74,0.3735952242699659,0.0075499112345228155,0.026451896912060437,0.27323641707073204,-0.004418685681920002,0.0023779129884662644
4.74,0.3735952223818112,0.007549982702726212,0.026517642973455963,0.27323641707073204,0.005484541898427585,0.002377903254637766
4.75,0.3763271822122484,0.007622447598402265,0.026574310063641336,0.27399314052842505,0.006016459343793858,0.002382914661700245
4.76,0.3790654426619724,0.007695073034326315,0.026488279539802564,0.27303046920165525,-0.016004685144496544,0.002387942210118943
4.76,0.37906543934396536,0.00769519800784668,0.02660320925687394,0.27303046920165525,0.0013070004491947049,0.0023879324762904447
4.7700000000000005,0.3817954942297677,0.0077678748460252136,0.02663693609750635,0.2740058749846681,0.007338677023187165,0.002392943883352924
4.78,0.3845389692280366,0.007840988955251408,0.026727844061591982,0.2799752444851434,0.009977867364481034,0.0023979714317716224
4.78,0.3845389690492856,0.007840995668881336,0.026734018943700238,0.2799752444851434,0.01090798030968082,0.002397961697943124
4.79,0.3873420417452368,0.007915866536770684,0.026788730001082662,0.2858489726207629,-0.004967378707205466,0.002402973105005603
4.8,0.3901998860556125,0.007992531903033569,0.02681817206132189,0.2863693416592873,0.006949719055079738,0.002408000653424301
4.8,0.3901998861689944,0.00799252766675989,0.02681440480323885,0.2863693416592873,0.0063822627944561516,0.0024079909195958028
4.8100000000000005,0.3930600623379241,0.008069173273888527,0.026836326825439828,0.28298313151925475,-0.005852471526967131,0.002413002326658282
4.82,0.3958888656157291,0.008145125958978464,0.026795320754445566,0.2829714849106786,-0.003213665224718657,0.0024180298750769804
4.82,0.39588886522123234,0.008145140663007838,0.02680836218969965,0.2829714849106786,-0.0012492539952977891,0.002418020141248482
4.83,0.39871875565910525,0.008221009498088256,0.02678695972630955,0.2845927762298441,-0.003850900060858825,0.002423031548310961
4.84,0.40156291834555147,0.008297221045528083,0.026754516479945468,0.2835809344410087,-0.002937224877057072,0.002428059096729659
4.84,0.40156291825635393,0.00829722437348833,0.026757465653810743,0.2835809344410087,-0.0024929953773440627,0.0024280493629011608
4.8500000000000005,0.4043980716190973,0.008373108435980919,0.026735337151530474,0.2840695580258564,-0.0016749877584783797,0.00243306076996364
4.86,0.40723762619673304,0.008449090123859556,0.026760360170082036,0.28390012555385696,0.004617199002941845,0.0024380883183823384
4.86,0.4072376269484611,0.00844906202561894,0.02673544645798873,0.28390012555385696,0.0008644850685362577,0.00243807858455384
4.87,0.41008048648402334,0.0085250947937209,0.026750112499084374,0.2905282872447469,0.0026226378126590283,0.002443089991616319
4.88,0.4129841278048774,0.008602890210572752,0.026867271807105027,0.28971306098536287,0.016319724454415332,0.0024481175400350172
4.88,0.4129841292113289,0.008602837637855801,0.026821338918829648,0.28971306098536287,0.009400924508708787,0.002448107806206519
4.89,0.4158811574094583,0.008680529624447632,0.026897483718221298,0.29099001169313315,0.0041846097799755535,0.0024531192132689976
4.9,0.41879341673278814,0.008758857516353379,0.02691902723329716,0.29562968396050576,0.0011264631333799597,0.0024581467616876965
4.9,0.4187934159566588,0.008758886401821868,0.02694407214739541,0.29562968396050576,0.004898939822943492,0.002458137027859198
4.91,0.4217447488185065,0.008838392415436836,0.026972229405341587,0.2903361529303627,-0.0011839245459393018,0.002463148434921677
4.92,0.42464922436830127,0.0089168071514652,0.02700830737011825,0.29328980883828104,0.006033770748814129,0.0024681759833403752
4.92,0.424649224084633,0.008916817673146766,0.027017388809856515,0.29328980883828104,0.0074016939760963,0.002468166249511877
4.93,0.4275801917399307,0.008995983037031413,0.027066299751781236,0.29211845798504144,7.088794239931782e-05,0.0024731776565743557
4.94,0.43050327546637945,0.009075189524298888,0.027127338742418294,0.29615947703654616,0.00915831932017211,0.0024782052049930545
4.94,0.43050327532312416,0.00907519482045796,0.027131899334962174,0.29615947703654616,0.009845274324085869,0.002478195471164556
4.95,0.43346975441766333,0.009155721954861978,0.02724323039677196,0.3042863306395473,0.013605668795748281,0.002483206878227035
4.96,0.4365016094561875,0.00923839479184736,0.02742508518379555,0.29085106186151233,0.02050416565125531,0.0024882344266457333
4.96,0.4365016128698761,0.009238269297860119,0.027320113801038347,0.29085106186151233,0.00469248855908002,0.002488224692817235
4.97,0.4394078113668163,0.009317632198900958,0.02733374794167145,0.2891804493541164,-0.00502821625392811,0.0024932360998797137
4.98,0.4422991109441592,0.009396766008189228,0.027356193856880304,0.289966076760274,0.005926701654964882,0.0024982636482984125
4.98,0.44229910894205926,0.009396839284883073,0.027419633397906765,0.289966076760274,0.015482501638149971,0.002498253914469914
4.99,0.44520329881762266,0.009476542504690457,0.027606256825005386,0.2976109181123052,0.024767453491787828,0.002503265321532393
5.0,0.4481840371088963,0.00955874936271529,0.027767782986106365,0.3054459908354495,0.011791057134702354,0.0025082928699510913
5.0,0.4481840384849259,0.009558699392607011,0.027725129579018813,0.3054459908354495,0.005366240370028591,0.002508283136122593
5.01,0.45123605709478654,0.009643314347417964,0.027764354316438068,0.3037211496072217,0.0011505253932396807,0.0025132945431850717
5.0200000000000005,0.4542701694527561,0.009727663347932644,0.02784817259723917,0.3011012021003771,0.012042924829859247,0.0025183220916037705
5.0200000000000005,0.45427017116129836,0.00972760175254813,0.027797036641447195,0.3011012021003771,0.004340394868406987,0.002518312357775272
5.03,0.4572770742559816,0.009811254201595173,0.027868911781051376,0.2970962556928809,0.012653817802045594,0.002523323764837751
5.04,0.46024510845639394,0.009894175147687794,0.028150087406059912,0.29468928162100233,0.035946617362373735,0.0025283513132564493
5.04,0.46024511309067306,0.009894008706246729,0.028009817914981788,0.29468928162100233,0.014818040786974657,0.002528341579427951
5.05,0.4631952951050075,0.009976684280464988,0.028170083054508823,0.3007362716447936,0.018346712474383173,0.0025333529864904297
5.0600000000000005,0.46620944413480875,0.010061524329981822,0.02827685093458062,0.3115865119829581,0.006793623831422322,0.0025383805349091285
5.0600000000000005,0.4662094469135641,0.0100614254526055,0.028193586162726027,0.3115865119829581,-0.005748420020316185,0.00253837080108063
5.07,0.4693178464914405,0.010149091078461184,0.02813927554141064,0.30311637827439847,-0.004821753356411704,0.002543382208143109
5.08,0.4723464173555929,0.010234424138175055,0.028164314847091605,0.3012251065733729,0.006212811079266946,0.0025484097565618073
5.08,0.4723464185539559,0.010234381577497748,0.02812916571988517,0.3012251065733729,0.0009183523909841555,0.002548400022733309
5.09,0.4753569794436298,0.010319066476981375,0.02812529433031186,0.3005461593437949,-0.002893606773352578,0.0025534114297957877
5.1000000000000005,0.47835622451867443,0.010403500163433398,0.028143796819009664,0.29370938788614276,0.004251989638824465,0.0025584389782144865
5.1000000000000005,0.47835622278209405,0.010403561884012863,0.028195396541639512,0.29370938788614276,0.012024376082052084,0.002558429244385988
5.11,0.4812994884286088,0.010486608134148237,0.028338516355280667,0.3036935860963409,0.018704051079977024,0.002563440651448467
5.12,0.48433335580734244,0.010572566348938519,0.028492005623908242,0.30117684496032604,0.013650279343968355,0.0025684681998671653
5.12,0.48433335972440844,0.010572427882388281,0.02837613572736061,0.30117684496032604,-0.0038030240306525936,0.002568458466038667
5.13,0.4873446553607037,0.010657928570848506,0.028355263890268097,0.3021840371422957,0.0012071303806700188,0.0025734698731011457
5.14,0.4903657539679621,0.010743578013481376,0.02833601500026461,0.3028259223164858,-0.003510581989914576,0.002578497421519844
5.14,0.4903657505953724,0.01074369693119935,0.028435224747525974,0.3028259223164858,0.011433228855383356,0.0025784876876913457
5.15,0.49339033117862163,0.010829684888514301,0.028525927688958005,0.2994857996174016,0.004533596282212631,0.002583499094753825
5.16,0.4963857856336119,0.010915111058492083,0.028533499476776164,0.3019526788657943,-0.0011547630127792946,0.0025885266431725233
5.16,0.4963857821140393,0.010915234584507279,0.028636971368746135,0.3019526788657943,0.014431048100424958,0.002588516909344025
5.17,0.4994043409769956,0.011001739225301406,0.02880424373236132,0.3023215903987508,0.02113578490026331,0.0025935283164065038
5.18,0.5024278410600492,0.011088782792778328,0.028957182294649563,0.3044112211304463,0.012336178062468511,0.002598555864825202
5.18,0.5024278427824266,0.011088722856822891,0.02890722129425515,0.3044112211304463,0.004810629815993525,0.0025985461309967037
5.19,0.5054674876167518,0.0111765182927049,0.028898214609950505,0.3000606768768637,-0.011866030446016433,0.002603557538059183
5.2,0.5084642478082411,0.01126321184479606,0.028836665450256305,0.29653526083755005,-0.0032634670074406583,0.0026085850864778813
5.2,0.508464245651654,0.01126328648959644,0.028899026332560366,0.29653526083755005,0.00612985628006538,0.002608575352649383
5.21,0.5114326555368353,0.01134915772842658,0.028998356114799152,0.3023805556062062,0.01723475219953649,0.0026135867597118618
5.22,0.5144559769633101,0.01143673106631717,0.029068169769340887,0.3034464347663449,0.0017902342689828672,0.00261861430813056
5.22,0.5144559745140421,0.01143681561236307,0.029138942743365703,0.3034464347663449,0.012450657926749173,0.0026186045743020617
5.23,0.5174825071969443,0.011524971093782609,0.029228196891946747,0.2944073103041436,0.0021571522368184857,0.002623615981364541
5.24,0.5204362448572228,0.011611347769166832,0.029266460552671663,0.30926469839211895,0.0046714632303679025,0.0026286435297832394
5.24,0.5204362453031129,0.011611332491472484,0.029253524981115653,0.30926469839211895,0.002722998086115936,0.002628633795954741
5.25,0.5235217398790893,0.011701647008582127,0.029296671191289266,0.3013366231615519,0.007370444908921796,0.00263364520301722
5.26,0.5265358802567686,0.011789878862485541,0.029289256675369954,0.3041446826118233,-0.004848379375150211,0.002638672751435918
5.26,0.5265358768863699,0.011789993964502732,0.029384914498922603,0.3041446826118233,0.009560410693407618,0.0026386630176074197
5.2700000000000005,0.5295726570382338,0.011879229195884567,0.029465170852267773,0.2995818192385592,0.005078955491062268,0.002643674424669899
5.28,0.5325703443691697,0.011967612202453744,0.02954109690342533,0.3038943801912072,0.00886522705809082,0.0026487019730885974
5.28,0.5325703459275541,0.011967559256088228,0.029496821433382656,0.3038943801912072,0.0021960814583011903,0.002648692239260099
5.29,0.5356075029593566,0.012057111913948256,0.02948340268838305,0.3032596951285271,-0.00813454513337952,0.002653703646322578
5.3,0.5386382388022103,0.012146593105769599,0.029484103296045054,0.3025248635624299,0.00422392588464752,0.002658731194741276
5.3,0.5386382391926346,0.012146579866316527,0.029473108952747854,0.3025248635624299,0.002567864951755575,0.0026587214609127777
5.3100000000000005,0.5416595856467918,0.012235690885969215,0.029520555686911417,0.2990055700141818,0.008924019656532778,0.002663732867975257
5.32,0.544648580530992,0.012323967099935494,0.02962134181641131,0.2993352385904868,0.01066316568370768,0.0026687604163939554
5.32,0.5446485826240685,0.012323896178973021,0.029561885049884374,0.2993352385904868,0.0017072848657592038,0.002668750682565457
5.33,0.5476423688514493,0.01241241354549861,0.029572745461347905,0.3017039819034935,-0.00010671083213100872,0.002673762089627936
5.34,0.5506531756141647,0.01250154950905915,0.02963200577438036,0.2950227341565452,0.008980315376294474,0.002678789638046634
5.34,0.550653175659614,0.0125015479721374,0.02963071995934371,0.2950227341565452,0.00878663504527659,0.0026787799042181358
5.3500000000000005,0.553609137281721,0.012589160556243938,0.029718404550018278,0.3045844109623891,0.00873356224221878,0.002683791311280615
5.36,0.5566474775691105,0.012679443264157127,0.029773604625140143,0.2962051218054906,0.0038930344360041304,0.0026888188596993134
5.36,0.5566474753936274,0.012679516538925219,0.02983474360533288,0.2962051218054906,0.013102304497621469,0.002688809125870815
5.37,0.5596097898260277,0.01276783242890564,0.029911449629635673,0.29835259060960817,-0.0027579511067310335,0.002693820532933294
5.38,0.5625892755322632,0.01285714062416924,0.03001959122195014,0.2946787333313868,0.017685508862068718,0.002698848081351992
5.38,0.5625892780353146,0.012857056845738079,0.029948840024775537,0.2946787333313868,0.007028365417581733,0.0026988383475234938
5.39,0.5655380528290833,0.012945424185492284,0.030036436652955707,0.2991809008720318,0.012083653604898652,0.0027038497545859726
5.4,0.5685264758593548,0.013035294148633626,0.030225979339835365,0.29641402329327454,0.022432754880371247,0.0027088773030046714
5.4,0.5685264809378137,0.01303512490108207,0.03008293956916998,0.29641402329327454,0.0008868953737749506,0.002708867569176173
5.41,0.5714908343573314,0.013124359834384465,0.030110871429737243,0.29852964141953536,0.006453153815964254,0.002713878976238652
5.42,0.5744756289871248,0.013214216918880754,0.03013753008771236,0.2996860099611271,0.0007484204276896828,0.0027189065246573502
5.42,0.5744756296401772,0.01321419522369647,0.03011919452539075,0.2996860099611271,-0.002013436976850002,0.0027188967908288518
5.43,0.5774726532160184,0.013304518839317634,0.03011606308831877,0.30175846850299054,0.002951320943357113,0.0027239081978913306
5.44,0.5804870221995925,0.013395330678705103,0.030148467766262364,0.2992456756657316,0.0033868583746243575,0.0027289357463100294
5.44,0.580487021082986,0.013395367746252562,0.030179492022093246,0.2992456756657316,0.008059994064925637,0.002728926012481531
5.45,0.5834772419181379,0.013485619442468583,0.030248689444718056,0.2980570166001099,0.004730524809087028,0.00273393741954401
5.46,0.586457546837608,0.013575759234445775,0.0302639638592955,0.2995493686538953,-9.423012130134727e-05,0.0027389649679627082
5.46,0.5864575428189881,0.013575892185265278,0.030376056533776067,0.2995493686538953,0.016790116133187125,0.00273895523413421
5.47,0.5894541387279544,0.013667004425471203,0.030579592418690064,0.30293091298514835,0.02719524913562492,0.0027439666411966887
5.48,0.5924778187310806,0.013759302398321687,0.030689896443134603,0.29719211991165845,0.0028463904836890236,0.0027489941896153875
5.48,0.5924778174927291,0.013759342999029147,0.03072378911638125,0.29719211991165845,0.007951591454568117,0.002748984455786889
5.49,0.5954527600482804,0.01385075877999254,0.030794625728094667,0.30320940069574615,0.005417285270601422,0.002753995862849368
5.5,0.5984784386261595,0.01394384259109401,0.030748411581709472,0.2964329434546657,-0.00970385319771855,0.0027590234112680662
5.5,0.5984784361294214,0.013943923771195016,0.030816206938720277,0.2964329434546657,0.0005080566128154804,0.002759013677439568
5.51,0.6014447657154193,0.014035345423277236,0.030810264775214098,0.301067514774663,-0.0027105166316444738,0.0027640250845020467
5.5200000000000005,0.6044529867859233,0.014128027900298854,0.030757201667691154,0.2996716091808772,-0.0066205211829244055,0.0027690526329207455
5.5200000000000005,0.6044529830854554,0.014128147987163763,0.030858018119842328,0.2996716091808772,0.008565305135856092,0.002769042899092247
5.53,0.6074483936664237,0.014220488629832741,0.030871217082234642,0.2998313157268263,-0.012590869417501063,0.002774054306154726
5.54,0.6104460415448038,0.014313114564636522,0.030791867216170558,0.30087204043641214,-0.005577785122110027,0.0027790818545734243
5.54,0.6104460396353029,0.014313176419006526,0.030843817529014658,0.30087204043641214,0.0022474101830554736,0.002779072120744926
5.55,0.6134512538333092,0.014405893264055706,0.030863407894162673,0.29804897452063184,0.0014053757652302068,0.0027840835278074047
5.5600000000000005,0.6164255254528006,0.014497646025054352,0.03081640408766772,0.29151819513396154,-0.007791630723330578,0.0027891110762261035
5.5600000000000005,0.6164255233314344,0.014497714749027755,0.030874288071706564,0.29151819513396154,0.0009273443000603334,0.002789101342397605
5.57,0.6193447079991411,0.014587919026638679,0.030912797950427524,0.2988550259190418,0.009464214285494172,0.002794112749460084
5.58,0.6223330208520977,0.014680439229573369,0.031103712320030716,0.3004791323324347,0.02396555095749908,0.0027991402978787823
5.58,0.6223330258764529,0.014680276667740475,0.030965885564982802,0.3004791323324347,0.003204919933702824,0.002799130564050284
5.59,0.6253373403564142,0.014773397155231098,0.0310335437518421,0.3017925275287044,0.013602538155641846,0.0028041419711127627
5.6000000000000005,0.6283532055469715,0.014867008832893087,0.031160068235607737,0.3009664052498098,0.01217143261041753,0.0028091695195314615
5.6000000000000005,0.6283532045312434,0.014867041585095053,0.03118746966375167,0.3009664052498098,0.016298867367359405,0.002809159785702963
5.61,0.6313615623797515,0.014960866442188329,0.03133339770595356,0.301179260071009,0.011317261738807295,0.002814171192765442
5.62,0.6343740351159209,0.015055326435774763,0.031478407092556934,0.3041171219450096,0.016112785064005646,0.0028191987411841403
5.62,0.6343740412338654,0.015055130802800888,0.03131480774651404,0.3041171219450096,-0.008529931495273934,0.002819189007355642
5.63,0.6374128721717571,0.015150399592454837,0.0312751846193886,0.30296509286801243,0.004807250938370906,0.0028242004144181207
5.64,0.6404433861959896,0.01524521059989984,0.03132342372616726,0.3061546407689376,0.0048323452464022944,0.002829227962836819
5.64,0.6404433846667992,0.015245259464747252,0.03136402200713952,0.3061546407689376,0.010947601541687915,0.0028292182290083207
5.65,0.6434987780347906,0.015341060320589715,0.031438244793375196,0.2998301563748451,0.0006538626959101644,0.0028342296360708
5.66,0.6464958034769859,0.01543532969076041,0.0314590355759024,0.30011038353066083,0.0028006428543790275,0.0028392571844894983
5.66,0.6464958035803485,0.01543532640037216,0.0314562901285684,0.30011038353066083,0.0023871003670975295,0.002839247450661
5.67,0.6494948872673961,0.015529723821704339,0.03149581407336577,0.2993830758517566,0.006957668563707123,0.0028442588577234787
5.68,0.652484946951559,0.015623790770460002,0.0314491235432863,0.29626703503647767,-0.010555482383045312,0.002849286406142177
5.68,0.6524849442760254,0.015623875744212173,0.03152048955551024,0.29626703503647767,0.00019426970177989153,0.0028492766723136787
5.69,0.6554501129561171,0.015717377489236156,0.03152678537680882,0.3016678588772763,0.0014653567922484883,0.002854288079376158
5.7,0.6584659189291681,0.015812675916729104,0.0316992345359108,0.30252811844652194,0.02523386272943362,0.0028593156277948563
5.7,0.6584659200799211,0.015812639420214936,0.03166861137117831,0.30252811844652194,0.020621142771170796,0.002859305893966358
5.71,0.6614891838666306,0.015908406558578277,0.03187039673775233,0.30184695072696144,0.019328758540705347,0.0028643173010288367
5.72,0.6645085886428777,0.016004683706167873,0.032076152591050115,0.30520509042130484,0.02120683445633933,0.002869344849447535
5.72,0.6645085929298633,0.01600454886917629,0.03196366890040104,0.30520509042130484,0.004263590040924255,0.0028693351156190367
5.73,0.6675539780537624,0.01610194761901758,0.03202036728538108,0.29825903468336323,0.008369754130189477,0.002874346522681516
5.74,0.6705364835790281,0.016197446985005123,0.03207542476749983,0.30022201592478115,0.0040557462948153595,0.0028793740711002143
5.74,0.6705364842965312,0.016197424557604888,0.03205662558632035,0.30022201592478115,0.0012240546984997238,0.002879364337271716
5.75,0.6735346990725148,0.016293617782516125,0.03209730422943035,0.2968736071534712,0.009527814143546568,0.0028843757443341948
5.76,0.6765051704369889,0.01638886113854482,0.03207991593851541,0.30130857616031037,-0.007442956371809027,0.002889403292752893
5.76,0.6765051679045324,0.016388940065891495,0.03214658818190897,0.30130857616031037,0.002599780570965894,0.0028893935589243947
5.7700000000000005,0.6795164142212919,0.016485712104818563,0.03213521794508309,0.3009212484741025,-0.008311471531970259,0.002894404965986874
5.78,0.6825256199034203,0.01658254586657774,0.032134894479761145,0.30302982572187886,0.004159246454568492,0.0028994325144055724
5.78,0.6825256188400901,0.01658257894769746,0.03216259364985529,0.30302982572187886,0.008331529621142364,0.002899422780577074
5.79,0.6855560087290363,0.01668009425343657,0.03225568485722621,0.3052871456641033,0.011186039088576287,0.0029044341876395528
5.8,0.6885963542736363,0.016778243024112207,0.03240578115733951,0.29040956472361085,0.016945454980333834,0.002909461736058251
5.8,0.6885963573056616,0.016778148951371755,0.03232792232275918,0.29040956472361085,0.005217699102288998,0.0029094520022297527
5.8100000000000005,0.6915050956739591,0.016872264413733015,0.03241009829590071,0.2987917920222934,0.013977228221764131,0.002914463409292232
5.82,0.6944914534886486,0.016969062951104136,0.03252996675880411,0.2988030457943634,0.010979146691050712,0.0029194909577109304
5.82,0.6944914570991758,0.016968951449613964,0.03243549488884613,0.2988030457943634,-0.003251005021103228,0.002919481223882432
5.83,0.6974771588048767,0.017065869863829783,0.03242805570087557,0.2977749489408273,0.0040695416220226785,0.002924492630944911
5.84,0.700457393824574,0.017162524022094807,0.03244936852434321,0.30328491735390206,0.0011499716424412058,0.002929520179363609
5.84,0.7004573942529254,0.01716251081580148,0.032438208504021154,0.30328491735390206,-0.0005310449645565688,0.0029295104455351107
5.8500000000000005,0.7034928349521119,0.017260983295115218,0.032417258968895496,0.3089796987969126,-0.00509756739265412,0.00293452185259759
5.86,0.7065725042308977,0.01736093181380093,0.03243122803069206,0.29741404842050334,0.004684957740558226,0.0029395494010162884
5.86,0.7065725017765784,0.017361007483567836,0.032493415476179725,0.29741404842050334,0.01405215650855546,0.00293953966718779
5.87,0.709548073572711,0.017457770207283715,0.03265916017964737,0.30149876466145303,0.021417166903533114,0.002944551074250269
5.88,0.7125616008594841,0.01755617543197239,0.032832333949969185,0.3016971418079446,0.015241716805717509,0.002949578622668967
5.88,0.7125616026704824,0.017556119887198098,0.032785858878789646,0.3016971418079446,0.008241248687407797,0.0029495688888404687
5.89,0.7155806002781345,0.017655098622964556,0.0328461879421977,0.3066575754531697,0.0017930168726303522,0.0029545802959029476
5.9,0.7186365409626881,0.017755526675517327,0.03287723484095061,0.29444055833971355,0.00376876963722616,0.0029596078443216464
5.9,0.718636539715343,0.017755564684407903,0.032908635433373155,0.29444055833971355,0.00849859232648819,0.002959598110493148
5.91,0.7215883356276808,0.017852779210843932,0.033017679241431626,0.30666492468748857,0.015523355419084943,0.002964609517555627
5.92,0.7246536818924121,0.01795391755562465,0.0330824722114419,0.3071612724373233,0.0019004300509542701,0.002969637065974325
5.92,0.7246536814634137,0.0179539305631426,0.03309327006237991,0.3071612724373233,0.0035268936435704275,0.0029696273321458268
5.93,0.7277166876096801,0.018055392504543067,0.03316367544663032,0.297743451107088,0.013786533006355798,0.0029746387392083056
5.94,0.7306878166663932,0.018153911314326542,0.03325895482590056,0.29139038998047784,0.007371877078988839,0.0029796662876270044
5.94,0.7306878180809503,0.018153868626658375,0.033223210091154656,0.29139038998047784,0.001987702947883802,0.002979656553798506
5.95,0.7336033285843055,0.018250753921473083,0.03323518429488,0.2957630102901878,-0.00031987642397804817,0.002984667960860985
5.96,0.7365637664603929,0.0183492708059797,0.03330864326534354,0.30180879657069154,0.011226959636569972,0.002989695509279683
5.96,0.7365637647443352,0.018349322443168097,0.03335269924333336,0.30180879657069154,0.017863043487787653,0.0029896857754511848
5.97,0.7395813020219314,0.018449965884226968,0.033509275287884735,0.30334143537857483,0.011423289181681841,0.0029946971825136636
5.98,0.7426071334185821,0.01855125713801399,0.03350678232392547,0.2953356837629531,-0.0061589460081538355,0.0029997247309323624
5.98,0.7426071311195735,0.018551325861581716,0.03356406443172889,0.2953356837629531,0.0024693693284354497,0.002999714997103864
5.99,0.7455604312189886,0.01865055935200356,0.03363187718237058,0.2975246807952906,0.015059884467656416,0.003004726404166343
6.0,0.748535632405868,0.018750567812979128,0.03370562361037721,0.2997473905329575,0.0034837237634680555,0.0030097539525850412
6.0,0.7485356326258515,0.01875056126730826,0.033700081753182204,0.2997473905329575,0.0026489623822530456,0.003009744218756543
6.01,0.7515333693707749,0.0188516732018283,0.03375636491100419,0.302422633483834,0.0113485018402339,0.0030147556258190216
6.0200000000000005,0.7545567698298552,0.01895367243829777,0.03378755704704885,0.30363843110918654,-0.0010471477991905488,0.0030197831742377204
6.0200000000000005,0.7545567663976819,0.018953774166753402,0.033872599314601924,0.30363843110918654,0.011762637481487807,0.003019773440409222
6.03,0.7575880078723884,0.019056496827270477,0.03399455574959261,0.29901176104844346,0.013026989986820161,0.003024784847471701
6.04,0.7605782390536503,0.01915824917745508,0.034176409669707676,0.30151937983422045,0.020797011204376256,0.0030298123958903992
6.04,0.7605782435344012,0.019158117191061617,0.03406577556709154,0.30151937983422045,0.004132367374780229,0.003029802662061901
6.05,0.7635898826170925,0.01926070675126451,0.034080928305805905,0.2990612474742497,-0.0035093941557528645,0.0030348140691243797
6.0600000000000005,0.766578909424306,0.01936253319862223,0.03397719499739678,0.2992628561618977,-0.01384843586371097,0.0030398416175430785
6.0600000000000005,0.7665789061323205,0.01936262980754554,0.03405833542688027,0.2992628561618977,-0.001626378418960673,0.00303983188371458
6.07,0.769570845613119,0.019464554556598398,0.034033001910160836,0.30068577539868147,-0.004274687814482495,0.003044843290777059
6.08,0.7725736413907145,0.019566928333550695,0.03410767281200906,0.2975349178153657,0.013411770850394071,0.0030498708391957573
6.08,0.7725736429909231,0.01956688134542423,0.034068261374900495,0.2975349178153657,0.007475287011359708,0.003049861105367259
6.09,0.7755472500872369,0.019668166925697846,0.03410740633963904,0.297510972001089,-0.0029220152298568393,0.0030548725124297377
6.1000000000000005,0.7785165217636578,0.01976945509515769,0.0340568273881321,0.29192143699379663,-0.006139258132529004,0.0030599000608484365
6.1000000000000005,0.7785165191308104,0.019769532295854386,0.03412211033461251,0.29192143699379663,0.0036942111641598127,0.003059890327019938
6.11,0.7814418430872727,0.019869400067822153,0.03416564439781862,0.3025455587886648,0.005619022861276639,0.003064901734082417
6.12,0.784459429675735,0.01997256642566842,0.03424571117498143,0.2942434911655834,0.009215510454682385,0.0030699292825011153
6.12,0.7844594299243356,0.019972559148230606,0.03423958895423556,0.2942434911655834,0.008293329809081132,0.003069919548672617
6.13,0.7874041991099096,0.020073393655843715,0.034302772828597845,0.29976393285084046,0.002526612406513469,0.0030749309557350957
6.140000000000001,0.7903945096589627,0.020175949864951446,0.034277437215273404,0.29218971811179295,-0.005095449062922447,0.0030799585041537945
6.140000000000001,0.790394503582009,0.020176127116547444,0.03442706932847983,0.29218971811179295,0.01744340480844365,0.003079948770325296
6.15,0.793315797736699,0.020276732442628734,0.03459783663630198,0.29372452652352715,0.01637273787801255,0.003084960177387775
6.16,0.7962571036650171,0.02037845993625712,0.034696601808611664,0.3016368280442673,0.006587581153139784,0.0030899877258064733
6.16,0.7962571032095637,0.020378473124708748,0.03470790618593245,0.3016368280442673,0.008290342031671002,0.003089977991977975
6.17,0.7992730548776968,0.020483200360067882,0.03479549527683498,0.30354190321379043,0.009658530718157397,0.0030949893990404537
6.18,0.8023012330897605,0.020588577803709804,0.03486535395053577,0.2961890300497331,0.0056327392380489715,0.003100016947459152
6.18,0.8023012372723531,0.020588457475466438,0.03476503659097154,0.2961890300497331,-0.009477909535989627,0.0031000072136306536
6.19,0.8052706329502481,0.02069174775974975,0.03468079564917855,0.30883568266405315,-0.006400829698086906,0.003105018620693133
6.2,0.8083486626917991,0.020798542281642154,0.034619454487080634,0.29731255188326977,-0.005999083294231356,0.0031100461691118313
6.2,0.8083486593893547,0.020798637391923214,0.034698007872556204,0.29731255188326977,0.00583329171134288,0.003110036435283333
6.21,0.8113204360412232,0.020901766964267248,0.03474044369348876,0.29791086831679364,0.0011914316521994513,0.0031150478423458117
6.22,0.8143030606264118,0.021005488489354643,0.034804719112854626,0.30514268502967234,0.009078503619923146,0.00312007539076451
6.22,0.8143030612408729,0.021005470802050424,0.034789795779234856,0.30514268502967234,0.0068306249492149276,0.0031200656569360117
6.23,0.8173482420813694,0.02111146846602439,0.0348661806123634,0.29915776047746534,0.009189524605451761,0.003125077063998491
6.24,0.8203384068126346,0.021215690839362842,0.034894894215886985,0.29970558994889773,-0.00032742852608015106,0.0031301046124171893
6.24,0.8203384053196582,0.02121573368401428,0.03493078504083825,0.29970558994889773,0.005078750946793156,0.003130094878588691
6.25,0.8233323532899972,0.021320360835258786,0.03498374544951271,0.2979647774775436,0.005713224936544093,0.0031351062856511697
6.26,0.8263135936776156,0.02142477491219403,0.03510535575212731,0.30261555277825886,0.015425454410227404,0.003140133834069868
6.26,0.8263135953407473,0.021424727351812632,0.03506525565205499,0.30261555277825886,0.009385238333679881,0.0031401241002413697
6.2700000000000005,0.8293421848608402,0.02153095986893338,0.035153596037177284,0.3084574245386091,0.00777576676309146,0.003145135507303849
6.28,0.8324150680271788,0.021639019591913663,0.0352249802305094,0.29514403847768583,0.006815740183266395,0.0031501630557225473
6.28,0.83241506826701,0.021639012764150815,0.035219360496285844,0.29514403847768583,0.005969248305644165,0.003150153321894049
6.29,0.8353627200949891,0.021742925633422176,0.03531241331316071,0.2924824692849007,0.015710272663147465,0.0031551647289565278
6.3,0.8382945313513838,0.02184638303031326,0.03537137267139293,0.3044630044008098,0.0009270888171589147,0.003160192277375226
6.3,0.8382945303192162,0.02184641228518331,0.035396385992362875,0.3044630044008098,0.004694806682651025,0.0031601825435467277
6.3100000000000005,0.8413375632644059,0.02195406844443253,0.035383187490161,0.30487992199812797,-0.012867643295059007,0.003165193950609207
6.32,0.8443801198357832,0.02206181904888026,0.03529617187705286,0.29898539736710894,-0.006592338412510944,0.0031702214990279053
6.32,0.844380115820417,0.02206193250967766,0.03539024948170603,0.29898539736710894,0.007578425726338592,0.003170211765199407
6.33,0.8473646362575185,0.022167641911385295,0.03549131500261612,0.2942781712264806,0.014960408362105018,0.0031752231722618858
6.34,0.8503112655882122,0.022272303064214283,0.03567274424946026,0.3020360837902529,0.019754183494640844,0.003180250720680584
6.34,0.8503112696494058,0.022272188561014743,0.03557547203756192,0.3020360837902529,0.005102220605521157,0.0031802409868520857
6.3500000000000005,0.85333030559871,0.02237967103861677,0.03564649178023221,0.3028352639121912,0.010941385534677344,0.003185252393914565
6.36,0.8563536778600255,0.022487455005428345,0.03572730835377938,0.2986750672567545,0.0066338211904501876,0.0031902799423332634
6.36,0.8563536797469644,0.02248740203727718,0.03568313561194188,0.2986750672567545,-1.9850618618936534e-05,0.003190270208504765
6.37,0.8593365804086585,0.022593910567015964,0.03569734105245611,0.2960249447957156,0.004186018435829818,0.0031952816155672438
6.38,0.8623003410806475,0.02269974801679298,0.0357342252663335,0.30336764309715086,0.003436495695462221,0.003200309163985942
6.38,0.8623003350178909,0.022699917843315445,0.03587807698755623,0.30336764309715086,0.02510465805918443,0.0032002994301574437
6.390000000000001,0.8653296251828891,0.02280858749339657,0.036092195468726364,0.300053138594967,0.01432186679872214,0.003205310837219923
6.4,0.8683262153000392,0.02291686030648909,0.03629588594514595,0.29735303962504006,0.023430641809564414,0.0032103383856386214
6.4,0.8683262206525786,0.022916711671751796,0.03617137085129889,0.29735303962504006,0.004675125731764141,0.003210328651810123
6.41,0.8713009340158848,0.02302433116618579,0.036201959366313166,0.3016075182980143,-4.4301457362996496e-05,0.003215340058872602
6.42,0.8743162680690945,0.023133383981266232,0.03607099932670552,0.3032802213360227,-0.019703879150479955,0.0032203676072913
6.42,0.8743162619168525,0.02313355398440035,0.036213513638008864,0.3032802213360227,0.001762831224806742,0.0032203578734628017
6.43,0.8773431429649895,0.02324318318383285,0.036211737425683385,0.29792788924257807,-0.003903177621071785,0.0032253692805252806
6.44,0.8803242705837522,0.02335128364510199,0.03625787740962316,0.30310552788618644,0.008926112929352213,0.0032303968289439794
6.44,0.8803242740336708,0.023351188406880167,0.036177808173775826,0.30310552788618644,-0.003134592274118067,0.003230387095115481
6.45,0.883350577781345,0.02346072487436065,0.03614862588397979,0.2993394566305631,-0.002502823979051011,0.00323539850217796
6.46,0.8863473184074275,0.023569159219157868,0.03617306490945419,0.30655548875524985,0.004948353708213574,0.003240426050596658
6.46,0.8863473179473299,0.02356917193676759,0.036183729377866444,0.30655548875524985,0.006554726097193927,0.0032404163167681597
6.47,0.889401550003958,0.02367975831222355,0.036263739577134246,0.29388144429025304,0.010777820356018434,0.0032454277238306386
6.48,0.892343601943005,0.0237864750379285,0.036354758332162396,0.3009140644949909,0.008253370534826943,0.0032504552722493374
6.48,0.8923436041828537,0.02378641324572705,0.036302499499872624,0.3009140644949909,0.00038170342255125847,0.003250445538420839
6.49,0.8953544401943629,0.023895836184500238,0.03635054850150993,0.30592182801434953,0.013297181855220818,0.003255456945483318
6.5,0.8984092900497017,0.024006745785584187,0.03633052400382409,0.30271880935232226,-0.009748416717522837,0.003260484493902016
6.5,0.8984092871717299,0.02400682497575541,0.03639616835300819,0.30271880935232226,0.00013949010967181236,0.0032604747600735178
6.51,0.9014281542386285,0.024116701936198793,0.03636988260577562,0.29412287068048476,-0.007943098963766847,0.0032654861671359966
6.5200000000000005,0.9043778162084924,0.024224028034477967,0.0362903633459098,0.3082432460283077,-0.007956394971761574,0.0032705137155546954
6.5200000000000005,0.9043778110537485,0.024224169693936315,0.03641035869367973,0.3082432460283077,0.010118318742259378,0.003270503981726197
6.53,0.9074484048018204,0.024336014956559866,0.03650824345884002,0.29491524150107173,0.009155198535690804,0.003275515388788676
6.54,0.9104002937531046,0.024443777490954884,0.036554628557232474,0.30130958927030393,0.002351780183161464,0.003280542937207374
6.54,0.9104002920264055,0.024443824817557542,0.03659454810399752,0.30130958927030393,0.008364799794181508,0.0032805332033788758
6.55,0.913409902092311,0.024553974340556374,0.036657323923790806,0.2993097896168585,0.0022702446004123555,0.0032855446104413546
6.5600000000000005,0.9164001674133728,0.02466369158560025,0.03672448965769344,0.2981943068402944,0.0089676809134481,0.0032905721588600534
6.5600000000000005,0.9164001670430044,0.0246637016943486,0.036732982951156574,0.2981943068402944,0.010247012576619485,0.003290562425031555
6.57,0.9193796734739768,0.02477315400354039,0.03680958192790549,0.29761380339316595,0.0026927868273953865,0.003295573832094034
6.58,0.9223576528797235,0.024882743811771506,0.03677077390336373,0.3028582271001025,-0.007208909075496443,0.0033006013805127322
6.58,0.9223576531045669,0.024882737699791022,0.03676560817592248,0.3028582271001025,-0.007987014613423037,0.003300591646684234
6.59,0.9253825018187702,0.02499402930952686,0.036704214580200775,0.3005646052404779,-0.0025919688506747867,0.0033056030537467126
6.6000000000000005,0.928379927618505,0.0251041386202802,0.03671318959630768,0.29213669895697864,0.0026641665558110447,0.0033106306021654115
6.6000000000000005,0.9283799233625328,0.025104254450249396,0.03681014008224936,0.29213669895697864,0.01726766836148927,0.003310620868336913
6.61,0.9313031527157857,0.025211867904898277,0.036958708542423724,0.29736119670341,0.010228206675389647,0.003315632275399392
6.62,0.9342738523882615,0.02532171455149413,0.03706387235876206,0.29616182944539277,0.010662280159922174,0.0033206598238180902
6.62,0.9342738557044666,0.02532162471546919,0.03698753502294683,0.29616182944539277,-0.0008362947114716295,0.003320650089989592
6.63,0.9372322676786077,0.025431071343405626,0.03696242989573093,0.29455400011876887,-0.005724914383292146,0.0033256614970520707
6.640000000000001,0.9401784400294211,0.025540015226329472,0.036902257974571105,0.29815157689023664,-0.006165167813240521,0.0033306890454707695
6.640000000000001,0.9401784343452195,0.025540168940390923,0.03703341971394354,0.29815157689023664,0.013591522203903571,0.003330679311642271
6.65,0.9431557571223866,0.025650511020443956,0.03718814011650456,0.2952296467765318,0.019082526056230793,0.00333569071870475
6.66,0.9461049433830533,0.025760251881907132,0.037392146260845936,0.2937759551248861,0.021067942201374135,0.0033407182671234483
6.66,0.9461049450014216,0.02576020830985195,0.03735506949763159,0.2937759551248861,0.01548312668147022,0.00334070853329495
6.67,0.9490453707755404,0.025870059957247605,0.037486021041896585,0.30019015435304314,0.008510385932737606,0.0033457199403574287
6.68,0.9520438660151787,0.02598251924660511,0.03757529440331947,0.2984251217323419,0.009138431587064686,0.003350747488776127
6.68,0.9520438656625103,0.025982528667680978,0.03758325342349763,0.2984251217323419,0.010337286491340872,0.0033507377549476286
6.69,0.9550201597856752,0.026094477913796894,0.037709269775901895,0.290467782292471,0.01694905375925075,0.003355749162010108
6.7,0.9579324744285134,0.02620430565593845,0.03783973275614701,0.303666000248794,0.011070393135139321,0.0033607767104288063
6.7,0.9579324772372881,0.026204231081271727,0.03777569266236134,0.303666000248794,0.0014241328183277734,0.003360766976600308
6.71,0.9609681341869514,0.02631898910368408,0.0378074611187901,0.3052504040709634,0.006541952804352181,0.0033657783836627867
6.72,0.9640123284424669,0.026434133964962907,0.03787016392780733,0.29691169407247625,0.006132737617644182,0.003370805932081485
6.72,0.964012328177835,0.026434140965538287,0.037875970856241635,0.29691169407247625,0.007007426269816495,0.0033707961982529866
6.73,0.9669796397955193,0.026546623686626504,0.0379695207475327,0.29735476433362723,0.013862173922394277,0.003375807605315466
6.74,0.9699541407635336,0.02665952941775136,0.038033060047386276,0.30156344978955635,0.002552622162340326,0.0033808351537341643
6.74,0.9699541408407495,0.02665952738278457,0.03803133948118499,0.30156344978955635,0.0022934559355479466,0.003380825419905666
6.75,0.972968061900372,0.02677420362630018,0.03805278038251583,0.30219898744606866,0.001857316438893572,0.0033858368269681447
6.76,0.9759948523053948,0.026889390099284413,0.03803221950459448,0.31170505869261284,-0.004037383850545523,0.003390864375386843
6.76,0.975994849789191,0.026889456223074138,0.03808743844605242,0.31170505869261284,0.004280159929211462,0.0033908546415583446
6.7700000000000005,0.9791036243805207,0.027007915592660848,0.03812838605926115,0.3035200501322634,0.0037388067252834946,0.003395866048620824
6.78,0.9821312335211408,0.027123286635475113,0.03806465986045131,0.29618605677235293,-0.011491878842547158,0.0034008935970395223
6.78,0.9821312296696096,0.02712338765471276,0.038147963320671344,0.29618605677235293,0.0010559925778629957,0.003400883863211024
6.79,0.9850941631584553,0.02723648760514998,0.038167649925495956,0.3005787758877895,0.003720930026447981,0.0034058952702735027
6.8,0.9881017732881617,0.027351349074439636,0.03821516354727208,0.30603764601422073,0.005273054044599779,0.003410922818692201
6.8,0.9881017770972076,0.027351249296008483,0.038131381344073935,0.30603764601422073,-0.007346929690436102,0.0034109130848637027
6.8100000000000005,0.9911566639104384,0.027467779363531716,0.03804997898475718,0.30159438900999846,-0.009663337991662994,0.003415924491926182
6.82,0.9941741663326535,0.02758266140552062,0.03796221827120487,0.3066858261638454,-0.008326861974921126,0.0034209520403448803
6.82,0.9941741605981456,0.027582811916588717,0.03808750566680723,0.3066858261638454,0.010544984722250633,0.003420942306516382
6.83,0.9972316128255141,0.02769930067160832,0.03818220068218726,0.2969129269921077,0.007404636082199453,0.0034259537135788607
6.84,1.0001965627919671,0.027812491683663162,0.0381955829138258,0.2941671159496081,-0.001733107906039687,0.003430981261997559
6.84,1.0001965610603685,0.027812537054314423,0.03823367407578965,0.2941671159496081,0.004004504929176264,0.0034309715281690607
6.8500000000000005,1.003139348293179,0.02792511679525712,0.03828058322653768,0.2986114765499769,0.006008782819251996,0.00343598293523154
6.86,1.0061221546281813,0.028039211222424396,0.038218183574578034,0.29707895572517096,-0.012441316942508138,0.0034410104836502383
6.86,1.0061221510868135,0.02803930374991768,0.03829648660665634,0.29707895572517096,-0.0006466522821016851,0.00344100074982174
6.87,1.0090954707103177,0.028153181844505052,0.038262707889388035,0.3034830160907631,-0.008621654954914511,0.0034460121568842188
6.88,1.0121274716736817,0.028269362739680535,0.03826972713122241,0.3026616535123706,0.005422308152626044,0.003451039705302917
6.88,1.0121274726352458,0.02826933762646,0.03824873081466383,0.3026616535123706,0.0022596654510692264,0.0034510299714744187
6.890000000000001,1.0151450341476687,0.028384768860061624,0.03824584523542506,0.2933506394822901,-0.005180999291320752,0.003456041378536898
6.9,1.018078873688525,0.028496962174720142,0.03813585517619671,0.29671928892495353,-0.013944572730227221,0.0034610689269555964
6.9,1.0180788681619737,0.02849710659247506,0.03825851389154959,0.29671928892495353,0.0045313199250748,0.003461059193127098
6.91,1.0210433885588401,0.028610553558095296,0.038287787509014085,0.2960359504534318,-0.000152145106014895,0.0034660706001895768
6.92,1.0240062055465777,0.028723997396323458,0.03824269758664599,0.30232918717737306,-0.006714796579458133,0.003471098148608275
6.92,1.0240062041987517,0.02872403259215762,0.038272618554537056,0.30232918717737306,-0.002207847445776558,0.0034710884147797767
6.93,1.0270200560848357,0.028839490376059877,0.038282398905523395,0.29249982566573607,0.007094745158409104,0.0034760998218422556
6.94,1.0299492732346516,0.028951778440015823,0.03843490273346404,0.3011613144697191,0.0193794560375662,0.0034811273702609544
6.94,1.0299492808234767,0.02895158028762886,0.03826595655339949,0.3011613144697191,-0.006068645863842811,0.003481117636432456
6.95,1.032958261990061,0.02906683224083904,0.038237689534758146,0.30058269626583833,0.00339764294450815,0.003486129043494935
6.96,1.035957562439278,0.02918171136528068,0.038386340784831254,0.2946990597207057,0.020670933881023756,0.003491156591913633
6.96,1.0359575652386004,0.029181638214381023,0.03832496964458161,0.2946990597207057,0.011426693908969797,0.0034911468580851347
6.97,1.038904260923696,0.029294640456198635,0.03844825417013076,0.2972430475038743,0.01405977695380706,0.0034961582651476136
6.98,1.0418752582637094,0.029408958935006595,0.038616385313206714,0.29828377691091656,0.018207086441442664,0.0035011858135663124
6.98,1.041875260224797,0.029408907885343744,0.038573078514678755,0.29828377691091656,0.011683850334286037,0.003501176079737814
6.99,1.044854769001552,0.02952386135062291,0.03867042011660592,0.2967714422273602,0.005990867985256829,0.003506187486800293
7.0,1.047826713187538,0.029638817286153876,0.03870691334647356,0.30554427083777874,0.0024638349558261173,0.003511215035218991
7.0,1.0478267127122318,0.029638829588081766,0.038717339709642265,0.30554427083777874,0.004034341920097058,0.0035112053013904927
7.01,1.050873152567613,0.029756809959207566,0.03874073194230065,0.2964084470021588,-0.0009153064227116359,0.0035162167084529716
7.0200000000000005,1.0538370475780583,0.029871788975163363,0.038814120671617526,0.2991820272779763,0.011517836323872118,0.0035212442568716704
7.0200000000000005,1.0538370512113997,0.02987169519093838,0.03873507484741091,0.2991820272779763,-0.00038871396641788035,0.003521234523043172
7.03,1.056829614448718,0.029987704042440378,0.03875137116633277,0.30324837829498363,0.0055047391019876855,0.003526245930105651
7.04,1.0598603099835107,0.030105149370347674,0.03875882943528783,0.30390987531618735,-0.0016635367787768357,0.003531273478524349
7.04,1.0598603078921474,0.030105203321964723,0.03880386091440849,0.30390987531618735,0.005119485299591075,0.0035312637446958508
7.05,1.062891963786742,0.030222917408542688,0.038863939358536485,0.29689618528346434,0.007713442484515283,0.0035362751517583296
7.0600000000000005,1.0658597092581055,0.030338362252373286,0.03898181086657726,0.2982941391656624,0.01384960634410752,0.0035413027001770284
7.0600000000000005,1.0658597141138528,0.030338237283193504,0.03887660756700679,0.2982941391656624,-0.0019970040190914473,0.00354129296634853
7.07,1.0688366199484918,0.03045393903055442,0.03880345008481608,0.29314380301646,-0.017527429189690524,0.003546304373411009
7.08,1.0717707158098486,0.030567918272816616,0.03868698113341181,0.29976651171689284,-0.008669671668142287,0.003551331921829707
7.08,1.0717707142310793,0.030567958915321974,0.038721671829043826,0.29976651171689284,-0.00344426581914982,0.0035513221880012088
7.09,1.0747674415151551,0.030684039356638028,0.03867768841870121,0.3015470656168908,-0.006230110217435208,0.0035563335950636876
7.1000000000000005,1.0777794590966479,0.030800608805611522,0.038626644939883666,0.2999178959312302,-0.004534391816211995,0.0035613611434823864
7.1000000000000005,1.0777794579718794,0.030800637852079524,0.03865099579642638,0.2999178959312302,-0.0008664599431815138,0.003561351409653888
7.11,1.0807794816891718,0.0309166507766613,0.03864307091369908,0.3041152718418182,-0.0006504669475602617,0.003566362816716367
7.12,1.0838131579102819,0.03103399128989153,0.038679411141535655,0.2970341147291807,0.005803193693592574,0.0035713903651350652
7.12,1.0838131561741409,0.0310340361856721,0.03871677141470051,0.2970341147291807,0.01143071387901744,0.003571380631306567
7.13,1.086780825258896,0.031148947579406054,0.03880430022221881,0.29642478425206015,0.00361159616298023,0.0035763920383690456
7.140000000000001,1.0897445321120705,0.03126400462885002,0.03883595808732921,0.2987247139276089,0.0029400799767671138,0.0035814195867877444
7.140000000000001,1.0897445320729333,0.03126400563791553,0.0388368131854834,0.2987247139276089,0.0030688820896951482,0.003581409852959246
7.15,1.0927279288520606,0.03137995982512927,0.038885689947508,0.29655218227941277,0.008379655611974925,0.003586421260021725
7.16,1.0956904513189456,0.031495282940724574,0.03902473263962518,0.2955248243914306,0.016701295663172168,0.0035914488084404232
7.16,1.0956904548423503,0.031495192319332815,0.038947928072824295,0.2955248243914306,0.0051323425107795435,0.003591439074611925
7.17,1.098648349289779,0.03161043413125929,0.038986951260934516,0.30217399813777646,0.0015407445115341529,0.0035964504816744037
7.18,1.1016677827067425,0.031728280191599234,0.03905926629452006,0.30216349705914886,0.01011264657999189,0.003601478030093102
7.18,1.1016677798296821,0.03172835399241773,0.03912123425811096,0.30216349705914886,0.019446785129212073,0.0036014682962646036
7.19,1.104681088625329,0.03184627187753304,0.03929982819008995,0.2939785189948615,0.014811692581278471,0.003606479703327083
7.2,1.1076228978508116,0.03196192178074483,0.039429131155875034,0.2998201838622553,0.01197777486990333,0.0036115072517457813
7.2,1.107622898635662,0.03196190177886743,0.0394121505677929,0.2998201838622553,0.009420015140178283,0.003611497517917283
7.21,1.1106240956339346,0.032080238962285186,0.03950174562700742,0.3070634822944403,0.00807535487961749,0.0036165089249797617
7.22,1.1136788640234547,0.03220097893168153,0.03958943811079286,0.2887335316544733,0.009120555929008017,0.00362153647339846
7.22,1.1136788641281727,0.03220097627867743,0.03958724111867002,0.2887335316544733,0.008789626402236595,0.0036215267395699616
7.23,1.1165688161846756,0.03231547415574845,0.03969524013116383,0.29537414638582155,0.01465951258439684,0.003626538146632441
7.24,1.1195201545454403,0.03243267146639972,0.03982617165690603,0.295269353217407,0.012300128718006375,0.0036315656950511393
7.24,1.119520156854433,0.03243261325146036,0.03977639393328462,0.295269353217407,0.0048021871684921814,0.003631555961222641
7.25,1.122476100511107,0.03255019775594573,0.03979144195850818,0.3028670178666708,-0.004825985118061446,0.0036365673682851197
7.26,1.1254990744953122,0.03267050043043425,0.039701823738089156,0.2983755716206299,-0.011055732333731121,0.003641594916703818
7.26,1.1254990713637811,0.03267057912448036,0.039767877406621424,0.2983755716206299,-0.0011061703659563694,0.0036415851828753196
7.27,1.128482866483605,0.03278927733505743,0.039742673004524894,0.30163799551563786,-0.00523575643979895,0.0036465965899377985
7.28,1.1314972444337874,0.032909306844837276,0.0398299703590827,0.30216387665507266,0.015800248086982605,0.0036516241383564973
7.28,1.1314972514002575,0.03290913168947282,0.03968322725489338,0.30216387665507266,-0.0063034388227316,0.003651614404527999
7.29,1.1345099029537022,0.03302875039604446,0.03962268965017584,0.29317188824052737,-0.005574392491345408,0.0036566258115904777
7.3,1.1374424454365553,0.03314493768337702,0.0395085466923989,0.2974199736570952,-0.014370948522892762,0.003661653360009176
7.3,1.1374424383814379,0.033145115516544914,0.039659749236172694,0.2974199736570952,0.008404456876848328,0.0036616436261806776
7.31,1.1404133927909776,0.033262957929375885,0.03971561418833117,0.29618384072402404,0.00017617195388547335,0.0036666550332431565
7.32,1.143380400635868,0.03338091606567624,0.03976795255818987,0.30639942673434556,0.007794454596792946,0.0036716825816618553
7.32,1.1433804001853793,0.033380927408530936,0.039777588050149366,0.30639942673434556,0.009245833853558223,0.003671672847833357
7.33,1.146436192926565,0.033502524242822476,0.03985859012351156,0.2985362489294704,0.005900670741362695,0.0036766842548958357
7.34,1.149420730529413,0.03362151650980526,0.039892291861500916,0.3006386409432931,0.0020890223201025814,0.003681711803314534
7.34,1.149420729896501,0.033621532395351,0.03990561388551289,0.3006386409432931,0.004095698200316409,0.0036817020694860357
7.35,1.1524237603184297,0.03374141352958791,0.039934469380677094,0.29932777672746697,0.0005621340968547848,0.0036867134765485145
7.36,1.1554147569769744,0.03386083082401143,0.039864501114967976,0.29946625182939235,-0.01082381149058446,0.0036917410249672133
7.36,1.155414752957994,0.03386093145779913,0.03994905791023405,0.29946625182939235,0.0019128478500740152,0.003691731291138715
7.37,1.158408622555753,0.03398056708376932,0.039950053277660075,0.3016368979596974,-0.0033819156141496757,0.0036967426982011937
7.38,1.1614232584717294,0.03410128529235492,0.040099460777685274,0.30256552389768404,0.024217232323986822,0.003701770246619892
7.38,1.161423261636576,0.03410120610695701,0.04003317418685664,0.30256552389768404,0.014232585630822574,0.0037017605127913937
7.390000000000001,1.1644428941209057,0.03422223603335883,0.04022284942582499,0.29767314039835513,0.028058331269799803,0.003706771919853873
7.4,1.1674191372774871,0.03434184930486007,0.04036537842621599,0.30027605472994157,0.007263423647887613,0.0037117994682725713
7.4,1.1674191407931123,0.03434176177964591,0.04029170924002815,0.30027605472994157,-0.003833251970264096,0.003711789734444073
7.41,1.1704232225691653,0.03446285732676636,0.040247663556532594,0.3053896685146718,-0.005501462725232443,0.0037168011415065517
7.42,1.1734669726716933,0.03458545088733307,0.040212173778445756,0.2949491847778316,-0.0025604648821133187,0.00372182868992525
7.42,1.1734669716696036,0.03458547577141604,0.040232828599787766,0.2949491847778316,0.000550738922945394,0.0037218189560967517
7.43,1.1764097143328542,0.03470393606749623,0.040239250601557926,0.28901311484858594,0.0008178004902886047,0.0037268303631592305
7.44,1.1793074305415385,0.034820645200608,0.040285522214926275,0.30252057403773747,0.006555781838259943,0.0037318579115779293
7.44,1.1793074329623343,0.03482058507200881,0.040233655734601775,0.30252057403773747,-0.001256785904088867,0.003731848177749431
7.45,1.182332961388965,0.03494238660107604,0.040225715363983415,0.3062915104239877,9.441392752058291e-05,0.0037368595848119098
7.46,1.185395208938983,0.03506559470022652,0.04019398451697915,0.3087525744881954,-0.004827368738115253,0.003741887133230608
7.46,1.18539520241174,0.03506575686487521,0.04032840350902218,0.3087525744881954,0.01541995621287722,0.0037418773994021097
7.47,1.1884743280871595,0.03518995323464944,0.04045504865064237,0.3007355073889971,0.007374224932374506,0.0037468888064645886
7.48,1.191477561360845,0.03531150785649116,0.040522431268375014,0.2984745631318016,0.006416283458207846,0.0037519163548832874
7.48,1.1914775596375702,0.035311550489724335,0.04055785931647045,0.2984745631318016,0.011752755568770909,0.003751906621054789
7.49,1.1944605854646249,0.03543263095588151,0.04069269215225905,0.29947595537231747,0.016805797180815756,0.0037569180281172678
7.5,1.1974540919936898,0.03555449031784974,0.04084249600459888,0.3011432694411434,0.014056207387351295,0.003761945576535966
7.5,1.1974540986690874,0.03555432610303414,0.040704429845533324,0.3011432694411434,-0.006740484693488712,0.0037619358427074677
7.51,1.2004607640416722,0.03567678444753768,0.04064066383549215,0.2980506391164234,-0.005677965385154381,0.0037669472497699466
7.52,1.2034344797516792,0.03579768768340636,0.040569496860857306,0.29215799569668865,-0.007845105271015427,0.003771974798188645
7.52,1.203434479301211,0.03579769875733695,0.04057882581266264,0.29215799569668865,-0.006439899683740324,0.0037719650643601465
7.53,1.2063636747087554,0.03591658467331769,0.04048839238326323,0.3057914010974868,-0.014041803282802303,0.003776976471422626
7.54,1.2094212777632805,0.03604044796056277,0.040346430946995075,0.3087783945319513,-0.0142742837567879,0.003782004019841324
7.54,1.2094212727466103,0.036040571676432646,0.040449750473397154,0.3087783945319513,0.00128857676649184,0.0037819942860128257
7.55,1.2125003921939799,0.03616512366186438,0.040424319438999594,0.3004213109631399,-0.009899707626096078,0.0037870056930753046
7.56,1.2155012516962282,0.036286603202036395,0.040413153722089604,0.29920336213422427,0.0033301942399823533,0.003792033241494003
7.56,1.2155012519863604,0.03628659603181923,0.04040718691324276,0.29920336213422427,0.0024314230484542027,0.0037920235076655045
7.57,1.2184939410633024,0.03640757090118902,0.04042126957725653,0.3034177344637193,-0.000556135132158121,0.003797034914727984
7.58,1.2215262889068996,0.03653021617019032,0.04042163234997505,0.3043011339974286,0.0003362065129238873,0.003802062463146682
7.58,1.2215262901936876,0.036530184351910105,0.04039511753681319,0.3043011339974286,-0.0036576788000317697,0.0038020527293181837
7.59,1.224566701111123,0.03665308533229699,0.04036820442742157,0.3041414353557399,-0.0008359405877387052,0.0038070641363806626
7.6,1.2276040007083329,0.03677566282104596,0.04027754853735183,0.3019084434853203,-0.013232132765948916,0.003812091684799361
7.6,1.227603991587009,0.03677588858362099,0.040464611414696566,0.3019084434853203,0.014944859237189828,0.0038120819509708625
7.61,1.230617190593383,0.036897803036847227,0.04056661285614151,0.2972582593657601,0.0010905658302580237,0.003817093358033342
7.62,1.233589651224804,0.03701838371924039,0.040520228526563354,0.3004164453086897,-0.007538936470192456,0.00382212090645204
7.62,1.233589647072396,0.03701848613867631,0.0406064696718367,0.3004164453086897,0.005451433907946616,0.0038221111726235418
7.63,1.2365943317772978,0.03714056265548862,0.0406608549782231,0.3044942623441978,0.005413757108522798,0.0038271225796860206
7.640000000000001,1.239633250917082,0.0372641364489745,0.0406656685602403,0.29971907575601475,-0.002015839106720413,0.0038321501281047194
7.640000000000001,1.2396332478113592,0.03726421284045865,0.04072919300218205,0.29971907575601475,0.007552749370072721,0.003832140394276221
7.65,1.24262281628207,0.03738606251302308,0.04081638194324001,0.29273023159823985,0.010957824492187938,0.0038371518013387
7.66,1.2455489248933405,0.03750543870065197,0.04082101955289621,0.2944167249883753,-0.004849221152877309,0.003842179349757398
7.66,1.245548923525784,0.03750547222148602,0.04084958745963887,0.2944167249883753,-0.0005460815280600839,0.0038421696159288998
7.67,1.2484970269624096,0.037626029476605156,0.040881479608129254,0.30311876226141654,0.01036076766291274,0.0038471810229913786
7.68,1.251522567107444,0.037749870082651495,0.041054705639862264,0.29888472051566134,0.02084727285773416,0.003852208571410077
7.68,1.2515225694829295,0.037749811981737845,0.04100594229143557,0.29888472051566134,0.01350212507550934,0.0038521988375815786
7.69,1.2545149416278434,0.03787254421101063,0.041116061710877366,0.3070982006455637,0.00623093448462494,0.003857210244644058
7.7,1.2575842708552851,0.03799875872596772,0.04113261289884166,0.3083778806496524,-0.0006615459414351038,0.0038622377930627562
7.7,1.2575842698897388,0.03799878222657421,0.041152066899667356,0.3083778806496524,0.002268780125797164,0.003862228059234258
7.71,1.2606638672700863,0.03812556118654757,0.041160503438114324,0.3062391953488343,-0.001892506116803314,0.0038672394662967366
7.72,1.2637194189650076,0.03825137874831578,0.04112389435497186,0.300459292751435,-0.004556223006171167,0.003872267014715435
7.72,1.2637194167314285,0.038251432998650164,0.041168465877059905,0.300459292751435,0.0021575164554978868,0.0038722572808869366
7.73,1.2667237035491217,0.03837514116548318,0.04116416650247286,0.30350465481802796,-0.0053976991905298,0.003877268687949416
7.74,1.269752886921577,0.03849989597833882,0.04110232831020089,0.29902416251677966,-0.006581819647836351,0.0038822962363681142
7.74,1.2697528822671589,0.03850000898556193,0.041196261509269555,0.29902416251677966,0.007567192901079029,0.003882286502539616
7.75,1.2727473544903354,0.038623495348407276,0.041305058619187325,0.308236819907264,0.017239553969701234,0.0038872979096020947
7.76,1.2758202977174495,0.03875053909516613,0.041513163271183845,0.2989912005300162,0.02261836234678136,0.003892325458020793
7.76,1.2758203056965647,0.03875034583501938,0.041353736951074825,0.2989912005300162,-0.0013957777678459023,0.0038923157241922946
7.77,1.2788082092334285,0.038873955968949506,0.041327074720764585,0.2997353802810624,-0.005105404392343338,0.0038973271312547735
7.78,1.281804314397056,0.03899788024226199,0.041304063804957894,0.30152079620135985,-0.0008813113606062628,0.0039023546796734723
7.78,1.2818043091896754,0.03899800617395179,0.04140975999741802,0.30152079620135985,0.015039542696517152,0.003902344945844974
7.79,1.284810916757878,0.03912256885938446,0.04155333562173567,0.29333397990218274,0.013048199802155195,0.003907356352907453
7.8,1.2877494105808078,0.03924479079643652,0.04172412698030161,0.30379623328701544,0.019119936460081,0.003912383901326151
7.8,1.2877494136408871,0.03924471708870321,0.04166142814179005,0.30379623328701544,0.009675707351541628,0.003912374167497653
7.81,1.2907805495463245,0.03937104359413973,0.041741494608796774,0.29809222818756853,0.0048021468701763504,0.003917385574560132
7.82,1.2937651274247002,0.03949561820252602,0.041723575705897985,0.30659598078091405,-0.005130349355939544,0.003922413122978831
7.82,1.2937651217256712,0.03949575480504175,0.04183852211398404,0.30659598078091405,0.012183850379486636,0.003922403389150332
7.83,1.2968280992570054,0.039623968941437035,0.041953802061524686,0.30618811878029895,0.010268789919656098,0.0039274147962128116
7.84,1.299883902781034,0.039752240672437614,0.04205143451234908,0.3015834082873908,0.00950729554740596,0.0039324423446315095
7.84,1.299883906092917,0.03975216167318314,0.04198631698752775,0.3015834082873908,-0.0003012565405286216,0.003932432610803011
7.85,1.3028967368037436,0.039878729942420726,0.04198106582632899,0.3011129739292169,-0.0009549135533601032,0.00393744401786549
7.86,1.305904569970914,0.040005076849600155,0.041972043236157934,0.3002372410717038,-0.0008756008394727263,0.003942471566284189
7.86,1.305904570108772,0.04000507356715333,0.04196930253232855,0.3002372410717038,-0.001288428819987207,0.003942461832455691
7.87,1.3089035783515444,0.04013101938643611,0.04195974559468988,0.2992572853592892,-0.00031686171760115763,0.00394747323951817
7.88,1.311890456707235,0.040256448478461646,0.04197908741325495,0.295093909204802,0.003073850415488729,0.003952500787936868
7.88,1.311890458418338,0.040256407726556184,0.04194484178724291,0.295093909204802,-0.002084515284753022,0.0039524910541083695
7.890000000000001,1.3148408689904905,0.040380229597912966,0.04192081466272929,0.29790650318785356,-0.003013632591342953,0.00395750246117085
7.9,1.3178203219552667,0.04050532502487034,0.04199308682828062,0.3020030428375997,0.01241200014784655,0.003962530009589548
7.9,1.3178203231296326,0.040505297034392644,0.04196937683962455,0.3020030428375997,0.008840601213758521,0.003962520275761049
7.91,1.3208334002565174,0.04063184763595925,0.0420692958528185,0.29616072815136496,0.012202330875350456,0.0039675316828235285
7.92,1.323794428680056,0.0407563933419657,0.04211008501150266,0.29893347040603824,-3.384355634934548e-05,0.003972559231242226
7.92,1.3237944269260702,0.04075643504983294,0.04214536653519677,0.29893347040603824,0.005280557810179558,0.003972549497413728
7.930000000000001,1.3267815696009082,0.040882372948555144,0.04217961987140455,0.2995610411310355,-0.00013658942700227675,0.003977560904476208
7.94,1.3297733339549704,0.04100878813638804,0.04230330960845858,0.2979614549589457,0.018700346975251768,0.003982588452894906
7.94,1.3297733383774097,0.04100868329108877,0.04221504468238574,0.2979614549589457,0.005405137624179816,0.003982578719066408
7.95,1.3327528820336043,0.04113455401170656,0.04227773819215834,0.3014783933456262,0.007928590587288079,0.003987590126128887
7.96,1.3357673078996777,0.041262031077143546,0.04232184746662396,0.30465479733823125,0.002629988983757628,0.003992617674547585
7.96,1.3357673091850077,0.04126200067282092,0.042296347387032994,0.30465479733823125,-0.0012110485802582522,0.003992607940719086
7.97,1.3388096717352294,0.04139072418797133,0.04226409719828333,0.30266496982338564,-0.007091725255384961,0.003997619347781566
7.98,1.3418352336289525,0.0415186670965583,0.04218825873524878,0.3048624159519555,-0.007832999581581908,0.0040026468962002645
7.98,1.341835232616945,0.041518691023284995,0.042208154422904945,0.3048624159519555,-0.00483614290995298,0.004002637162371766
7.99,1.3448765136634988,0.04164712188148536,0.042152569037067676,0.2985636980491882,-0.006945496459076369,0.004007648569434245
8.0,1.3478581042487725,0.041772925453702967,0.042122747336650494,0.29666896343222243,-0.0009755991521975607,0.004012676117852943
8.0,1.3478581024646934,0.041772967726272835,0.042158168755869814,0.29666896343222243,0.004359874461005145,0.004012666384024445
8.01,1.3508241891739898,0.041898135700928804,0.04223128839418958,0.2994384978063628,0.01297980453265056,0.004017677791086924
8.02,1.3538189098921598,0.04202467721374795,0.04235719391246108,0.30352842806647845,0.012393479200454428,0.004022705339505622
8.02,1.3538189126180085,0.04202461266979058,0.04230278971334159,0.30352842806647845,0.004198658799493457,0.004022695605677124
8.03,1.3568477722337982,0.04215277625558176,0.04231979349908066,0.2984782136948396,-0.0030961748378899824,0.004027707012739603
8.040000000000001,1.3598318564480756,0.042279034722552206,0.04220261068992133,0.30115936232954443,-0.016083519919913206,0.004032734561158302
8.040000000000001,1.359831851951744,0.042279140945405906,0.04229185970566025,0.30115936232954443,-0.002640078663907506,0.004032724827329803
8.05,1.3628425592160303,0.04240652209366684,0.04225161744202979,0.3036164714268173,-0.006681709819358424,0.004037736234392283
8.06,1.3658769615302886,0.04253492009298828,0.04227890277381774,0.30491210545433384,0.007492793720320105,0.0040427637828109805
8.06,1.3658769585571493,0.04253499039269072,0.042337424311578095,0.30491210545433384,0.0163078024750828,0.004042754048982482
8.07,1.3689131921668831,0.04266357423692542,0.04247730584932928,0.2910898779882403,0.009534562551831539,0.004047765456044961
8.08,1.371827475984734,0.04278744683808723,0.04257879697702018,0.2992702585235397,0.010460250042744507,0.004052793004463659
8.08,1.3718274773565224,0.04278741451808541,0.04255127350809666,0.2992702585235397,0.006314432471856495,0.004052783270635161
8.09,1.3748154808475619,0.04291458421972438,0.04258410614938729,0.2965588983072038,-0.0025364036197584507,0.00405779467769764
8.1,1.3777789387701294,0.04304084086956084,0.04254529511438353,0.29731660003731836,-0.004561904260003913,0.004062822226116338
8.1,1.37777893317258,0.04304097231504394,0.04265671614296985,0.29731660003731836,0.01222127301184275,0.00406281249228784
8.11,1.3807492054288781,0.04316774146046893,0.04277300885378697,0.29705858300485066,0.010492661645878773,0.004067823899350319
8.120000000000001,1.383718729693235,0.04329477447360494,0.04282718106545679,0.2993079589780313,0.002847604122104141,0.004072851447769018
8.120000000000001,1.3837187299951572,0.04329476741066862,0.04282119325641672,0.2993079589780313,0.001945669703937694,0.004072841713940519
8.13,1.3867073082020174,0.0434228169073855,0.04283868645680197,0.296915742416373,0.0013723400472911763,0.004077853121002999
8.14,1.3896745163894217,0.043550035159196546,0.04287703326447875,0.2979718403947811,0.005081325805031197,0.0040828806694216966
8.14,1.3896745156065178,0.04355005343066374,0.04289250192552406,0.2979718403947811,0.007411346302736064,0.004082870935593198
8.15,1.3926524017555748,0.04367782887903916,0.04294740910467425,0.2992061243714089,0.001803222592614926,0.004087882342655677
8.16,1.39563824082018,0.04380608297569899,0.04291588918636526,0.2944895503294122,-0.005660740282705454,0.004092909891074375
8.16,1.395638237748601,0.04380615449581516,0.04297620127867448,0.2944895503294122,0.0034239769354390704,0.004092900157245877
8.17,1.3985863872050825,0.04393294263506997,0.04301639666601608,0.30261900725541174,0.005162982911613015,0.004097911564308356
8.18,1.4016101911036634,0.044063108098717406,0.04307810294167209,0.30318209935502366,0.006680782475077367,0.004102939112727054
8.18,1.401610195034498,0.04406301673307155,0.04300141917187871,0.30318209935502366,-0.004869975210834617,0.004102929378898556
8.19,1.404636395751244,0.04419328770932435,0.042988156105307276,0.29935105267978296,0.0054773318288073225,0.004107940785961035
8.2,1.4076232400134439,0.0443216975740498,0.04298583770878864,0.2940385015644451,-0.0031223049050463835,0.004112968334379733
8.2,1.4076232343451098,0.04432182933770037,0.04309632726625842,0.2940385015644451,0.013520566312630156,0.0041129586005512345
8.21,1.4105687059686172,0.04444879980527743,0.043202986550303205,0.3046737888231232,0.0051851888711060955,0.004117970007613715
8.22,1.4136083531610044,0.04458028586677479,0.043323575987446364,0.2988976880264547,0.015539019518740208,0.004122997556032413
8.22,1.4136083561124073,0.044580217518467545,0.043266472191896686,0.2988976880264547,0.0069375630812510795,0.004122987822203914
8.23,1.4165885206673985,0.04470925944936867,0.043347913329914306,0.290712702993807,0.010460621339909689,0.0041279992292663934
8.24,1.4194952867658115,0.04483540994879068,0.04351179566151099,0.293942142098213,0.019389291379302957,0.004133026777685091
8.24,1.4194952887823302,0.044835363414074625,0.043471910261918253,0.293942142098213,0.013381415304054678,0.004133017043856593
8.25,1.4224358929098446,0.04496325706469101,0.04359317763701831,0.29932993032884,0.009717828776664472,0.004138028450919072
8.26,1.4254308316318987,0.04509396755459118,0.0437485810116994,0.3054353756918063,0.018488183598841135,0.00414305599933777
8.26,1.4254308367485866,0.045093850094734954,0.04364908501113298,0.3054353756918063,0.003501254860768882,0.004143046265509272
8.27,1.428482444146934,0.04522718536565383,0.043714091976201845,0.30565997823699437,0.012259450834696416,0.004148057672571751
8.28,1.4315312900066015,0.045360366424307005,0.043686983966022545,0.29907040708941673,-0.010290008081145276,0.004153085220990449
8.28,1.4315312857501725,0.045360463809207406,0.043767482589206805,0.29907040708941673,0.0018353750730255077,0.0041530754871619505
8.290000000000001,1.434519371392274,0.045491464713730535,0.04386709012230738,0.29941276606383443,0.025561009160395033,0.004158086894224431
8.3,1.4375099097321937,0.0456226046591284,0.0440132891558006,0.2984401314767368,0.009080590633744702,0.004163114442643129
8.3,1.4375099125430868,0.045622540557113796,0.04395943750591542,0.2984401314767368,0.0009689998696710694,0.00416310470881463
8.31,1.4404979651260301,0.04575396156961579,0.04395909652039397,0.3073322825417044,-0.0019599894543168373,0.0041681161158771095
8.32,1.4435629573468833,0.045888897358485836,0.044034224514401345,0.3000420598527879,0.012308725942613768,0.004173143664295807
8.32,1.4435629563246504,0.045888920604916145,0.04405346977436632,0.3000420598527879,0.01520760969672244,0.004173133930467309
8.33,1.446557481152915,0.04602088914533444,0.044184077217759986,0.2959776752345134,0.008938887131743341,0.004178145337529788
8.34,1.449516562166739,0.04615176048711171,0.04430887716810275,0.2989646797826827,0.01427280321751308,0.004183172885948486
8.34,1.4495165637896694,0.04615172373116196,0.04427779058648757,0.2989646797826827,0.00959027949068273,0.004183163152119988
8.35,1.4525018344310052,0.0462840001487745,0.04437895514931915,0.29699720484607095,0.011126685265203674,0.004188174559182467
8.36,1.4554714270396492,0.046415892002581574,0.04450531943290812,0.3004616920742853,0.013400787945631088,0.004193202107601165
8.36,1.455471428297392,0.0464158636470408,0.04448131510867716,0.3004616920742853,0.00978505369895794,0.0041931923737726666
8.370000000000001,1.4584763245237955,0.046549569065834934,0.04455254542986778,0.30488400522700926,0.002012104785701952,0.004198203780835147
8.38,1.4615253211813561,0.046685461167704,0.044540809698614715,0.3092123895918398,-0.002786432599010856,0.004203231329253845
8.38,1.4615253155205226,0.04668558825939542,0.04464647562750461,0.3092123895918398,0.013129862903317888,0.004203221595425346
8.39,1.4646074931996131,0.04682328226462167,0.044774325721500204,0.2998686965328846,0.012122910635346791,0.0042082330024878255
8.4,1.467607006046368,0.04695753529034135,0.044780951007003605,0.3050746461915047,-0.00513968571438452,0.0042132605509065234
8.4,1.4676070001544497,0.046957666971172846,0.044890587816844414,0.3050746461915047,0.011374737446342731,0.004213250817078025
8.41,1.4706536326850634,0.04709453810704559,0.04501261208545672,0.30365925290300405,0.013791542624239383,0.004218262224140504
8.42,1.4736896678811542,0.0472311946365827,0.04507136107337764,0.3070810831833276,0.0018668244163066033,0.004223289772559202
8.42,1.4736896648888669,0.04723126115952729,0.04512650589697261,0.3070810831833276,0.010173203936955436,0.004223280038730704
8.43,1.476753875753168,0.047369641534971293,0.04523366715336615,0.3023536449113513,0.011758503879118476,0.004228291445793183
8.44,1.4797715647877603,0.04750616502082522,0.04529260225195426,0.29859994525076367,0.0029241540629269935,0.004233318994211881
8.44,1.4797715672194536,0.04750611123168107,0.04524798505207752,0.29859994525076367,-0.003796465773431448,0.004233309260383383
8.45,1.4827540085324176,0.047641119927998556,0.04519035185638972,0.2979147746853761,-0.009539564997924126,0.004238320667445862
8.46,1.4857371636964132,0.047775852657765495,0.04495272161921425,0.3074982687802355,-0.03096414096342469,0.004243348215864561
8.46,1.485737154642539,0.04777605281168779,0.045121548687966535,0.3074982687802355,-0.0055339806148285604,0.004243338482036062
8.47,1.4888043728453337,0.04791451153329485,0.045046885739935344,0.3011881207671716,-0.011176226186152721,0.0042483498890985415
8.48,1.4918125505096056,0.0480502177213378,0.04502273024598583,0.300312388770902,0.0020198458187089628,0.0042533774375172395
8.48,1.4918125516896492,0.04805019156362752,0.045000948771184525,0.300312388770902,-0.0012610640550439938,0.004253367703688741
8.49,1.4948166033107442,0.048185469884106095,0.04498941312905702,0.30571312946395574,-0.0009471707385350136,0.00425837911075122
8.5,1.4978656190852317,0.048322749097697126,0.04499082917617638,0.2988785781434745,0.0006928348893370568,0.004263406659169918
8.5,1.4978656158339858,0.04832282129606884,0.04505066005125214,0.2988785781434745,0.009705067099598761,0.00426339692534142
8.51,1.500854158498288,0.04845758733890179,0.045171023781762916,0.30267737663593436,0.01651234552245689,0.004268408332403899
8.52,1.5038809091159926,0.04859438475637278,0.04532194846114687,0.306846965545902,0.014373605869811235,0.004273435880822597
8.52,1.503880911154603,0.048594339608210066,0.04528426519096926,0.306846965545902,0.008697433143728592,0.004273426146994099
8.53,1.5069421395810074,0.04873305442372427,0.04536799267677046,0.30127232021731265,0.007749373013447441,0.004278437554056578
8.540000000000001,1.5099497273861864,0.04886951982199966,0.04538193548849811,0.2984972244909265,-0.001823203572347428,0.004283465102475277
8.540000000000001,1.5099497283535064,0.0488694984930585,0.04536418696908876,0.2984972244909265,-0.004496635610619262,0.004283455368646778
8.55,1.512936073266176,0.04900511213483703,0.04534763375918804,0.3045481002630424,0.0037998386023550407,0.004288466775709258
8.56,1.5159759046262213,0.049143025720019565,0.04536060764577165,0.3011179916311186,3.043694121051925e-05,0.0042934943241279555
8.56,1.5159759033182945,0.04914305454151468,0.045384586427795394,0.3011179916311186,0.003642323804700998,0.004293484590299457
8.57,1.5189844030155542,0.049279675149434994,0.04541344746684644,0.301689403435906,0.0014342054742055325,0.004298495997361936
8.58,1.5219921320494794,0.049416439764764016,0.045493864832022314,0.2934536575054339,0.011387027328151878,0.004303523545780634
8.58,1.5219921371211529,0.04941632812941495,0.04540063013967037,0.2934536575054339,-0.002656770233961889,0.004303513811952136
8.59,1.5249276518459025,0.04954965624336128,0.04535119370781176,0.29889830067607065,-0.00933430687019985,0.004308525219014615
8.6,1.5279090466353094,0.049684956717842545,0.04525608130725994,0.29275300018588113,-0.0096008185912362,0.004313552767433313
8.6,1.5279090422566457,0.04968505316458818,0.04533767850036011,0.29275300018588113,0.002690040450907134,0.004313543033604815
8.61,1.5308367810969306,0.0498179322048195,0.0453957218390167,0.2971348254314544,0.011783596940670216,0.004318554440667294
8.620000000000001,1.5338052221478697,0.04995271383752264,0.04545790964360238,0.2973402594902416,0.003401399909336099,0.004323581989085993
8.620000000000001,1.5338052252021834,0.049952646575847304,0.04540067609552942,0.2973402594902416,-0.005219600950128909,0.004323572255257494
8.63,1.5367841390282866,0.0500880697788603,0.045400068576064455,0.3090168498811878,0.00984393950320654,0.004328583662319974
8.64,1.539861128273734,0.05022781617849146,0.045461228939685905,0.2954100338345241,0.004228656637618472,0.0043336112107386715
8.64,1.5398611265005488,0.050227855210265515,0.04549350077303839,0.2954100338345241,0.009089713001162916,0.004333601476910173
8.65,1.5428143980349092,0.05036223549776277,0.045544045341739364,0.29843788861795734,-0.002693001307216095,0.004338612883972652
8.66,1.5457949578147894,0.050498177761660684,0.04560272568080573,0.29745813864566634,0.010202353676272462,0.00434364043239135
8.66,1.545794958156566,0.050498170257922796,0.045596388207462264,0.29745813864566634,0.009247749864689542,0.004343630698562852
8.67,1.5487705988738008,0.05063398254511153,0.04571277744821253,0.3031103239084111,0.016229840137739003,0.004348642105625331
8.68,1.5517952887277684,0.05077233944190243,0.045869653977494505,0.2986905423755072,0.015413151926571196,0.004353669654044029
8.68,1.5517952870094247,0.05077237704632192,0.04590111106687488,0.2986905423755072,0.02015148466524425,0.004353659920215531
8.69,1.5547810731447405,0.050909515074657526,0.04609713341819058,0.30144854958064227,0.018547707822067334,0.00435867132727801
8.700000000000001,1.5577880081622268,0.05104806899127201,0.04615261073928077,0.2955204037866796,-0.0010339546064741106,0.004363698875696709
8.700000000000001,1.5577880040800975,0.05104815766472182,0.0462269027653896,0.2955204037866796,0.010156538426024637,0.00436368914186821
8.71,1.5607394934139927,0.05118468905141864,0.04632599560189564,0.29476099807711625,0.009434568794968009,0.00436870054893069
8.72,1.5636867805896395,0.05132120856400682,0.04632317138763135,0.2986188054272641,-0.005201983344573911,0.004373728097349388
8.72,1.563686778306216,0.05132125788178262,0.04636521143013301,0.2986188054272641,0.0011304432608282887,0.004373718363520889
8.73,1.5666667660644158,0.05145947125661275,0.0463443283597155,0.2945441469577184,-0.00826812129455013,0.004378729770583368
8.74,1.569608956967504,0.051596045004111774,0.04636553028916905,0.2944320260180611,0.0073796358349680555,0.004383757319002066
8.74,1.5696089554560015,0.05159607759710089,0.04639330146793493,0.2944320260180611,0.011562765556435532,0.004383747585173568
8.75,1.5725448863070417,0.0517323609321953,0.04649555006395264,0.28732365619238714,0.007656157617986924,0.004388758992236047
8.76,1.5754208274776214,0.05186609227538897,0.04649970283247154,0.2952262779038069,-0.0032506691312883546,0.004393786540654745
8.76,1.5754208280330646,0.05186608032688982,0.04648932200357059,0.2952262779038069,-0.004814317339206432,0.004393776806826247
8.77,1.5783715380790968,0.05200335348132599,0.046439797282839826,0.2974543009042003,-0.005217721164554958,0.004398788213888726
8.78,1.5813426078427677,0.05214140426196652,0.046366929971744034,0.2970903056300075,-0.008334238856514064,0.004403815762307424
8.78,1.5813426058936764,0.05214144618944531,0.04640260265296421,0.2970903056300075,-0.0029609180365897025,0.0044038060284789255
8.790000000000001,1.5843130937057777,0.05227939857328165,0.04638204433512021,0.300878809256273,-0.0003181185741484424,0.004408817435541406
8.8,1.587319186270234,0.052418932263600324,0.04638297791010815,0.3016145161532791,0.0003016814728382608,0.004413844983960104
8.8,1.5873191837889786,0.05241898570690725,0.046427947220016225,0.3016145161532791,0.0070753390988325246,0.004413835250131605
8.81,1.5903349334202634,0.05255909092691051,0.04649243478302341,0.30549935975173725,0.0052457536001851105,0.0044188466571940845
8.82,1.593382087234453,0.05270094697550393,0.04661460393713613,0.2993270059453741,0.0157463068575585,0.004423874205612782
8.82,1.5933820953803872,0.05270077179294009,0.04646936203321953,0.2993270059453741,-0.006131256576028619,0.004423864471784284
8.83,1.5963725245134743,0.05283990517771624,0.046449731654431274,0.299862711854446,0.0060397007284900585,0.004428875878846763
8.84,1.5993656546436978,0.052979076773982246,0.04654483406412716,0.2967855153482077,0.011267321836862538,0.004433903427265461
8.84,1.5993656563007217,0.052979041131314186,0.046514913836937635,0.2967855153482077,0.006760484273909247,0.004433893693436963
8.85,1.6023337751512126,0.05311719437243679,0.04657758759894575,0.301513309975892,0.005320637245677091,0.004438905100499442
8.86,1.6053483812410922,0.05325765811431418,0.04658811724874142,0.30524372239309083,-0.001107691507792185,0.00444393264891814
8.86,1.6053483815557308,0.053257651359954555,0.04658244778728416,0.30524372239309083,-0.0019616737217458707,0.0044439229150896415
8.870000000000001,1.608393295438044,0.05339961167108959,0.046573495985107995,0.2995115241795633,0.001152425572759672,0.004448934322152122
8.88,1.6113792598419923,0.05353888517033216,0.04667359474537248,0.29148331112471,0.014494266249241546,0.00445396187057082
8.88,1.6113792621427887,0.05353883580451425,0.04663227982609503,0.29148331112471,0.00827106383401564,0.004453952136742321
8.89,1.6142923755329586,0.0536748051266897,0.046730614281611696,0.29345717648219755,0.0128331280058544,0.0044589635438048005
8.9,1.617224673975402,0.05381190290218922,0.04683313324126714,0.2947215135520546,0.008945058091050619,0.004463991092223498
8.9,1.6172246773631007,0.05381183039642647,0.04677093915079377,0.2947215135520546,-0.0004231416008688739,0.004463981358395
8.91,1.6201719879627834,0.05394980575218752,0.04678269810650352,0.2992400629521281,0.004245954375286241,0.004468992765457479
8.92,1.6231605542364742,0.054089726745445876,0.046829982684723104,0.2984777203666404,0.004972741857193224,0.004474020313876177
8.92,1.6231605529225752,0.05408975481753884,0.0468537551767852,0.2984777203666404,0.008553555582697377,0.004474010580047679
8.93,1.6261417548406543,0.054229508066176796,0.046921530902999886,0.2980679239288637,0.0033677881446367817,0.004479021987110158
8.94,1.629118382933779,0.054369252402810896,0.04693311147889784,0.29701738142484785,3.930517374058822e-05,0.004484049535528856
8.94,1.6291183811081877,0.05436929130876866,0.046965992786411476,0.29701738142484785,0.004992165687893128,0.004484039801700358
8.950000000000001,1.6320869776682114,0.05450875067037369,0.04697595093466881,0.2993243461689468,-0.006676947487447588,0.004489051208762838
8.96,1.6350780277439654,0.05464946285292822,0.04699447909432117,0.3008398855035065,0.0061713033256724,0.004494078757181536
8.96,1.6350780244399434,0.05464953315258754,0.047053794807077505,0.3008398855035065,0.015105937432233893,0.004494069023353037
8.97,1.638080833616796,0.05479093699020556,0.04720836853430881,0.29776414613690755,0.016132108137641977,0.0044990804304155165
8.98,1.6410558674318538,0.05493137947741027,0.04727841633142064,0.29872332069591645,0.0023837544432627634,0.0045041079788342145
8.98,1.641055866328344,0.05493140286744634,0.04729815013417146,0.29872332069591645,0.005356226641885363,0.004504098245005716
8.99,1.6440390666445988,0.055072663743466053,0.0473851225337174,0.2977847923225324,0.015111792109236587,0.004509109652068195
9.0,1.6470147248963538,0.0552136856221647,0.04746399396678587,0.29934854080647305,0.004229415315937759,0.004514137200486893
9.0,1.6470147262159704,0.05521365776661697,0.047440450989441905,0.29934854080647305,0.0006831730375806777,0.004514127466658395
9.01,1.6500024881545179,0.05535546382025863,0.04742261967965393,0.29613954238399826,-0.006518291919968085,0.004519138873720874
9.02,1.6529650709557357,0.05549613827770521,0.047421394675867916,0.30229252329589734,0.0031155899957210076,0.004524166422139572
9.02,1.6529650706820918,0.055496144044194104,0.04742628399689414,0.30229252329589734,0.0038520608626953163,0.004524156688311074
9.03,1.6559852908904131,0.055639427322262756,0.04742786146032007,0.30323319263296283,-0.006935123678222565,0.004529168095373553
9.04,1.6590097823888448,0.05578300843978076,0.0473820396699005,0.2972041079189701,-0.0033909195506612835,0.004534195643792251
9.04,1.6590097828062693,0.05578299964488087,0.047374711135737005,0.2972041079189701,-0.004494805321321138,0.004534185909963752
9.05,1.66198492277831,0.05592400348001469,0.04730089533234213,0.3059581497853568,-0.01292402126371385,0.0045391973170262325
9.06,1.6650389717728151,0.05606867407627027,0.04725744707434704,0.30309212530970897,-1.3117758896757925e-06,0.0045442248654449305
9.06,1.6650389689362797,0.056068733959788286,0.047307185413045995,0.30309212530970897,0.007490697283647078,0.004544215131616432
9.07,1.6680616797202212,0.05621186209842496,0.04739712050372049,0.29653345770384415,0.011878820697052105,0.004549226538678911
9.08,1.6710236332041868,0.0563522610302582,0.04743655142593371,0.29645806615429626,-7.464441444839966e-05,0.004554254087097609
9.08,1.6710236299405732,0.05635232987922534,0.047494586486309005,0.29645806615429626,0.008667087003928249,0.004554244353269111
9.09,1.6739861453547011,0.056493171214353856,0.047600555228980365,0.2981994419937462,0.014301954100290467,0.00455925576033159
9.1,1.6769633364515315,0.056634973000972574,0.04772559167406821,0.296257476102831,0.011593188165633785,0.004564283308750288
9.1,1.6769633321689223,0.05663506299907578,0.04780173033139314,0.296257476102831,0.023061836403203577,0.00456427357492179
9.11,1.6799299956019411,0.05677699297599776,0.04803858405876162,0.30643022391732605,0.024882526401956474,0.004569284981984269
9.12,1.6829875588952368,0.0569238962617552,0.04821200448437538,0.30206308726326636,0.013524412173644817,0.004574312530402967
9.12,1.682987562771197,0.05692381545713826,0.0481447983295496,0.30206308726326636,0.003401252977295417,0.004574302796574468
9.13,1.6859971417131796,0.057068775224688346,0.04815041089989461,0.29178011893638245,-0.004891370772979782,0.004579314203636949
9.14,1.6889200778993938,0.057209604516741834,0.048084361491761644,0.3033721537270727,-0.007472494831808854,0.0045843417520556465
9.14,1.688920074457737,0.057209675975012385,0.04814528227957175,0.3033721537270727,0.0017039092485524113,0.004584332018227148
9.15,1.691954641013732,0.05735590800753195,0.04817361141590752,0.3093089173639513,0.0050005366966195605,0.004589343425289627
9.16,1.6950442476288066,0.05750485553629569,0.048219332170494816,0.309452606647714,0.004355152158273775,0.004594370973708325
9.16,1.695044248561984,0.05750483617537373,0.04820341004554171,0.309452606647714,0.001956827093221619,0.004594361239879827
9.17,1.6981337844444648,0.05765391108676583,0.04824230514453033,0.3075548865483481,0.007600149005865827,0.004599372646942306
9.18,1.7012013311674545,0.05780186616263681,0.04819962698130529,0.3015232768604778,-0.010276383681843847,0.004604400195361004
9.18,1.7012013254677465,0.0578019842630303,0.048296267213171575,0.3015232768604778,0.004280385032130893,0.004604390461532506
9.19,1.7042099142582183,0.05794747108134532,0.04838048204621799,0.29726974569763437,0.01637215226650534,0.004609401868594985
9.2,1.7071787690355196,0.05809115683492531,0.048492955621698336,0.29676982252374257,0.008652753214712495,0.004614429417013683
9.2,1.7071787689116233,0.05809115939581952,0.04849511051939268,0.29676982252374257,0.008977342122800812,0.0046144196831851845
9.21,1.7101438059745093,0.058235079621418655,0.04859548486912283,0.2978978824960016,0.012072751878393191,0.004619431090247665
9.22,1.7131182311518187,0.05837963637233877,0.04863113299028333,0.29647976053970493,-0.0007426262473759892,0.0046244586386663625
9.22,1.713118229202224,0.0583796765022209,0.04866509135814195,0.29647976053970493,0.00437247020133588,0.004624448904837864
9.23,1.7160793120749165,0.05852388426847853,0.048704308315359636,0.29620064975912924,0.0030562348155914413,0.004629460311900343
9.24,1.7190385966640374,0.0586680948143659,0.04870651907248479,0.29727452700701307,-0.001214321507978961,0.004634487860319041
9.24,1.7190385917628206,0.0586681954215927,0.04879203795799586,0.29727452700701307,0.011667255998829215,0.004634478126490543
9.25,1.72201564390741,0.05881352632646846,0.04888406320154201,0.3079507136698494,0.0044703822769785444,0.004639489533553022
9.26,1.7250873863892553,0.05896384490180474,0.04896148279467903,0.3023912294939041,0.00939830818670004,0.00464451708197172
9.26,1.7250873890322245,0.05896379083060032,0.048916671105664826,0.3023912294939041,0.0026483927522572056,0.004644507348143222
9.27,1.7281075328865823,0.059111637038949075,0.04893894088550649,0.3021848038406413,0.0014178860244380362,0.004649518755205701
9.28,1.7311208686704003,0.05925916269427835,0.04890186961695546,0.2955181469078165,-0.006301841640003281,0.004654546303624399
9.28,1.7311208622905225,0.059259292996281895,0.049010435448830596,0.2955181469078165,0.010051261765555874,0.0046545365697959005
9.29,1.7340750560057157,0.05940417230315709,0.04909707392093463,0.2990025469367015,0.006000091579654748,0.00465954797685838
9.3,1.7370605725917048,0.05955081703447481,0.04911218789996433,0.29776586301644475,-0.0007611583074322607,0.004664575525277079
9.3,1.7370605691306067,0.059550887530217214,0.04917170533779193,0.29776586301644475,0.008203861334733227,0.00466456579144858
9.31,1.7400389906703402,0.05969746051037376,0.04925421821812692,0.3037038909321918,0.008342344549675989,0.004669577198511059
9.32,1.7430748507084808,0.05984709045365652,0.04932098370062515,0.3071116649155642,0.005833181337494626,0.004674604746929757
9.32,1.7430748506861051,0.05984709090795438,0.04932136319703278,0.3071116649155642,0.005890344294650209,0.004674595013101259
9.33,1.7461431798598923,0.05999852411132953,0.04936631272224641,0.30839945986505024,0.0018158810935847685,0.004679606420163738
9.34,1.7492167150690017,0.06015031575419797,0.04933470420234145,0.2992714513969955,-0.005680495007456965,0.004684633968582436
9.34,1.749216712101925,0.06015037584126641,0.04938396180536485,0.2992714513969955,0.001739101580520045,0.004684624234753938
9.35,1.7522016594070544,0.06029781242805928,0.049346767213133115,0.2936584423120765,-0.014199579979171192,0.004689635641816417
9.36,1.7551327358919468,0.06044257224505956,0.04920744585685759,0.2910269201043455,-0.013796732687191452,0.004694663190235115
9.36,1.7551327236384338,0.060442820313284705,0.049418273703189734,0.2910269201043455,0.017959939852343388,0.0046946534564066165
9.37,1.758048445987811,0.060587044682318944,0.04960830320187721,0.3032883046858423,0.02100546872211179,0.004699664863469096
9.38,1.7610765125414682,0.0607372645813966,0.04971703405430135,0.30180269026244416,0.005743216139836098,0.004704692411887795
9.38,1.7610765145306282,0.06073722445801917,0.049683271093782726,0.30180269026244416,0.0006575535966349862,0.004704682678059296
9.39,1.764089833756043,0.060887015005388956,0.04966348118749289,0.3004607464939116,-0.0070410029169673625,0.0047096940851217755
9.4,1.7670944027869369,0.06103644653402747,0.049669447483752564,0.3054578371309511,0.004463444899719903,0.004714721633540473
9.4,1.7670944015369583,0.061036471686295356,0.049690524961622545,0.3054578371309511,0.007638312804132198,0.004714711899711975
9.41,1.7701461000835401,0.061188237500445754,0.049767133070293845,0.306670143717118,0.007704005845709648,0.004719723306774454
9.42,1.7732055502523631,0.06134057956083082,0.04980812251471912,0.30196467303018504,0.0022737575906755948,0.004724750855193152
9.42,1.7732055509913403,0.06134056471519798,0.04979588737087522,0.30196467303018504,0.00043079678979295304,0.004724741121364654
9.43,1.7762220619021285,0.06149085784962239,0.04977597054502465,0.3027885277969719,-0.006642702751429426,0.004729752528427133
9.44,1.7792446272270648,0.061641427917362386,0.04970503610901286,0.3006512332592219,-0.007321646724663333,0.004734780076845831
9.44,1.7792446183387474,0.06164160633264251,0.04985347353839817,0.3006512332592219,0.015037253769785902,0.0047347703430173325
9.45,1.7822466735815805,0.06179138969523673,0.05000168456483553,0.29966847338164804,0.014406104994354707,0.004739781750079812
9.46,1.7852439996975813,0.06194141578399335,0.05017065497156732,0.30564240495444844,0.01815816289588871,0.004744809298498511
9.46,1.7852440013189994,0.06194138334405343,0.050143428861300014,0.30564240495444844,0.014057135999650288,0.004744799564670012
9.47,1.7882873279697766,0.062094187137445876,0.050326903866529285,0.2930468588263938,0.026584752045485424,0.0047498109717324915
9.48,1.7912212297311105,0.06224191872276715,0.05055272350829904,0.30276873775148094,0.020555414564837907,0.004754838520151189
9.48,1.7912212360983857,0.06224179208918555,0.05044528155407156,0.30276873775148094,0.004371599111757354,0.004754828786322691
9.49,1.7942378423172687,0.06239421886259774,0.05056272967555768,0.29293480545267486,0.02590095435621631,0.00475984019338517
9.5,1.7971620635896493,0.06254216687632881,0.0507922259819791,0.2910495877059813,0.02145542107507866,0.004764867741803868
9.5,1.7971620672125583,0.06254209519490497,0.05073117333757068,0.2910495877059813,0.012259155639172247,0.00476485800797537
9.51,1.8000775365662602,0.06269011991558326,0.050849249763812346,0.3029178587870562,0.010940763772701792,0.004769869415037849
9.52,1.8031012000428408,0.06284393701564078,0.05090271250347661,0.30073530890107647,0.0025138702719373004,0.004774896963456547
9.52,1.8031011982429388,0.0628439724270885,0.05093254179355716,0.30073530890107647,0.007007010118760256,0.004774887229628049
9.53,1.8060962437358816,0.06299660452948133,0.05097560435148736,0.2892856694606238,-0.0008790361701815734,0.004779898636690528
9.54,1.808986571849333,0.06314399921951937,0.050907428266760826,0.2909542999135687,-0.009824215815229043,0.004784926185109226
9.54,1.808986568119788,0.063144072364245,0.05097029053540124,0.2909542999135687,-0.00035536947905377356,0.004784916451280727
9.55,1.811899282214792,0.06329260118528522,0.05092879551819442,0.3004116084636609,-0.011434015988541995,0.0047899278583432075
9.56,1.8148993189501033,0.06344560147175626,0.05088192677341593,0.30016630310429737,-0.001270901046154323,0.0047949554067619055
9.56,1.8148993146375885,0.06344568605594475,0.05095363399301577,0.30016630310429737,0.009530246578173574,0.004794945672933407
9.57,1.8179020373903347,0.06359874914886922,0.051007596201233685,0.30690801705715937,-0.002540869318519592,0.004799957079995886
9.58,1.8209627907905348,0.0637550224670597,0.05099548154698444,0.30100716698371577,-0.0005384087870408025,0.004804984628414584
9.58,1.820962787593299,0.06375508511921384,0.05104738376836497,0.30100716698371577,0.0072795425753201925,0.004804974894586086
9.59,1.8239733180478592,0.06390893066716392,0.05113930166073789,0.3069722366824319,0.012863192131469688,0.004809986301648565
9.6,1.8270350138335067,0.0640654566558519,0.05111666465632739,0.3014954058188609,-0.009922212278981525,0.004815013850067263
9.6,1.8270350079566366,0.06406557156150433,0.05121155476069767,0.3014954058188609,0.004370937436080394,0.004815004116238765
9.61,1.8300452093672679,0.06421985364673208,0.05124939050479828,0.3004056018542127,0.002655871401581352,0.004820015523301244
9.62,1.8330435404230239,0.06437371206894266,0.05132694521818228,0.29798545209239785,0.010337319943299492,0.004825043071719942
9.62,1.8330435419624196,0.06437368204320115,0.051301820793704024,0.29798545209239785,0.006552866728124163,0.004825033337891443
9.63,1.8360190372239917,0.06452643935123148,0.05135232097970876,0.29738627859516553,0.0021646371927837946,0.0048300447449539236
9.64,1.8389907524621636,0.06467917608427501,0.05137226385617637,0.2997996211445582,0.00190804230532407,0.0048350722933726215
9.64,1.8389907499998859,0.06467922401524169,0.05141280764397871,0.2997996211445582,0.008015090378674313,0.004835062559544123
9.65,1.8419785503710067,0.06483295422252533,0.05148307364044158,0.2913105027554456,0.00512875466220445,0.004840073966606602
9.66,1.8448962177428614,0.06498336938274148,0.05159576785677714,0.30278193471216136,0.014378346382472148,0.0048451015150253
9.66,1.8448962198575376,0.06498332831628068,0.05156058561652363,0.30278193471216136,0.00907889992710316,0.004845091781196802
9.67,1.8479150522032064,0.06513910918653106,0.05164540898921331,0.29602400865744444,0.007336971499380504,0.004850103188259281
9.68,1.8508804167156292,0.06529243161834289,0.05175148297582315,0.30837723721436133,0.012263165369986421,0.004855130736677979
9.68,1.8508804186143732,0.06529239485613415,0.051720348592309055,0.30837723721436133,0.007573441317026623,0.004855121002849481
9.69,1.8539543410842696,0.06545150945322452,0.051789224979566825,0.30058017074143395,0.005570937450561745,0.00486013240991196
9.7,1.856957314831764,0.06560722462945803,0.05189009098035413,0.30222064365527734,0.01237281025230987,0.004865159958330658
9.7,1.8569573186737476,0.06560715045826535,0.05182825182508956,0.30222064365527734,0.003058073902138121,0.004865150224502159
9.71,1.8599736049820845,0.06576361692204773,0.05185734265784687,0.299685423082279,0.00262302989784856,0.00487016163156464
9.72,1.8629670603006734,0.06591896926302117,0.05186718873634066,0.3005414175669819,0.00015510009730333426,0.0048751891799833375
9.72,1.8629670538466938,0.06591909365162643,0.05197147347422218,0.3005414175669819,0.015863348933451864,0.004875179446154839
9.73,1.865968112845942,0.0660751511237358,0.05209877949467966,0.300133032436771,0.006715909370915419,0.004880190853217318
9.74,1.8689633850112901,0.06623138372156799,0.05220043412913967,0.2974321906648113,0.01191191934188059,0.004885218401636016
9.74,1.8689633897883409,0.06623129200814136,0.052123462599846675,0.2974321906648113,0.00031781688743616303,0.004885208667807518
9.75,1.8719338718908571,0.06638630000267348,0.05214814810599575,0.29770659642577474,0.006597834869220501,0.004890220074869997
9.76,1.8749091544320569,0.06654148337318547,0.0521188756374715,0.3007805495043243,-0.007749648464174434,0.004895247623288695
9.76,1.8749091487377305,0.06654159250593077,0.05221120062742057,0.3007805495043243,0.006157122031452806,0.004895237889460197
9.77,1.877911166488237,0.06669847386475863,0.0522726648484528,0.29848090052772863,0.00612587886042089,0.004900249296522676
9.78,1.8808885798784882,0.066854279564422,0.05235614867466785,0.29396435798333503,0.009473601914397797,0.004905276844941374
9.78,1.8808885818918215,0.06685424106120938,0.052323696368811,0.29396435798333503,0.004585361256542842,0.0049052671111128755
9.79,1.8838342260236822,0.06700855200827348,0.052395736688383696,0.3076149205485342,0.012231728112131916,0.004910278518175355
9.8,1.8869017501248548,0.06716936516366824,0.052468909793271463,0.3016150943907255,0.004829216826142139,0.0049153060665940536
9.8,1.8869017449548842,0.0671694638077101,0.05255089194213717,0.3016150943907255,0.017178061160082404,0.004915296332765555
9.81,1.8899126552167258,0.06732789651304796,0.052758759187558964,0.30015313011455286,0.02771514933622744,0.004920307739828034
9.82,1.892909982891588,0.06748608823876785,0.05296034809598783,0.3001095757150981,0.016333273992349413,0.004925335288246732
9.82,1.8929099888331127,0.06748597552514474,0.05286592399339479,0.3001095757150981,0.0021103174045246694,0.004925325554418234
9.83,1.8959089559195437,0.06764465105974037,0.05287779567135414,0.3029188623353732,-0.0005852260129485492,0.004930336961480713
9.84,1.8989298830097014,0.0678044534689317,0.05279986406451812,0.2974287654477056,-0.011442426568023993,0.004935364509899411
9.84,1.8989298790695228,0.06780452794903004,0.0528620225144454,0.2974287654477056,-0.0020795953564589735,0.004935354776070913
9.85,1.9019021698884244,0.06796176963095059,0.05282555275779602,0.3003649585006675,-0.006656255124153531,0.004940366183133392
9.86,1.9048988089566785,0.06812031577635544,0.052842514050051415,0.29653169963496084,0.005924812288528081,0.00494539373155209
9.86,1.904898811555521,0.068120266636709,0.052801201566572385,0.29653169963496084,-0.00029802322614838877,0.0049453839977235915
9.87,1.9078664871633773,0.0682771429904589,0.052818525358179616,0.3053723619193404,0.005630634206866442,0.004950395404786071
9.88,1.9109121027121372,0.06843817098302409,0.05288588511967917,0.3001320814379875,0.007295593686439,0.00495542295320477
9.88,1.9109121022712396,0.06843817932304469,0.052892832729330506,0.3001320814379875,0.008342101386766089,0.004955413219376271
9.89,1.913911069631253,0.06859699073051775,0.052999741466518695,0.3026454998450735,0.015200380629799894,0.0049604246264387504
9.9,1.9169347159023504,0.06875734378240472,0.053110446520950746,0.3046038118490451,0.008979613486772193,0.004965452174857448
9.9,1.9169347206708962,0.06875725381552789,0.05303536367501754,0.3046038118490451,-0.002329999513214968,0.00496544244102895
9.91,1.9199800029705005,0.06891892009620286,0.053016213070688274,0.3094066713016954,-0.00111840141891326,0.004970453848091429
9.92,1.9230670217556443,0.06908264049003147,0.05292723609429761,0.3057226444711508,-0.012836235042383196,0.004975481396510127
9.92,1.9230670165324162,0.06908273892160999,0.05300793233961034,0.3057226444711508,-0.0006810843725365383,0.004975471662681629
9.93,1.9261239952343963,0.06924496528930937,0.05301884576532309,0.3112343259798096,0.00449429970051671,0.004980483069744108
9.94,1.9292230020022674,0.06940939377743793,0.05303827937328408,0.29902808251605323,0.0006518598679558334,0.004985510618162806
9.94,1.9292230061607665,0.0694093154118959,0.05297445158521695,0.29902808251605323,-0.00896242116671062,0.0049855008843343075
9.95,1.932208868832825,0.06956761933128607,0.05287376891794513,0.2987226556169709,-0.01219142618770849,0.004990512291396787
9.96,1.9351918458163717,0.06972541577993183,0.05269157512473312,0.2986154375851482,-0.021271238796634638,0.004995539839815486
9.96,1.9351918359234326,0.06972560256662585,0.052848551022148964,0.2986154375851482,0.0023737979362304616,0.004995530105986987
9.97,1.938180035856991,0.06988372778974572,0.05290582803330599,0.30708118634083514,0.012167001068360578,0.0050005415130494665
9.98,1.9412437485778717,0.07004597309420078,0.053032154865781084,0.30326579138114995,0.012868450935065372,0.005005569061468164
9.98,1.9412437523124841,0.07004590255216835,0.05297370727282245,0.30326579138114995,0.004064580371462467,0.005005559327639666
9.99,1.944270976138519,0.07020637934865905,0.05299272525196188,0.30165657921852534,-0.002250619204578314,0.005010570734702145
10.0,1.947233312589933,0.07036556824389488,0.0546822120169914,0.2337332738529245,0.25562423306791804,0.005015598283120843
10.0,1.9472332994319699,0.07036581638014419,0.05488906763028805,0.2337332738529245,0.2867825742866453,0.005015588549292345
10.01,1.9495610168521798,0.07049429823634415,0.058171571614447255,0.22547658572794632,0.40786622024011465,0.005020599956354824
10.02,1.9518149285088122,0.07062641377258073,0.06316228984465394,0.2295733583389843,0.545247809610911,0.005025627504773522
10.02,1.9518149941740428,0.070625256032246,0.061922580734124245,0.2295733583389843,0.3585123429622297,0.0050256177709450236
10.03,1.9541012137745635,0.07076739776383704,0.06581002231843408,0.2226388446799995,0.4467874940610149,0.005030629178007503
10.04,1.9563237923907013,0.07091452160209678,0.07099515640425033,0.2240704585857096,0.55482713017443,0.005035656726426201
10.04,1.9563238721406189,0.0709132738009042,0.06960099357570036,0.2240704585857096,0.34482653877578484,0.005035646992597702
10.05,1.9585594958098966,0.07106954725615865,0.07338409157908855,0.22457839023465362,0.4425957242488325,0.0050406583996601825
10.06,1.9607966855620629,0.07123457504183436,0.07843329728525532,0.22115629581677823,0.5364746767503199,0.0050456859480788804
10.06,1.9607967623040434,0.07123350264184565,0.07722834328678453,0.22115629581677823,0.35497431889743114,0.005045676214250382
10.07,1.9630057959648393,0.07140489220609908,0.08114096892057368,0.22674265381663852,0.4609338921166878,0.005050687621312861
10.08,1.9652655683356366,0.07158924383908288,0.08640560393799987,0.22654116673096067,0.5596401299661272,0.005055715169731559
10.08,1.9652656669340314,0.07158800105675259,0.0850116562319643,0.22654116673096067,0.3496719421392346,0.005055705435903061
10.09,1.9675242073464334,0.07178090933781153,0.08885812071962162,0.22837864686851606,0.45179547687205085,0.00506071684296554
10.1,1.969799021167325,0.07198437198597171,0.0942499491370979,0.22852350824580756,0.5834257135190076,0.005065744391384238
10.1,1.9697991328281834,0.07198309031635938,0.0928271561613319,0.22852350824580756,0.3691126073092693,0.00506573465755574
10.11,1.9720744247202715,0.07219529189981234,0.09681868178919953,0.2284283826100794,0.4568275383400333,0.005070746064618219
10.12,1.974343636771223,0.07241633307031418,0.10209853610360985,0.2225370650681603,0.5640115725710646,0.005075773613036917
10.12,1.9743437531444477,0.072415109048976,0.10074348091699169,0.2225370650681603,0.3599017048136654,0.005075763879208418
10.13,1.976556184057152,0.07263921260595563,0.10470703336814653,0.22033510776061271,0.46634393225941806,0.0050807752862708985
10.14,1.9787504525411397,0.07287049807294069,0.11014680624688275,0.22451127999739492,0.5832818555592517,0.0050858028346895965
10.14,1.9787505910393424,0.0728691535639875,0.10861253391253417,0.22451127999739492,0.3521767859205239,0.005085793100861098
10.15,1.9809793635080568,0.07311262177326462,0.11248363003783055,0.22032015749638598,0.4541786174153665,0.005090804507923577
10.16,1.983170523379101,0.0733607415884037,0.11770949768247226,0.22298564297006518,0.5572207516808294,0.005095832056342275
10.16,1.983170658298272,0.07335952531572493,0.11631926563921016,0.22298564297006518,0.3478122483928504,0.005095822322513777
10.17,1.9853884398494432,0.07361912308206248,0.12016407534961715,0.22715433413027544,0.45488279583263924,0.005100833729576256
10.18,1.9876421485334461,0.07389192000006456,0.1254559766794838,0.2252699347141708,0.5668107889483059,0.005105861277994954
10.18,1.987642293988214,0.0738906953799273,0.12407967518887957,0.2252699347141708,0.3595006232696448,0.005105851544166456
10.19,1.9898744023939015,0.0741694577727591,0.12796852287425659,0.2208483451017545,0.4453006264526323,0.005110862951228935
10.2,1.9920656844939542,0.07445200540536519,0.13308580641366072,0.22212422981984342,0.545359685351894,0.005115890499647633
10.2,1.9920658286508488,0.07445086694367585,0.13178751202869235,0.22212422981984342,0.34979960939113663,0.005115880765819134
10.21,1.9942735819689184,0.07474396926517214,0.13564834407051848,0.23012102056228576,0.45574560578456064,0.0051208921728816146
10.22,1.9965518223294467,0.0750555660272037,0.1409158304084489,0.22772633253924632,0.5626963691210423,0.0051259197213003125
10.22,1.9965519893863806,0.07505432414118042,0.13952832069497445,0.22772633253924632,0.35369792616008533,0.005125909987471814
10.23,1.9988049049641983,0.0753711347912609,0.143384148158884,0.2247593494571293,0.4467997554745317,0.005130921394534293
10.24,2.001024640785848,0.07569234680875714,0.14866471404242673,0.2183161903488434,0.5691956665581464,0.005135948942952991
10.24,2.001024812778277,0.07569113854801356,0.14730426806416838,0.2183161903488434,0.3642737921904984,0.005135939209124493
10.25,2.003188053223016,0.07601253796928104,0.15128586788620516,0.2235143552125105,0.4632195054132867,0.005140950616186972
10.26,2.0053954919925308,0.07634979809458523,0.15673903347417342,0.22067115324356776,0.5868810276514234,0.00514597816460567
10.26,2.005395694700016,0.07634845013874747,0.15519656516183208,0.22067115324356776,0.3545414105191482,0.005145968430777172
10.27,2.0075759426587236,0.0766899569825216,0.15905992734719332,0.22083418472596045,0.447380409379672,0.005150979837839651
10.28,2.0097573338288606,0.07704049949456605,0.16422522087938754,0.22224012214682526,0.5515383943981396,0.005156007386258349
10.28,2.009757514592513,0.0770393581098198,0.16290891753011702,0.22224012214682526,0.3532656559875715,0.00515599765242985
10.29,2.0119550912708735,0.07740097491822132,0.16677044307352232,0.2286693016642365,0.44929349540985886,0.00516100905949233
10.3,2.0142606134192573,0.07778872624105529,0.17089966785104205,0.29829651064855456,0.3945083938311198,0.0051660366079110285
10.3,2.014260677558329,0.07778834065885042,0.17046483223328046,0.29829651064855456,0.32900977701166106,0.00516602687408253
10.31,2.0172032051784847,0.07829482746736116,0.17373867596835293,0.302150158692034,0.32426369287072454,0.005171038281145009
10.32,2.0201741172650762,0.07881615146837027,0.17689973231786774,0.2950850775798259,0.3119753363558215,0.005176065829563707
10.32,2.0201741167305904,0.07881615454172691,0.17690240787219122,0.2950850775798259,0.31237835096698696,0.005176056095735209
10.33,2.0230840178154423,0.07933634050941223,0.1800146882374261,0.3021281317680634,0.3090194993818054,0.005181067502797688
10.34,2.0260562267356943,0.07987729926043444,0.18315626304538327,0.30179528871210237,0.31675876134907593,0.005186095051216386
10.34,2.02605624040259,0.07987722348766908,0.18309154873765301,0.30179528871210237,0.3070109452281723,0.005186085317387888
10.35,2.029023566934117,0.08042667349874999,0.1861641132305313,0.30154352690161584,0.3077278028705664,0.005191096724450367
10.36,2.0319882522731865,0.08098499276259359,0.18918883815813706,0.30339863248790383,0.2998118105023833,0.005196124272869065
10.36,2.0319882476911095,0.08098501730223763,0.1892096840104421,0.30339863248790383,0.30295178900605646,0.0051961145390405665
10.37,2.0349644167052823,0.08155496458102054,0.19224433632789564,0.29832000333779485,0.30445101208246345,0.005201125946103046
10.38,2.037893746175898,0.08212505579245169,0.1952087613144095,0.29979953580231206,0.2923879121179577,0.0052061534945217446
10.38,2.037893746538327,0.08212505391477984,0.19520715666098323,0.29979953580231206,0.29214620565325455,0.005206143760693246
10.39,2.0408362174563384,0.0827068436051438,0.19812262908008985,0.3017578962293353,0.2903972661979203,0.005211155167755725
10.4,2.0437942016583026,0.08330081852744416,0.20114212324580308,0.301012721498462,0.3077980917016754,0.005216182716174423
10.4,2.0437942145357604,0.08330075388075264,0.20108702070722387,0.301012721498462,0.29949808150757484,0.005216172982345925
10.41,2.0467448165618682,0.08390218087436367,0.20406490078153355,0.30257102974449146,0.2945047641972769,0.005221184389408404
10.42,2.0497056319757894,0.08451483850621203,0.20695264167967845,0.2996165072262348,0.2858727379744231,0.005226211937827102
10.42,2.0497056025444986,0.08451498181779601,0.20707455777537134,0.2996165072262348,0.30423677097847956,0.005226202203998604
10.43,2.052637198559176,0.08513084742234055,0.21010418398815617,0.29883150481476534,0.30051632761293656,0.005231213611061083
10.44,2.0555593891863078,0.08575405798183539,0.21314990827235092,0.29827687195203595,0.306625969547898,0.005236241159479781
10.44,2.0555593914757964,0.08575404716341392,0.21314061150223637,0.29827687195203595,0.3052256114389495,0.0052362314256512825
10.45,2.058473223598834,0.08638468862814552,0.2161966460449731,0.2962745609950222,0.30632889064366314,0.005241242832713762
10.46,2.0613693727157107,0.08702080478308401,0.21929108578479017,0.2995915517584775,0.31102109251448606,0.005246270381132461
10.46,2.0613693786932434,0.0870207773612033,0.21926731096645607,0.2995915517584775,0.3074399283862271,0.005246260647303962
10.47,2.0642960768695433,0.08767298185654056,0.2223357114588711,0.303089879343117,0.30568831600966145,0.0052512720543664414
10.48,2.067250147700663,0.08834090219690105,0.22546057703758265,0.3000166654883395,0.3159284026204243,0.005256299602785139
10.48,2.0672501499785296,0.08834089204781123,0.22545189674453056,0.3000166654883395,0.31462090349828,0.005256289868956641
10.49,2.0701782834987497,0.0890124693434274,0.22860271229154328,0.30544731786490187,0.3159659783447019,0.00526130127601912
10.5,2.0731491236727364,0.08970377458129633,0.23182613138841981,0.2996536059405416,0.32556994515057974,0.005266328824437818
10.5,2.073149166116936,0.08970359083741637,0.23166983340585334,0.2996536059405416,0.3020270216833725,0.00526631909060932
10.51,2.0760634992045826,0.09039107556195491,0.2346768743634423,0.2966451646527417,0.29816415456592693,0.005271330497671799
10.52,2.0789492235252025,0.09108095168794772,0.23761851647108956,0.29744696119892805,0.29213910105989904,0.005276358046090497
10.52,2.0789492059112615,0.09108102587552366,0.23768288554999803,0.29744696119892805,0.3018349158971244,0.0052763483122619985
10.53,2.0818467243270513,0.0917829122876543,0.24065950481588744,0.3067587035974916,0.289650028684727,0.005281359719324478
10.54,2.084817569718275,0.09251208288280632,0.24361738829362775,0.29511219842614655,0.2988960838265759,0.005286387267743176
10.54,2.08481755648832,0.09251213714317033,0.2436637026035744,0.29511219842614655,0.3058723367289238,0.005286377533914677
10.55,2.0876854693188656,0.09322502981082423,0.24667618136288394,0.3006416345758198,0.2923691789011333,0.0052913889409771575
10.56,2.090599847002695,0.09395887107250385,0.24959005448048083,0.29918989972716536,0.2908902076062854,0.005296416489395855
10.56,2.0905998322859873,0.09395892989891944,0.24964100854818855,0.29918989972716536,0.298565340046817,0.005296406755567357
10.57,2.093499397000698,0.09469817903351355,0.2526135889658185,0.29975914193926667,0.29474810473541724,0.005301418162629836
10.58,2.0964008655035675,0.09544710022863154,0.25553775665659967,0.2983637562619978,0.2912364498787966,0.005306445711048534
10.58,2.0964008238139056,0.09544726275755779,0.2556787135256325,0.2983637562619978,0.31246856513277715,0.005306435977220036
10.59,2.099288831088127,0.0962021494259134,0.25878170891135543,0.300265220469776,0.30613513313755747,0.005311447384282515
10.6,2.102193445356561,0.09697110637801759,0.26188797261293095,0.3030170091222514,0.31290021402335305,0.005316474932701213
10.6,2.1021934447563746,0.09697110865979913,0.26188995388757597,0.3030170091222514,0.31319865035995154,0.0053164651988727146
10.61,2.1051217469885377,0.09775597619810504,0.26499178492725184,0.3050448177053768,0.3043934294592793,0.005321476605935194
10.62,2.1080665319522987,0.09855526032016111,0.2681532077925014,0.3062432304731556,0.32209055121239444,0.005326504154353892
10.62,2.108066555236666,0.09855517398115678,0.2680791709333421,0.3062432304731556,0.3109384935830021,0.005326494420525393
10.63,2.1110181918268642,0.09936592120477722,0.27116481544059884,0.30424001848760573,0.3040064258688904,0.0053315058275878735
10.64,2.113944682457161,0.10017953241314856,0.2742119246068886,0.2975559868841486,0.3050675894089281,0.0053365333760065714
10.64,2.113944655952679,0.10017962833606879,0.27429411701054085,0.2975559868841486,0.31744810409629676,0.005336523642178073
10.65,2.116810480529016,0.10098601151890753,0.27745630069561905,0.2996683386959104,0.3138573473653316,0.005341535049240552
10.66,2.119691077737344,0.10180644827731165,0.2806236925845131,0.29759091326480164,0.31819822069791875,0.00534656259765925
10.66,2.1196911199113737,0.10180629928008021,0.2804936291878007,0.29759091326480164,0.2986069723375497,0.005346552863830752
10.67,2.1225541543042223,0.10263110802177525,0.2834804466767226,0.30244023397197567,0.2988253155484309,0.005351564270893231
10.68,2.1254635088649128,0.10347871533055708,0.28649841966663053,0.3104733610197231,0.30330196825888744,0.005356591819311929
10.68,2.1254635041495975,0.10347873160902878,0.2865125943118745,0.3104733610197231,0.3054370731570635,0.005356582085483431
10.69,2.128432893930228,0.10435354226681204,0.28955052648080465,0.29801742954218696,0.30063710802620985,0.00536159349254591
10.7,2.13129166306122,0.10520529110400083,0.29260121815413925,0.3018018994862033,0.3073130504382299,0.005366621040964608
10.7,2.131291660101847,0.10520530109476467,0.2926099160380284,0.3018018994862033,0.30862319924095644,0.005366611307136109
10.71,2.134178337998642,0.10607496033577991,0.2957107160712253,0.29746962371981356,0.31287698281873877,0.0053716227141985895
10.72,2.137021898873132,0.10694112596960112,0.2987549239943424,0.29455804625640675,0.3001395537961794,0.0053766502626172875
10.72,2.13702190156926,0.10694111706854854,0.29874709528916527,0.29455804625640675,0.2989603280390361,0.005376640528788789
10.73,2.139838864040398,0.10780870622391302,0.3017753028760192,0.2972214257503707,0.31023256205245664,0.005381651935851268
10.74,2.1426792862009187,0.10869296960161878,0.3049507504630211,0.30084775809384523,0.321246810811663,0.005386679484269966
10.74,2.1426793102738686,0.10869289184079062,0.30488170544563886,0.30084775809384523,0.31084666659143484,0.005386669750441468
10.75,2.1455472087577427,0.10959535560539856,0.3079645463414874,0.29821332638058656,0.3033640900756001,0.005391681157503947
10.76,2.1483929169350273,0.11050045061004755,0.31093385418403346,0.30371136790759695,0.2936737009805161,0.005396708705922645
10.76,2.1483929102483263,0.11050047174724924,0.31095253152266206,0.30371136790759695,0.29648703962177175,0.005396698972094147
10.77,2.1512842077963983,0.11142954782744725,0.3138475431365542,0.3034260224031372,0.2760886795837124,0.005401710379156626
10.78,2.154164234723051,0.1123643599544325,0.31662871906332446,0.2948344228970506,0.2791448000078675,0.005406737927575324
10.78,2.1541641703066343,0.11236455943133952,0.316802820584857,0.2948344228970506,0.30536944302410923,0.005406728193746825
10.79,2.156974241476889,0.11328580683394737,0.3198462182893452,0.3069132424134611,0.3023628587103327,0.005411739600809305
10.8,2.1598827812518175,0.11424912578084963,0.32283427900722217,0.29982202245390027,0.2970053255589211,0.0054167671492280035
10.8,2.1598827458335492,0.11424923326072951,0.3229281450881005,0.29982202245390027,0.3111442281985988,0.005416757415399505
10.81,2.162723545102618,0.11519984327843366,0.3260157565224334,0.2963004382466378,0.3041857586367692,0.005421768822461984
10.82,2.165534233638041,0.1161500559622606,0.32904019771092496,0.30168396140580855,0.3015623535515787,0.005426796370880682
10.82,2.165534220214125,0.11615009587814892,0.32907577283205647,0.30168396140580855,0.30692097904618293,0.005426786637052184
10.83,2.168387158575365,0.11712432761927782,0.3321303483325793,0.2987677869124597,0.3026478510995131,0.005431798044114663
10.84,2.171211635984827,0.11809847085324503,0.33512624392209867,0.2988608443866223,0.298041192920795,0.005436825592533361
10.84,2.1712116502358128,0.11809842932361227,0.3350893393041555,0.2988608443866223,0.2924823073769445,0.005436815858704863
10.85,2.174035431791589,0.11908177236630017,0.338038264377269,0.3008905637813835,0.2995199516629128,0.005441827265767342
10.86,2.1768682765080056,0.12007762124217182,0.34104467019114376,0.29256997519565703,0.30120793889136993,0.00544685481418604
10.86,2.176868282739691,0.12007760342892503,0.3410288498682257,0.29256997519565703,0.29882494810946325,0.0054468450803575414
10.87,2.179625318186067,0.12105608063067605,0.3440282075042454,0.2923243358818282,0.30206846504432827,0.005451856487420021
10.88,2.18238386697691,0.12204436780972949,0.34702305094653385,0.3018366762141158,0.2981760438120712,0.0054568840358387195
10.88,2.1823838410159078,0.12204444062563201,0.3470894104370285,0.3018366762141158,0.30817167126922246,0.005456874302010221
10.89,2.1852224238218896,0.12307127557482134,0.35018482014181057,0.30215295049621255,0.31216994569300627,0.0054618857090727
10.9,2.1880604651035584,0.12410790498856922,0.35336067942068106,0.3020264319341066,0.3203279559373177,0.005466913257491398
10.9,2.188060496222415,0.12410781937321018,0.3532845515888356,0.3020264319341066,0.308860938324986,0.0054669035236629
10.91,2.1908916147836237,0.12515177822982523,0.3563556172871206,0.2982175055465935,0.3037382838727822,0.005471914930725379
10.92,2.193691072625163,0.1261938671293931,0.3593914423242852,0.3049472532129565,0.30350363463178565,0.005476942479144077
10.92,2.1936911149793237,0.1261937527961539,0.35928898236087364,0.3049472532129565,0.2880702487528267,0.005476932745315579
10.93,2.1965414837044808,0.12726431620205803,0.3621633673618128,0.29857205483112026,0.28622557923971786,0.005481944152378058
10.94,2.1993367411857356,0.1283235410109958,0.3651613253080492,0.30332647254564765,0.306666184868223,0.005486971700796756
10.94,2.1993367201832785,0.12832359669642526,0.3652112037057974,0.30332647254564765,0.3141792908058148,0.0054869619669682575
10.95,2.2021680224656035,0.12940609788510532,0.36830441075117887,0.3004986460342846,0.29999250015979084,0.005491973374030737
10.96,2.204977016825522,0.13049011217317344,0.3712935161841005,0.3085430503186904,0.29836276525776195,0.0054970009224494356
10.96,2.2049769966811943,0.13049016461769677,0.37134045895937573,0.3085430503186904,0.30543368292090706,0.005496991188620937
10.97,2.2078463645676885,0.13160747403175957,0.3743722314858564,0.3001114104000645,0.29884503714526195,0.005502002595683416
10.98,2.2106455057725984,0.13270732097418525,0.377407993839847,0.30874842296833693,0.3059715679275886,0.005507030144102114
10.98,2.210645521123812,0.1327072817221759,0.3773729141896525,0.30874842296833693,0.3006875744541961,0.005507020410273616
10.99,2.2135138602714357,0.13384418487006036,0.38036885608981064,0.3059641945436069,0.2974949551883523,0.005512031817336095
11.0,2.216351295870089,0.1349785926064479,0.3832562239629144,0.30074244847200415,0.28430266232070905,0.005517059365754793
11.0,2.2163512240921732,0.13497877292451557,0.38341568598331244,0.30074244847200415,0.30832217991467165,0.005517049631926295
11.01,2.2191400133567862,0.13610366670478508,0.3864743724100871,0.3003196823230055,0.3011579932132776,0.005522061038988774
11.02,2.2219242505556176,0.13723668931286753,0.38949146454262895,0.3040589050144907,0.3019882874386968,0.005527088587407472
11.02,2.2219242539571087,0.13723668091632396,0.3894838906296426,0.3040589050144907,0.3008474406353263,0.0055270788535789735
11.03,2.2247376717017193,0.13839146734607288,0.3925002441900134,0.30487921033165943,0.30314810799733855,0.005532090260641453
11.04,2.227549191018154,0.13955543284323807,0.3955695976886082,0.29691611862435974,0.30885277186109245,0.005537117809060151
11.04,2.2275492117290208,0.13955538259619538,0.3955246448856225,0.29691611862435974,0.302081600647289,0.005537108075231652
11.05,2.23029257556857,0.1407007905451571,0.39853337545442463,0.30196998515774964,0.29855272280789213,0.0055421194822941324
11.06,2.2330731521498937,0.1418717184515817,0.40161325924409386,0.2983865724637706,0.31276550579890156,0.00554714703071283
11.06,2.23307316184063,0.14187169533734212,0.40159229648692246,0.2983865724637706,0.3096079180959505,0.005547137296884332
11.07,2.2358193299618816,0.14303792806023702,0.4046958569948165,0.29794986773832216,0.31179242225269005,0.005552148703946811
11.08,2.238559525882764,0.1442114858081524,0.40767720726175477,0.2998889874967761,0.29122049847454207,0.005557176252365509
11.08,2.238559453298413,0.14421165600853975,0.40783328629336,0.2998889874967761,0.3147304416969726,0.005557166518537011
11.09,2.2413125297936696,0.14540107505928826,0.41094289207103674,0.30007212681230266,0.3037226572546442,0.00556217792559949
11.1,2.2440668077330828,0.14660117780094026,0.4139183159306743,0.3050456593091098,0.2944134101601742,0.005567205474018188
11.1,2.2440667450729825,0.1466013222249527,0.4140504542884531,0.3050456593091098,0.31431720669795715,0.0055671957401896895
11.11,2.246858120480902,0.1478280311360877,0.41720648138160926,0.3031075999711528,0.31807079992590215,0.005572207147252169
11.12,2.2496281302393974,0.14905588055900065,0.4204695375900759,0.3015699522943766,0.3304747833631977,0.005577234695670867
11.12,2.249628186735474,0.14905575253964043,0.42035341263267134,0.3015699522943766,0.31298306056604286,0.005577224961842368
11.13,2.252381426823042,0.15028645302308968,0.42348964340948264,0.30168513663891966,0.31485187349242727,0.0055822363689048485
11.14,2.2551314933909508,0.1515260561672923,0.4266155217296626,0.30125474554484455,0.3114415828230408,0.005587263917323546
11.14,2.255131497991732,0.15152604591667573,0.42660615253033174,0.30125474554484455,0.310030314813218,0.005587254183495048
11.15,2.2578748841845115,0.15277297440512586,0.42970950982361955,0.3025084142641597,0.31092210751875066,0.005592265590557527
11.16,2.2606243495559477,0.154032838144751,0.4327183819806107,0.3015382555255792,0.29580670511674767,0.005597293138976225
11.16,2.2606243052738932,0.15403293518038852,0.43280723645361685,0.3015382555255792,0.30919071701090967,0.005597283405147727
11.17,2.263359685659032,0.15529673781812592,0.43589545162241444,0.29859976510903774,0.3081126740003484,0.005602294812210206
11.18,2.266066451986716,0.15655739562021204,0.43890900627378693,0.2985225452267252,0.2979343947606863,0.005607322360628904
11.18,2.266066457349017,0.1565573840594918,0.4388983048632476,0.2985225452267252,0.296322457836221,0.0056073126268004056
11.19,2.2687653020656495,0.15782431563012303,0.441860177233813,0.2933514194258541,0.29592762098729086,0.005612324033862885
11.2,2.2714227164036527,0.15908142156314997,0.4448228103382585,0.30183839220347886,0.2964332648267954,0.005617351582281583
11.2,2.271422676819098,0.15908150557784462,0.4449019575840964,0.30183839220347886,0.30835509210060136,0.005617341848453084
11.21,2.2741464617045835,0.16038015322792717,0.4479820446843882,0.3006779227670366,0.3073436765034027,0.0056223532555155645
11.22,2.2768559775471453,0.16168232397428728,0.4511024521281022,0.29986453837801835,0.3144187972132704,0.0056273808039342624
11.22,2.2768560171500893,0.16168224123539413,0.4510256090735924,0.29986453837801835,0.3028440467167944,0.005627371070105764
11.23,2.2795554766793136,0.16298966417081634,0.4540643863463187,0.30089871959093917,0.30586233410178026,0.005632382477168243
11.24,2.282259125035096,0.16430926329277137,0.45712935902614665,0.3002326705855552,0.3068187251902759,0.005637410025586941
11.24,2.282259120180201,0.1643092732790833,0.4571386561849271,0.3002326705855552,0.3082191418433694,0.005637400291758443
11.25,2.2849535704522186,0.16563465951130665,0.4602277959403419,0.3008542311761365,0.3102480160190883,0.005642411698820922
11.26,2.2876519400401008,0.1669721955231166,0.4632307307127253,0.30511720806604364,0.2952536481572598,0.00564743924723962
11.26,2.2876519146532637,0.16697224693727436,0.4632787280232707,0.30511720806604364,0.30248340883777075,0.005647429513411122
11.27,2.290378933284964,0.16833451166196284,0.4663098453760101,0.30127075656495034,0.3043180856586268,0.005652440920473601
11.28,2.293067357610125,0.16968764304131503,0.4693232740159694,0.2972483650437536,0.29983655526696035,0.005657468468892299
11.28,2.2930673281727825,0.16968770175404754,0.4693779736096248,0.2972483650437536,0.30807587049016505,0.0056574587350638
11.29,2.2957166768174417,0.17103147061659077,0.4724920322824617,0.29475547495257015,0.3177992683592592,0.00566247014212628
11.3,2.2983440388426937,0.172374368202579,0.4757008295792344,0.29897996014707345,0.32243931961657224,0.0056674976905449785
11.3,2.2983440833185433,0.17237428083787915,0.47561751756371806,0.29897996014707345,0.309890159525111,0.00566748795671648
11.31,2.301000892542224,0.1737426529714418,0.47870236002990707,0.2972005365225471,0.3057849752249743,0.005672499363778959
11.32,2.3036393052193525,0.17511191692440653,0.4817801537082278,0.2979528358144441,0.30878909797445936,0.005677526912197657
11.32,2.303639385128036,0.17511176234762574,0.48163297055735116,0.2979528358144441,0.28661912751257296,0.005677517178369159
11.33,2.306282667402563,0.17649333303955772,0.4844773024073657,0.30207824357333896,0.2802363019207421,0.005682528585431638
11.34,2.308953222624919,0.17789892092199572,0.48730482168671835,0.29811895895859686,0.2840255504932171,0.005687556133850336
11.34,2.308953152821507,0.17789905402111175,0.4874306706867233,0.29811895895859686,0.3029819907932758,0.005687546400021838
11.35,2.311588632035799,0.17929602388276714,0.490419604721646,0.3003496362565104,0.29104355255592895,0.005692557807084317
11.36,2.3142403920758787,0.18071196540591622,0.49340055947196004,0.30390864362493103,0.30166575435346654,0.005697585355503015
11.36,2.314240363584337,0.18071201896354436,0.4934514864206868,0.30390864362493103,0.30933680190382984,0.005697575621674516
11.37,2.316916621676486,0.18215140822034073,0.49655417555748166,0.3034953035767419,0.3120585143303432,0.005702587028736996
11.38,2.3195837836796347,0.18359657773298815,0.4996769422877961,0.3015523365201734,0.31238712340885527,0.0057076145771556945
11.38,2.3195837923565694,0.1835965616589873,0.49966178111889137,0.3015523365201734,0.31010341997688734,0.005707604843327196
11.39,2.3222334325734098,0.1850429480834356,0.5027865876775711,0.3058888243703585,0.31704481116460576,0.005712616250389675
11.4,2.324913180392336,0.1865164495207583,0.50583940195983,0.30487945737223165,0.2993258093135261,0.005717643798808373
11.4,2.3249131620955152,0.1865164829172822,0.5058708755406192,0.30487945737223165,0.3040666261276063,0.005717634064979875
11.41,2.3275784523305583,0.18799308150225028,0.5089940446325376,0.30241830251479496,0.32815697507992275,0.005722645472042354
11.42,2.3302136275135683,0.18946363870311225,0.5122941816966725,0.293642586589204,0.3309537407814121,0.005727673020461052
11.42,2.3302136647131384,0.18946357179038545,0.5122306460839607,0.293642586589204,0.3213834696687939,0.005727663286632554
11.43,2.3327764697134703,0.19090460609153356,0.5154409193781869,0.29872173309426375,0.32034356076635295,0.005732674693695033
11.44,2.3353756532866807,0.19237702429289008,0.5185845568481209,0.2987908976302082,0.311336259731945,0.005737702242113731
11.44,2.335375662186223,0.19237700852344336,0.5185692581489798,0.2987908976302082,0.3090318403331006,0.0057376925082852324
11.45,2.3379734640420518,0.19385945570940655,0.5216475940832521,0.30302622418462405,0.3055330287325123,0.005742703915347712
11.46,2.3406013415455154,0.19536983823308376,0.524707174648836,0.30403706414407,0.3061732415753416,0.0057477314637664105
11.46,2.340601330895097,0.19536985683114313,0.5247250696824552,0.30403706414407,0.3088687428225281,0.005747721729937912
11.47,2.343229335317521,0.1968910812204304,0.5278113075326826,0.2988187699114307,0.30815348022736194,0.005752733137000391
11.48,2.3458167536309453,0.19839951637851927,0.5309087628195455,0.3081005012510541,0.3105515582069492,0.005757760685419089
11.48,2.345816741366848,0.1983995374924921,0.5309292184958739,0.3081005012510541,0.3136327651065122,0.005757750951590591
11.49,2.348471195660626,0.19995809768970085,0.5340424782292029,0.3042695231438455,0.3068970666639366,0.00576276235865307
11.5,2.3510885457019164,0.20150588005511216,0.5371009519703781,0.3016226600291803,0.3053159310102092,0.005767789907071768
11.5,2.3510885338493015,0.20150590017103787,0.537120227077766,0.3016226600291803,0.308219310635486,0.00576778017324327
11.51,2.353679207839923,0.2030486322597472,0.5401662000818765,0.3002681951059837,0.2976432504523737,0.005772791580305749
11.52,2.3562554890642264,0.20459352886616902,0.5431537992696953,0.3020409147234698,0.29932527069270093,0.005777819128724447
11.52,2.356255490744949,0.20459352605330955,0.5431510602188947,0.3020409147234698,0.2989126917053561,0.0057778093948959485
11.53,2.3588387302915383,0.20615309790617184,0.546147855912449,0.29810450365354885,0.3011519300503032,0.005782820801958428
11.54,2.3613874385051,0.20770216512988365,0.5491005530284973,0.3001322769551706,0.2922916353488044,0.005787848350377126
11.54,2.361387457720882,0.2077021334049428,0.5490693760818566,0.3001322769551706,0.28759550007788803,0.005787838616548627
11.55,2.3639463219656314,0.20926770293846098,0.5519406147346805,0.2980605086386322,0.2862183537770838,0.005792850023611107
11.56,2.366490274607706,0.21083441300121694,0.5549466472046608,0.30768960467474715,0.30788609603606404,0.005797877572029805
11.56,2.3664902936462973,0.2108343819800118,0.5549159825208925,0.30768960467474715,0.30326712212961615,0.005797867838201307
11.57,2.369103246884475,0.21245406462257563,0.5579183795259833,0.3040661763406303,0.29442722625012857,0.005802879245263786
11.58,2.371673284952276,0.21405798637083198,0.5609171050588886,0.28884274973331164,0.30262943818280497,0.005807906793682484
11.58,2.3716732524623247,0.21405803861056494,0.5609679602626184,0.28884274973331164,0.31028967889519027,0.005807897059853986
11.59,2.3741216145222253,0.21559634775301134,0.5640745071677644,0.29304371551847375,0.3113554916939703,0.005812908466916465
11.6,2.3765998382051925,0.21716420635225892,0.567213704099945,0.295898724127835,0.3152179088054921,0.005817936015335163
11.6,2.3765998784237734,0.21716414255452376,0.567148952063901,0.295898724127835,0.30546440972702904,0.0058179262815066645
11.61,2.379098288992539,0.21875553331440797,0.5702139789336942,0.3002557401355134,0.30849611919958386,0.005822937688569144
11.62,2.381626183531294,0.22037662191883908,0.573316389176529,0.30089598132617185,0.31112444275012036,0.005827965236987842
11.62,2.3816261791197215,0.22037662882181758,0.5733232983818561,0.30089598132617185,0.3121651656664665,0.005827955503159343
11.63,2.3841519739560604,0.22200750350243825,0.5764705957046787,0.2976304183989227,0.31965355172592724,0.0058329669102218235
11.64,2.3866457186626606,0.22362873985941928,0.579641282950913,0.29506763304163497,0.31576006662453376,0.005837994458640521
11.64,2.386645748383923,0.2236286939827789,0.5795952017967821,0.29506763304163497,0.3088189336222391,0.005837984724812023
11.65,2.389116412449119,0.2252459900895752,0.5826958725920008,0.2981392046232553,0.31246344739607873,0.005842996131874502
11.66,2.3916098388141505,0.22688898717380246,0.5856507221120502,0.30450016985075573,0.2868890022869173,0.0058480236802932
11.66,2.391609736218802,0.2268891433899676,0.5858088858516439,0.30450016985075573,0.31071296185055475,0.005848013946464702
11.67,2.394146624617938,0.22857228059231388,0.5888690963007023,0.30376755544554485,0.29701283597934,0.005853025353527181
11.68,2.396668146487144,0.23025643165319906,0.5918235221316196,0.2963676299502443,0.29464758833185595,0.005858052901945879
11.68,2.396668114204758,0.23025648014978853,0.5918718639237204,0.2963676299502443,0.3019292377364677,0.0058580431681173805
11.69,2.3991269692223285,0.23190946563728929,0.5948764877993882,0.29520951245862287,0.29764612015452274,0.00586305457517986
11.7,2.401574447563654,0.23356567307060377,0.59795346557998,0.29942308386503363,0.3127867770511946,0.005868082123598558
11.7,2.4015744583450127,0.23356565708334706,0.5979370883662452,0.29942308386503363,0.3103199026665516,0.005868072389770059
11.71,2.4040473117023606,0.23525001712583635,0.601073946355994,0.2963917185766956,0.3201481250405343,0.0058730837968325395
11.72,2.406495301050743,0.2369286460157692,0.6042811126526271,0.30226884625386397,0.321004454764379,0.005878111345251237
11.72,2.4064953402996476,0.23692858858137494,0.6042221961718885,0.30226884625386397,0.3121299563594142,0.005878101611422739
11.73,2.40897985998247,0.23864380056461823,0.6073508226651104,0.29735040096507387,0.31426937739634725,0.005883113018485218
11.74,2.411424299456945,0.24034265446862035,0.6105013106192538,0.301843398428673,0.3154434027065529,0.005888140566903916
11.74,2.4114242901245455,0.24034266794307385,0.6105151260393857,0.301843398428673,0.31752439808148764,0.005888130833075418
11.75,2.41389050403661,0.24206821276363188,0.6136744074412621,0.29028932540356117,0.3128634174361932,0.005893142240137897
11.76,2.4162693165651543,0.24374391422190464,0.6168467297972017,0.2996306259273441,0.3194441006825008,0.005898169788556595
11.76,2.416269414380329,0.2437437748713107,0.6167010314232435,0.2996306259273441,0.29749777987227954,0.005898160054728097
11.77,2.4187145498228175,0.24547723460756687,0.6196783763034271,0.3009279491538658,0.2981889539562419,0.005903171461790576
11.78,2.4211655124858917,0.2472258307202254,0.6226752785303115,0.30297038785562025,0.3004502918369567,0.005908199010209274
11.78,2.4211655054961563,0.24722584054937208,0.6226854001938922,0.30297038785562025,0.30197490237338087,0.005908189276380775
11.79,2.423626323303513,0.24899263174625502,0.6257030416432442,0.30253726070051706,0.3013595028543365,0.005913200683443255
11.8,2.4260731002924887,0.25076057925074025,0.6287282416737372,0.29342110737133514,0.30310754635585235,0.0059182282318619535
11.8,2.4260730637442514,0.25076062999685544,0.6287802929990579,0.29342110737133514,0.31094795701420036,0.005918218498033455
11.81,2.428448663968595,0.25248818643287124,0.6318437722886321,0.2976665980595909,0.2975161413764501,0.005923229905095934
11.82,2.4308493115737493,0.25424533590488496,0.6348278691577801,0.295414698458326,0.298862075206085,0.005928257453514632
11.82,2.4308492386176654,0.25424543590867893,0.6349327457115979,0.295414698458326,0.31465946836172376,0.005928247719686134
11.83,2.433232274011544,0.25600098437846336,0.6380670561923206,0.30319099398015803,0.3110725522277616,0.005933259126748613
11.84,2.4356670647102585,0.2578064992810666,0.6411852175750935,0.30220693862902503,0.3121926043978573,0.005938286675167311
11.84,2.435667081015875,0.2578064772198656,0.6411622473723035,0.30220693862902503,0.3087326382650228,0.005938276941338813
11.85,2.438083031197258,0.2596096146706656,0.6442430386217326,0.2921202829286684,0.3068244171952666,0.005943288348401292
11.86,2.440420806689373,0.26136559427178,0.6472684648263582,0.2956638036484757,0.30037481297615054,0.00594831589681999
11.86,2.4404207942633604,0.26136561086976234,0.6472861200989116,0.2956638036484757,0.30303419938467474,0.005948306162991491
11.87,2.4427811484409565,0.26314983424438365,0.6502967295258985,0.298655667743649,0.29727240409017,0.005953317570053971
11.88,2.445159358501452,0.26495881941130073,0.6532331488240106,0.3006560567948589,0.2918038768131832,0.0059583451184726695
11.88,2.445159280706649,0.2649589220100832,0.6533420471412132,0.3006560567948589,0.3082070619695802,0.005958335384644171
11.89,2.447543760598139,0.26678416735670224,0.6563983149192545,0.2956465050209079,0.3006727815748619,0.00596334679170665
11.9,2.4498885015434904,0.268590244976779,0.6592759957580984,0.30002284842812227,0.28123463495869083,0.005968374340125348
11.9,2.449888378933827,0.2685904046561542,0.6594465234178821,0.30002284842812227,0.3069209527051371,0.00596836460629685
11.91,2.452259892651026,0.2704287727764707,0.6624811814101598,0.3005449196294883,0.29683210456439507,0.005973376013359329
11.92,2.454628995561912,0.27227691470650794,0.6654708592332748,0.29953867835023673,0.3000490429359006,0.005978403561778027
11.92,2.454628983466519,0.2722769302612818,0.6654873859521979,0.29953867835023673,0.3025384370559219,0.005978393827949529
11.93,2.4569847560122144,0.27412598964271045,0.6684799446012006,0.2987086753854077,0.29295351638413847,0.005983405235012008
11.94,2.459332736199995,0.2759802710383946,0.6713354407345218,0.3052316359379763,0.2818011316860186,0.005988432783430706
11.94,2.4593326301166147,0.27598040578378435,0.6714797633138437,0.3052316359379763,0.3035402186772575,0.005988423049602207
11.95,2.4617245938881243,0.27788117917776767,0.6744980326529706,0.30919322076307887,0.29853752634395825,0.005993434456664687
11.96,2.464130283444598,0.27980477571983936,0.6774832371238804,0.29322675777124235,0.29851180012918216,0.0059984620050833855
11.96,2.464130214187817,0.27980486260388826,0.6775742806945941,0.29322675777124235,0.3122255524265521,0.005998452271254887
11.97,2.466416444723419,0.28164449856647916,0.6806987176528073,0.2962204621702457,0.3128625185113176,0.006003463678317366
11.98,2.468724717669777,0.28351370600478876,0.6837809136387633,0.3070852958700649,0.30586896002481784,0.006008491226736064
11.98,2.468724656963745,0.2835137812138728,0.6838629363862517,0.3070852958700649,0.3182239196665391,0.006008481492907566
11.99,2.471098768443003,0.2854488437223434,0.6870414942926167,0.2961644825936546,0.3171490042092383,0.006013492899970045
12.0,2.473387370903074,0.28732635044757,0.6902099619611285,0.29418822684772905,0.3166937487495963,0.006018520448388743
12.0,2.473387390121359,0.2873263269428928,0.6901844061418536,0.29418822684772905,0.31284431520317024,0.006018510714560245
12.01,2.475660137585632,0.28920284598587703,0.6933294294937262,0.30158387398780473,0.3176856375766769,0.006023522121622724
12.02,2.477979092409292,0.2911296742265745,0.6964383966065882,0.30044218724706034,0.3074595828665274,0.006028549670041422
12.02,2.4779790969242184,0.29112966877542673,0.696432447241647,0.30044218724706034,0.3065634392235217,0.0060285399362129235
12.03,2.480285302992414,0.29305816753778324,0.6995123756435572,0.30296279974727824,0.31073720730296134,0.006033551343275403
12.04,2.4826015044490646,0.2950071863466052,0.7026442465000259,0.29955450079640833,0.31442742117569916,0.006038578891694101
12.04,2.4826015411803253,0.29500714255513094,0.7025966072264103,0.29955450079640833,0.30725159104437516,0.006038569157865602
12.05,2.484886204115445,0.2969416509798968,0.7056688852502521,0.29699319844907046,0.30718212953354046,0.006043580564928082
12.06,2.4871480096909373,0.29886882400252784,0.7087774032256353,0.2991131984712043,0.312709693713726,0.00604860811334678
12.06,2.487148018970756,0.29886881307596536,0.7087653024440759,0.2991131984712043,0.31088697169601703,0.006048598379518282
12.07,2.4894183209068155,0.3008153578276393,0.7118850528295249,0.29830323193513025,0.31406406390835984,0.006053609786580761
12.08,2.491683197061693,0.3027693861515479,0.7149421850494883,0.30954812434670786,0.30148531984572036,0.006058637334999459
12.08,2.491683182136585,0.3027694035056285,0.7149614842691001,0.30954812434670786,0.3043923314580108,0.006058627601170961
12.09,2.4940153079699825,0.30479410196015533,0.71798852093543,0.29992009836615496,0.2994615279229936,0.00606363900823344
12.1,2.4962756714896472,0.30676850710141074,0.7209477042375413,0.30271009116761805,0.29412446398975867,0.006068666556652138
12.1,2.496275614700233,0.3067685723200228,0.7210197149562778,0.30271009116761805,0.3049713272198219,0.0060686568228236395
12.11,2.498547081413657,0.3087649122845551,0.7240724709430969,0.29857442861569694,0.30585978227537264,0.006073668229886119
12.12,2.5007852914032322,0.31074420043989615,0.7271574456181416,0.30141875328051426,0.30983288675565623,0.006078695778304817
12.12,2.5007853435168483,0.31074414132054856,0.7270913320625748,0.30141875328051426,0.29987430409646887,0.006078686044476318
12.13,2.5030337587494516,0.31274453094295196,0.7300851858634878,0.2950090284281914,0.2984466743042413,0.006083697451538798
12.14,2.5052317218871862,0.31471212024986006,0.7332314111929545,0.29487425263371514,0.32281212008812765,0.006088724999957496
12.14,2.505231749088824,0.31471208976396153,0.7331968074112373,0.29487425263371514,0.3175998059477379,0.006088715266128998
12.15,2.5074239128570692,0.3166865873535418,0.7363888671912392,0.29698093017326027,0.3222897353622546,0.006093726673191477
12.16,2.5096208045910906,0.3186780087281858,0.7395871059526161,0.29064083055197415,0.318575449736087,0.006098754221610175
12.16,2.5096208967200666,0.3186779067649487,0.739470444188097,0.29064083055197415,0.3010028685132048,0.006098744487781677
12.17,2.511771247258636,0.3206394012651628,0.7425350272406558,0.29631094238088196,0.31693242799558047,0.006103755894844156
12.18,2.513957758715761,0.3226462484048255,0.7458176254170112,0.3027869823232375,0.33399469988150976,0.006108783443262854
12.18,2.5139578924583286,0.32264610221639867,0.7456485139868375,0.3027869823232375,0.30852170661164163,0.0061087737094343555
12.19,2.5161846012726707,0.32470244289321437,0.7487220527658678,0.30699997017459635,0.30511171438621193,0.006113785116496835
12.2,2.51843218115289,0.32679100988459137,0.7518262137326015,0.3045254029715559,0.31310162341619474,0.006118812664915533
12.2,2.518432209113763,0.32679097970017745,0.7517922271369998,0.3045254029715559,0.3079822750661729,0.006118802931087034
12.21,2.520656591666127,0.32887060657897926,0.7548466726350891,0.30433651965242164,0.3005722642196216,0.0061238143381495145
12.22,2.5228692575651945,0.3309518915395323,0.7577616456174081,0.2966376048082929,0.28690278325718227,0.006128841886568212
12.22,2.522869101746584,0.33095205770236047,0.7579499714221989,0.2966376048082929,0.3152700080689506,0.006128832152739714
12.23,2.5250234978828585,0.3329911935016269,0.7610489873192198,0.2966631285840159,0.29959453720660906,0.006133843559802193
12.24,2.5271722816653517,0.33503788535155227,0.7640957284822029,0.2978815039258402,0.30724582865887123,0.006138871108220891
12.24,2.527172301911347,0.3350378640265491,0.7640708480879135,0.2978815039258402,0.3034981333337646,0.006138861374392393
12.25,2.5293240483279207,0.33709968414658964,0.7670853052692262,0.2996557897528494,0.2975051997534599,0.006143872781454872
12.26,2.5314813161251095,0.33917924421065887,0.7699944855591826,0.29943251824776573,0.2875830462828644,0.00614890032987357
12.26,2.5314812581939425,0.3391793044892625,0.770064862605588,0.29943251824776573,0.2981838319754612,0.0061488905960450715
12.27,2.5336300608835125,0.341263223481181,0.7730563093334217,0.2980900219459358,0.3009894315130873,0.006153902003107551
12.28,2.5357664760116294,0.3433475437087613,0.7760665840985383,0.3033079966818814,0.3010467381062563,0.006158929551526249
12.28,2.535766473580488,0.3433475462083278,0.776069523781333,0.3033079966818814,0.30148953798066896,0.00615891981769775
12.29,2.537928158191961,0.3454691937003054,0.7790509831652086,0.2976322000186604,0.29172642072428717,0.00616393122476023
12.3,2.5400456585477955,0.3475600188765937,0.7819896709431231,0.29691601273539614,0.29495342005225417,0.006168958773178928
12.3,2.5400455495115097,0.3475601296463489,0.7821204245932643,0.29691601273539614,0.31464864021942357,0.00616894903935043
12.31,2.542153987413897,0.3496548622251713,0.7852978378114867,0.30092152204103273,0.32367909146942225,0.006173960446412909
12.32,2.544278188208094,0.3517785642879893,0.7884904705768409,0.2934512533002033,0.3170276177056921,0.006178987994831607
12.32,2.5442783397498183,0.3517784122308317,0.7883102031987984,0.2934512533002033,0.28987422125616996,0.006178978261003109
12.33,2.5463518938063623,0.3538641233818928,0.7912292099648778,0.30234973841755125,0.295791353575202,0.006183989668065588
12.34,2.5484759784065556,0.35601308069367427,0.7941607262606216,0.29969942906144725,0.2918151781246156,0.006189017216484286
12.34,2.548475950373757,0.35601310848458667,0.7941938635267541,0.29969942906144725,0.2968065932897981,0.006189007482655788
12.35,2.5505761675183187,0.35815065717190747,0.7971857785525428,0.2992573799828889,0.3037703903554247,0.006194018889718267
12.36,2.552669160317092,0.360293648294512,0.8002619775723183,0.30323810372052334,0.309568850195908,0.006199046438136965
12.36,2.5526690767793494,0.3602937301352886,0.8003602747766287,0.30323810372052334,0.3243752061073639,0.006199036704308466
12.37,2.554781413784232,0.3624702035358893,0.8035881398681073,0.30406070031934607,0.31973630295267014,0.006204048111370946
12.38,2.5568923602594076,0.3646593286734584,0.8067573519745042,0.304747779517473,0.3154959729246941,0.0062090756597896445
12.38,2.556892382474721,0.36465930718229206,0.8067317100861159,0.304747779517473,0.3116335749207791,0.006209065925961146
12.39,2.5589992253980944,0.36685788967958455,0.8097959107378547,0.3014966501239297,0.2964104282613301,0.006214077333023625
12.4,2.561081327392752,0.3690441500453516,0.8127603637163607,0.3070984219505347,0.2964629517845493,0.006219104881442323
12.4,2.561081324172165,0.3690441531222823,0.8127640692929752,0.3070984219505347,0.2970211170609196,0.006219095147613825
12.41,2.563186513081994,0.37126784944176644,0.8157389330326094,0.29506086876323206,0.29837964028327,0.006224106554676304
12.42,2.565213891705534,0.37342203886332376,0.8186645286918651,0.30534792816908696,0.28961295226039807,0.006229134103095002
12.42,2.565213817168715,0.3734221092284578,0.8187508367690727,0.30534792816908696,0.3026134044923125,0.006229124369266504
12.43,2.5672968349994703,0.37564895255836656,0.8217876002769902,0.29956827219204935,0.30571714615446977,0.006234135776328983
12.44,2.5693391103509455,0.3778454816988572,0.8248087830686978,0.3044477485070024,0.3002962284577284,0.006239163324747681
12.44,2.5693390809917265,0.37784550908090975,0.824842353121433,0.3044477485070024,0.30535283359975085,0.006239153590919182
12.45,2.571403807802998,0.3800799003237702,0.827896095682212,0.30148972257435247,0.3054153859958687,0.006244164997981662
12.46,2.5734406719701877,0.3822976355850518,0.830920419336941,0.2964266631195304,0.3009221083014762,0.0062491925464003605
12.46,2.5734406157189036,0.3822976874100225,0.8309841186563827,0.2964266631195304,0.3105170383057077,0.006249182812571862
12.47,2.5754360427817446,0.38448386897844594,0.8340885799922971,0.2905150073034491,0.31031000064465364,0.006254194219634341
12.48,2.5773932365736125,0.3866416161864805,0.8372155210815865,0.30140094401577977,0.3139011460934275,0.006259221768053039
12.48,2.5773932049995874,0.3866416449195919,0.8372521638158608,0.30140094401577977,0.31942058450512717,0.006259212034224541
12.49,2.579408465128612,0.3888775763117381,0.8404594549350392,0.2960764717198074,0.3232414088017434,0.00626422344128702
12.5,2.5813885211907537,0.3910885604935114,0.843651779221154,0.30592537121481694,0.3172027439225974,0.006269250989705718
12.5,2.5813885594143904,0.39108852615048095,0.8436082569817407,0.30592537121481694,0.3106470562879681,0.00626924125587722
12.51,2.583421713711872,0.39337322849390904,0.8466816143866686,0.3047137256216389,0.30097820585269175,0.006274252662939699
12.52,2.58543510363292,0.39564980612473305,0.849663090408474,0.29387885486375914,0.2967145113043018,0.006279280211358397
12.52,2.585435079480549,0.39564982755225864,0.8496897983488987,0.29387885486375914,0.30073748707827375,0.006279270477529898
12.53,2.5873798743995975,0.3978622896072201,0.8527072348437671,0.30329157231362813,0.30367542306624984,0.006284281884592378
12.54,2.589372328588866,0.40014280300843025,0.8557517481071891,0.29701890154008853,0.3048441541748673,0.006289309433011076
12.54,2.5893722925498484,0.40014283459323546,0.8557918194163671,0.29701890154008853,0.31088003352349874,0.006289299699182577
12.55,2.5913205362465104,0.4023866796865177,0.858907834739067,0.29895741923809277,0.3129867680967137,0.006294311106245057
12.56,2.593274244307745,0.40465085373229287,0.8619494500898996,0.30030032556706865,0.2996934560523635,0.006299338654663755
12.56,2.593274240831625,0.40465085674119017,0.8619533242518598,0.30030032556706865,0.30027701507871296,0.006299328920835257
12.57,2.5952311460460415,0.40693297915274773,0.8649828041824434,0.30471962578321554,0.30807611616079084,0.006304340327897736
12.58,2.5972069457304627,0.4092510034368575,0.8679338326962057,0.3028490334497673,0.2885346879908798,0.006309367876316434
12.58,2.5972069004748124,0.40925104212745594,0.8679832925245256,0.3028490334497673,0.2959847454626115,0.006309358142487936
12.59,2.59916200622736,0.4115590329173945,0.8709485234378247,0.29779655290621077,0.29755668423117776,0.006314369549550415
12.6,2.601082655358915,0.41383994914401,0.8738905864722004,0.303087901790185,0.2925100574408375,0.006319397097969113
12.6,2.601082658240786,0.41383994670979796,0.8738874177243314,0.303087901790185,0.2920327538484151,0.0063193873641406145
12.61,2.6030253131610364,0.41616083782427993,0.8767948002146783,0.29730049136258635,0.2882528747290961,0.006324398771203094
12.62,2.6049296316713706,0.41844945264787226,0.8796814617031017,0.3031110178653806,0.2888753831364077,0.006329426319621792
12.62,2.6049296090932046,0.41844947149254574,0.8797062146501302,0.3031110178653806,0.2926038812776672,0.006329416585793293
12.63,2.606861760084064,0.42078542926180484,0.8826708429407276,0.3036216249814114,0.30387178541306864,0.006334427992855773
12.64,2.6087877423454504,0.4231278831211275,0.8856825163697293,0.2986678147881297,0.2997981254683249,0.006339455541274471
12.64,2.6087877471885035,0.4231278791270183,0.8856773024811179,0.2986678147881297,0.29901276548779315,0.006339445807445973
12.65,2.610678560192414,0.42544177666332567,0.8886763532465071,0.3007270738132068,0.3016182621027012,0.006344457214508452
12.66,2.6125693631964864,0.42776969376384133,0.8916065041669207,0.2895573493852327,0.28865944004987554,0.00634948476292715
12.66,2.6125693237947023,0.4277697258653995,0.8916490795988108,0.2895573493852327,0.29507251153112235,0.006349475029098652
12.67,2.614393466626259,0.430029398100868,0.8945923539920635,0.30110815677672276,0.29289694382107073,0.006354486436161131
12.68,2.616277916282898,0.43237785719507893,0.897494349109874,0.3010627087462047,0.2888338436432506,0.006359513984579829
12.68,2.6162778186904596,0.4323779357438749,0.8976001233441713,0.3010627087462047,0.30476645302165073,0.0063595042507513305
12.69,2.6181541870422906,0.434730767975723,0.9006215576991027,0.2994145398598099,0.29710739368059325,0.00636451565781381
12.7,2.6200176828389017,0.4370820390109859,0.9035789140919178,0.30762233344062273,0.2950411412374894,0.006369543206232508
12.7,2.6200176760044753,0.43708204444468357,0.9035862462421964,0.30762233344062273,0.296145571697984,0.006369533472404009
12.71,2.6219195310408017,0.4394963453427564,0.9065222409569086,0.30380880224609763,0.28871110642526204,0.0063745448794664894
12.72,2.6237901025058425,0.4418854616403122,0.9094411808836045,0.29864434771883763,0.29350543876562046,0.006379572427885187
12.72,2.6237901672204216,0.44188541081295346,0.9093731377148789,0.29864434771883763,0.2832562014596337,0.006379562694056689
12.73,2.6256251259823777,0.444242796204859,0.912206487007285,0.2998950089426905,0.28348608202268044,0.006384574101119168
12.74,2.627457207566729,0.4466102514865944,0.915019534241635,0.29255861972339375,0.2802003353072602,0.006389601649537866
12.74,2.627457119215968,0.4466103200638042,0.9151133520268975,0.29255861972339375,0.29433196325298855,0.006389591915709368
12.75,2.6292425236045367,0.4489313674437836,0.9180425183909915,0.29624593915650876,0.2901992908006652,0.006394603322771847
12.76,2.6310438047227573,0.451287510497326,0.921032191668839,0.3008002380736296,0.3034064493502695,0.006399630871190545
12.76,2.6310438106443335,0.45128750595587536,0.9210258398184509,0.3008002380736296,0.30244967994667254,0.0063996211373620465
12.77,2.632862774999394,0.4536812076112004,0.9239887941640058,0.2986212545139753,0.2844796396635748,0.006404632544424526
12.78,2.6346624546114747,0.456064290586356,0.9268167800127469,0.29872733854033695,0.28194749282439946,0.006409660092843224
12.78,2.634662356842888,0.45606436465176153,0.9269200640135831,0.29872733854033695,0.2975050021866116,0.006409650359014725
12.79,2.6364553438075897,0.4584531437976401,0.9298941131697561,0.2981050514172274,0.2972127551981056,0.006414661766077205
12.8,2.638242299556454,0.4608487524006928,0.9328957622724328,0.3084656182863596,0.30165954073709433,0.006419689314495903
12.8,2.6382422153704086,0.4608488153983345,0.9329844628073014,0.3084656182863596,0.31502036516759885,0.006419679580667405
12.81,2.6400736393855175,0.46331998353239456,0.9361702138808521,0.29647717183336664,0.32540000657685436,0.006424690987729884
12.82,2.6418295219265473,0.465704989575652,0.9394347665354376,0.2922341698125024,0.3269895267153659,0.006429718536148582
12.82,2.641829655316988,0.4657048910347826,0.9392955168247948,0.2922341698125024,0.3060145580903114,0.006429708802320084
12.83,2.643560686308273,0.468071581977355,0.9423592058870284,0.30561437006989606,0.3070492341261865,0.006434720209382563
12.84,2.6453542606946,0.47053951161668944,0.945380535129826,0.29839456725090263,0.2996438726138609,0.006439747757801261
12.84,2.6453541909115765,0.47053956249529616,0.9454526042150695,0.29839456725090263,0.31049952750063,0.0064397380239727625
12.85,2.6471031469064865,0.472961925269698,0.9485617162759195,0.3035759058339919,0.31170160513563117,0.006444749431035242
12.86,2.648867773311839,0.4754220126892102,0.9516531822006216,0.2923868900885177,0.3078530290598577,0.00644977697945394
12.86,2.64886778381268,0.4754220051320093,0.9516424021494901,0.2923868900885177,0.30622924662458395,0.006449767245625441
12.87,2.650568963158059,0.4778092147050249,0.9547174777550149,0.3025511884412371,0.30996184929454673,0.006454778652687921
12.88,2.652318321121373,0.4802797809873687,0.9576923999110288,0.30484928454377885,0.29117903285107605,0.006459806201106619
12.88,2.652318245474486,0.48027983472322994,0.9577702707258605,0.30484928454377885,0.30290859329585706,0.006459796467278121
12.89,2.6540700599579905,0.4827701222692152,0.9607674962095317,0.29973434925424314,0.2936055265388728,0.0064648078743406
12.9,2.6557872605788915,0.48522690247195716,0.9637000276278009,0.29984298235349205,0.29307473489536473,0.006469835422759298
12.9,2.6557872277067527,0.4852269255242089,0.9637335913074447,0.29984298235349205,0.29813038006848547,0.0064698256889308
12.91,2.657497549472499,0.487689432176421,0.9667277838145124,0.29951602110971814,0.3018938077216838,0.006474837095993279
12.92,2.6591978965372545,0.4901532356048017,0.9697384846149804,0.2973643639834628,0.30065303946037863,0.006479864644411977
12.92,2.659197870860656,0.4901532533831422,0.9697647060395169,0.2973643639834628,0.30460273209830724,0.006479854910583479
12.93,2.660878496932802,0.49260450425167873,0.9728501415999588,0.2952096945564832,0.31610970989245796,0.006484866317645958
12.94,2.662541890038526,0.49504648040848187,0.9759416656401362,0.29871971818167603,0.30563002761782104,0.006489893866064656
12.94,2.662541920085868,0.49504645987278845,0.9759107442997321,0.29871971818167603,0.300972393919154,0.006489884132236157
12.95,2.6642182535230314,0.4975238291053687,0.9789161242696264,0.30420191828539456,0.29970398003086796,0.006494895539298637
12.96,2.66591240868921,0.5000440261092128,0.9820009820014922,0.2969711342037119,0.31293185928905,0.0064999230877173355
12.96,2.6659124384904054,0.5000440060083371,0.9819710238314995,0.2969711342037119,0.3084193064603057,0.006499913353888837
12.97,2.6675620549593346,0.502514034748953,0.9850583924413271,0.29767866494957346,0.3093465472832071,0.006504924760951316
12.98,2.6692066306471407,0.5049930696553964,0.9881635188924992,0.29516215725469475,0.3111030224219596,0.006509952309370014
12.98,2.669206667699993,0.5049930449901551,0.9881259182695449,0.29516215725469475,0.3054392987193487,0.006509942575541516
12.99,2.670831655591559,0.5074589550742648,0.9911940241384477,0.297287057911792,0.3094433807968613,0.006514953982603995
13.0,2.6724615990041034,0.5099489411480108,0.9942904409571617,0.3015808896377685,0.30974207863957554,0.006519981531022693
13.0,2.672461658889318,0.509948901812704,0.9942296870469213,0.3015808896377685,0.3005908110695425,0.006519971797194195
13.01,2.6741050140742955,0.5124762844945824,0.997301473078032,0.3000421603976935,0.3198267824743905,0.006524983204256674
13.02,2.6757347822005992,0.5149994352266388,1.0004728805134138,0.30454955573865583,0.31578084355268143,0.006530010752675372
13.02,2.6757347921309904,0.5149994287904689,1.0004629564669918,0.30454955573865583,0.31428599978335453,0.006530001018846873
13.03,2.6773794317114383,0.5175633899316402,1.0035984580348396,0.3053738439933015,0.3121373808243255,0.006535012425909353
13.04,2.679021298127003,0.5201410658178315,1.006839117769622,0.30867145392108236,0.33010523551517945,0.006540039974328051
13.04,2.679021411581849,0.5201409932905143,1.0067278673819862,0.30867145392108236,0.3133477616258791,0.006540030240499552
13.05,2.6806661646493537,0.5227409775084851,1.0098990890281812,0.29484449518778605,0.32436879987312944,0.006545041647562032
13.06,2.682235858224977,0.5252397228288219,1.0131565003726688,0.2981491608706907,0.32643592622723894,0.00655006919598073
13.06,2.682235988185193,0.5252396408875292,1.0130273454257386,0.2981491608706907,0.30698151625302406,0.006550059462152232
13.07,2.683816973868891,0.5277738518400928,1.0160833669971667,0.3055413281723215,0.3029538675000885,0.006555070869214711
13.08,2.6854198913433796,0.5303610016637881,1.0191832642280392,0.289297600459478,0.3135518679921776,0.006560098417633409
13.08,2.685419926462498,0.5303609798278549,1.0191489171326353,0.289297600459478,0.30837821811432037,0.006560088683804911
13.09,2.6869390711772625,0.5328296046817764,1.02222475797495,0.2969507911676076,0.30605939314747493,0.00656510009086739
13.1,2.688486757213388,0.5353620937658293,1.0253019699578474,0.29485675209545964,0.30856254454069404,0.006570127639286088
13.1,2.6884867746191525,0.5353620830907652,1.0252845858359265,0.29485675209545964,0.30594400113272563,0.006570117905457589
13.11,2.690020116564972,0.5378883783068739,1.0283369747291042,0.30389726364693037,0.3038851154508159,0.006575129312520069
13.12,2.6915866306738017,0.5404872378264626,1.0313894585208643,0.29778166869758094,0.30593857852312434,0.006580156860938767
13.12,2.6915866684931316,0.5404872149505623,1.0313524693214888,0.29778166869758094,0.3003669526088883,0.006580147127110268
13.13,2.6931176375584247,0.5430444661904961,1.0343516075115915,0.301434633903573,0.29904382873190966,0.006585158534172748
13.14,2.694659511004624,0.5456376185022324,1.0373665784172879,0.30493531881448377,0.30273913910908934,0.006590186082591446
13.14,2.6946594899229774,0.5456376310812524,1.0373871440711135,0.30493531881448377,0.30583691174902006,0.006590176348762948
13.15,2.6962112647644916,0.5482654375810952,1.0404254879406705,0.30823747593787465,0.2999896552753766,0.006595187755825427
13.16,2.6977672392256395,0.5509188109778119,1.043427187326925,0.29949720351684056,0.3002612132982979,0.006600215304244125
13.16,2.6977672348748976,0.5509188135381226,1.0434313312484906,0.29949720351684056,0.30088540579695766,0.006600205570415627
13.17,2.6992743589531996,0.5535066133853311,1.0464227749054886,0.2991053466797758,0.29580166949922354,0.006605216977478106
13.18,2.7007716964245825,0.55609573404572,1.0495027003498918,0.29891512194379544,0.31416459594421403,0.006610244525896804
13.18,2.70077178357573,0.5560956834586508,1.0494181539387066,0.29891512194379544,0.3014295007416004,0.0066102347920683055
13.19,2.702263095143758,0.5586919803003881,1.0524246937016912,0.30567394986536167,0.29916501426147846,0.006615246199130785
13.2,2.7037731915977474,0.5613393260825199,1.0553815152987516,0.29346269472645625,0.29391884429177606,0.006620273747549483
13.2,2.7037731966655576,0.5613393231816224,1.0553766708221033,0.29346269472645625,0.29318912826411925,0.006620264013720984
13.21,2.705220942135269,0.5638949683228429,1.0583177254465117,0.2969947617173919,0.29586477101490616,0.006625275420783464
13.22,2.706678367162104,0.5664854447034795,1.0612930209894724,0.3002133679285017,0.2983724083326809,0.006630302969202162
13.22,2.706678340891923,0.5664854595360285,1.0613186081224206,0.3002133679285017,0.30222655860931175,0.006630293235373664
13.23,2.7081415988994064,0.5691047488646857,1.0643766347645658,0.2977201871701316,0.3126685799616705,0.006635304642436143
13.24,2.709587632858863,0.5717117832217076,1.06750662463859,0.30317656685041156,0.31316626758138755,0.006640332190854841
13.24,2.7095876475040974,0.5717117750686532,1.0674924807447284,0.30317656685041156,0.31103579471636417,0.006640322457026343
13.25,2.7110502137521673,0.5743680202119469,1.0705834739273992,0.30387959585587554,0.30538139558390254,0.006645333864088822
13.26,2.712507287736788,0.5770338316470104,1.073638816547321,0.30283566657326644,0.30561165589129397,0.00665036141250752
13.26,2.712507317084653,0.5770338155462177,1.073611023829813,0.30283566657326644,0.30142528182242273,0.0066503516786790215
13.27,2.713949172014818,0.5796909537643173,1.0766506325315426,0.2957322611264021,0.30882905302491187,0.006655363085741501
13.28,2.715352386613468,0.5822955431330564,1.0796969325015027,0.29737337420912485,0.3025040798487162,0.006660390634160199
13.28,2.7153522539695802,0.582295614862345,1.07982415801754,0.29737337420912485,0.3216678626305657,0.0066603809003317
13.29,2.7167557047273165,0.5849205495844915,1.083008235849363,0.3012269453945872,0.31214861936226673,0.00666539230739418
13.3,2.7181651443742965,0.587577258572704,1.0861866369703073,0.2946439502720073,0.32072162687050226,0.006670419855812878
13.3,2.7181651875629127,0.5875772355696645,1.0861455783570173,0.2946439502720073,0.31453703142991085,0.00667041012198438
13.31,2.7195385210841403,0.5901854944686046,1.0892964837492236,0.2963864204328286,0.31615324213722895,0.006675421529046859
13.32,2.7209114133142336,0.5928125570678238,1.0923053106430993,0.2967996489985982,0.2931514446230297,0.006680449077465557
13.32,2.720911282794172,0.5928126255358451,1.0924305015842342,0.2967996489985982,0.3120087625328993,0.006680439343637059
13.33,2.722278450407677,0.5954491472259299,1.0955307369301155,0.29940796384250795,0.30621201185577995,0.006685450750699538
13.34,2.7236491419066042,0.5981126378101025,1.0985646630163277,0.30132949796368397,0.3019651883533694,0.006690478299118236
13.34,2.723649083015696,0.5981126682338657,1.0986205651189318,0.30132949796368397,0.3103856356403689,0.0066904685652897375
13.35,2.7250207990311934,0.6007984321634812,1.1016822399709358,0.3047092525323947,0.2980688805374467,0.006695479972352217
13.36,2.726397163689268,0.6035138782230057,1.1046359965039823,0.30097148586533035,0.294012113995688,0.006700507520770915
13.36,2.7263970089011136,0.6035139569803171,1.104780154975525,0.30097148586533035,0.31572648168584566,0.006700497786942416
13.37,2.7277501982093884,0.6062043295169969,1.1079226895248508,0.30341981737023616,0.31142532883750096,0.006705509194004896
13.38,2.729105755838119,0.6089201933388896,1.1108495831405742,0.3050094971489551,0.2832036310161033,0.006710536742423594
13.38,2.7291056604136203,0.6089202411490856,1.110938303550641,0.3050094971489551,0.2965674492169623,0.006710527008595096
13.39,2.730456102638269,0.6116468364492798,1.113883975538316,0.29495327834503215,0.29072683369575614,0.006715538415657575
13.4,2.7317577717780503,0.6142947124874657,1.1168298148288307,0.2963004858521868,0.29653671679685933,0.006720565964076273
13.4,2.731757834775668,0.6142946813957662,1.116770547551689,0.2963004858521868,0.2876093784720336,0.006720556230247775
13.41,2.73305958580784,0.6169620939555017,1.1196614859191094,0.3032345169643489,0.2919439106876421,0.006725567637310254
13.42,2.7343826031349256,0.6196932232534612,1.1226515091981117,0.3064446385275319,0.3025758954072922,0.006730595185728952
13.42,2.734382603972788,0.6196932228460339,1.1226507300868014,0.3064446385275319,0.30245853907516373,0.0067305854519004536
13.43,2.7357087084348253,0.6224515924676238,1.1256943759101308,0.30118894658744483,0.30802407505017826,0.006735596858962933
13.44,2.7370028463041236,0.6251644131749309,1.128739221623551,0.2927636059449623,0.3026925753376021,0.006740624407381631
13.44,2.7370028009950795,0.6251644348748715,1.128781017039376,0.2927636059449623,0.30898815420491366,0.006740614673553132
13.45,2.738259238308757,0.6278191881665655,1.1318233639332658,0.30558370006057384,0.2951083121126749,0.006745626080615612
13.46,2.73955689941616,0.6305829750582458,1.134781506794457,0.30209000274124914,0.29617170984371965,0.0067506536290343104
13.46,2.739556834986618,0.6305830054306844,1.1348408698340813,0.30209000274124914,0.30511347272320566,0.006750643895205812
13.47,2.7408313650891687,0.6333189793222019,1.1379026545706699,0.2985199456595745,0.3082232138041743,0.006755655302268291
13.48,2.742085430202968,0.6360325575401401,1.140951641025028,0.3041571521894983,0.3032154678709064,0.006760682850686989
13.48,2.7420854012224343,0.6360325709881631,1.1409784625829231,0.3041571521894983,0.3072555576687944,0.006760673116858491
13.49,2.7433507601689495,0.6387928769419808,1.1440325516514005,0.2972817829795494,0.3018634441709076,0.00676568452392097
13.5,2.7445818827468784,0.6415003946967159,1.1470610766053804,0.29926380154850185,0.30335323674291453,0.006770712072339668
13.5,2.744581805886468,0.6415004297925823,1.147132126923519,0.29926380154850185,0.314055436315779,0.00677070233851117
13.51,2.745813186761599,0.6442308632001679,1.1502596744889173,0.3028249980279497,0.3102575266641955,0.006775713745573649
13.52,2.7470481937736695,0.6469926137875985,1.1534325997058954,0.29882923284752283,0.32085423091777326,0.006780741293992347
13.52,2.747048263108529,0.6469925826480416,1.1533691645167523,0.29882923284752283,0.3112990864520659,0.006780731560163848
13.53,2.748259717570966,0.6497241086462631,1.1564549940931779,0.2985938822303164,0.3033681475605509,0.006785742967226328
13.54,2.7494636787517424,0.6524613023983931,1.1593841342733184,0.3044916182367482,0.28762125385228965,0.006790770515645026
13.54,2.7494635340353333,0.6524613663196219,1.1595173198445374,0.3044916182367482,0.30768279053149905,0.006790760781816527
13.55,2.7506777670961395,0.6552450951385093,1.1625375671540255,0.2937595633081423,0.2911615840856175,0.006795772188879007
13.56,2.7518448642187434,0.6579432165904372,1.1654568219257864,0.296652915400358,0.29231222443752797,0.006800799737297705
13.56,2.7518448282992733,0.657943232195232,1.1654900041203142,0.296652915400358,0.29731040709745643,0.006800790003469207
13.57,2.7530145576603813,0.6606694862608609,1.1684648856665385,0.29675208976588563,0.2978294195809356,0.006805801410531686
13.58,2.754176223756534,0.6633992578937847,1.1714213285352981,0.2955930074610118,0.29453798797101616,0.006810828958950384
13.58,2.754176208022411,0.6633992646177359,1.1714358399937732,0.2955930074610118,0.2967238265254505,0.006810819225121886
13.59,2.7553266466225783,0.6661252041930757,1.1744122928761331,0.29943953575437404,0.2994144413783817,0.006815830632184365
13.6,2.756482509777976,0.6688869234123931,1.177421555791529,0.29869228640113765,0.3016917179020572,0.006820858180603063
13.6,2.7564824086426056,0.6688869659212588,1.1775141520733674,0.29869228640113765,0.3156393526755417,0.006820848446774564
13.61,2.757626395122473,0.6716439737428544,1.1806077990906003,0.2959805865530389,0.29731773512419785,0.006825859853837044
13.62,2.7587519020722535,0.6743808789800253,1.1836707309934462,0.29528328603806087,0.31083732446597234,0.006830887402255742
13.62,2.7587519256984683,0.6743808692193279,1.1836490615659416,0.29528328603806087,0.30757329210329076,0.006830877668427243
13.63,2.7598679821548533,0.677118000811313,1.186690368932754,0.2994827745101749,0.29752122955460913,0.006835889075489723
13.64,2.7609904068564433,0.6798951658665198,1.1897080959985058,0.3002747673083855,0.3039251636601302,0.006840916623908421
13.64,2.7609904240364846,0.6798951588916883,1.1896924439177863,0.3002747673083855,0.3015675149404916,0.006840906890079923
13.65,2.762106530298523,0.6826804735681133,1.1926803849800478,0.2973707457139905,0.2934693220427175,0.006845918297142402
13.66,2.7632040577331125,0.6854436314800163,1.1956785573061046,0.29660970415252413,0.3030310815809391,0.0068509458455611
13.66,2.7632040695804005,0.6854436267528121,1.195667791516221,0.29660970415252413,0.30140944729539265,0.006850936111732602
13.67,2.7642925419305304,0.6882077010668125,1.1986550245991567,0.30282715523704135,0.2935660769062491,0.006855947518795081
13.68,2.765394193364445,0.6910299788718967,1.2015632274151447,0.304725855473097,0.2894301278864123,0.006860975067213779
13.68,2.765394125305764,0.6910300055558675,1.2016243995661455,0.304725855473097,0.2986443944155683,0.0068609653333852804
13.69,2.766493401128487,0.6938711090172597,1.2045985226863798,0.3034967857133304,0.29504678515378485,0.00686597674044776
13.7,2.7675778299736837,0.6966990799380264,1.2076136485373952,0.29506013121238617,0.30478611964967167,0.006871004288866458
13.7,2.7675778569488885,0.6966990695461958,1.207589679528047,0.29506013121238617,0.301175704829194,0.006870994555037959
13.71,2.7686268494514397,0.6994588984239531,1.2105626979632202,0.29759219189527264,0.28986425404987126,0.006876005962100439
13.72,2.7696756753138363,0.7022431678952928,1.2134009166747484,0.29669694717286976,0.28076270611119714,0.006881033510519137
13.72,2.769675586298362,0.7022432015805286,1.213481419913658,0.29669694717286976,0.2928887845249716,0.006881023776690639
13.73,2.7707124228022675,0.7050204940201318,1.2164320791866445,0.2933674343597989,0.2992459153928954,0.006886035183753118
13.74,2.7717319415565647,0.707776087593889,1.2194267866447115,0.29945027708696076,0.299584573969182,0.006891062732171816
13.74,2.7717319745277598,0.7077760753380536,1.219396740979921,0.29945027708696076,0.2950588419343186,0.006891052998343318
13.75,2.7727626863620847,0.7105874440244743,1.2223355414281443,0.2992491444131832,0.2916168226059953,0.006896064405405797
13.76,2.773785498831794,0.7134029660836749,1.2252719963569618,0.30340543784777846,0.29467257727783436,0.006901091953824495
13.76,2.7737854402535396,0.7134029874637776,1.2253245144234546,0.30340543784777846,0.3025832924373205,0.0069010822199959965
13.77,2.7748120441977417,0.7162553703323499,1.2283410715427632,0.29993493195566434,0.29987481105462815,0.006906093627058476
13.78,2.7758188165527833,0.7190792108884045,1.2312857856081898,0.2980238118650944,0.2917357463783826,0.006911121175477174
13.78,2.7758187589698755,0.7190792315167394,1.2313369780532137,0.2980238118650944,0.2994467852255198,0.006911111441648675
13.79,2.776812462468367,0.7218930890254555,1.2343038453778779,0.303363127657309,0.29138759094385475,0.0069161228487111545
13.8,2.7778144017178694,0.7247573545554561,1.2371922675282192,0.3044791760593571,0.2875535305641328,0.006921150397129853
13.8,2.777814235673193,0.7247574129189807,1.2373390764675247,0.3044791760593571,0.30966713411560465,0.006921140663301355
13.81,2.778807964998382,0.7276264418363074,1.240479427097075,0.2928675441782972,0.32242123347449547,0.006926152070363834
13.82,2.779760481924019,0.7304046101564992,1.2437522719099154,0.30407924584008916,0.3297466684611073,0.006931179618782532
13.82,2.7797606101998382,0.730404565940901,1.2436371956383137,0.30407924584008916,0.31241290758507195,0.006931169884954034
13.83,2.7807363338138575,0.7332797175008621,1.2467437764698082,0.2978401624080698,0.30728892181701667,0.006936181292016513
13.84,2.781683843769159,0.7361008018412016,1.2498741715535102,0.2945097255673042,0.31595094143429236,0.006941208840435211
13.84,2.7816838911995934,0.7361007858249317,1.2498320791902306,0.2945097255673042,0.30961063383100784,0.0069411991066067125
13.85,2.7826145596734175,0.738900112326654,1.2529261549061572,0.3011464757028963,0.30901770384997806,0.006946210513669192
13.86,2.783556437586939,0.7417624438818037,1.2559427427190288,0.303664321372492,0.29793307256730905,0.00695123806208789
13.86,2.783556424706558,0.7417624481422638,1.2559541522646418,0.303664321372492,0.299651674783104,0.006951228328259391
13.87,2.7844949191775714,0.7446441962958893,1.2589603088521832,0.2956063522916135,0.302466452175091,0.006956239735321871
13.88,2.785402079282295,0.7474580431415005,1.2618983894363105,0.29614973524833055,0.2894244475151393,0.006961267283740569
13.88,2.7854019847442077,0.7474580737792486,1.2619823081426784,0.29614973524833055,0.3020649925115845,0.006961257549912071
13.89,2.7863019302440586,0.750279066789233,1.2650078596117917,0.29556129961508576,0.3034962149846406,0.00696626895697455
13.9,2.7871915150382907,0.7530968769532136,1.2680182427123359,0.2945876035101583,0.29979391078901746,0.006971296505393248
13.9,2.7871914602304475,0.753096894349303,1.2680671405814676,0.2945876035101583,0.30715932121705847,0.00697128677156475
13.91,2.7880707388587083,0.7559118100367336,1.2710820090411232,0.2988999140830197,0.2905960218529407,0.006976298178627229
13.92,2.7889525948234724,0.7587655335309574,1.2739964350569857,0.2960084646639374,0.2918712118165725,0.006981325727045927
13.92,2.788952474292327,0.7587655709809776,1.2741032110336392,0.2960084646639374,0.30795471209733677,0.0069813159932174285
13.93,2.789818362396355,0.761597721634414,1.2771525369012562,0.2980149737961638,0.299130281063158,0.006986327400279908
13.94,2.7906804120713735,0.7644489943560542,1.280251734803114,0.29609651262617703,0.31538235184178703,0.006991354948698606
13.94,2.790680473681618,0.7644489756216134,1.2801972482677488,0.29609651262617703,0.307175129259443,0.006991345214870107
13.95,2.7915311955839934,0.7672934235949717,1.2832433424305432,0.3069414126368474,0.29968339588268894,0.006996356621932587
13.96,2.7924002421972536,0.7702316061119484,1.2861757203989186,0.2995940488440715,0.28997448969405387,0.007001384170351285
13.96,2.7924000890979372,0.7702316516450902,1.2863083061844585,0.2995940488440715,0.30994568158374114,0.007001374436522787
13.97,2.7932407726809476,0.773106519953058,1.2893989227343907,0.2986766033815168,0.3073643751143275,0.007006385843585266
13.98,2.794069814935743,0.7759739904533853,1.2923521865103291,0.29615569772152217,0.2892317255644503,0.007011413392003964
13.98,2.794069711561633,0.775974020513041,1.2924426911614493,0.29615569772152217,0.30286430123663144,0.007011403658175466
13.99,2.7948830449647293,0.7788201821311473,1.2954837917981779,0.2941643646283154,0.3065018554352778,0.007016415065237945
14.0,2.795684791162074,0.7816581517229186,1.2985015302989014,0.3042282909934466,0.299380134055107,0.007021442613656643
14.0,2.7956847125230637,0.7816581740709868,1.298571228867467,0.3042282909934466,0.30987872167963293,0.0070214328798281446
14.01,2.7965022002191877,0.7845866783684289,1.3016808504223893,0.30175564758101314,0.31304228569425785,0.007026444286890624
14.02,2.7973037158720224,0.7874925444686594,1.3047623634197263,0.2974364591281691,0.30567506915968473,0.007031471835309322
14.02,2.797303738194818,0.7874925382739982,1.3047430395233888,0.2974364591281691,0.30276434053035245,0.007031462101480823
14.03,2.7980865180700247,0.7903651206179076,1.30779326388373,0.3014637223406146,0.309357848683941,0.007036473508543303
14.04,2.7988689019382056,0.7932707519286059,1.310827121782872,0.29396561119891806,0.30036222889097564,0.007041501056962001
14.04,2.7988689568503924,0.7932707370521834,1.3107794668451185,0.29396561119891806,0.29318403929479186,0.007041491323133502
14.05,2.799625531886947,0.7961144123476578,1.3136854413822265,0.29796843567804154,0.28563135912258697,0.007046502730195982
14.06,2.8003840551405452,0.7989995211359542,1.3165910151688027,0.30268642672427837,0.29305134618875767,0.00705153027861468
14.06,2.8003839624809412,0.798999545647943,1.3166721819912468,0.30268642672427837,0.30527737916436903,0.007051520544786182
14.07,2.8011456843296556,0.801932261282626,1.3197372322766106,0.3069816090497202,0.3088620442640091,0.007056531951848661
14.08,2.8019073847695966,0.8049022167303644,1.3228292710579037,0.3018965283922103,0.309376943330336,0.007061559500267359
14.08,2.8019073694711656,0.8049022206789003,1.3228423134811753,0.3018965283922103,0.3113415033832917,0.007061549766438861
14.09,2.8026482466228373,0.8078285754340663,1.3259382102164838,0.3015136827821707,0.30622626162472494,0.00706656117350134
14.1,2.8033776596374405,0.810747285720651,1.328910855225592,0.292454086204427,0.29272730001597835,0.007071588721920038
14.1,2.803377547806503,0.8107473138527389,1.329006969519861,0.292454086204427,0.3072048475628055,0.007071578988091539
14.11,2.8040792641003778,0.8135922059592955,1.332005490145027,0.30008962863345456,0.2857351408685449,0.007076590395154019
14.12,2.804788194084015,0.8165049121431259,1.334965632862496,0.2957965024469728,0.30121843678861265,0.007081617943572717
14.12,2.8047881435773405,0.8165049245207523,1.3350095031259746,0.2957965024469728,0.30782654675012716,0.007081608209744218
14.13,2.8054803271518454,0.819385722044863,1.3380558903690662,0.3023541641795539,0.298518289760172,0.007086619616806698
14.14,2.8061775701143317,0.8223266937086652,1.3409372205505858,0.3009282005020873,0.2828751156997268,0.007091647165225396
14.14,2.8061774432234765,0.8223267239923585,1.3410465657856037,0.3009282005020873,0.2993456193956515,0.007091637431396898
14.15,2.806862202998157,0.8252546705475504,1.344055202657919,0.2977616341463421,0.3037782895979669,0.007096648838459377
14.16,2.8075331760097146,0.8281624562362974,1.346993819999579,0.3067072378819991,0.2888411354671747,0.007101676386878075
14.16,2.807533109440562,0.8281624717028565,1.3470513789272556,0.3067072378819991,0.29751114775326126,0.007101666653049577
14.17,2.8082135449118386,0.8311526832847186,1.3500275743934287,0.3061363801250319,0.29782766616130985,0.007106678060112056
14.18,2.808883560200248,0.8341379619332862,1.352974266665817,0.30366205271043084,0.2930701584438927,0.007111705608530754
14.18,2.808883449773338,0.8341379868916918,1.3530675214768098,0.30366205271043084,0.30711698644574614,0.007111695874702255
14.19,2.8095394175387964,0.8371031103195788,1.3561524582388524,0.3039276173794201,0.31113684084630894,0.007116707281764735
14.2,2.810186127675516,0.8400695698398651,1.3592505792553216,0.2996567871425254,0.30914140667162054,0.007121734830183433
14.2,2.810186125961544,0.8400695702163357,1.3592520319411419,0.2996567871425254,0.3093602224908026,0.007121725096354934
14.21,2.8108152271409774,0.8429988826281114,1.362339989517014,0.2990261677313541,0.30771201764814893,0.007126736503417414
14.22,2.811434833040898,0.8459281289964221,1.3654303153834528,0.3041906855698499,0.30970117030955824,0.007131764051836112
14.22,2.811434884316769,0.845928118064765,1.3653862875422762,0.3041906855698499,0.30306932466299535,0.007131754318007614
14.23,2.812055004145742,0.8489041424054327,1.3683765680694306,0.301524206900675,0.2912690445187177,0.007136765725070093
14.24,2.8126621218072323,0.8518631471583018,1.3714210736933765,0.30887111545746243,0.3111241611003769,0.007141793273488791
14.24,2.812662098104352,0.8518631520609573,1.37144124361796,0.30887111545746243,0.3141623256563626,0.007141783539660293
14.25,2.813272327817181,0.8548836051005818,1.3745926333965885,0.2990386739023192,0.31701409356255816,0.007146794946722772
14.26,2.8138559942262042,0.8578197947363085,1.3777084941982245,0.30346116111969385,0.3088379609003005,0.00715182249514147
14.26,2.813856056831908,0.8578197821875416,1.3776552583327542,0.30346116111969385,0.30081912479058703,0.0071518127613129714
14.27,2.814438681803981,0.8607986941739111,1.3806564879909462,0.3044693669643359,0.2987863808936749,0.007156824168375451
14.28,2.8150145034680554,0.8637908726185365,1.3836996891351756,0.3077151520621432,0.30712175815372833,0.007161851716794149
14.28,2.81501454037676,0.8637908654557941,1.3836685572977308,0.3077151520621432,0.3024324176112464,0.00716184198296565
14.29,2.8155866401268956,0.8668123568557742,1.3866917755468549,0.30502932542054795,0.3021094933327275,0.0071668533900281295
14.3,2.816143748454506,0.869803731602409,1.3896508591712786,0.2948547384319506,0.29276882574599894,0.007171880938446828
14.3,2.816143579546403,0.8698037633257776,1.389792392489754,0.2948547384319506,0.3140877706882779,0.00717187120461833
14.31,2.816675144818509,0.8727086213737231,1.3929598232732772,0.30103600915759876,0.3218411153559288,0.007176882611680809
14.32,2.817207118829822,0.8756682398183326,1.396155953830996,0.29653273654371226,0.3184850236517443,0.007181910160099507
14.32,2.8172071537344854,0.8756682334867673,1.3961261854467026,0.29653273654371226,0.31400105794947925,0.007181900426271009
14.33,2.81772229103327,0.8785875451696287,1.39928337930257,0.2952900731572899,0.3190184751791324,0.007186911833333488
14.34,2.818226561802669,0.881498067675825,1.4023687920175367,0.2966271615132959,0.30323682525657375,0.007191939381752186
14.34,2.818226562431367,0.8814980675658708,1.4023682494919905,0.2966271615132959,0.30315510547231794,0.0071919296479236875
14.35,2.818724342936157,0.8844255842904184,1.4054071435269841,0.30106458827663873,0.30529921320397785,0.007196941054986167
14.36,2.8192195203585233,0.8873921078789166,1.4084400649821338,0.2968792096746168,0.3022759981746006,0.007201968603404865
14.36,2.819219482365483,0.8873921142810827,1.4084724501826515,0.2968792096746168,0.3071541308589592,0.007201958869576366
14.37,2.819698555038771,0.8903179366581597,1.4115874121924168,0.2914301099524583,0.3198327242469534,0.0072069702766388456
14.38,2.8201609881275274,0.8931979232022974,1.41478644283545,0.29493140169158527,0.31993867638627416,0.007211997825057544
14.38,2.820161066773324,0.8931979104444522,1.4147181546463685,0.29493140169158527,0.30965253204289983,0.007211988091229046
14.39,2.820621075813324,0.8961212812004685,1.417820171900074,0.30856603634604285,0.3112561447677582,0.007216999498291525
14.4,2.8210906979248866,0.8991679269153562,1.4210238993645814,0.30444272950800993,0.3249883409343033,0.007222027046710223
14.4,2.821090960349797,0.8991678860395191,1.4208036986650876,0.30444272950800993,0.2918198500140743,0.007222017312881725
14.41,2.821545565278689,0.9021759883062953,1.4237231208984706,0.30149570420114524,0.292177173036818,0.007227028719944204
14.42,2.821986724499394,0.9051545724701283,1.4267239027432523,0.2962200373476677,0.304078344416182,0.007232056268362902
14.42,2.821986758562245,0.9051545673712608,1.4266952432443092,0.2962200373476677,0.29976140839981075,0.0072320465345344035
14.43,2.8224128886218525,0.9080908903537891,1.429664049576511,0.30285838634055795,0.29134971163863493,0.007237057941596883
14.44,2.8228388327063305,0.9110894853931985,1.4326494206139202,0.3030109260721969,0.30217596924060586,0.007242085490015581
14.44,2.822838810945946,0.9110894885183806,1.4326677947973807,0.3030109260721969,0.30494364408757707,0.007242075756187082
14.45,2.8232557526544877,0.9140886081108263,1.4357035532748277,0.30009249974634816,0.30094975794583145,0.007247087163249562
14.46,2.8236606113219795,0.9170661701595917,1.4385923660846927,0.30557943199153287,0.2827711976883549,0.00725211471166826
14.46,2.823660481537558,0.9170661880051523,1.4387019248997222,0.30557943199153287,0.2992738726112284,0.007252104977839762
14.47,2.8240631797025446,0.9200968931317967,1.4416866140067977,0.3076836193285317,0.29692343045044606,0.007257116384902241
14.48,2.824458417436691,0.9231410967733085,1.4446521817773996,0.2980540134916076,0.29637114611740906,0.007262143933320939
14.48,2.824458342098891,0.9231411066706858,1.4447145840899278,0.2980540134916076,0.3057707099755285,0.007262134199492441
14.49,2.824833128377341,0.9260979642316192,1.4477767694577421,0.298020218431531,0.3070783383248068,0.00726714560655492
14.5,2.825198570872428,0.9290529068660724,1.4507786749337104,0.294284210238876,0.29670336564096944,0.007272173154973618
14.5,2.8251984547178504,0.9290529214137772,1.4508772465383828,0.294284210238876,0.3115510540546934,0.0072721634211451195
14.51,2.8255513043057916,0.9319811096307375,1.4539870422606969,0.30316128441603923,0.309882360212812,0.007277174828207599
14.52,2.825904747876193,0.9349938461172963,1.457153901520225,0.305588338013581,0.3201304660994543,0.007282202376626297
14.52,2.8259048543394507,0.9349938334551894,1.4570640928337277,0.305588338013581,0.3066027225023809,0.007282192642797798
14.53,2.8262512808436164,0.9380268700398611,1.4601429375258923,0.30133679123915796,0.31034534870925334,0.007287204049860278
14.54,2.8265846621577877,0.9410271608154911,1.4632248106998265,0.3086628494562307,0.3070947395028018,0.0072922315982789756
14.54,2.826584723493055,0.9410271539026658,1.4631734293585057,0.3086628494562307,0.2993552474985228,0.007292221864450477
14.55,2.8269154322854937,0.9440879666452352,1.466155765806942,0.29778325845939996,0.29608023267381867,0.007297233271512957
14.56,2.827227292681096,0.9470564390279849,1.469035486403141,0.3072691429117934,0.28386701696028566,0.007302260819931655
14.56,2.8272271345186,0.9470564558882679,1.469168466291188,0.3072691429117934,0.3038975719012784,0.007302251086103157
14.57,2.827538208516895,0.9501065105074582,1.4721879249937915,0.29800351636215394,0.298198716090578,0.007307262493165636
14.58,2.8278321537568996,0.9530767561076215,1.4750866276340562,0.30442119202412365,0.2856536975096528,0.007312290041584334
14.58,2.8278320404108723,0.9530767674999012,1.4751819775359936,0.30442119202412365,0.30001610582135996,0.007312280307755836
14.59,2.8281225990962486,0.95610648074097,1.4781887635621132,0.3036083113874515,0.3019505580990782,0.007317291714818315
14.6,2.828403394444645,0.9591293699718001,1.4811670273942532,0.3033631404814084,0.29573837723209945,0.007322319263237013
14.6,2.8284033362584586,0.9591293754658581,1.4812154898260554,0.3033631404814084,0.3030381984084222,0.007322309529408514
14.61,2.828674131467129,0.9621439647567545,1.4842325443317579,0.2939760243321096,0.2991466518715495,0.007327320936470994
14.62,2.8289282650502963,0.9650721769259765,1.4872058365741803,0.29324063652063387,0.296409088732144,0.007332348484889692
14.62,2.82892821912957,0.965072180983931,1.4872448550911772,0.29324063652063387,0.30228638762225524,0.007332338751061193
14.63,2.829173213591646,0.9679969918731767,1.4902365230914054,0.2968404004385252,0.29317737241954384,0.007337350158123673
14.64,2.8294125294410977,0.970961100609694,1.4931608916608392,0.3041145772912679,0.2920619454066445,0.007342377706542371
14.64,2.8294123285831034,0.9709611171361234,1.4933322676338572,0.3041145772912679,0.3178760432640112,0.007342367972713873
14.65,2.8296477738509203,0.9739948501698059,1.496529747155485,0.306439400316883,0.3233419088867142,0.007347379379776352
14.66,2.829874750514935,0.9770465672051568,1.4998294781252104,0.3006637500992126,0.33333036497796004,0.00735240692819505
14.66,2.8298750443446505,0.9770465448730813,1.49958614207253,0.3006637500992126,0.2966770315759741,0.007352397194366552
14.67,2.8300884441035703,0.9800381176838893,1.5025468802312998,0.29051651388090083,0.2949156766540921,0.007357408601429031
14.68,2.8302868537516637,0.9829429990423857,1.505629622613058,0.2993325614591606,0.31503747134229243,0.007362436149847729
14.68,2.830286929990923,0.9829429937103226,1.5055643250220974,0.2993325614591606,0.3052017961701708,0.00736242641601923
14.69,2.8304818999368275,0.9859286283932637,1.5086556275288645,0.2975218159877091,0.31667265591748955,0.00736743782308171
14.7,2.830666701350254,0.9888967062947335,1.5117164333985051,0.2956285039754685,0.3007179862131799,0.007372465371500408
14.7,2.8306666680131793,0.9888967084215481,1.511744675466473,0.2956285039754685,0.30497204524711086,0.007372455637671909
14.71,2.8308414662313472,0.9918525931995009,1.5147677496537817,0.30210552451263223,0.2971914900704277,0.007377467044734389
14.72,2.831010629024323,0.9948697966311159,1.517793386040899,0.3033108867383053,0.30528347451194726,0.007382494593153087
14.72,2.831010664425095,0.9948697945909221,1.5177636378397963,0.3033108867383053,0.3008025489724915,0.007382484859324589
14.73,2.8311710516623374,0.9978927030975987,1.5208160170977438,0.29522279510612526,0.3137535925368357,0.007387496266387068
14.74,2.8313186363940397,1.0008412844191763,1.5238768401773057,0.295283593373864,0.3021984551760417,0.007392523814805766
14.74,2.8313185665058,1.000841288025446,1.52393598666607,0.295283593373864,0.31110759933430837,0.007392514080977268
14.75,2.831457077832604,1.0037950734105878,1.5270509531491705,0.3009877294877036,0.3122435998220798,0.007397525488039747
14.76,2.831588917667554,1.006801294746035,1.529965160958124,0.2999462187110064,0.28087850960699,0.007402553036458445
14.76,2.8315887157066277,1.006801303905988,1.5301352184924917,0.2999462187110064,0.3064940130888443,0.007402543302629946
14.77,2.8317104725794042,1.0097947120355464,1.533214944380498,0.2950801382089428,0.31081136857498776,0.007407554709692426
14.78,2.8318214783180355,1.012748407217751,1.5363668132578518,0.3018497575679706,0.31740214543794043,0.007412582258111124
14.78,2.831821552969347,1.0127484042919057,1.5363034511294043,0.3018497575679706,0.30785800599183183,0.007412572524282625
14.79,2.8319257890472347,1.0157675467499252,1.5393490337653828,0.30517250157591197,0.29822294921807346,0.0074175839313451045
14.8,2.832021671173954,1.01881411426289,1.54229391995842,0.30021108996483087,0.292597985803159,0.007422611479763803
14.8,2.8320215983637143,1.0188141166659421,1.5423543379322477,0.30021108996483087,0.3016986517907244,0.007422601745935305
14.81,2.832107051740483,1.0218179942447274,1.545375242714613,0.30426547372605334,0.3028427623302873,0.007427613152997784
14.82,2.8321843384823198,1.0248590894289473,1.548434978998464,0.3034800190625653,0.30755873746342655,0.007432640701416482
14.82,2.832184354372297,1.024859089000467,1.5484217820277475,0.3034800190625653,0.30557089816778216,0.007432630967587984
14.83,2.832252257547631,1.0278942753113425,1.5514889149690338,0.305037602749549,0.30890662824207477,0.007437642374650463
14.84,2.8323111679622803,1.0309441866658893,1.5545637829559638,0.3051793359990351,0.30676796094377784,0.007442669923069161
14.84,2.832311178407471,1.030944186447907,1.5545551463208631,0.3051793359990351,0.3054670379513573,0.0074426601892406625
14.85,2.832360647838691,1.0339926153734107,1.5576358900291767,0.3011504757851852,0.31308029902677653,0.007447671596303142
14.86,2.832400355255648,1.0370065375721487,1.560733428621982,0.304793096550959,0.30806973426592615,0.00745269914472184
14.86,2.832400372682782,1.0370065373151511,1.5607189286916674,0.304793096550959,0.30588563218046755,0.007452689410893341
14.87,2.8324309921580495,1.0400486469559562,1.563799501946935,0.2970874950624428,0.31222685103592923,0.0074577008179558205
14.88,2.832451841913067,1.0430223434563513,1.566886217242093,0.30102332819521205,0.306871525197626,0.007462728366374519
14.88,2.8324518571182287,1.0430223433256443,1.5668734443680543,0.30102332819521205,0.30494756692886044,0.007462718632546021
14.89,2.8324636799358704,1.0460317263416916,1.5699124859402895,0.29989885984137177,0.30190087099054835,0.0074677300396085
14.9,2.8324663616834327,1.0490268472005704,1.5729018110026822,0.294641739367202,0.2974296690585552,0.007472757588027198
14.9,2.832466293774356,1.0490268473668238,1.5729587517555628,0.294641739367202,0.3060065666308616,0.0074727478541987
14.91,2.83245995155366,1.0519748238672229,1.5759993096708425,0.2967709352658799,0.3003104162576143,0.007477759261261179
14.92,2.8324444927740715,1.0549427583372124,1.5790164901292627,0.2971317227556678,0.3024307069377775,0.007482786809679877
14.92,2.832444431980789,1.0549427581158666,1.5790680812318414,0.2971317227556678,0.31020179495602795,0.0074827770758513785
14.93,2.8324198309420936,1.0579141516387391,1.5821833140431714,0.2973738848757554,0.3140604580941669,0.007487788482913858
14.94,2.8323858662441643,1.0608918359436192,1.5853724563368543,0.30300162601441205,0.32137161872194286,0.007492816031332556
14.94,2.83238602634544,1.0608918375130667,1.585236885311257,0.30300162601441205,0.3009507647377934,0.007492806297504057
14.95,2.832342309698293,1.0639170155303974,1.5882626592325777,0.2968526499080885,0.3057004225662558,0.0074978177045665366
14.96,2.8322903557309806,1.066890098869487,1.591337318175681,0.30366554023717435,0.30835972535895045,0.007502845252985235
14.96,2.8322904243654436,1.0668900999610453,1.5912794358715492,0.30366554023717435,0.2996410033773635,0.007502835519156737
14.97,2.8322282219948374,1.0699234542069114,1.5943117851465611,0.30004402379536665,0.3101350537726066,0.007507846926219216
14.98,2.832157722096427,1.0729240703137843,1.5973514490180045,0.301409223109527,0.30084328660204096,0.007512874474637914
14.98,2.832157778838695,1.0729240715601835,1.5973039634787618,0.301409223109527,0.2936906132416144,0.007512864740809416
14.99,2.8320778945061442,1.0759348759110605,1.6002741033144965,0.2983793856732016,0.3033946622262413,0.007517876147871895
15.0,2.8319906980431284,1.0789167614166872,1.602695941954686,0.29751913547351416,0.2111937832451002,0.007522903696290593
15.0,2.8319919657356376,1.07891679684937,1.6016299078275533,0.29751913547351416,0.05061871083277256,0.0075228939624620945
15.01,2.8319001796714023,1.0818930890351786,1.602128574054515,0.3009397825898868,0.04842265701104666,0.007527905369524574
15.02,2.831805989362446,1.0849032200627737,1.6024830897608882,0.3039399750695626,0.028884510147684894,0.007532932917943272
15.02,2.8318061230952227,1.0849032241912315,1.6023708101733138,0.3039399750695626,0.011972009462853948,0.007532923184114773
15.03,2.8317104364580468,1.0879345081946925,1.6024570570049923,0.2949582086975462,0.002198010452633929,0.007537934591177253
15.04,2.831617033255891,1.09088321699193,1.6024906329853947,0.29578169767435425,0.0039446793078899735,0.0075429621395959505
15.04,2.83161699448632,1.0908832157681032,1.6025234182973496,0.29578169767435425,0.008883080159447079,0.007542952405767452
15.05,2.8315230185756395,1.0938436265570497,1.602623851456007,0.3013359672631677,0.012270901257687792,0.007547963812829932
15.06,2.83142737468462,1.096845511852566,1.6028044755829824,0.2878058159069189,0.020994565399060312,0.00755299136124863
15.06,2.8314275437455483,1.0968455172262295,1.602662361694046,0.2878058159069189,-0.00041182997416594133,0.007552981627420132
15.07,2.8313356926095166,1.099726540833543,1.602666410353125,0.29382810522975894,0.0019728747242461907,0.007557993034482611
15.08,2.8312420083813183,1.102667551791974,1.6026193312649764,0.29956813916435787,-0.008090286231491908,0.007563020582901309
15.08,2.8312418309639047,1.1026675461376962,1.6027718726433324,0.29956813916435787,0.01488678575143992,0.0075630108490728105
15.09,2.831146358446355,1.1056538856139355,1.6028906688675684,0.2889407507106374,0.006106042913863843,0.00756802225613529
15.1,2.831053569919662,1.1085437749086726,1.6029582661378778,0.2916206888683815,0.007090677193058124,0.007573049804553988
15.1,2.831053607098491,1.1085437761002574,1.6029262119544299,0.2916206888683815,0.0022624050981356596,0.007573040070725489
15.11,2.830960095280041,1.111454865857122,1.6029160411939902,0.28670469342232885,-0.007313489993021033,0.007578051477787969
15.12,2.830868033261507,1.1143219035668308,1.6027922532322199,0.28870132343558613,-0.014943282385125024,0.0075830790262066666
15.12,2.8308678959480655,1.1143218991556245,1.6029120981163199,0.28870132343558613,0.003108767218930771,0.007583069292378168
15.13,2.8307752190993196,1.1172042734577825,1.6029899748300758,0.28441919676975064,0.016770896502314683,0.007588080699440648
15.14,2.830683666192269,1.1200452206145404,1.6032112020176428,0.28201259796123807,0.024832263621461674,0.007593108247859346
15.14,2.8306837394420006,1.120045222971455,1.6031466945926265,0.28201259796123807,0.015115609923911333,0.007593098514030848
15.15,2.830592494829134,1.1228657173497116,1.6032780698997664,0.2845197121321559,0.009339733138699562,0.007598109921093327
15.16,2.830500089559442,1.1257084792801566,1.6034023853175374,0.2832501229322377,0.013996876689364404,0.007603137469512025
15.16,2.830500185944241,1.1257084824056518,1.603316932105809,0.2832501229322377,0.0011251915228814476,0.007603127735683527
15.17,2.8304080415248896,1.1285420089349674,1.603305374004447,0.28668074927002646,-0.00553520127821912,0.007608139142746006
15.18,2.830314957146297,1.1314034447812276,1.6032756087522015,0.2814351669106562,-0.00168110709735357,0.007613166691164704
15.18,2.8303149369622993,1.131403444124965,1.603293408977472,0.2814351669106562,0.0010001133148468569,0.007613156957336205
15.19,2.830223529802446,1.1342132612770557,1.6033441015200889,0.2772907598519095,0.01288176932377946,0.007618168364398685
15.2,2.830133376676726,1.13698226313073,1.6034697032313256,0.2739751767800102,0.012397350927084163,0.007623195912817383
15.2,2.8301334062697587,1.1369822640937304,1.6034430125267103,0.2739751767800102,0.008376971356423617,0.007623186178988884
15.21,2.8300439976086826,1.1397181665452196,1.603565017127101,0.2707272367277582,0.01954133697425702,0.007628197586051364
15.22,2.829955222313999,1.1424277915344117,1.6037167296206578,0.2759028030487076,0.012958741558784563,0.007633225134470062
15.22,2.8299551298183565,1.1424277885075815,1.6038022276127013,0.2759028030487076,0.025837171914857668,0.007633215400641564
15.23,2.829864247759481,1.1451822512137804,1.6040185120378434,0.2717334963463823,0.013547925701330683,0.007638226807704043
15.24,2.829774041142029,1.147898116799096,1.6041045992081717,0.27177198339766456,0.0061080720473010155,0.007643254356122741
15.24,2.8297740277356804,1.147898116354991,1.604116971009402,0.27177198339766456,0.007971617339024406,0.007643244622294243
15.25,2.829683222266188,1.1506222318831891,1.6041984262914841,0.28252519178127117,0.008479427009608336,0.007648256029356722
15.26,2.829589010012306,1.1534434782342626,1.6042305525284954,0.2792171998766389,0.0005461226142216211,0.00765328357777542
15.26,2.829588901047979,1.1534434745986173,1.604328975052346,0.2792171998766389,0.015371355214243971,0.007653273843946921
15.27,2.8294955871543093,1.1562266079241619,1.6044524991176565,0.2690540116713952,0.006556199821308657,0.007658285251009401
15.28,2.82940523599616,1.1589097358031437,1.604530218507058,0.2610436396064256,0.008387448859917086,0.007663312799428099
15.28,2.829405193743046,1.1589097343832335,1.6045692435558183,0.2610436396064256,0.014265731619424061,0.0076633030655996
15.29,2.8293168147273007,1.1615265869353015,1.6046893349378368,0.27179605945357493,0.0076766094706241135,0.0076683144726620795
15.3,2.8292245703338637,1.164246308583529,1.6047937300997948,0.27631683557947934,0.011838333154417131,0.007673342021080778
15.3,2.8292245869655055,1.1642463091464281,1.6047781680509714,0.27631683557947934,0.009494245800100635,0.00767333228725228
15.31,2.829130892009225,1.1670031370338791,1.6048579213392435,0.2698601387733569,0.005059096166892371,0.007678343694314759
15.32,2.8290388628887313,1.169703821941839,1.6049121411338756,0.2748243630458859,0.005605701665741851,0.007683371242733457
15.32,2.8290389064685466,1.1697038234248935,1.604871710936936,0.2748243630458859,-0.00048423639158192734,0.007683361508904959
15.33,2.8289454817594986,1.1724433645571395,1.604891502922021,0.2651572039628622,0.006708850912494244,0.007688372915967438
15.34,2.8288549773688523,1.1750993100596736,1.6048782997579814,0.27319966456504113,-0.005385359680176342,0.007693400464386136
15.34,2.828854863588816,1.1750993061803205,1.6049851028043496,0.27319966456504113,0.010702218069867122,0.007693390730557637
15.35,2.828761860461338,1.17781915592207,1.6050779305533585,0.25884530741902356,0.006557526185677492,0.007698402137620117
15.36,2.8286729017420558,1.1804132458793966,1.6051381122585087,0.2685828924777014,0.005745103077756046,0.007703429686038815
15.36,2.8286729677326283,1.1804132481395502,1.6050750415385127,0.2685828924777014,-0.0037551419638456283,0.007703419952210316
15.37,2.828581162774436,1.1830893255331316,1.605061993784052,0.2574645482473564,0.003399786420420467,0.0077084313592727955
15.38,2.8284927835566678,1.1856654180449617,1.6051664814908355,0.2614927105821426,0.014017562426312337,0.007713458907691494
15.38,2.828492756873735,1.185665417130284,1.6051922337247615,0.2614927105821426,0.01789658160796819,0.007713449173862996
15.39,2.828402865658608,1.1882799731843523,1.6053202466404703,0.2630886450373993,0.0030186296576737645,0.007718460580925475
15.4,2.8283121211989193,1.1909069963573147,1.6053631312626842,0.25996622259985686,0.0049313588159421206,0.007723488129344173
15.4,2.8283121062438163,1.1909069958416805,1.6053774804530367,0.25996622259985686,0.007092755173984288,0.007723478395515675
15.41,2.82822217824815,1.1935070067360507,1.6054351848225479,0.2625542047371279,0.003231662510028801,0.007728489802578154
15.42,2.82813137702251,1.1961280348587513,1.6054439351317942,0.2585546639490237,-0.0003180952120428607,0.007733517350996852
15.42,2.8281314602455208,1.1961280377399557,1.605363907307436,0.2585546639490237,-0.012372562666929838,0.0077335076171683535
15.43,2.8280420910294035,1.1987116188554539,1.6052577830164394,0.25798320952883197,-0.007233074541690674,0.007738519024230833
15.44,2.8279532262852687,1.2012909239218008,1.605129921727917,0.25934741690553853,-0.015597554395890379,0.007743546572649531
15.44,2.827953122104695,1.2012909203257691,1.6052314022930665,0.25934741690553853,-0.0003116937629341534,0.007743536838821032
15.45,2.8278640106381987,1.2038779755466544,1.6052219260179683,0.2527059005303785,-0.0021685834906803444,0.0077485482458835115
15.46,2.82777686204584,1.2064040410782235,1.6053510608311794,0.25339848325552883,0.02054929755686468,0.00775357579430221
15.46,2.827776912777539,1.206404042825917,1.605300960600661,0.25339848325552883,0.013002777292081779,0.007753566060473712
15.47,2.8276894592191537,1.2089367740957453,1.605450687094311,0.2537463450511058,0.018754689712367364,0.007758577467536191
15.48,2.8276016958626555,1.2114710706881755,1.60554282906693,0.2515060603289751,0.004383993436388343,0.007763605015954889
15.48,2.8276016973808855,1.2114710707407177,1.605541322549068,0.2515060603289751,0.004157068980003346,0.007763595282126391
15.49,2.8275142697513123,1.2139863403577897,1.605582484497047,0.2538555496833675,0.004037718734391915,0.00776860668918887
15.5,2.8274262182519445,1.2165157511598377,1.6056501578573594,0.24350500450716367,0.008149299066987872,0.007773634237607568
15.5,2.8274261989443574,1.2165157504885118,1.605669357335892,0.24350500450716367,0.011041286834709963,0.0077736245037790695
15.51,2.8273413322571246,1.218948976799676,1.605763972195503,0.24303703250109163,0.006428359735872873,0.007778635910841549
15.52,2.827256157551192,1.2213822299287616,1.6058848108488415,0.24898296745733384,0.014947160380332274,0.007783663459260247
15.52,2.8272562396561276,1.2213822327971258,1.6058001392257646,0.24898296745733384,0.0021932047040572073,0.007783653725431748
15.53,2.8271693391907813,1.2238647291655733,1.6057989811962161,0.24107953493840026,-0.004548963995251298,0.007788665132494228
15.54,2.8270847827679426,1.2262764471350016,1.605862399498415,0.24434879734403184,0.011855670952273328,0.0077936926809129255
15.54,2.8270848675028293,1.2262764501014791,1.6057747373828741,0.24434879734403184,-0.001348737980351426,0.007793682947084427
15.55,2.826999456748961,1.2287169937687061,1.6057682896800294,0.24237698539446084,0.0007068069400795775,0.007798694354146907
15.56,2.826914721755385,1.2311383698810827,1.605796245720333,0.24113756572474618,0.0038531297029910762,0.007803721902565605
15.56,2.8269147135825463,1.2311383695951135,1.605804715956605,0.24113756572474618,0.005128988297106016,0.007803712168737107
15.57,2.8268301918776406,1.2335520842240912,1.6058463005349624,0.24632927681610056,0.002295095532360932,0.007808723575799586
15.58,2.826743884453187,1.2360138909543428,1.6058546651850665,0.24636517896785587,9.798292852360906e-05,0.007813751124218284
15.58,2.8267438523033563,1.2360138898276092,1.6058877574178525,0.24636517896785587,0.005082614790350342,0.007813741390389786
15.59,2.826657639560585,1.2384702611878535,1.6059238144421732,0.23852268573984528,0.0007701162001843113,0.007818752797452264
15.6,2.826573765198561,1.240855727022649,1.605977888317008,0.2408518665290565,0.0077551662389952125,0.007823780345870961
15.6,2.82657378858634,1.240855727844089,1.6059534652343308,0.2408518665290565,0.004076355055015329,0.007823770612042463
15.61,2.8264891595856825,1.2432620352482857,1.6059906903532781,0.23986810269675932,0.0030431535103761197,0.007828782019104941
15.62,2.8264049830533144,1.2456534945977094,1.605995848878637,0.23206270900742634,-0.0007636808737942532,0.007833809567523638
15.62,2.826404897993996,1.2456534916044282,1.6060850083481792,0.23206270900742634,0.012666272177063164,0.00783379983369514
15.63,2.8263229959922267,1.247973221875839,1.6062176251726954,0.23280858681289968,0.014404835711400861,0.00783881124075762
15.64,2.8262403729635084,1.2503029788070246,1.6064322796584658,0.23707205608544746,0.025040127709285112,0.007843838789176317
15.64,2.826240501727148,1.2503029833622392,1.6062933314858014,0.23707205608544746,0.004110579283693048,0.007843829055347818
15.65,2.8261562922310164,1.2526730310385004,1.6063682744420096,0.2381905881909035,0.013990835110361576,0.007848840462410297
15.66,2.8260716678838698,1.2550495996478206,1.6065605979899746,0.23298156685525914,0.02188605517632649,0.007853868010828994
15.66,2.826071735710396,1.2550496020588306,1.6064886514157153,0.23298156685525914,0.011048853929683045,0.007853858277000495
15.67,2.8259887145859106,1.2573757361428792,1.6065690653478557,0.22998960252137396,0.0022672427369467875,0.007858869684062974
15.68,2.8259063291829216,1.2596781624488484,1.6065767254960288,0.23543337975752987,5.966331559084485e-06,0.007863897232481671
15.68,2.825906296867127,1.2596781612938153,1.6066118784234023,0.23543337975752987,0.0053009974331372405,0.007863887498653173
15.69,2.825822112980027,1.2620263647238656,1.6066998407999948,0.22914922632720566,0.015506896559695817,0.007868898905715651
15.7,2.825739780692539,1.2643185777077688,1.6068531888027837,0.23213893703360455,0.015247670592627193,0.007873926454134348
15.7,2.8257398877229756,1.264318581547797,1.6067365030000837,0.23213893703360455,-0.002328531464274376,0.00787391672030585
15.71,2.8256564850509087,1.2666375372103047,1.6067310720960029,0.2308684958334946,0.002884853063550621,0.00787892812736833
15.72,2.8255735616074733,1.2689442838590481,1.606754907890784,0.23025893735432992,0.0021297924118040402,0.007883955675787027
15.72,2.8255735945925613,1.2689442850446728,1.6067189793999301,0.23025893735432992,-0.003282060617721535,0.007883945941958528
15.73,2.8254909820505603,1.2712429740303537,1.6066877142912068,0.22697349774672967,-0.002827864365659182,0.007888957349021007
15.74,2.8254096803980957,1.2735061443021876,1.6067018002051994,0.22003262478692046,0.0035534434546830194,0.007893984897439704
15.74,2.8254096680112655,1.273506143857268,1.606715467397673,0.22003262478692046,0.005612111526606407,0.007893975163611205
15.75,2.8253307911341254,1.275701654898613,1.6067571346200005,0.21541142487596351,0.0013916584597879868,0.007898986570673684
15.76,2.8252530949403285,1.2778610500932717,1.6067815865194703,0.22449162607519466,0.0029785766506796926,0.007904014119092381
15.76,2.8252530071466637,1.2778610469362652,1.606883053737609,0.22449162607519466,0.01826242684402994,0.007904004385263882
15.77,2.8251719896218566,1.2801060945778306,1.607038247035204,0.22665723734212345,0.010252742150524057,0.007909015792326361
15.78,2.8250900191887625,1.2823644237104084,1.6072394079347725,0.21747121143773174,0.025109750457452076,0.007914043340745058
15.78,2.825090088792102,1.2823644262292646,1.6071615744214038,0.21747121143773174,0.013385808674380049,0.00791403360691656
15.79,2.825011057467512,1.2845379848888923,1.6072582797929564,0.2178558270892403,0.002537430909478451,0.007919045013979038
15.8,2.824931468089254,1.2867205100515922,1.6072548813342686,0.225221928459377,-0.0017965666170401693,0.007924072562397737
15.8,2.8249314961197127,1.2867205110725475,1.6072225742894817,0.225221928459377,-0.006662926824507016,0.007924062828569238
15.81,2.82484943028267,1.2889710646096004,1.6071963501527389,0.22499079790213036,0.005135137675466889,0.007929074235631717
15.82,2.8247677043304784,1.291216049224964,1.6072167169325646,0.22031859940234153,0.00046797574425249105,0.007934101784050414
15.82,2.8247677970404586,1.2912160526017906,1.607112664204686,0.22031859940234153,-0.015205325783847617,0.007934092050221915
15.83,2.824687918319107,1.293413868041729,1.6069824861149624,0.2149894612794566,-0.008817903326050465,0.007939103457284394
15.84,2.824610067368555,1.295563453819432,1.6069310161331702,0.21648571379422693,-0.0032884756579412283,0.007944131005703091
15.84,2.824609997064386,1.2955634512702658,1.6070124914738968,0.21648571379422693,0.008984028949564214,0.007944121271874592
15.85,2.824531553887957,1.2977267543167312,1.6071539126856893,0.21630576021672712,0.024045359666807292,0.007949132678937071
15.86,2.824453242073859,1.2998795595480888,1.6074018263244543,0.20430199217778677,0.025169054274167893,0.007954160227355768
15.86,2.8244533342175795,1.2998795628952675,1.6072946180034795,0.20430199217778677,0.009020430636731244,0.00795415049352727
15.87,2.824378498350482,1.3019296427264633,1.6073661010953229,0.2157576439708579,0.003553944369746565,0.007959161900589748
15.88,2.8242998478014276,1.304079365501065,1.6074023168646483,0.20703488701875544,0.00365581825342921,0.007964189449008447
15.88,2.824299795647395,1.3040793635952765,1.607464012843949,0.20703488701875544,0.012948988229536041,0.007964179715179948
15.89,2.8242238904790655,1.3061488796519776,1.607582148513516,0.20779457764340276,0.009633623840495341,0.007969191122242427
15.9,2.8241474955457715,1.3082238397492993,1.607716381774171,0.205646552707637,0.015341993710771468,0.007974218670661124
15.9,2.824147568361562,1.3082238424249237,1.607628266886977,0.205646552707637,0.002069384484038022,0.007974208936832625
15.91,2.824071713349498,1.310281072529255,1.607691490099486,0.208586932496833,0.014487713647822987,0.007979220343895104
15.92,2.8239946122340243,1.3123686184941226,1.6078918198742151,0.21280185427051793,0.02284045881416532,0.0079842478923138
15.92,2.8239946745124778,1.3123686207908807,1.6078163351599442,0.21280185427051793,0.01147031300777578,0.007984238158485302
15.93,2.823916070862296,1.3144906034810229,1.6079411176027991,0.20657389695225453,0.014413413991294482,0.00798924956554778
15.94,2.8238394231205564,1.3165545295014855,1.608022898717211,0.20604334454497442,0.005021274161878274,0.007994277113966478
15.94,2.8238393886650064,1.3165545282231694,1.6080645593899179,0.20604334454497442,0.011296556881638477,0.00799426738013798
15.95,2.8237623805723575,1.3186191502630855,1.608201534604295,0.21369043633052034,0.01830723439752204,0.007999278787200458
15.96,2.823682783444784,1.3207476984034414,1.6083144852848705,0.204351623992488,0.007744916652227568,0.008004306335619157
15.96,2.823682807451408,1.3207476993002336,1.6082858554138995,0.204351623992488,0.0034324434514927792,0.008004296601790658
15.97,2.8236062943581004,1.3227881397983032,1.6083046042209512,0.2021194789799488,-0.0011155496029689928,0.008009308008853137
15.98,2.8235306348635545,1.3248074114267399,1.608150853157811,0.2014311797222252,-0.02259449941486614,0.008014335557271834
15.98,2.8235305253808,1.3248074073207952,1.6082862742488566,0.2014311797222252,-0.0021962298404124697,0.008014325823443335
15.99,2.8234549649411593,1.3268207133257053,1.6083054025031267,0.2019908442965385,0.009801973674037717,0.008019337230505814
16.0,2.8233791759955937,1.3288398016407317,1.608427415613019,0.20280907162190945,0.013416058376609044,0.00802436477892451
16.0,2.8233792071080592,1.3288398028080517,1.6083886270425034,0.20280907162190945,0.007573395969493967,0.008024355045096012
16.01,2.823302778700083,1.3308714885577182,1.6084791349729717,0.20965100261047492,0.011887309911222617,0.008029366452158493
16.02,2.8232242203052764,1.3329582694369404,1.6084587751808002,0.19843245009353028,-0.009085125239807978,0.00803439400057719
16.02,2.823224134404088,1.3329582662019084,1.6085632293236332,0.19843245009353028,0.006648640802272503,0.008034384266748691
16.03,2.8231491986337116,1.334940271625026,1.6086707093014385,0.19720467626379345,0.018618525873788178,0.008039395673811171
16.04,2.8230745946702434,1.3369095591214568,1.608835005580997,0.19537370703791998,0.015321422781757799,0.008044423222229868
16.04,2.8230746346640125,1.336909560634831,1.6087842688364087,0.19537370703791998,0.007679025386717366,0.00804441348840137
16.05,2.8230002829881347,1.3388662875758488,1.6088463626335605,0.20135890491185426,0.0033877451011947637,0.00804942489546385
16.06,2.8229240487529212,1.3408709331537927,1.6087800776256973,0.19116897759478518,-0.011699571221530763,0.008054452443882547
16.06,2.8229239401616835,1.3408709290240999,1.608917142574355,0.19116897759478518,0.008946310083513117,0.008054442710054049
16.07,2.822850883827921,1.3427860602535415,1.6090201342542256,0.19774211367284986,0.012896576847159098,0.008059454117116529
16.080000000000002,2.8227754081123297,1.3447593289007727,1.6091658874220907,0.19405799654155242,0.015425236863407788,0.008064481665535228
16.080000000000002,2.822775463081434,1.3447593310002999,1.6090953389006963,0.19405799654155242,0.0047986221583619666,0.00806447193170673
16.09,2.822701271980553,1.3466954852412363,1.609145177219389,0.18997249326213547,0.005339423792728712,0.008069483338769208
16.1,2.8226283564850063,1.348595839453341,1.609202977746098,0.19272938540520598,0.00600313625952449,0.008074510887187906
16.1,2.822628399980008,1.3485958411207952,1.6091458199154463,0.19272938540520598,-0.002606459401853998,0.008074501153359408
16.11,2.822554695967445,1.3505169759808648,1.6091135375104262,0.18627683817160154,-0.0044220242204510065,0.008079512560421886
16.12,2.82248335393983,1.3523782193502774,1.6090552400659055,0.18606169394007624,-0.006542451441097731,0.008084540108840585
16.12,2.8224832398340434,1.3523782149749461,1.6092077189819745,0.18606169394007624,0.01642521194412412,0.008084530375012087
16.13,2.8224118177165964,1.3542372749885294,1.6093507536766078,0.1858095178660866,0.01022984672444906,0.008089541782074565
16.14,2.8223404556580056,1.3560886788862927,1.6093811764622117,0.17858090617915187,-0.0005966760766500934,0.008094569330493264
16.14,2.8223404486654746,1.3560886786169875,1.6093906376525953,0.17858090617915187,0.0008284484032172335,0.008094559596664766
16.15,2.822271253619845,1.3578805498325848,1.6094035626134198,0.18863926021223315,0.0021834407636411937,0.008099571003727244
16.16,2.822198283153235,1.359771193360857,1.6093464419216157,0.19633301427213412,-0.009709443795403085,0.008104598552145943
16.16,2.822198238877176,1.359771191651283,1.6094064581509864,0.19633301427213412,-0.0006692919542577863,0.008104588818317444
16.17,2.822122992671513,1.3617186002674153,1.6094174841353552,0.17666092864052754,0.004504525416094642,0.008109600225379925
16.18,2.822054590028641,1.3634889931410448,1.6094542797300546,0.18360137436296245,0.0032618919659011376,0.008114627773798622
16.18,2.822054581405565,1.3634889928078977,1.6094661716747407,0.18360137436296245,0.005053157208253306,0.008114618039970123
16.19,2.821983750826201,1.365319646972848,1.6095207567004237,0.17817655479050043,0.006236742194809359,0.008119629447032603
16.2,2.8219146632927115,1.367103273477323,1.6095594877113975,0.18252541834055416,0.002676426153179334,0.0081246569954513
16.2,2.821914648454385,1.3671032729028094,1.6095802479652506,0.18252541834055416,0.005803511094363088,0.008124647261622802
16.21,2.8218440332197106,1.3689234921069495,1.6096230656642054,0.17754124638872462,0.001360114884730878,0.008129658668685282
16.22,2.821775167568847,1.3706976211430446,1.6095627544784339,0.1776128119094688,-0.00977318580567529,0.00813468621710398
16.22,2.821775119096508,1.3706976192612532,1.6096309317867739,0.1776128119094688,0.0004962567430560252,0.00813467648327548
16.23,2.8217059936958298,1.3724767795569381,1.6096335406905675,0.18356070068721972,-0.0001909994139602882,0.008139687890337961
16.240000000000002,2.8216349198281483,1.374306103305537,1.6096209484075412,0.17689416129845964,-0.001800056073482091,0.00814471543875666
16.240000000000002,2.821634890132684,1.3743061021517908,1.609662138449276,0.17689416129845964,0.004404336230562406,0.008144705704928161
16.25,2.8215659319456163,1.3760791942694803,1.6097170564100038,0.18435999567026823,0.007579656018585455,0.00814971711199064
16.26,2.8214946009651594,1.377909361274749,1.6098805296065213,0.16798499947116363,0.020786252195458203,0.008154744660409339
16.26,2.821494659703941,1.3779093635607336,1.6097993153367103,0.16798499947116363,0.008553072296324188,0.00815473492658084
16.27,2.821429012288024,1.3795927996812096,1.6098380545784883,0.1746006296470989,-0.005109769341565899,0.008159746333643319
16.28,2.821360764811128,1.3813391392033005,1.609834317439534,0.17686621277157727,0.002024077754471906,0.008164773882062017
16.28,2.8213607448845535,1.3813391384254345,1.609863215353882,0.17686621277157727,0.006376925914688316,0.008164764148233519
16.29,2.82129169145235,1.383106110345648,1.609914962126002,0.17640200340847792,0.0028664292989849676,0.008169775555295997
16.3,2.8212228612661256,1.384863335846511,1.6100218461224625,0.16899588771306628,0.014648542300025718,0.008174803103714696
16.3,2.8212229647647975,1.3848633398948667,1.6098739365453236,0.16899588771306628,-0.0076308486266212176,0.008174793369886198
16.31,2.821156875278869,1.38655278385734,1.6098357937601586,0.1700527147128978,0.003513315160003099,0.008179804776948676
16.32,2.821090630199545,1.3882495211180175,1.609829157437229,0.16665737749322362,-0.0027783562100774538,0.008184832325367375
16.32,2.8210905435239977,1.3882495177311804,1.6099572635623365,0.16665737749322362,0.016518071354500778,0.008184822591538876
16.330000000000002,2.8210253120188766,1.3899147385155317,1.610108064125005,0.16655427851267193,0.012319150542870284,0.008189833998601357
16.34,2.8209598888569034,1.3915788562753089,1.6101861915820632,0.1663646103046332,0.005531222608769732,0.008194861547020054
16.34,2.8209598913860305,1.3915788563746192,1.610182376529514,0.1663646103046332,0.00495656714159913,0.008194851813191555
16.35,2.820894476925638,1.393239836119276,1.610190157788979,0.1644899795908492,-0.00724423926496926,0.008199863220254035
16.36,2.8208298275888373,1.3948787590959906,1.6101975614117419,0.15809652696319598,0.004782842589529091,0.008204890768672733
16.36,2.820829806912311,1.3948787582813968,1.6102290814232254,0.15809652696319598,0.009530653187328385,0.008204881034844234
16.37,2.820767154146024,1.3964668196222103,1.6103229082621426,0.16942455369112577,0.009098591409800462,0.008209892441906714
16.38,2.8207003897800664,1.3981551877779121,1.6104050185128982,0.16322742210853777,0.007761663962872942,0.008214919990325411
16.38,2.820700435117446,1.3981551895691495,1.6103362671795007,0.16322742210853777,-0.0025942430927706527,0.008214910256496913
16.39,2.8206361189700773,1.399781330724701,1.6102940325945727,0.1566171906037789,-0.0073514577482519826,0.008219921663559393
16.4,2.8205744333310605,1.4013420868068152,1.6102320261988001,0.15091027164323292,-0.0056179981296733215,0.00822494921197809
16.4,2.820574406639955,1.401342085751759,1.6102742346814163,0.15091027164323292,0.000739800349758634,0.008224939478149592
16.41,2.820514427608436,1.4028602120190872,1.6102996524345545,0.16478962898731148,0.006001462931496654,0.008229950885212072
16.42,2.820449687550206,1.404496786600936,1.6104477125292564,0.15113628172457577,0.019263615258727138,0.00823497843363077
16.42,2.8204497514923568,1.4044967891278157,1.6103474759774739,0.15113628172457577,0.004165138435894021,0.008234968699802272
16.43,2.820389852520927,1.4060109869472128,1.610365216175942,0.15660116195866516,-0.002816789426266695,0.00823998010686475
16.44,2.820328033885311,1.4075715616742654,1.6103955052169776,0.1508729378196466,0.005988488359496781,0.00824500765528345
16.44,2.8203279947875464,1.4075715601268683,1.610458787334075,0.1508729378196466,0.015520575819628117,0.008244997921454951
16.45,2.8202682107762422,1.4090788672646246,1.6105776494865538,0.1505505543257497,0.004908453337311162,0.00825000932851743
16.46,2.820208096095508,1.4105883458379498,1.6106832589694253,0.15757944720836603,0.013422719089025774,0.008255036876936128
16.46,2.82020813516753,1.4105883473909975,1.6106181491101879,0.15757944720836603,0.003615321656150205,0.00825502714310763
16.47,2.8201454831928543,1.4121614285964863,1.610626543161478,0.1555860125411909,-0.004490193909890309,0.008260038550170108
16.48,2.8200834782643387,1.413716154553259,1.6106577242694071,0.1557243802186738,0.006970077834636251,0.008265066098588807
16.48,2.8200834613371226,1.4137161538788967,1.610685117115607,0.1557243802186738,0.011096219906599227,0.008265056364760309
16.490000000000002,2.8200215424354376,1.4152675430942157,1.6107995345494102,0.1494435108335124,0.01210512844806407,0.008270067771822789
16.5,2.819961646163852,1.4167631469546014,1.6109792826941054,0.15266270395352155,0.020946545753045602,0.008275095320241486
16.5,2.819961711409746,1.4167631495628081,1.6108709390598859,0.15266270395352155,0.0046269116368116495,0.008275085586412987
16.51,2.8199005342404404,1.4182893337352531,1.6108974174541804,0.15372703008802913,-0.0011518646434697877,0.008280096993475468
16.52,2.8198389321633437,1.419824435637365,1.61090197302009,0.1524586242718358,0.0012693691101930268,0.008285124541894165
16.52,2.819838928533176,1.4198244354917917,1.6109079396323367,0.1524586242718358,0.0021681106881448306,0.008285114808065666
16.53,2.819777898873881,1.4213447753562665,1.6109456375729705,0.1483497992797978,0.006844933425060977,0.008290126215128146
16.54,2.819718370940428,1.422826300683001,1.6110371184764711,0.14729303105259028,0.010314143092906692,0.008295153763546843
16.54,2.819718391031395,1.4228263014897293,1.6110033594998505,0.14729303105259028,0.005229080638115595,0.008295144029718345
16.55,2.819659331466184,1.4242938488216714,1.611082293342225,0.141589143529864,0.01300869291608063,0.008300155436780825
16.56,2.819602257015913,1.4257105776650632,1.6111586843016916,0.14429024602413634,0.004920552018498531,0.008305182985199522
16.56,2.819602222150923,1.4257105762610252,1.6112197130075256,0.14429024602413634,0.014113211623944183,0.008305173251371024
16.57,2.8195438946470675,1.4271517498853246,1.611408860175634,0.14354379139380072,0.02813332881847204,0.008310184658433504
16.580000000000002,2.8194857444343713,1.4285846167823588,1.611560452952605,0.14165176561599702,0.008590716201574974,0.008315212206852203
16.580000000000002,2.819485798785589,1.42858461898625,1.6114652309039792,0.14165176561599702,-0.005752433763513852,0.008315202473023704
16.59,2.8194282110592943,1.429999805009566,1.6114101117154136,0.1414336512900884,-0.005050144158274734,0.008320213880086183
16.6,2.8193706670826657,1.4314171611028756,1.6112675153149636,0.1471268728807103,-0.018922265427697652,0.008325241428504881
16.6,2.8193706235260563,1.4314171593326794,1.6113449260175394,0.1471268728807103,-0.00726201098066296,0.008325231694676383
16.61,2.8193112445955357,1.4328801542821143,1.611301890426183,0.13751505328417085,0.0013764971469446136,0.008330243101738861
16.62,2.819255600962209,1.4342533648479319,1.61129869088247,0.13640955607269517,-0.0011788415467741515,0.00833527065015756
16.62,2.8192556261375645,1.434253365868817,1.6112535272467876,0.13640955607269517,-0.007981770163706364,0.008335260916329062
16.63,2.819200266897203,1.4356212940394906,1.611156073170912,0.14314305920067932,-0.013131489347284175,0.00834027232339154
16.64,2.819142636832718,1.4370488690317955,1.6109930686795715,0.1394817097365568,-0.017904844479910396,0.008345299871810239
16.64,2.819142591022382,1.437048867180005,1.6110748232046557,0.1394817097365568,-0.005590286764261428,0.00834529013798174
16.65,2.8190867539208497,1.4384345861657835,1.6110090206498986,0.12864029483795564,-0.008480938094068326,0.008350301545044219
16.66,2.819034865953748,1.439724120082189,1.6109324451568567,0.13431617642209756,-0.007240680289979203,0.008355329093462918
16.66,2.819034846840219,1.4397241193124386,1.6109687276937128,0.13431617642209756,-0.0017754978584961275,0.00835531935963442
16.67,2.8189810466428367,1.441062934424089,1.6109346905207735,0.12987536422251786,-0.006529804355028211,0.0083603307666969
16.68,2.818929036230513,1.4423589744339698,1.610795724505649,0.1276041027163628,-0.017626297017802457,0.008365358315115597
16.68,2.818929006210696,1.44235897322776,1.6108533132882543,0.1276041027163628,-0.008951787729953602,0.008365348581287098
16.69,2.818877846288512,1.443635106502183,1.6107839998802638,0.12912329776311454,-0.0030521996520888146,0.008370359988349578
16.7,2.818826152338175,1.4449267638956416,1.610784721720226,0.1311062789217411,0.0016540111323870366,0.008375387536768275
16.7,2.818826156542286,1.4449267640639925,1.6107765101869576,0.1311062789217411,0.0004171205717262848,0.008375377802939777
16.71,2.818773879338011,1.446233032363758,1.6108143536548587,0.12600912450811463,0.010249226206205218,0.008380389210002257
16.72,2.8187233526538047,1.447494987964922,1.6109143687794087,0.12991877668441187,0.009876098812592738,0.008385416758420954
16.72,2.8187234071212264,1.4474949901452494,1.6108068644476556,0.12991877668441187,-0.006317112470730217,0.008385407024592456
16.73,2.8186716713825817,1.4487879527550365,1.6107104025164949,0.12286142533721839,-0.01603783524013956,0.008390418431654936
16.740000000000002,2.8186227039270357,1.4500143212493135,1.6105341265358086,0.12113663428293543,-0.018432470409923626,0.008395445980073635
16.740000000000002,2.8186226604093614,1.4500143195098771,1.610621708163148,0.12113663428293543,-0.005240185290653563,0.008395436246245136
16.75,2.8185742520806767,1.4512281392255015,1.6106307173949974,0.12578434083026593,0.012691495959404902,0.008400447653307615
16.76,2.818524270062392,1.4524836394050948,1.610643462689397,0.12395053321678189,-0.004505704195150459,0.008405475201726314
16.76,2.8185242166050806,1.452483637274018,1.6107515867212125,0.12395053321678189,0.01178085155046753,0.008405465467897815
16.77,2.818474650690782,1.4537236003872902,1.6108643371492415,0.12591939764815574,0.010303919287969558,0.008410476874960294
16.78,2.818424449855802,1.4549760625045953,1.610947802972639,0.11813369757490735,0.00735561290454784,0.008415504423378992
16.78,2.8184244448467166,1.4549760623040409,1.6109578743607356,0.11813369757490735,0.008872650522525364,0.008415494689550494
16.79,2.818376952488298,1.4561579767040547,1.6110455871843976,0.12021564479453942,0.008576661374158296,0.008420506096612972
16.8,2.818328760919907,1.4573544224748032,1.611151143748388,0.11377013311381495,0.011557590983611131,0.008425533645031671
16.8,2.818328771331731,1.4573544228936104,1.6111293251801113,0.11377013311381495,0.008271093777007056,0.008425523911203173
16.81,2.81828278038695,1.4584937809291085,1.611231105806781,0.11728425728638003,0.01383933254437095,0.008430535318265651
16.82,2.8182353844689114,1.4596652923507414,1.611370095800461,0.11677738371575357,0.013929207758333007,0.00843556286668435
16.82,2.8182354242001173,1.4596652939561592,1.6112843268504502,0.11677738371575357,0.0010099634225458846,0.008435553132855851
16.830000000000002,2.818188100108282,1.4608339415624265,1.611266831729624,0.11926769737768511,-0.007047545311064442,0.008440564539918332
16.84,2.818140084267368,1.462019771517259,1.6111931506571537,0.11127925825498249,-0.007530402799082911,0.008445592088337029
16.84,2.818140081129856,1.4620197713902259,1.6111998272527523,0.11127925825498249,-0.006524717526496245,0.00844558235450853
16.85,2.8180949513412723,1.463136155436243,1.6111336057103478,0.11740220035988473,-0.006809227090795512,0.00845059376157101
16.86,2.8180478602780874,1.4643031281763623,1.6110504179952547,0.10910891260895395,-0.009083030509864755,0.008455621309989707
16.86,2.818047845504193,1.4643031275796607,1.6110825167930771,0.10910891260895395,-0.0042480382206896644,0.008455611576161209
16.87,2.818003731857444,1.465397447371045,1.611046153284466,0.11470997677954514,-0.002461946540239381,0.00846062298322369
16.88,2.817957377089263,1.4665471050054886,1.6111462363524425,0.1194579375627238,0.016321803264435025,0.008465650531642386
16.88,2.8179574029123793,1.4665471060459734,1.611088878588031,0.1194579375627238,0.007682091889971609,0.008465640797813888
16.89,2.817909322785984,1.4677397071766345,1.611167464369572,0.1180854180166677,0.00819742156467388,0.008470652204876368
16.9,2.817861853458892,1.4689144584665563,1.6112866821894793,0.11109101829874632,0.01380736809344542,0.008475679753295065
16.9,2.81786185562936,1.4689144585541627,1.6112820475674812,0.11109101829874632,0.013109262147279574,0.008475670019466567
16.91,2.817817085625944,1.4700194608726438,1.6114269141043822,0.1042909427001322,0.017131165717422,0.008480681426529047
16.92,2.817774935645847,1.47105690838955,1.611538811519291,0.09802830962018368,0.00818169026323543,0.008485708974947746
16.92,2.817774924094668,1.471056907920779,1.6115658962004669,0.09802830962018368,0.012261413914094032,0.008485699241119247
16.93,2.8177348939502997,1.4720385308943593,1.6116665000926642,0.10095939787501668,0.005834549220268904,0.008490710648181726
16.94,2.8176934601237145,1.4730508031210459,1.611822227589738,0.10575338853700628,0.020503050055120764,0.008495738196600424
16.94,2.8176934804884866,1.4730508039526242,1.6117713722508817,0.10575338853700628,0.01284278898885272,0.008495728462771926
16.95,2.817650231572533,1.474106118975574,1.6118707938659778,0.10394092916947782,0.004373124661977323,0.008500739869834404
16.96,2.8176076595755273,1.4751421870240582,1.611895410423433,0.10058667798326032,0.001493908585678582,0.008505767418253103
16.96,2.8176076626737805,1.475142187151228,1.6118879130989532,0.10058667798326032,0.00036459819062079546,0.008505757684424605
16.97,2.8175661015828046,1.4761536079947892,1.6118506426183903,0.1092988788211912,-0.01158277199171067,0.008510769091487083
16.98,2.8175216723940126,1.4772346579608768,1.6117879170833875,0.09430691466589203,-0.003584071977457975,0.008515796639905782
16.98,2.817521650151583,1.4772346570470851,1.6118405054952492,0.09430691466589203,0.00433723919617382,0.008515786906077284
16.990000000000002,2.8174828699944983,1.4781793138206534,1.611857682008098,0.09754739531949684,-0.003311805861138095,0.008520798313139764
17.0,2.8174428414078805,1.4791531093773218,1.611877964384978,0.09638346626553612,0.0047318191763899365,0.00852582586155846
17.0,2.8174428441225237,1.4791531094888395,1.6118709606799804,0.09638346626553612,0.003676861920752041,0.008525816127729962
17.01,2.817403319832897,1.4801149442284258,1.611898551720485,0.09476793035721714,0.0009970620669389457,0.008530827534792442
17.02,2.8173643563505633,1.4810627467457425,1.611868327677808,0.09602392823798891,-0.005057397929355217,0.00853585508321114
17.02,2.8173643370958272,1.4810627459541124,1.61191912778894,0.09602392823798891,0.002594544270196392,0.008535845349382641
17.03,2.817325095737509,1.4820161605469604,1.6119677945982231,0.08784219325330334,0.009229051781659852,0.008540856756445121
17.04,2.8172886451836447,1.482901054862633,1.6120533811093307,0.09766277416442858,0.008219237615891686,0.008545884304863818
17.04,2.8172886179232033,1.4829010537402434,1.6121290756656173,0.09766277416442858,0.0196209916006541,0.00854587457103532
17.05,2.8172482157113095,1.4838786186744648,1.6122761431431125,0.10007174196938104,0.005271684032839247,0.0085508859780978
17.06,2.81720694648816,1.4848729600997042,1.6123298609972383,0.09256647543798002,0.005422465193497599,0.008555913526516497
17.06,2.817206974912398,1.484872961277468,1.6122571738289568,0.09256647543798002,-0.0055262905856906215,0.008555903792687999
17.07,2.8171685132719646,1.485799969456287,1.6122115254540261,0.09547747435229131,-0.002718903212166778,0.008560915199750479
17.080000000000002,2.8171290192664915,1.4867534444291755,1.612139513153825,0.09482187371701843,-0.00947056278328467,0.008565942748169178
17.080000000000002,2.8171289916899447,1.48675344328613,1.6122126018737375,0.09482187371701843,0.0015386780972533407,0.00856593301434068
17.09,2.817089880633209,1.4876972819488314,1.6122249848408088,0.08996777234006688,0.0006615818266938513,0.008570944421403158
17.1,2.8170526117398356,1.488595971460618,1.6122756753524392,0.08967439995201995,0.007300484745712066,0.008575971969821856
17.1,2.8170525953052747,1.4885959707794247,1.6123208062253598,0.08967439995201995,0.014098478358504852,0.008575962235993358
17.11,2.817015513694426,1.489488022508234,1.61249811802382,0.08434195698510374,0.02470575641100648,0.008580973643055836
17.12,2.8169802322186004,1.4903342760586515,1.612660136492646,0.08919477374393914,0.011896448964315628,0.008586001191474535
17.12,2.816980264743766,1.4903342774132875,1.6125653766220258,0.08919477374393914,-0.0023770838423385534,0.008585991457646037
17.13,2.8169430830493773,1.4912238747699493,1.6125465214181094,0.08705507726523236,-0.0009417470221169185,0.008591002864708515
17.14,2.816906935173774,1.4920890857390616,1.61254902601359,0.08082099511272842,0.000854055302252642,0.008596030413127214
17.14,2.816906935181313,1.4920890857393765,1.6125490043194708,0.08082099511272842,0.0008507875506181326,0.008596020679298716
17.150000000000002,2.8168731540792447,1.4928978735589278,1.6125410682497758,0.08256549594199346,-0.003950749256808109,0.008601032086361196
17.16,2.8168386178114218,1.4937241890421091,1.6125681796897533,0.08444446833416194,0.006083957555357285,0.008606059634779893
17.16,2.816838625423969,1.493724189360091,1.6125449716501674,0.08444446833416194,0.0025881664336484746,0.008606049900951394
17.17,2.816803423688322,1.4945667297214587,1.6125844479379554,0.08285465406748585,0.006557717784448346,0.008611061308013875
17.18,2.816768746003151,1.495396251052127,1.6126299676074543,0.08516515062350151,0.003536486312564993,0.008616088856432572
17.18,2.8167687447999237,1.4953962510018346,1.6126336088082514,0.08516515062350151,0.004084954759108187,0.008616079122604073
17.19,2.8167333281971336,1.4962420317206944,1.6126972420258472,0.07819063630982721,0.010737654509638483,0.008621090529666553
17.2,2.8167004456015867,1.497026842639803,1.6127391952643664,0.08307607746910763,0.0008830429885951872,0.00862611807808525
17.2,2.8167004587464546,1.497026843190504,1.612698058371109,0.08307607746910763,-0.005313343642476646,0.008626108344256752
17.21,2.816665821588502,1.4978525760101973,1.61268248392396,0.07722706281544936,0.005653663803278849,0.008631119751319232
17.22,2.8166334188612385,1.4986252833740346,1.6127964083592488,0.07874421039356437,0.014297898978713362,0.00863614729973793
17.22,2.816633424827675,1.4986252836241072,1.6127773978077269,0.07874421039356437,0.011434368994523887,0.00863613756590943
17.23,2.8166001819929285,1.4994169330428568,1.6128668225574172,0.08541332365198442,0.004158182691690392,0.008641148972971911
17.240000000000002,2.816564457390834,1.5002660756246726,1.6128467464889782,0.07964903574631288,-0.005129250758675447,0.00864617652139061
17.240000000000002,2.8165644282096247,1.5002660743974296,1.6129352475003313,0.07964903574631288,0.008201519753154949,0.008646166787562111
17.25,2.8165308680160694,1.5010618676698295,1.6130316252479264,0.0796629730980512,0.012395301229261118,0.00865117819462459
17.26,2.8164974526822166,1.5018523792661072,1.6131805219182997,0.0723041884427215,0.016152525881420514,0.008656205743043289
17.26,2.8164974630746222,1.5018523797048142,1.6131478007930495,0.0723041884427215,0.011223793373953902,0.00865619600921479
17.27,2.8164668166124196,1.5025754710435997,1.6132700492436574,0.07325405035799853,0.01414680635025108,0.008661207416277268
17.28,2.8164357221479683,1.5033072569257462,1.6133913497228118,0.07312583627220784,0.011108994300282105,0.008666234964695967
17.28,2.81643574113822,1.5033072577316355,1.6133264401214131,0.07312583627220784,0.0013317613960397295,0.008666225230867469
17.29,2.816404684940229,1.5040370115607544,1.6133420917275474,0.07197827735838425,0.002013273599728923,0.008671236637929947
17.3,2.816374212991356,1.504753011793001,1.6133301995803184,0.06771652883067553,-0.002810585048085848,0.008676264186348646
17.3,2.8163741982965864,1.5047530111676874,1.6133812942990273,0.06771652883067553,0.004885733435288889,0.008676254452520148
17.31,2.8163452680153043,1.5054318827296562,1.6134381329356422,0.07087425248462988,0.007216227493336751,0.008681265859582626
17.32,2.816314864972142,1.5061436695714578,1.6136276372983724,0.07589594344305947,0.02489128475973238,0.008686293408001325
17.32,2.816314904075023,1.5061436712388678,1.6134873716828815,0.07589594344305947,0.0037632919580316802,0.008686283674172826
17.330000000000002,2.8162829342150246,1.5068919433251156,1.6135392024524688,0.06229290724027613,0.007908981971032908,0.008691295081235307
17.34,2.816256246602036,1.5075158827248485,1.6136273628418099,0.06444228832946874,0.00927526785081442,0.008696322629654004
17.34,2.816256255038592,1.5075158830854276,1.6135954454640338,0.06444228832946874,0.004467602582728339,0.008696312895825505
17.35,2.8162286323740697,1.508161105207545,1.613614939028849,0.06633255637381069,-0.002885530255644522,0.008701324302887985
17.36,2.8162004662851094,1.5088182340291099,1.6136300834786896,0.05872742998469905,0.00374208442146072,0.008706351851306682
17.36,2.816200438887091,1.5088182328556765,1.61373485551868,0.05872742998469905,0.019523734820862063,0.008706342117478184
17.37,2.8161749748271565,1.509410803475773,1.6139429199738171,0.06667220583426926,0.023269175790019317,0.008711353524540664
17.38,2.8161465041909253,1.5100704978342063,1.6141339392659237,0.05795182895633439,0.016992116695884234,0.008716381072959361
17.38,2.8161465182821623,1.5100704984413844,1.6140789523193269,0.05795182895633439,0.008709517943372323,0.008716371339130863
17.39,2.8161213918140446,1.5106507805675342,1.6141500294430344,0.05972969239191497,0.004032338397191207,0.008721382746193343
17.400000000000002,2.81609569544209,1.5112434527217882,1.614130219734718,0.054198614496624976,-0.005025416324541445,0.008726410294612042
17.400000000000002,2.8160956934964667,1.511243452637482,1.6141384205712834,0.054198614496624976,-0.0037901369917252986,0.008726400560783543
17.41,2.8160720105970167,1.5117897642336113,1.6140676595315808,0.06077740731530446,-0.013384970349833325,0.008731411967846022
17.42,2.8160459297814566,1.5123924848816857,1.6138657026596284,0.05467332210414966,-0.023643847836002055,0.00873643951626472
17.42,2.816045890641101,1.5123924831861872,1.6140328511878776,0.05467332210414966,0.00153347655174519,0.008736429782436222
17.43,2.8160222442060343,1.5129388353717383,1.6140781076682973,0.05485067773425005,0.010270444091289369,0.0087414411894987
17.44,2.8159981384720667,1.5134950778234026,1.6142516071716544,0.06607845712648852,0.020934194893506036,0.0087464687379174
17.44,2.8159981688236573,1.5134950791375772,1.6141131602553984,0.06607845712648852,8.01499457349919e-05,0.008746459004088901
17.45,2.815969987416928,1.5141452070143506,1.6141204271168985,0.05241902248070174,0.0019679982353213244,0.00875147041115138
17.46,2.815947458105892,1.5146651633218902,1.614088948791583,0.04732564368401969,-0.005737898554788697,0.008756497959570078
17.46,2.8159474555317083,1.5146651632103154,1.614100486582452,0.04732564368401969,-0.003999978954375764,0.00875648822574158
17.47,2.8159266831181173,1.5151444696432494,1.614072919563466,0.05616333312410915,-0.00036968192276681756,0.008761499632804058
17.48,2.8159026240223897,1.5157001071710599,1.61405982168031,0.04871894462324879,-0.0017857496476450874,0.008766527181222757
17.48,2.815902624647398,1.5157001071981315,1.6140569007688206,0.04871894462324879,-0.002225722029363434,0.008766517447394259
17.490000000000002,2.8158812811920964,1.516193115798827,1.6140428464932786,0.057258913906082065,0.00016949035264421982,0.008771528854456739
17.5,2.8158568351902895,1.5167579291925257,1.6140654757021184,0.04740548073500868,0.0033227923962193357,0.008776556402875436
17.5,2.8158568362150835,1.5167579292368796,1.6140607587377376,0.04740548073500868,0.002612283344252548,0.008776546669046937
17.51,2.815836402689683,1.517229942374273,1.6140846803601239,0.04523057369607399,0.001969542458257147,0.008781558076109417
17.52,2.8158168217535886,1.5176819257679905,1.6141209876910525,0.04536871957676032,0.004471768228075023,0.008786585624528115
17.52,2.815816812748175,1.5176819253780105,1.614169508564025,0.04536871957676032,0.011780392307529194,0.008786575890699616
17.53,2.815797071578122,1.5181367154266339,1.614299485739078,0.047450508794037685,0.015334911416024753,0.008791587297762096
17.54,2.8157764137908607,1.51861165402333,1.6143638575997896,0.04865049317648798,0.0019324052936479704,0.008796614846180793
17.54,2.8157764050970053,1.5186116536453613,1.614410608385508,0.04865049317648798,0.008974403866695707,0.008796605112352295
17.55,2.815755296555176,1.5190954816723963,1.6144754919050999,0.04563658110170882,0.0017152762101768134,0.008801616519414775
17.56,2.815735292061449,1.519553541990775,1.6144066116973521,0.048534187500400214,-0.011243737025743716,0.008806644067833472
17.56,2.815735270780077,1.5195535410615064,1.6145218258558922,0.048534187500400214,0.006110793546606961,0.008806634334004974
17.57,2.81571414414069,1.5200367731302535,1.6145216427597706,0.04629318387803072,-0.011785832873259454,0.008811645741067454
17.580000000000002,2.815694080916591,1.520494960836469,1.6144898090485325,0.04043972620068005,0.0011719222603117953,0.008816673289486153
17.580000000000002,2.8156940848832632,1.520494961009989,1.6144684987610884,0.04043972620068005,-0.002038013390310121,0.008816663555657654
17.59,2.8156765807453623,1.5208956660129682,1.6144199654771083,0.03593907323966471,-0.010258570238823808,0.008821674962720133
17.6,2.8156609305363647,1.5212540098818286,1.614370187409422,0.03498013651078871,-0.002304237867673694,0.008826702511138831
17.6,2.8156609272958604,1.5212540097402958,1.6143915536392062,0.03498013651078871,0.000914124291130909,0.008826692777310333
17.61,2.81564555936061,1.5216061907127811,1.61442458479104,0.038671283003402036,0.007889839401764232,0.008831704184372811
17.62,2.8156287402626394,1.5219913727569443,1.6145275304951952,0.037088967185175924,0.011512048549102866,0.00883673173279151
17.62,2.815628742945503,1.5219913728740517,1.6145095930118232,0.037088967185175924,0.008810153161275088,0.008836721998963012
17.63,2.815612577800838,1.522360843380342,1.6146173207238506,0.035639967239456075,0.014540884229648943,0.00884173340602549
17.64,2.815597057680502,1.5227147456165027,1.6147753736660788,0.03270678047399195,0.01644544545376446,0.008846760954444189
17.64,2.8155970696410346,1.5227147461403703,1.6146921825580836,0.03270678047399195,0.003914497475280181,0.00884675122061569
17.650000000000002,2.8155825481751386,1.5230452732359778,1.614749358841483,0.03784377007279162,0.009179535219836926,0.00885176262767817
17.66,2.8155660527286237,1.523420086302164,1.6149147599596623,0.03340877755895143,0.020266657950265214,0.008856790176096868
17.66,2.815566065529406,1.5234200868647552,1.6148260759168913,0.03340877755895143,0.006908317698920724,0.00885678044226837
17.67,2.8155512529942346,1.5237563411936024,1.614883547507134,0.036797947869423094,0.003517801586519067,0.00886179184933085
17.68,2.815535168656319,1.5241206998833121,1.6149912166777913,0.03235735790797672,0.014437032156851593,0.008866819397749547
17.68,2.8155351724140525,1.5241207000489716,1.6149648368326972,0.03235735790797672,0.010463476875285246,0.008866809663921048
17.69,2.815520595690388,1.5244506839866934,1.6150285379523188,0.041510830532379944,-0.0014889117128931532,0.008871821070983528
17.7,2.815502673402458,1.5248555925506508,1.6150172364156954,0.028181647813149295,-0.0009485200079732711,0.008876848619402225
17.7,2.815502669977179,1.5248555923991483,1.6150395953009566,0.028181647813149295,0.002419364310654034,0.008876838885573727
17.71,2.815490306086535,1.5251349586279586,1.6150392897228287,0.02522194606979256,-0.004734266467796423,0.008881850292636207
17.72,2.815479140797187,1.5253869508764841,1.6150758655401267,0.02524916996552816,0.00790624472883917,0.008886877841054904
17.72,2.8154791408542397,1.5253869508790097,1.6150753398532878,0.02524916996552816,0.00782706133301757,0.008886868107226406
17.73,2.8154677003128326,1.5256452361070703,1.6151290746991098,0.03347075733261361,0.0006627592541819062,0.008891879514288886
17.740000000000002,2.815452883013822,1.5259792535132213,1.6151330801203647,0.03297900137515046,0.00026778564727123876,0.008896907062707585
17.740000000000002,2.815452870892862,1.5259792529757559,1.6152324128176938,0.03297900137515046,0.015230116271197611,0.008896897328879086
17.75,2.815438530691076,1.5263018819485465,1.6153533519730616,0.02367549884612861,0.006072591676171224,0.008901908735941565
17.76,2.815428190460288,1.5265337792599836,1.6154205790280942,0.017383983617351034,0.007051848082716628,0.008906936284360263
17.76,2.8154281918472175,1.5265337793217293,1.6154075308553266,0.017383983617351034,0.005086421992064457,0.008906926550531765
17.77,2.815420203279444,1.5267127316534346,1.6154584970538828,0.024577577348534992,0.005116199163304847,0.008911937957594243
17.78,2.815409420300004,1.526953933855104,1.6155444920513093,0.018686609265901894,0.010363040971909914,0.008916965506012942
17.78,2.8154094178148488,1.5269539337441131,1.6155717617639846,0.018686609265901894,0.014470635631456329,0.008916955772184444
17.79,2.8154010306170503,1.5271412857892357,1.6156518532622506,0.019602470356696163,-0.004396528873950355,0.008921967179246922
17.8,2.815392115041208,1.5273399318045557,1.6155981998879785,0.023438468841948175,-0.005855830219327938,0.008926994727665621
17.8,2.8153921081715683,1.5273399314965241,1.6156860085816802,0.023438468841948175,0.0073706575550559214,0.008926984993837123
17.81,2.8153819009635157,1.5275672648968097,1.615722924157462,0.014162497663651685,-0.003372101400356312,0.008931996400899601
17.82,2.8153757443160066,1.5277041022840723,1.6157606047044188,0.00784120490831993,0.007383005335678272,0.0089370239493183
17.82,2.8153757491055726,1.527704102499268,1.6156900549844857,0.00784120490831993,-0.00324378990342124,0.008937014215489801
17.830000000000002,2.815371910573798,1.5277894955170879,1.6156974506971988,0.017450219979567944,0.008387394136571455,0.008942025622552282
17.84,2.81536387783059,1.527968231657629,1.6158131611569992,0.02345225652598837,0.013182879687081931,0.008947053170970979
17.84,2.8153638829369063,1.5279682318870569,1.6157271312148038,0.02345225652598837,0.00022432250202037915,0.00894704343714248
17.85,2.8153536141089943,1.52819672730533,1.615690352325301,0.015570941114497586,-0.011169909046087612,0.00895205484420496
17.86,2.8153466017352153,1.5283528814039034,1.615539530671311,0.016389539742964105,-0.017062880304478414,0.008957082392623657
17.86,2.815346595602587,1.5283528811283191,1.6156276798423674,0.016389539742964105,-0.003785106952550259,0.008957072658795159
17.87,2.815339501252118,1.5285109605685694,1.6156188701618295,0.008698130824124213,0.004694810516047403,0.00896208406585764
17.88,2.8153352991195146,1.5286045924106602,1.615720079082237,0.017868765858545584,0.012868033225987592,0.008967111614276336
17.88,2.815335302503354,1.5286045925624892,1.6156463797407405,0.017868765858545584,0.00176681536030859,0.008967101880447838
17.89,2.8153274538610416,1.5287795233957437,1.6156385678502168,0.013000025766336673,-0.005673210024959919,0.008972113287510318
17.900000000000002,2.815321920940481,1.5289027486424913,1.6156446024505826,0.0039570955300569175,0.0037812410473673334,0.008977140835929017
17.900000000000002,2.815321920490107,1.528902748622281,1.6156526486334,0.0039570955300569175,0.00499322512521062,0.008977131102100518
17.91,2.8153198416555365,1.5289490440317342,1.6157236692363903,0.013163521639001611,0.011150901755775273,0.008982142509162997
17.92,2.8153141004481035,1.5290767955692546,1.6157841357128286,0.008058340197106655,0.0034624427019938992,0.008987170057581696
17.92,2.8153140987137846,1.5290767954913143,1.6158242187883434,0.008058340197106655,0.009500094395760033,0.008987160323753197
17.93,2.8153104627987395,1.529157479000115,1.61592832827919,0.008305784818149342,0.012159737359548355,0.008992171730815676
17.94,2.8153071102935923,1.5292317159527165,1.616041041507633,-0.0035847960295207707,0.010821532310655014,0.008997199279234374
17.94,2.815307109345946,1.5292317159099698,1.6160691073937639,-0.0035847960295207707,0.01504905334689664,0.008997189545405876
17.95,2.8153085139998315,1.529200711573509,1.6162105741066808,0.002957663559644782,0.012414149983144177,0.009002200952468354
17.96,2.815307333555354,1.5292266991537966,1.6162515199230896,-0.0018858116530237924,-0.00011748718489585155,0.009007228500887053
17.96,2.8153073332171212,1.529226699138455,1.6162976690768813,-0.0018858116530237924,0.00683388850118238,0.009007218767058555
17.97,2.815308156474964,1.5292086166979812,1.6163462724556383,-0.00085662070248931,0.0010712349204076892,0.009012230174121033
17.98,2.81530843060159,1.529202607225594,1.616415395031061,0.0026111825576509633,0.00986947698971519,0.009017257722539732
17.98,2.815308430467487,1.5292026072194784,1.6163754183975672,0.0026111825576509633,0.003847858492993959,0.009017247988711233
17.990000000000002,2.815307339321699,1.5292265294771725,1.616417246637204,-0.00033207653055280714,0.004825938276838098,0.009022259395773714
18.0,2.8153075156399843,1.5292226679764138,1.6164434725685992,-0.0010727653400803717,0.0015070735616505033,0.00902728694419241
18.0,2.815307515735964,1.5292226679807894,1.6163780628108604,-0.0010727653400803717,-0.008345497118844514,0.009027277210363912
18.01,2.815308001054933,1.5292120270990752,1.6162819259783985,-0.0009698251818581391,-0.012048527197478651,0.009032288617426392
18.02,2.8153084633095027,1.5292018736604025,1.616189923341764,-0.001603025988625528,-0.007758231872171932,0.00903731616584509
18.02,2.815308463572344,1.5292018736723736,1.6162669361095012,-0.001603025988625528,0.0038420822653502168,0.009037306432016591
18.03,2.815309152989842,1.529186723708185,1.616313792716398,-0.00042743689226163004,0.006305282430952183,0.009042317839079071
18.04,2.815309228939464,1.5291850581756798,1.6164023228655768,0.0031173505375116034,0.010142892486440161,0.009047345387497768
18.04,2.815309228874551,1.5291850581727249,1.6163811555377878,0.0031173505375116034,0.00695449062764727,0.00904733565366927
18.05,2.8153083516400006,1.5292042916601807,1.6164341224173704,-0.013089874589030097,0.0021138028005143446,0.00905234706073175
18.06,2.8153139473762367,1.5290817248485231,1.61639433502295,-0.0019348312688571272,-0.00706329938478921,0.009057374609150447
18.06,2.815313949758597,1.5290817249573339,1.6164724434962285,-0.0019348312688571272,0.004702059184424266,0.009057364875321949
18.07,2.81531475708765,1.529064061823687,1.6165184266856354,0.0003313727270470167,0.004399143678009347,0.009062376282384429
18.08,2.8153146217618343,1.5290670180863606,1.6165473523115268,-0.0001504498584625579,0.002129803876579244,0.009067403830803126
18.08,2.8153146222328105,1.5290670181078716,1.6166587618915196,-0.0001504498584625579,0.0189112566644743,0.009067394096974627
18.09,2.815314551857634,1.529068551002176,1.6168245131231056,0.003981578933520084,0.012089882062256231,0.009072405504037108
18.1,2.8153130115021696,1.5291019764117046,1.6170164237376676,-0.004658957700806137,0.02278627879453566,0.009077433052455806
18.1,2.81531301185499,1.529101976427963,1.616979530244576,-0.004658957700806137,0.01722906896985337,0.009077423318627308
18.11,2.815315241990723,1.5290537257791454,1.6171653603054381,-0.006987494369125368,0.02118248697241295,0.009082434725689786
18.12,2.8153182825847347,1.5289881637311467,1.617298872137947,-0.0012192206011269174,0.009386315253696629,0.009087462274108485
18.12,2.8153182829204,1.5289881637467135,1.617314433752479,-0.0012192206011269174,0.01173033719137032,0.009087452540279987
18.13,2.815318836146983,1.5289762759783243,1.6174189635827991,-0.0008227811049486492,0.008000536989997913,0.009092463947342465
18.14,2.815319061210739,1.5289714557692327,1.6175247514311109,0.0038032721078365157,0.011884111851794887,0.009097491495761164
18.14,2.81531906080679,1.5289714557504404,1.6174517294886193,0.0038032721078365157,0.0008849295509333194,0.009097481761932666
18.15,2.8153175284547904,1.5290042770368044,1.6174555854085204,-0.0032339174532720148,-0.0005731072207876091,0.009102493168995144
18.16,2.8153188729569623,1.5289754794454355,1.617419610521395,0.0015387940640781807,-0.00512868630291668,0.009107520717413843
18.16,2.8153188731434384,1.5289754794541397,1.617457381638887,0.0015387940640781807,0.0005607187283484015,0.009107510983585344
18.17,2.815318092576833,1.528992196864382,1.6174505735984819,0.003371189617736036,-0.0030644558870037454,0.009112522390647824
18.18,2.8153164223428058,1.5290279601737673,1.6174727710808454,0.006213422840604537,0.004895059086801457,0.009117549939066522
18.18,2.815316422324838,1.5290279601729284,1.6174746324708016,0.006213422840604537,0.005175437378073366,0.009117540205238023
18.19,2.815313778159282,1.5290845682129937,1.6175218021176148,-0.0012164162458107135,0.003836723643765521,0.009122551612300503
18.2,2.8153144223715896,1.5290707797378917,1.6176847801046508,-0.003445386187464193,0.022606648350120138,0.0091275791607192
18.2,2.8153144228867397,1.529070779761935,1.6175621339926978,-0.003445386187464193,0.004132654125459264,0.009127569426890702
18.21,2.815315721933288,1.529043023838492,1.6176077066682943,0.00562024868783661,0.00537250077315184,0.009132580833953182
18.22,2.8153131562742084,1.5290978081840871,1.6175947894616378,0.0037736935478060282,-0.004665712946957,0.00913760838237188
18.22,2.8153131553871478,1.5290978081425255,1.6176736652141865,0.0037736935478060282,0.007215219712432211,0.00913759864854338
18.23,2.8153114647880133,1.5291338538773416,1.6177266238513475,0.001528104437032285,0.0016108113114628123,0.00914261005560586
18.24,2.8153109188655305,1.5291454737748715,1.6177632033934235,-0.0034323978127351502,0.004694391005770557,0.009147637604024558
18.24,2.8153109186669605,1.5291454737655532,1.61778557594257,-0.0034323978127351502,0.008064333494307243,0.00914762787019606
18.25,2.815312378022331,1.5291144351623014,1.6178451878779092,0.000987986812685449,0.0019232865572272563,0.00915263927725854
18.26,2.8153117716270675,1.5291273145531274,1.6178601801915142,0.005085728466026025,0.0012845387705444989,0.009157666825677238
18.26,2.8153117716255904,1.5291273145530593,1.6178387210595184,0.005085728466026025,-0.0019478171047944215,0.00915765709184874
18.27,2.8153093631534065,1.5291784832003334,1.6177994889955967,0.005586103540244292,-0.007715839471972311,0.009162668498911218
18.28,2.8153069818658887,1.529229082034308,1.6177862847795752,-0.0014925762575796128,0.001917479588056525,0.009167696047329917
18.28,2.815306980441405,1.529229081967288,1.6178597171134272,-0.0014925762575796128,0.012978478505051301,0.009167686313501419
18.29,2.815307771433618,1.5292122881923735,1.6179652104388456,-0.004057758972658067,0.005885512911674899,0.009172697720563897
18.3,2.815309575159244,1.5291740590886507,1.6179378121556998,-0.0009224311323007871,-0.007106705224064956,0.009177725268982596
18.3,2.8153095758992324,1.529174059123592,1.6180126862127315,-0.0009224311323007871,0.004171458226486585,0.009177715535154098
18.31,2.8153097581255433,1.529170207909654,1.6180845860627375,0.006377316992309502,0.012985381669367677,0.009182726942216576
18.32,2.8153070815873575,1.529226761225438,1.6182282478426988,-0.0033531889411879583,0.015065253828364749,0.009187754490635275
18.32,2.815307083348805,1.5292267613088173,1.6181051290080835,-0.0033531889411879583,-0.0034799458800790217,0.009187744756806776
18.33,2.8153085970070517,1.529194787308662,1.6180539602929986,-0.0012836706147605031,-0.008259673956112367,0.009192756163869255
18.34,2.815308957794076,1.5291871641146044,1.61802524811193,0.005793351834548172,-0.00014312621938292192,0.009197783712287954
18.34,2.8153089579550947,1.529187164122223,1.6180560704463445,0.005793351834548172,0.0044995943601701316,0.009197773978459455
18.35,2.815306370963029,1.5292418633846512,1.6181007305342465,0.0014789826971147169,0.00440152644009159,0.009202785385521935
18.36,2.8153056382670623,1.529257339594617,1.6181511598953227,0.002435801890137279,0.005367671905655615,0.009207812933940632
18.36,2.8153056381256256,1.5292573395879252,1.618166655953055,0.002435801890137279,0.0077018191239589355,0.009207803200112134
18.37,2.8153046042052163,1.5292791504530052,1.618239721526349,-0.0009941700743084855,0.006547677564976855,0.009212814607174614
18.38,2.8153049251272524,1.529272393250284,1.6182140264237201,0.0033253210522552782,-0.0071854015025405935,0.009217842155593311
18.38,2.8153049250289155,1.5292723932456531,1.6183267674367663,0.0033253210522552782,0.009796602987707927,0.009217832421764813
18.39,2.8153035626848193,1.5293010324002605,1.6184289464696446,-0.0029042121134515994,0.01102677547575285,0.009222843828827293
18.4,2.8153050524274312,1.5292697753034314,1.6184820840260532,-0.005964076991195803,0.002421342025429799,0.00922787137724599
18.4,2.8153050524460057,1.5292697753043187,1.618486809479106,-0.005964076991195803,0.0031331297129324814,0.009227861643417492
18.41,2.81530770869052,1.5292141182082208,1.6185141652353796,-0.0006337525951868811,0.0019722947967654365,0.009232873050479972
18.42,2.815307869421307,1.529210747580404,1.6185046256529434,0.0033950240529885545,-0.002435474916199412,0.00923790059889867
18.42,2.8153078700754435,1.5292107476116288,1.6185855959791573,0.0033950240529885545,0.009760960136031305,0.009237890865070172
18.43,2.815306322559754,1.5292430949074505,1.6187293071728053,0.0012658600279173492,0.02322235820950841,0.00924290227213265
18.44,2.8153058837281306,1.5292522407381037,1.6189739563603598,-0.003496019835957965,0.025094007949084125,0.00924792982055135
18.44,2.815305884282109,1.5292522407646492,1.6188793401001127,-0.003496019835957965,0.01084210695091276,0.009247920086722851
18.45,2.815307901543707,1.5292103146270253,1.6189747372013898,-0.013033302244744326,0.007039183620789476,0.00925293149378533
18.46,2.815313754028798,1.5290889196593356,1.6190251287394974,-0.0010722550329683288,0.004026569639692896,0.009257959042204028
18.46,2.8153137523666287,1.5290889195792003,1.618979172515576,-0.0010722550329683288,-0.0028957453182988932,0.00925794930837553
18.47,2.8153140665705294,1.5290824284777595,1.6190141425486797,0.004670759830644869,0.015770710611687222,0.009262960715438008
18.48,2.8153119193953597,1.5291269214079501,1.6191933687834097,0.001729958818544613,0.01901210368470334,0.009267988263856707
18.48,2.815311920328224,1.529126921452992,1.6190625308206585,0.001729958818544613,-0.0006958163605479337,0.009267978530028208
18.49,2.8153111585930874,1.5291426956960374,1.619032551425946,-0.0003190055032504368,-0.007417882577690892,0.009272989937090687
18.5,2.815311306991113,1.529139619212835,1.6190269521090828,-0.00016944949869316913,0.002912142821623746,0.009278017485509386
18.5,2.815311306882637,1.5291396192075946,1.6190918420980176,-0.00016944949869316913,0.012686421530759762,0.009278007751680887
18.51,2.815311436146273,1.5291369446900538,1.6191934456908772,-0.0015061955720499795,0.005310466005524359,0.009283019158743367
18.52,2.8153122867918072,1.5291193771780167,1.619190020082036,-0.004940895626668851,-0.00320460099888823,0.009288046707162064
18.52,2.815312287179408,1.5291193771967906,1.6192909574145473,-0.004940895626668851,0.011999433341657574,0.009288036973333566
18.53,2.8153144839327555,1.5290741032451791,1.6193854609689189,0.0006089006357920361,0.00455627342237447,0.009293048380396046
18.54,2.8153141491201743,1.5290809865564616,1.6194050432968077,0.0016999533406606903,0.0006428849835256557,0.009298075928814743
18.54,2.8153141492850864,1.5290809865644575,1.619447737810723,0.0016999533406606903,0.007073893606103076,0.009298066194986245
18.55,2.81531364767602,1.5290912906606293,1.6194941928105213,-0.007387000272850942,-1.687520690089525e-05,0.009303077602048725
18.56,2.815317134549224,1.5290197300258697,1.6194516832947528,-0.004362472235171262,-0.006394598981426255,0.009308105150467422
18.56,2.8153171368397367,1.5290197301374986,1.6195826654378727,-0.004362472235171262,0.013335038729877065,0.009308095416638924
18.57,2.815319007283272,1.5289814083816964,1.619689298117657,0.0027857520670313283,0.005533622800034289,0.009313106823701404
18.58,2.8153177406455088,1.5290072945976576,1.6196985742715646,0.0001475494710607853,-0.0014043349486653096,0.0093181343721201
18.58,2.8153177405702188,1.5290072945939033,1.6197838365987232,0.0001475494710607853,0.011438597570147152,0.009318124638291602
18.59,2.8153177788525934,1.5290065130407509,1.6199181494918893,-0.002922551061236208,0.017257142116128985,0.009323136045354083
18.6,2.815319173822652,1.5289781207587223,1.6199742806032837,-0.001836206249274159,-0.00028208171981900995,0.009328163593772781
18.6,2.8153191742780033,1.5289781207811053,1.6200374649138631,-0.001836206249274159,0.009235273295718582,0.009328153859944283
18.61,2.8153200556378777,1.5289602409834617,1.6201515387256198,-0.0012100057902647158,0.015577702565376307,0.009333165267006761
18.62,2.8153205866004005,1.5289494753136776,1.620162965316936,0.0005865215489404192,-0.006165580183760178,0.00933819281542546
18.62,2.815320586749376,1.5289494753210262,1.6201891780790343,0.0005865215489404192,-0.002217192355515256,0.009338183081596962
18.63,2.815320033635128,1.5289606648028962,1.6201785963817905,0.00784431053549944,0.0011670866334972832,0.00934319448865944
18.64,2.8153165800582367,1.5290305797447532,1.6201011790207684,-0.0036352197789344363,-0.012252135317112582,0.009348222037078139
18.64,2.8153165766050883,1.5290305795740795,1.6202737960223699,-0.0036352197789344363,0.013748896757080983,0.00934821230324964
18.65,2.815318350680671,1.528994748653224,1.6203807896205153,-0.0029861373690261484,0.004844425417583899,0.009353223710312119
18.66,2.8153197072903224,1.5289674150957913,1.620446309258386,0.00040509769116480257,0.0074164640638746835,0.009358251258730818
18.66,2.8153197074335377,1.5289674151028985,1.6204617621271515,0.00040509769116480257,0.00974410579488393,0.00935824152490232
18.67,2.815319269824325,1.52897621993261,1.6205675293273332,0.0068835167264476365,0.012175291128213287,0.0093632529319648
18.68,2.815316085698995,1.5290401400615985,1.6206937982561116,0.0003084809351760476,0.012855531861644877,0.009368280480383497
18.68,2.8153160866081586,1.5290401401068932,1.6206403400188116,0.0003084809351760476,0.0048032002270292275,0.009368270746554998
18.69,2.8153158578196558,1.5290447263093065,1.6206899390184204,0.002357625260366314,0.005260754378785107,0.009373282153617478
18.7,2.815314667467111,1.5290685720696788,1.620694765593962,0.002764436422183978,-0.0019364189956913363,0.009378309702036175
18.7,2.8153146673549716,1.5290685720640822,1.6207086931041732,0.002764436422183978,0.0001614603345731474,0.009378299968207677
18.71,2.815313553262568,1.5290908764879798,1.6207027520319959,-0.004458279799189653,-0.002044753179583759,0.009383311375270157
18.72,2.81531574379887,1.5290470215589371,1.6206919716849517,-0.003542961101309488,-0.0005886000865591439,0.009388338923688854
18.72,2.8153157441580636,1.5290470215768788,1.6207384433571155,-0.003542961101309488,0.006411356043274618,0.009388329189860356
18.73,2.8153176501258503,1.5290088878549113,1.6207973790768575,-0.0072843652442130796,0.004899456535292012,0.009393340596922836
18.74,2.8153212930581324,1.5289360825608342,1.620827004667596,-0.007356053129029938,0.0019819378348267663,0.009398368145341533
18.74,2.8153212919043926,1.5289360825031122,1.6207767286371855,-0.007356053129029938,-0.0055910628959408145,0.009398358411513034
18.75,2.8153248701217777,1.5288645804718823,1.6207607655373062,-0.004678844090935559,0.006073384345804255,0.009403369818575515
18.76,2.8153270870829847,1.5288202062081342,1.620728883635761,-0.001471626082581068,-0.007877182134092761,0.009408397366994213
18.76,2.815327089358912,1.5288202063219627,1.6208335960426146,-0.001471626082581068,0.007895485818119167,0.009408387633165715
18.77,2.8153275454531075,1.5288110907010242,1.620882693936731,0.0061278574739559825,-0.0008225748517944054,0.009413399040228193
18.78,2.8153246757561714,1.528868365118494,1.620758303505217,0.000781237168245321,-0.018320281453346982,0.009418426588646892
18.78,2.8153246746877465,1.5288683650649064,1.620848052844725,0.000781237168245321,-0.004801477201536775,0.009418416854818394
18.79,2.8153244535243327,1.5288727747986135,1.6208344604100513,-0.0038376708248335665,0.005249646036974505,0.009423428261880872
18.8,2.815326215599962,1.5288375796259785,1.620823677517442,0.00042821120996695133,-0.0042820250682563225,0.009428455810299571
18.8,2.815326216153534,1.5288375796536942,1.6208949044481151,0.00042821120996695133,0.006446777377594172,0.009428446076471073
18.81,2.815325711541354,1.5288476439372847,1.6209542001751867,0.008307210498349638,0.004936569680020369,0.009433457483533551
18.82,2.815321845751647,1.5289246414306354,1.621027112126568,0.00017964486943722324,0.008483305603545818,0.00943848503195225
18.82,2.815321846496427,1.5289246414680262,1.620991322174126,0.00017964486943722324,0.0030923204007698123,0.009438475298123751
18.83,2.815321617997378,1.5289291871870014,1.6210380300017162,0.003925531999209299,0.007701339112340137,0.00944348670518623
18.84,2.8153200798397435,1.5289597666196424,1.6211532712139067,-0.007818193547569092,0.01345953669698809,0.009448514253604929
18.84,2.815320080473108,1.5289597666514814,1.621101788203715,-0.007818193547569092,0.005704730467885564,0.00944850451977643
18.85,2.8153237073436252,1.5288877270409096,1.6211511090975501,0.00040924745350780743,0.0034486632283980876,0.00945351592683891
18.86,2.8153237369291135,1.5288871392538177,1.6211820436860582,-0.0059553470681767,0.0029136243661379846,0.009458543475257607
18.86,2.815323736838874,1.5288871392492736,1.6211660802505699,-0.0059553470681767,0.0005090767590146461,0.009458533741429109
18.87,2.8153265527715017,1.5288312761280327,1.6211609718090847,-0.0010341494958292282,-0.0024690332493998565,0.009463545148491589
18.88,2.8153272358577306,1.528817736085859,1.6211975208088283,-0.0054065116437906555,0.006755352685581238,0.009468572696910286
18.88,2.815327235755854,1.5288177360807236,1.6211865240787142,-0.0054065116437906555,0.005098932230168756,0.009468562963081788
18.89,2.8153297916252096,1.5287670454352311,1.621213322295858,-0.0009059191632811939,-0.001964730437646143,0.009473574370144268
18.9,2.8153302367964734,1.5287582070203893,1.62110092021185,-0.0006209706340442366,-0.01593623948863282,0.009478601918562965
18.9,2.8153302385390937,1.5287582071082824,1.621300140456676,-0.0006209706340442366,0.014071997982124242,0.009478592184734467
18.91,2.815330769067931,1.5287477083299494,1.6214200279702917,-0.006470880948571731,0.007989038445803131,0.009483603591796947
18.92,2.8153341965255763,1.5286800366547637,1.6214314491821542,-0.01061732235832376,-0.002324367164514783,0.009488631140215645
18.92,2.8153341984044915,1.5286800367499334,1.6215357866906241,-0.01061732235832376,0.01339183042378477,0.009488621406387147
18.93,2.815339565378319,1.5285743596461008,1.6216770681027244,-0.010127948693315526,0.015541815295735877,0.009493632813449625
18.94,2.8153443242510545,1.528480916952519,1.621839048496327,0.00036279828259173225,0.01653027545847858,0.009498660361868324
18.94,2.815344322661141,1.5284809168716371,1.6217976763992568,0.00036279828259173225,0.010298460440718565,0.009498650628039826
18.95,2.815344389203036,1.5284796058425434,1.6218765267325184,-0.006354892523426596,0.0032513929755159827,0.009503662035102304
18.96,2.815347732392278,1.528414213203956,1.621910235812592,-0.008977844112698592,0.0034314166201982518,0.009508689583521003
18.96,2.8153477326433443,1.5284142132167795,1.6219229587421176,-0.008977844112698592,0.005347851824136839,0.009508679849692505
18.97,2.815351760375341,1.52833551792356,1.621993755262809,0.005951459897417485,0.01040460828851221,0.009513691256754983
18.98,2.815349043119534,1.5283885472998608,1.6220682700844211,-0.0027716698139031194,0.005956360060198385,0.009518718805173682
18.98,2.815349042972328,1.5283885472922818,1.622104818075585,-0.0027716698139031194,0.01146152746367825,0.009518709071345183
18.99,2.815350450500613,1.5283611412581117,1.6222330238461884,-0.0023983827630848476,0.015429873612800443,0.009523720478407662
19.0,2.8153515896037877,1.52833901869424,1.622407210100272,9.246256815165655e-05,0.018425499695050293,0.00952874802682636
19.0,2.8153515894487233,1.5283390186862635,1.6223890054029368,9.246256815165655e-05,0.015683354281105354,0.009528738292997862
19.01,2.8153513525763842,1.528343605528573,1.622527320089266,0.005080156812198566,0.010275955391042414,0.009533749700060342
19.02,2.815349009331932,1.5283888873982705,1.6225170259973394,-0.0023423979349837653,-0.006753140493149002,0.00953877724847904
19.02,2.8153490089318325,1.5283888873775453,1.6225499034293052,-0.0023423979349837653,-0.0018008637467668582,0.009538767514650541
19.03,2.815350177854238,1.5283663212500327,1.6225316540488814,-0.001217144023114873,-0.0018711592963330283,0.009543778921713021
19.04,2.815350874955077,1.5283528513061742,1.622420110556053,-0.003007182138873292,-0.015854284848912294,0.009548806470131718
19.04,2.815350875439554,1.5283528513312634,1.6225342873761197,-0.003007182138873292,0.0013439930330159285,0.00954879673630322
19.05,2.815352181762095,1.5283276400609676,1.6226044076840913,0.003555548717857601,0.017894335190909952,0.0095538081433657
19.06,2.815350641384427,1.5283573568489892,1.6226760996229128,-0.004328874439564583,0.001739220655141066,0.009558835691784397
19.06,2.815350641693324,1.5283573568650204,1.6226206377214072,-0.004328874439564583,-0.006614919820964472,0.009558825957955899
19.07,2.8153528306627162,1.5283151523552287,1.6225404214744277,-0.002931811026300789,-0.0107224166299149,0.009563837365018379
19.08,2.8153544112568634,1.528284632827935,1.6224306558010684,-0.004620947045113894,-0.011105239909039208,0.009568864913437076
19.08,2.815354412842427,1.5282846329100928,1.622570938892035,-0.004620947045113894,0.010025385196562049,0.009568855179608577
19.09,2.8153567577358567,1.5282393658994309,1.622632625840294,-0.0034220414627136406,-0.0012359274282982523,0.009573866586671058
19.1,2.815358346920884,1.5282087625671545,1.622715002112944,0.0014399102621998503,0.013033941538885778,0.009578894135089756
19.1,2.815358347663831,1.528208762605682,1.6227660085494662,0.0014399102621998503,0.020716962212986557,0.009578884401261258
19.11,2.815357323143436,1.5282284596520581,1.6229879513811476,0.008679536476934435,0.025030653882399532,0.009583895808323736
19.12,2.81535309889778,1.5283093623615596,1.6231421957950216,0.0008173503471579323,0.010560964519430008,0.009588923356742435
19.12,2.8153530993634766,1.528309362385892,1.6231211167954602,0.0008173503471579323,0.007385867404994535,0.009588913622913937
19.13,2.815353177835867,1.5283078575479783,1.6232148778629456,-0.012344721105517134,0.013197251076500395,0.009593925029976415
19.14,2.815359315777845,1.5281907757408648,1.623171499623179,-0.003908515621365856,-0.013215561372504693,0.009598952578395114
19.14,2.8153593161157904,1.5281907757586024,1.6231834119941342,-0.003908515621365856,-0.011421219352807264,0.009598942844566615
19.15,2.815361594951148,1.528147343306615,1.6231227732561293,-0.009900606412727235,0.004221919532022335,0.009603954251629094
19.16,2.8153665235419556,1.5280532422126523,1.6231692322158717,-0.0034068653701829887,0.0048605486919811045,0.009608981800047793
19.16,2.8153665245788164,1.5280532422669755,1.6232015503556156,-0.0034068653701829887,0.009728580115668649,0.009608972066219294
19.17,2.8153681438214266,1.528022355096002,1.6232645829380843,0.0008612119364427434,-0.0002731614550025869,0.009613983473281774
19.18,2.8153677340386047,1.52803016003082,1.6232856948939005,-0.00022167132225765795,0.0033183586855664955,0.009619011021700472
19.18,2.8153677339276406,1.5280301600250077,1.6232612243281768,-0.00022167132225765795,-0.00036760479632120873,0.009619001287871973
19.19,2.8153679631726516,1.5280257960834265,1.6232876063138528,-0.003149361517911415,0.008409167025348479,0.009624012694934453
19.2,2.8153695897590048,1.5279948441165085,1.6234155777569408,-0.002470974087367521,0.015018709366446548,0.00962904024335315
19.2,2.8153695890881023,1.5279948440812658,1.6233385512436187,-0.002470974087367521,0.003416324752692622,0.009629030509524652
19.21,2.8153707172399383,1.5279733866078236,1.6233486197620823,0.0019107208789326102,-0.003619196653340845,0.009634041916587132
19.22,2.815370124042863,1.5279846626220166,1.623355329736777,-0.008715871341891335,0.0028430564246968723,0.009639069465005829
19.22,2.8153701239783158,1.5279846626186175,1.623399256447762,-0.008715871341891335,0.00945966898682584,0.00963905973117733
19.23,2.815374189139075,1.5279074449352836,1.623479218166131,0.004655196718262812,0.00518634202850077,0.00964407113823981
19.24,2.81537191055358,1.5279506559807705,1.623523301750883,0.00019429345827915064,0.0040144774302899675,0.009649098686658508
19.24,2.815371910485471,1.5279506559771638,1.6235449273212734,0.00019429345827915064,0.007271903663662696,0.00964908895283001
19.25,2.8153718495049613,1.5279518098212796,1.6236453788880467,-0.0008764149184129577,0.015369641924507696,0.00965410035989249
19.26,2.8153722572744204,1.5279441023086666,1.6238267064954408,0.0005455997651894686,0.019531685075795398,0.009659127908311188
19.26,2.815372257113669,1.527944102300163,1.623732952239179,0.0005455997651894686,0.005409626405210574,0.00965911817448269
19.27,2.815372265937077,1.5279439353860196,1.6237764448516299,-0.007099987303836279,0.00231342152045735,0.009664129581545168
19.28,2.815375831082401,1.5278766715684764,1.6236953845408302,-0.0021485793344235456,-0.013381238840104191,0.009669157129963867
19.28,2.8153758324328764,1.5278766716400918,1.6237716523166645,-0.0021485793344235456,-0.0018931416810991173,0.009669147396135369
19.29,2.81537689446047,1.527856636197967,1.623730363035363,-0.00021483367339248868,-0.008421508686302953,0.009674158803197847
19.3,2.8153773166177287,1.5278486727525444,1.6236921748343367,-0.008136630583483129,-0.0014885500332660478,0.009679186351616546
19.3,2.81537731682481,1.5278486727635243,1.6237378527077626,-0.008136630583483129,0.005391837419920744,0.009679176617788048
19.31,2.815381287938791,1.5277737427986489,1.6238061913450113,0.00047165291219406283,0.009602470753795358,0.009684188024850526
19.32,2.81538111376681,1.5277770298963154,1.623934889350217,-0.0014656238089855627,0.014523999066476728,0.009689215573269225
19.32,2.8153811132890443,1.5277770298710023,1.623871443659144,-0.0014656238089855627,0.004967272711270185,0.009689205839440726
19.33,2.815381564312999,1.527768539413451,1.6239142134968552,0.006901488824916579,0.0029516689657691055,0.009694217246503205
19.34,2.815378259026221,1.5278306858993276,1.6240131233645811,-0.0023178046072537878,0.01340425609184824,0.009699244794921904
19.34,2.8153782603675586,1.5278306859706619,1.6239255976968952,-0.0023178046072537878,0.00022040008864030597,0.009699235061093405
19.35,2.8153791996292346,1.5278130225895021,1.623905307451013,0.005146355401641862,-0.006347789752274174,0.009704246468155885
19.36,2.815376520813223,1.5278633997425053,1.6239082171363124,0.003765986553864916,0.003652069208734429,0.009709274016574582
19.36,2.8153765208339188,1.5278633997436055,1.6239065364600345,0.003765986553864916,0.0033989115394081415,0.009709264282746084
19.37,2.815374737231744,1.527896942367666,1.6239640320344118,-0.001767647220712419,0.01026266148749072,0.009714275689808564
19.38,2.815375681919824,1.527879190904689,1.6240776951963551,-0.0019037631185920658,0.011925079509207388,0.009719303238227261
19.38,2.8153756819297997,1.5278791909052147,1.624060444346788,-0.0019037631185920658,0.009326610709862463,0.009719293504398763
19.39,2.815376548487386,1.527862941646874,1.6241830941582847,0.0018560922241674814,0.017906482296626284,0.009724304911461243
19.4,2.8153757589642017,1.5278777144736004,1.624385273172301,-0.0032657791110035465,0.021388137158448003,0.00972933245987994
19.4,2.815375759222034,1.527877714487396,1.6242948718863863,-0.0032657791110035465,0.007771131227339436,0.009729322726051442
19.41,2.815377409876221,1.5278468872767348,1.6243602616740458,-0.0008368488069489134,0.00417331736731389,0.009734334133113922
19.42,2.8153780652727365,1.5278346636321332,1.6244102421868643,-0.006102438452494983,0.005415601311876893,0.00973936168153262
19.42,2.8153780649751625,1.5278346636161895,1.6243525823051752,-0.006102438452494983,-0.003269617521036869,0.009739351947704122
19.43,2.815381279344444,1.5277747264381816,1.6243685108532893,-0.004741310521764585,0.010928520209195722,0.0097443633547666
19.44,2.8153835463080323,1.5277324676168789,1.6245251166923877,0.002184167855397467,0.01805635460069315,0.0097493909031853
19.44,2.8153835458890204,1.5277324675944126,1.6245028357768723,0.002184167855397467,0.014700214744331449,0.0097493811693568
19.45,2.8153826678050704,1.5277488002227488,1.6246666415491846,-0.0052742184694837425,0.019606775932705236,0.00975439257641928
19.46,2.815385249402806,1.5277009370545258,1.624911282977871,0.0012650105395533452,0.02692335265024275,0.009759420124837978
19.46,2.8153852463789146,1.5277009368915206,1.6246809705602756,0.0012650105395533452,-0.0077682507342419875,0.00975941039100948
19.47,2.815384945466055,1.5277065155994598,1.6245922496329523,-0.008338686927622574,-0.010991405469112713,0.009764421798071958
19.48,2.8153892304548207,1.527626962348575,1.6245402720732767,-0.0032830479750699543,-0.002264520798502829,0.009769449346490657
19.48,2.8153892309921744,1.5276269623775094,1.6245655089924242,-0.0032830479750699543,0.0015368773147992855,0.009769439612662158
19.49,2.8153906469732632,1.527600639455948,1.624547051860635,0.005513298999339274,-0.00834009111425629,0.009774451019724637
19.5,2.8153879655753955,1.527650479991286,1.6244470035477991,-0.0015846602361126432,-0.010847663493365092,0.009779478568143336
19.5,2.8153879650295854,1.52765047996193,1.6245109135451603,-0.0015846602361126432,-0.001220999399823123,0.009779468834314837
19.51,2.815388453797439,1.52764139094617,1.6245338468563342,0.007585530665020978,0.009040642271647584,0.009784480241377317
19.52,2.815384870577631,1.52770798740425,1.6246795095287518,-0.004872418051993127,0.017363805734388203,0.009789507789796014
19.52,2.815384871594576,1.5277079874589525,1.6246247816346362,-0.004872418051993127,0.009120227656611309,0.009789498055967516
19.53,2.815387436392532,1.5276603853116562,1.6247129567456915,-0.0034407085528331376,0.008236312851169986,0.009794509463029996
19.54,2.8153891353149283,1.527628900489272,1.6247701412558406,0.00047030959559320445,0.004443696494983976,0.009799537011448693
19.54,2.815389135699591,1.5276289005100285,1.6248026692150082,0.00047030959559320445,0.009343332694051734,0.009799527277620195
19.55,2.8153892508248948,1.5276267688459466,1.6248733156474198,-0.008826890775220139,0.002689691401222609,0.009804538684682675
19.56,2.8153936759520244,1.5275449857316008,1.6248225777107785,-0.00017104826853131527,-0.009004326124224093,0.009809566233101372
19.56,2.8153936789495493,1.5275449858938341,1.6249517219926142,-0.00017104826853131527,0.010448477383285477,0.009809556499272874
19.57,2.8153937910261635,1.5275429233070272,1.625083195624587,-0.0006539286098491339,0.01832906772610713,0.009814567906335354
19.58,2.8153942281977464,1.5275348738846426,1.6252138585306863,-0.0027233359385118215,0.010401827921955499,0.00981959545475405
19.58,2.815394227969519,1.5275348738722698,1.6251595463113082,-0.0027233359385118215,0.002220862287244118,0.009819585720925552
19.59,2.815395771750747,1.5275065029053978,1.6251761739872794,-0.004327165829603485,0.000591258099225182,0.009824597127988033
19.6,2.8153977908495773,1.5274694227903796,1.6252303599840794,0.004016563529965316,0.007862608088493754,0.009829624676406731
19.6,2.8153977910659327,1.5274694228021544,1.62524557682513,0.004016563529965316,0.010154697329702556,0.009829614942578233
19.61,2.8153956726941183,1.5275082851226915,1.6253710544767637,0.0023229366470197575,0.017142316873273174,0.009834626349640711
19.62,2.815394463504873,1.5275304197337503,1.6255411551207302,0.0008793112089345338,0.016943107012422538,0.00983965389805941
19.62,2.8153944639360446,1.5275304197572939,1.6254907384881696,0.0008793112089345338,0.009348927597201101,0.009839644164230912
19.63,2.8153940975599263,1.527537112690442,1.6255735835220109,-0.0019626019759252118,0.006240870512774369,0.00984465557129339
19.64,2.815395213246561,1.5275167657851862,1.6256445034558673,-0.002984322632929229,0.007522903737271024,0.009849683119712089
19.64,2.815395212981902,1.527516765770652,1.6255626930584621,-0.002984322632929229,-0.004800069939709175,0.00984967338588359
19.65,2.8153967720197612,1.527488323072269,1.625497734003496,-0.0011381274779320588,-0.00975181159678239,0.009854684792946069
19.66,2.8153974404531916,1.5274761118523026,1.6253670440417693,-0.002291430127987492,-0.014748435437599374,0.009859712341364768
19.66,2.8153974416636154,1.527476111918629,1.6255603576856836,-0.002291430127987492,0.014370099869825986,0.00985970260753627
19.67,2.815398743159827,1.5274523645006213,1.6256777918649374,-0.003472644610758753,0.0067003406463532564,0.00986471401459875
19.68,2.8154006410699908,1.5274178125280988,1.625722861535396,-0.0033062386769452164,0.0033964959028813854,0.009869741563017446
19.68,2.815400640504322,1.5274178124970403,1.6256749712994967,-0.0033062386769452164,-0.003817136289238276,0.009869731829188948
19.69,2.8154023574178946,1.5273865496671368,1.6256104197596102,-0.0009234996924307086,-0.011519995261064087,0.009874743236251428
19.7,2.8154030406857884,1.5273740929781061,1.6254616034713536,-0.005329377925455979,-0.016583571926388662,0.009879770784670125
19.7,2.815403041650233,1.5273740930310609,1.6256010773060077,-0.005329377925455979,0.004425156151977035,0.009879761050841627
19.71,2.815405771352409,1.5273243372917367,1.6256503651355902,-0.0006205658959306656,0.005895717272203904,0.009884772457904107
19.72,2.8154060481951926,1.5273192946040437,1.6257027707078977,0.0009503594153973088,0.00490885983095305,0.009889800006322804
19.72,2.8154060483695513,1.5273192946136116,1.6257254117780542,0.0009503594153973088,0.008319249224064868,0.009889790272494306
19.73,2.8154051609497466,1.5273354348312722,1.6258023170792346,0.010007082183650722,0.006483425829999798,0.009894801679556786
19.74,2.81540027336731,1.5274241921835578,1.6258828160108065,-0.005192600156482964,0.008842971346340569,0.009899829227975483
19.74,2.8154002734553596,1.5274241921884062,1.6258793862225835,-0.005192600156482964,0.008326347648978815,0.009899819494146984
19.75,2.8154028099773605,1.5273781876851078,1.6259487108433137,0.0027636417949610022,0.004256282456922699,0.009904830901209465
19.76,2.815401578009046,1.5274004951934794,1.6260778247032524,-0.004435665394434984,0.01729333110111656,0.009909858449628163
19.76,2.815401578367801,1.527400495213285,1.625995827580697,-0.004435665394434984,0.004942231303451044,0.009909848715799665
19.77,2.815403862105442,1.527359161731266,1.6260339382448015,-0.00041088346121242406,0.0016392952971687373,0.009914860122862143
19.78,2.8154037976188526,1.5273603246151235,1.6260110451687526,0.00675931106446738,-0.004278298515468374,0.009919887671280842
19.78,2.815403798083028,1.5273603246407774,1.6261018946435508,0.00675931106446738,0.009406217414223773,0.009919877937452344
19.79,2.8154001673749027,1.5274259068477587,1.6261933563604312,0.004161699806254889,0.008646898947373591,0.009924889344514822
19.8,2.8153979617851594,1.527465683516786,1.6262687583842554,0.0017425494568087995,0.006979899021843565,0.009929916892933521
19.8,2.8153979630121326,1.5274656835847875,1.6261963703225104,0.0017425494568087995,-0.003923802802201674,0.009929907159105023
19.81,2.815397161383095,1.5274801366183781,1.626165005625591,-0.002268795042409532,-0.0016248356976768584,0.009934918566167501
19.82,2.8153983697802163,1.527458333776521,1.6261353165916033,-0.0011108410296588615,-0.003649384095690628,0.0099399461145862
19.82,2.8153983698921885,1.5274583337827248,1.626184368539229,-0.0011108410296588615,0.0037392349376937513,0.009939936380757701
19.83,2.8153991356066674,1.527444521320677,1.6262010563946292,-0.004816278316174353,-0.002306357448587595,0.00994494778782018
19.84,2.815401809751707,1.5273963060298998,1.626181890189539,-0.004988422891821026,-0.0017193027221017523,0.009949975336238879
19.84,2.815401809986817,1.5273963060429387,1.6261991408605212,-0.004988422891821026,0.000879139177275784,0.00994996560241038
19.85,2.815404491584239,1.5273479510077104,1.6262019474332008,-0.003010254858275377,-0.0008683933528196802,0.00995497700947286
19.86,2.8154061539136626,1.5273179646715114,1.626137905972759,-0.0029148457449717853,-0.009206812045479405,0.009960004557891557
19.86,2.8154061546570546,1.5273179647127406,1.6261905371731407,-0.0029148457449717853,-0.0012790557032316269,0.009959994824063059
19.87,2.815407697275408,1.5272901515078199,1.6261980349337049,-0.001157472189767161,0.004645015589273181,0.009965006231125539
19.88,2.815408248342802,1.5272802251728748,1.6263214618361994,0.0010629980484125584,0.016239903918885128,0.009970033779544236
19.88,2.8154082480737355,1.5272802251579534,1.6262848457083912,0.0010629980484125584,0.010724473198014204,0.009970024045715738
19.89,2.8154079696474392,1.5272852371528192,1.626391132587163,-0.006565067256060133,0.010444785606049887,0.009975035452778218
19.9,2.815411286676947,1.527225627344014,1.62646939096074,0.0015230918161404225,0.006499904350197958,0.009980063001196915
19.9,2.815411287392516,1.5272256273838354,1.6265130508134213,0.0015230918161404225,0.013076320458651085,0.009980053267368416
19.91,2.8154105558710936,1.5272387424589067,1.6266085588216297,-0.001326026617794083,0.002782007202725905,0.009985064674430897
19.92,2.8154112535958884,1.527226252433329,1.6266074481659007,-0.0003052352452615273,-0.001575783590386827,0.009990092222849595
19.92,2.8154112536867237,1.5272262524383984,1.6266334170823304,-0.0003052352452615273,0.0023358741417896208,0.009990082489021097
19.93,2.815411379278089,1.5272240042367444,1.6266285076175024,0.000783373637762329,-0.0059182784420058815,0.009995093896083575
19.94,2.815410889190226,1.5272327721638015,1.6266037525166375,0.0020721675853120963,-0.0007324896955341305,0.010000121444502274
19.94,2.8154108890974814,1.527232772158616,1.6266735333273807,0.0020721675853120963,0.009778485941090737,0.010000111710673776
19.95,2.8154098457942474,1.5272514278422529,1.62674671890495,-0.000697253052453572,0.0025956380445876174,0.010005123117736254
19.96,2.8154100506694397,1.527247770033532,1.626797909867325,0.003801859475271608,0.006396684106287097,0.010010150666154953
19.96,2.8154100506694366,1.5272477700335318,1.6267979165412008,0.003801859475271608,0.006397689381860415,0.010010140932326455
19.97,2.81540810919551,1.527282403764423,1.6268545401793526,-0.0007264870660822842,0.004250581293951438,0.010015152339388933
19.98,2.8154086307187636,1.527273110628494,1.626883141366926,-0.003504127448181365,0.002156149072482368,0.010020179887807632
19.98,2.8154086307553055,1.5272731106305404,1.6268654083821297,-0.003504127448181365,-0.0005149430110479832,0.010020170153979133
19.99,2.8154103433176227,1.527242586003402,1.626805181335633,0.00257172658056073,-0.016597288160548385,0.010025181561041612
