t,X,Y,yaw,P_yaw
0.0,0.0,0.0,0.0,1e-06
0.0,0.0,0.0,0.0,9.97506234413965e-07
0.01,-5.3591229534604e-05,0.0,7.835266017134202e-05,0.00010099750623441398
0.02,-1.6380289283226574e-05,2.9155761621386637e-09,1.2077334125570012e-05,0.000200997506234414
0.02,-1.6380289406284252e-05,4.4637977408818305e-09,9.60744436051875e-05,0.0001337759336099585
0.03,2.1080662261880855e-05,8.062837840395018e-09,-4.816870455317648e-05,0.0002337759336099585
0.04,-8.434574382948972e-05,1.3141091251441013e-08,6.623629609831855e-05,0.0003337759336099585
0.04,-8.434574474615321e-05,4.7006526914486055e-09,0.00023032318348802143,0.0001819497851164895
0.05,-8.998494275188995e-05,3.4018146314807637e-09,0.0007381842054411075,0.0002819497851164895
0.06,-8.892792818496106e-05,4.182086231436328e-09,0.0006916813082842755,0.0003819497851164894
0.06,-8.892792845802896e-05,1.427917324135895e-09,0.0007959662079031112,0.0001953832803008389
0.07,-0.00013376389797716643,-3.4260006848511714e-08,0.0006295270370687531,0.000295383280300839
0.08,-9.694497479920526e-05,-1.1081496170313293e-08,0.000882024225958463,0.00039538328030083893
0.08,-9.694497497938462e-05,-1.2505144300305162e-08,0.001066905426251362,0.00019883912075762647
0.09,-0.00010408795848197339,-2.0126035050428727e-08,0.001376607713938802,0.0002988391207576264
0.1,-0.00011618760316374079,-3.6782509776880466e-08,0.0009275819773074574,0.0003988391207576265
0.1,-0.00011618760003198871,-4.004756581767729e-08,0.0011258728924206638,0.00019970935843971374
0.11,-3.592075105068994e-05,5.032274179455256e-08,0.0013351848340656326,0.0002997093584397137
0.12,-1.3149626077626373e-05,8.072642058026965e-08,0.0014593335952852186,0.0003997093584397136
0.12,-1.3149624112118022e-05,7.912440579709792e-08,0.0014266069822601933,0.0001999273132026732
0.13,2.194334670402934e-05,1.2918831695515373e-07,0.0011883826664883762,0.0002999273132026733
0.14,8.658873738062038e-05,2.0601181486833492e-07,0.0014235223866375824,0.0003999273132026734
0.14,8.658872805922278e-05,2.134990025901152e-07,0.0015062576986351994,0.00019998182664946506
0.15,6.459777159325517e-05,1.8037493006212895e-07,0.001719590741041292,0.00029998182664946486
0.16,7.530014748823404e-05,1.987786546981725e-07,0.0016364780519268858,0.00039998182664946496
0.16,7.530014913693825e-05,1.9747753039662842e-07,0.0016057022145749833,0.00019999545655915432
0.17,2.4432089432263006e-05,1.1579850408056438e-07,0.0016682371839590023,0.0002999954565591544
0.18,7.030872638195458e-05,1.9233168671271332e-07,0.0016061174541246324,0.00039999545655915425
0.18,7.030872041294722e-05,1.964783045601923e-07,0.0017438234989566198,0.00019999886413333764
0.19,8.371315508847101e-05,2.1985329643143426e-07,0.0018540994493567728,0.00029999886413333774
0.2,7.83667320420647e-05,2.0994048504602112e-07,0.0018958915335481209,0.00039999886413333784
0.2,7.836672992268954e-05,2.1139137540199956e-07,0.001977639246430363,0.0001999997160329313
0.21,3.2156634487412244e-05,1.200043579479271e-07,0.001954798441668031,0.0002999997160329311
0.22,7.464568894309265e-05,2.0306200118017794e-07,0.0017259624274708286,0.0003999997160329312
0.22,7.464568163435198e-05,2.074221173852739e-07,0.0019731914345726726,0.0001999999290082076
0.23,6.759821497187312e-05,1.9351609848380675e-07,0.0019909373901093766,0.00029999992900820767
0.24,1.2249678038979777e-05,8.332048121726119e-08,0.0018013639511726919,0.0003999999290082075
0.24,1.2249702316398798e-05,7.156856933917046e-08,0.002125848548806768,0.00019999998225205028
0.25,-4.5051118662294034e-05,-5.0244481284356327e-08,0.0018913435691343366,0.0002999999822520504
0.26,-1.0573377031009381e-05,1.4964851383451978e-08,0.0018982224408841666,0.0003999999822520505
0.26,-1.0573353617116636e-05,5.060398163571386e-09,0.002372104202613676,0.00019999999556301253
0.27,-8.083312422629526e-05,-1.6160341157224543e-07,0.0017506275623515627,0.00029999999556301263
0.28,-6.141361455420542e-05,-1.276070479634088e-07,0.0017072061264838706,0.00039999999556301273
0.28,-6.141356147615638e-05,-1.4755213348031096e-07,0.002350272480534969,0.00019999999889075317
0.29,-6.289833861518927e-05,-1.5104177075524012e-07,0.00215991205919451,0.0002999999988907527
0.3,4.5483031560150934e-05,8.305282171288086e-08,0.0019853649631801666,0.0003999999988907528
0.3,4.54829579986834e-05,1.191440528533654e-07,0.0025403086720105403,0.0001999999997226882
0.31,1.7212383911908774e-05,4.7327913857408625e-08,0.0025220762939521784,0.00029999999972268827
0.32,2.183809688155506e-05,5.8994339616992475e-08,0.0027674822110960525,0.00039999999972268837
0.32,2.183808340145936e-05,6.652413170759821e-08,0.0031120648664843056,0.0001999999999306721
0.33,-1.619657274092903e-05,-5.184256750728533e-08,0.0031993715876186056,0.0002999999999306722
0.34,6.7283778496902576e-06,2.1503118315028913e-08,0.0030941845165936605,0.0003999999999306723
0.34,6.7283729471807865e-06,2.4403448608057392e-08,0.003412820052604233,0.0001999999999826681
0.35,6.534414452012558e-05,2.244493058990949e-07,0.0033306913307053435,0.00029999999998266765
0.36,4.723286361793019e-05,1.6412599654437906e-07,0.0032576789877441785,0.00039999999998266775
0.36,4.723284667451934e-05,1.696249394911175e-07,0.003528888900970531,0.00019999999999566694
0.37,5.214621696259878e-05,1.8696374934086755e-07,0.003913568828965902,0.000299999999995667
0.38,-4.973126422516974e-06,-3.657787371934931e-08,0.003878128174274761,0.0003999999999956671
0.38,-4.973123688634653e-06,-3.7225124362548753e-08,0.0038995284101343035,0.00019999999999891678
0.39,2.4720532871187073e-05,7.856671991652469e-08,0.0038249679559525,0.00029999999999891686
0.4,7.705575021702927e-05,2.787482254769555e-07,0.0038625383780203494,0.00039999999999891696
0.4,7.70557351056842e-05,2.828338799779174e-07,0.003967363985282174,0.00019999999999972928
0.41,0.00011485482156911543,4.327974010977844e-07,0.003991843950364094,0.0002999999999997288
0.42,0.00015415379584054182,5.896736070641806e-07,0.004532607253902268,0.0003999999999997289
0.42,0.0001541538332355285,5.800872144494013e-07,0.0043913434587917214,0.00019999999999993222
0.43,0.00013746340372778042,5.067933348749712e-07,0.0041828253482771305,0.0002999999999999323
0.44,9.780229193161087e-05,3.408968636022086e-07,0.003869538385809445,0.0003999999999999324
0.44,9.78022960011254e-05,3.403071816747638e-07,0.004011281036670121,0.00019999999999998312
0.45,7.343483821174428e-05,2.4256193607922723e-07,0.003757225945939294,0.0002999999999999832
0.46,0.0001215596561479643,4.2337860152129343e-07,0.003713037097156481,0.0003999999999999833
0.46,0.00012155964481293472,4.267970240058877e-07,0.0038696316237195236,0.00019999999999999584
0.47,0.00014422664676108193,5.145104093679612e-07,0.003927086616982765,0.00029999999999999537
0.48,0.0001687676438531033,6.108855260486092e-07,0.00380631187755342,0.00039999999999999547
0.48,0.00016876762877759063,6.149089003906965e-07,0.0039052778121577997,0.0001999999999999989
0.49,0.000135612204533824,4.854270994874442e-07,0.0036559325105568283,0.000299999999999999
0.5,0.00016878678316884844,6.06711660400516e-07,0.0037559917956279023,0.0003999999999999991
0.5,0.0001687867722188033,6.097735810298358e-07,0.0038629386957541346,0.00019999999999999977
0.51,0.00015014418051788702,5.377580339464436e-07,0.0034742204300957785,0.00029999999999999987
0.52,0.00014077581180806995,5.052101250246825e-07,0.004022136264273805,0.00039999999999999996
0.52,0.000140775811645424,5.052459592819791e-07,0.004004505008959285,0.00019999999999999998
0.53,0.0002205014805318243,8.24509506258527e-07,0.004669917295832193,0.0003000000000000001
0.54,0.0002172367256791729,8.092632602746247e-07,0.004845181262841827,0.0004000000000000002
0.54,0.00021723677139321126,7.976749604646541e-07,0.004526804359610496,0.00020000000000000004
0.55,0.00021548473215120457,7.897437674104313e-07,0.004782736505598052,0.00030000000000000014
0.56,0.00019135751306011636,6.743487560132161e-07,0.0047371378553269635,0.00040000000000000024
0.56,0.00019135750898170183,6.745170399194881e-07,0.004519268323347084,0.00020000000000000006
0.5700000000000001,0.00018145304782551299,6.297558176248762e-07,0.0038270383558885106,0.00030000000000000014
0.58,0.00013531751172940647,4.53192489419488e-07,0.003882144352504462,0.0003999999999999991
0.58,0.00013531755857144098,4.417960336811588e-07,0.004167483140336648,0.00019999999999999977
0.59,0.0001314026376170516,4.2548057215269413e-07,0.0037357919519370687,0.00029999999999999987
0.6,3.307542117098786e-05,5.8148839450977757e-08,0.003785191442902423,0.00039999999999999996
0.6,3.307552938223445e-05,2.984200105647911e-08,0.0040810624127322484,0.00019999999999999998
0.61,7.66639763014921e-05,2.077301609890762e-07,0.0045119307921063405,0.0003000000000000001
0.62,9.03491041602101e-05,2.6947692977298954e-07,0.004534992061998784,0.0004000000000000002
0.62,9.034910149565034e-05,2.703598996935862e-07,0.004479031346046753,0.00020000000000000004
0.63,0.0001206937519449853,4.062754491421852e-07,0.004435774809003259,0.00030000000000000014
0.64,0.00013332924569355354,4.6232402161762244e-07,0.004222094369642559,0.00040000000000000024
0.64,0.00013332922781248834,4.6580114614610464e-07,0.004429563112808228,0.00020000000000000006
0.65,0.00015282186981034835,5.52145598834088e-07,0.004227198821576744,0.00030000000000000014
0.66,0.0001721684290775954,6.339278384987412e-07,0.004502250652405835,0.00040000000000000024
0.66,0.0001721684032491412,6.396387279644202e-07,0.0046772374508440104,0.00020000000000000006
0.67,0.00015662746274437104,5.669495289504278e-07,0.0047672995135558715,0.00030000000000000014
0.68,0.00020025331601931554,7.749286136391653e-07,0.0046987537436551,0.00040000000000000024
0.68,0.00020025330078210501,7.78179186510352e-07,0.00477752309021361,0.00020000000000000006
0.6900000000000001,0.0001880857804052913,7.200481346836799e-07,0.004776538730178017,0.00030000000000000014
0.7000000000000001,0.0001372604423129204,4.772770925084171e-07,0.004972057515095022,0.00040000000000000024
0.7000000000000001,0.00013726044403504387,4.769223642739787e-07,0.004987107966843935,0.00020000000000000006
0.71,5.7458656502200304e-05,7.893893444716462e-08,0.004929799672112893,0.00029999999999999905
0.72,-3.355850221507392e-05,-3.697610596671962e-07,0.004708150513583049,0.00039999999999999915
0.72,-3.35582752523875e-05,-4.1569071520817485e-07,0.005091062294366532,0.0001999999999999998
0.73,-2.615681522909805e-05,-3.7800909560421336e-07,0.0049321557951650845,0.00029999999999999987
0.74,-1.990755885368218e-05,-3.471865396248441e-07,0.0049141588582581955,0.00039999999999999996
0.74,-1.990747273714879e-05,-3.6464856764240267e-07,0.005252658632363655,0.00019999999999999998
0.75,-3.861994418303061e-05,-4.6293969628173083e-07,0.004838677272987911,0.0003000000000000001
0.76,-5.312537195188976e-05,-5.331273277256722e-07,0.0049209404591366674,0.0004000000000000002
0.76,-5.312529417467785e-05,-5.487611166257158e-07,0.005260594477111495,0.00020000000000000004
0.77,-4.6456028599968683e-05,-5.136764913341449e-07,0.005238647912325734,0.00030000000000000014
0.78,-9.453485613913597e-05,-7.655468449157909e-07,0.004656071305741663,0.00040000000000000024
0.78,-9.453470801250739e-05,-7.944299861715398e-07,0.005174258909265019,0.00020000000000000006
0.79,-0.00013300209030339146,-9.934719580233563e-07,0.005047385036548944,0.00030000000000000014
0.8,-0.00010585784619890413,-8.564633430184294e-07,0.0050370154049475865,0.00040000000000000024
0.8,-0.00010585779100797848,-8.67029976011481e-07,0.005432105127470127,0.00020000000000000006
0.81,-0.00011449287173442086,-9.139371036774655e-07,0.005651803963100325,0.00030000000000000014
0.8200000000000001,-0.00016214155009827892,-1.1832409603445646e-06,0.00548621667344926,0.00040000000000000024
0.8200000000000001,-0.000162141485610962,-1.1949090730433348e-06,0.00570461229126572,0.00020000000000000006
0.8300000000000001,-0.00016915622878998176,-1.2349258972872385e-06,0.005817748570919558,0.00030000000000000014
0.84,-0.00017460467675689884,-1.2666239552808937e-06,0.006282337109161122,0.0003999999999999991
0.84,-0.00017460470014333748,-1.2624325723916898e-06,0.006160164133067529,0.00019999999999999977
0.85,-0.00013489429493892293,-1.0178068642127352e-06,0.006220922635143043,0.00029999999999999987
0.86,-0.00015263415238855638,-1.1281665686047584e-06,0.006299277422815324,0.00039999999999999996
0.86,-0.0001526341628423479,-1.1261931188169499e-06,0.0061131585461396834,0.00019999999999999998
0.87,-0.00016694329063092665,-1.213668175316467e-06,0.0060125290541662435,0.0003000000000000001
0.88,-0.00017161154461684265,-1.241736526268189e-06,0.005780032108804965,0.0004000000000000002
0.88,-0.00017161153937016852,-1.2426380096587508e-06,0.005836525451127628,0.00020000000000000004
0.89,-0.00014288684607679887,-1.0749837024555424e-06,0.005840984126526192,0.00030000000000000014
0.9,-0.00011585424543157603,-9.170849155013216e-07,0.005742488675763188,0.00040000000000000024
0.9,-0.00011585426464641097,-9.137974820971472e-07,0.00586580691564102,0.00020000000000000006
0.91,-9.917525432273358e-05,-8.159605058770904e-07,0.006018255734063066,0.00030000000000000014
0.92,-0.00010833045917113365,-8.710595351720678e-07,0.006134530712056209,0.00040000000000000024
0.92,-0.00010833045695456836,-8.714432697044818e-07,0.006108606496185735,0.00020000000000000006
0.93,-8.511308348335223e-05,-7.296157071874872e-07,0.006296784159997504,0.00030000000000000014
0.94,-0.00013514955405914683,-1.0446887267039309e-06,0.0066699900712305655,0.0003999999999999991
0.94,-0.00013514958826948983,-1.0395232646184595e-06,0.006391041033784113,0.00019999999999999977
0.95,-0.00015595981932437771,-1.1725241160422767e-06,0.006858468381666556,0.00029999999999999987
0.96,-0.00017015561511389625,-1.2698870592272135e-06,0.007317878635202637,0.00039999999999999996
0.96,-0.000170155726994203,-1.2530023200937363e-06,0.006760824228884034,0.00019999999999999998
0.97,-0.00022675881592690804,-1.6356916859475316e-06,0.0068011874526358275,0.0003000000000000001
0.98,-0.0002710030354286647,-1.936609556256311e-06,0.006338762130765818,0.0004000000000000002
0.98,-0.00027100303678179025,-1.93640914506232e-06,0.00633614716509876,0.00020000000000000004
0.99,-0.0002509596444369106,-1.8094095619321672e-06,0.006849058642806909,0.00030000000000000014
1.0,-0.0002547767100941159,-1.8355532772602027e-06,0.00698201530177479,0.00040000000000000024
1.0,-0.00025477675157631904,-1.8295364190830699e-06,0.0067889268271252075,0.00020000000000000006
1.01,-0.0002678221531254812,-1.9181020562844347e-06,0.0061577360024829,0.00030000000000000014
1.02,-0.00030143917940180697,-2.125109445704765e-06,0.006082849748201157,0.00040000000000000024
1.02,-0.00030143908468828343,-2.1397091593463114e-06,0.006391407111520307,0.00020000000000000006
1.03,-0.00025402117223556153,-1.8366378496417245e-06,0.006398603185826945,0.00030000000000000014
1.04,-0.00029213716317592995,-2.0805302792040634e-06,0.006535564236941225,0.00040000000000000024
1.04,-0.0002921371309862711,-2.085499216754731e-06,0.006709692612314201,0.00020000000000000006
1.05,-0.000314677518749788,-2.236740559644266e-06,0.006645473460944111,0.00030000000000000014
1.06,-0.00030051365298560165,-2.142613579978057e-06,0.0071378456255682295,0.00040000000000000024
1.06,-0.000300513663738959,-2.14096781801813e-06,0.0070275052825129886,0.00020000000000000006
1.07,-0.0003440651225628627,-2.4470309633750546e-06,0.006879168896865973,0.00030000000000000014
1.08,-0.00034274082243611266,-2.4379207354248814e-06,0.006536010323762741,0.00040000000000000024
1.08,-0.00034274076467046786,-2.4462895665350036e-06,0.0068323552894981225,0.00020000000000000006
1.09,-0.0003903641226421521,-2.7716743313962096e-06,0.007238397112763228,0.00030000000000000014
1.1,-0.00036445047678976505,-2.584097796079458e-06,0.007229188327362495,0.00040000000000000024
1.1,-0.0003644504720330009,-2.5848342240067897e-06,0.007269002715106988,0.00020000000000000006
1.11,-0.0003413893207822961,-2.41719970042816e-06,0.007323165329011085,0.00030000000000000014
1.12,-0.0003314279717901994,-2.3442497907835626e-06,0.00763845305450689,0.00040000000000000024
1.12,-0.0003314279689889041,-2.3445965469445158e-06,0.00760290043893357,0.00020000000000000006
1.13,-0.0003706175522636185,-2.6425567879549576e-06,0.007947352296793938,0.00029999999999999797
1.14,-0.0003529776441612343,-2.5023632722099034e-06,0.008034741860514791,0.00039999999999999807
1.14,-0.0003529776446788543,-2.5021897181943777e-06,0.007918121678933078,0.00019999999999999952
1.15,-0.00037775467103758585,-2.698381327947708e-06,0.007974729712274243,0.0002999999999999996
1.16,-0.0003684755020548968,-2.6243808946313286e-06,0.007939129622446507,0.0003999999999999997
1.16,-0.00036847550033917417,-2.624617235652604e-06,0.007977414409729428,0.00019999999999999993
1.17,-0.0003644108383793219,-2.592191054902388e-06,0.007995359613077738,0.00030000000000000003
1.18,-0.00030733378756589067,-2.1358297835376153e-06,0.007704933874787135,0.00040000000000000013
1.18,-0.0003073338573049159,-2.1271655450566513e-06,0.007912443143207118,0.0002
1.19,-0.000290583906616206,-1.994629746690349e-06,0.008124374027538604,0.0003000000000000001
1.2,-0.00030529712710364104,-2.1141680831521847e-06,0.008455004280862497,0.0004000000000000002
1.2,-0.0003052971143842328,-2.1157699018137434e-06,0.008367073484408356,0.00020000000000000004
1.21,-0.0002982761318613757,-2.0570234542003433e-06,0.008338786870656928,0.00030000000000000014
1.22,-0.0003167835312227287,-2.211356290218151e-06,0.008123247922903648,0.00040000000000000024
1.22,-0.00031678352808914805,-2.2116376742808043e-06,0.008346276019705055,0.00020000000000000006
1.23,-0.00027195899709597923,-1.837511078857773e-06,0.008075781474769263,0.00030000000000000014
1.24,-0.00024660423503603646,-1.6327471096485491e-06,0.00789500815328301,0.00040000000000000024
1.24,-0.00024660435012589885,-1.6186727022080376e-06,0.008239990169342511,0.00020000000000000006
1.25,-0.00022932452347394566,-1.4762838778412888e-06,0.008205707124958985,0.00030000000000000014
1.26,-0.00011403735185564483,-5.302498788804117e-07,0.00836136726374833,0.00040000000000000024
1.26,-0.00011403746700826689,-5.162126906604338e-07,0.008482897102279422,0.00020000000000000006
1.27,-0.00016783643119113272,-9.725947150994258e-07,0.008622172339953034,0.00030000000000000014
1.28,-0.0001746679636012028,-1.0314988245725311e-06,0.008844605592992053,0.00040000000000000024
1.28,-0.00017466795442272416,-1.0326714140582116e-06,0.00879903077873731,0.00020000000000000006
1.29,-0.00017021064287156497,-9.934503803213009e-07,0.009216870562177756,0.00030000000000000014
1.3,-0.00017937766869032855,-1.0779440633457927e-06,0.009319037609328677,0.00040000000000000024
1.3,-0.00017937765789685384,-1.0795019050999482e-06,0.009129469162126858,0.00020000000000000006
1.31,-0.00014918321661012876,-8.038350257744178e-07,0.009907438771399109,0.00030000000000000014
1.32,-0.00014110621216738186,-7.238099804358419e-07,0.0096952367040588,0.00040000000000000024
1.32,-0.0001411061253515249,-7.33501120677084e-07,0.0093116401895508,0.00020000000000000006
1.33,-0.0001379060328183597,-7.037021491737415e-07,0.00942605949039178,0.00030000000000000014
1.34,-0.000209204830325354,-1.3757887612849961e-06,0.009566802956382583,0.00040000000000000024
1.34,-0.00020920493010230756,-1.3653754504999673e-06,0.009301442310639627,0.00020000000000000006
1.35,-0.0002521519052787014,-1.764855783176667e-06,0.009440521527651614,0.00030000000000000014
1.36,-0.000234482875229573,-1.5980459690405093e-06,0.009426995937263837,0.00040000000000000024
1.36,-0.0002344829127803976,-1.5940650924784602e-06,0.009284018899141952,0.00020000000000000006
1.37,-0.00018156724440934106,-1.1027809120928148e-06,0.009285731589566868,0.00030000000000000014
1.38,-0.00010881657010959045,-4.27218260719703e-07,0.008934368315289022,0.000399999999999998
1.38,-0.0001088165614866602,-4.281499793630268e-07,0.008920482678906268,0.0001999999999999995
1.39,2.227617126231019e-05,7.412914920586164e-07,0.00857391314850068,0.0002999999999999996
1.4,3.231143548544986e-05,8.273350843522085e-07,0.008467229951616547,0.0003999999999999997
1.4,3.231118391916595e-05,8.552825614792567e-07,0.008729345977929329,0.00019999999999999993
1.41,-9.209873061933071e-06,4.928216829898813e-07,0.008867025142945543,0.00030000000000000003
1.42,8.757408741794728e-06,6.521421979950307e-07,0.00987988118835248,0.00040000000000000013
1.42,8.757574655982538e-06,6.33879229495911e-07,0.009483086169669417,0.0002
1.43,2.9552384259893467e-05,8.310841123613707e-07,0.009509585752327711,0.0003000000000000001
1.44,-1.8587916061618458e-05,3.732759980263928e-07,0.009529159874566947,0.0004000000000000002
1.44,-1.8587922280140896e-05,3.7374557372066495e-07,0.00935490207735081,0.00020000000000000004
1.45,-5.344616945211501e-05,4.764057184457727e-08,0.009296488036155046,0.00030000000000000014
1.46,-0.00010228880978499284,-4.0643753092600846e-07,0.0092272508703573,0.00040000000000000024
1.46,-0.0001022887315826224,-4.147471296426896e-07,0.009377220717212167,0.00020000000000000006
1.47,-7.728971279831999e-05,-1.8031894148081975e-07,0.009602862518705175,0.00030000000000000014
1.48,-5.524922271465798e-05,3.1339360698694895e-08,0.009303289139478324,0.00040000000000000024
1.48,-5.524922385220149e-05,3.1438368978314264e-08,0.00937797598789197,0.00020000000000000006
1.49,-4.631458031553141e-05,1.1522969792283246e-07,0.009371758547366792,0.00030000000000000014
1.5,-5.329311807931044e-05,4.9826612194552664e-08,0.00939168172427277,0.00040000000000000024
1.5,-5.3293118090559845e-05,4.982406795001141e-08,0.009416202474592824,0.00020000000000000006
1.51,-6.28482049406108e-05,-4.0151223723924313e-08,0.009786312701025104,0.00030000000000000014
1.52,-0.0001420573783605854,-8.153417109190093e-07,0.009959715808658459,0.00040000000000000024
1.52,-0.00014205763412576038,-7.891029826405241e-07,0.009551243852920121,0.00020000000000000006
1.53,-0.00019112330947247032,-1.2577554639094016e-06,0.009427828610385169,0.00030000000000000014
1.54,-0.00018576666848180333,-1.207252474411393e-06,0.00948606951965209,0.00040000000000000024
1.54,-0.00018576674497272318,-1.1993510192585972e-06,0.009335947375123005,0.00020000000000000006
1.55,-0.0001113491391817051,-5.045719820668081e-07,0.00909153761814671,0.00030000000000000014
1.56,-9.681023455148012e-05,-3.723873417207117e-07,0.009133898390966684,0.00040000000000000024
1.56,-9.681024496664742e-05,-3.7120354643655267e-07,0.009188210326450221,0.00020000000000000006
1.57,-9.136654136750012e-05,-3.211842452081703e-07,0.00881285425198519,0.00030000000000000014
1.58,-8.576877856865345e-05,-2.718507003318592e-07,0.009059318571130062,0.00040000000000000024
1.58,-8.576879606374077e-05,-2.698763686621488e-07,0.00917012224242517,0.00020000000000000006
1.59,-0.00014636143487586575,-8.255338489384489e-07,0.00926250241626761,0.00030000000000000014
1.6,-0.00019306408845275617,-1.2581296619792626e-06,0.009355405199938377,0.00040000000000000024
1.6,-0.0001930640301671978,-1.264412763978237e-06,0.009466779743988027,0.00020000000000000006
1.61,-0.00024550050375454443,-1.7608321397577328e-06,0.00942096957185073,0.00030000000000000014
1.62,-0.00013776034131163494,-7.457853174913445e-07,0.009247697880815777,0.00040000000000000024
1.62,-0.00013776041524591977,-7.38027608454259e-07,0.009541775486213685,0.00020000000000000006
1.63,-0.00014366524540458366,-7.943718820866342e-07,0.009846469807355337,0.00029999999999999797
1.64,-9.831910104426683e-05,-3.478580103878714e-07,0.009797566555484057,0.00039999999999999807
1.64,-9.83191379606292e-05,-3.440805560413707e-07,0.009882938361489207,0.00019999999999999952
1.65,-8.750365768216968e-05,-2.3718835093486973e-07,0.010333262336658485,0.0002999999999999996
1.66,3.011827390968958e-05,9.782731858890886e-07,0.010727234022116044,0.0003999999999999997
1.66,3.0118686297579034e-05,9.378643813291469e-07,0.010378123050522013,0.00019999999999999993
1.67,-1.1482403712640144e-05,5.061076492066257e-07,0.009939519630623445,0.00030000000000000003
1.68,-3.9598723899114456e-05,2.2663572932399914e-07,0.009817680565722789,0.00040000000000000013
1.68,-3.95987648152186e-05,2.3059645607477567e-07,0.010065441495773934,0.0002
1.69,-6.023602306281766e-05,2.286632524096764e-08,0.009944927371432672,0.0003000000000000001
1.7,-0.00010753373294559483,-4.4752147184610716e-07,0.009903870540660303,0.0004000000000000002
1.7,-0.00010753363452954376,-4.5746579945247593e-07,0.010166955854455822,0.00020000000000000004
1.71,-0.00012737211379498946,-6.591696922532061e-07,0.009847842203425822,0.00030000000000000014
1.72,-0.00015107857046255308,-8.926346839111771e-07,0.009880374529737909,0.00040000000000000024
1.72,-0.00015107844574539477,-9.051870064571554e-07,0.01014974624588115,0.00020000000000000006
1.73,-0.00022779876739300995,-1.6839055437728892e-06,0.0101516316305055,0.00030000000000000014
1.74,-0.00025741916760036474,-1.984611265302408e-06,0.010489453359553882,0.00040000000000000024
1.74,-0.0002574192627912425,-1.9751780774812318e-06,0.010376985766590371,0.00020000000000000006
1.75,-0.0002503734821473812,-1.9020614875637016e-06,0.01035166670874963,0.00030000000000000014
1.76,-0.00018565637364917575,-1.232107619782319e-06,0.010121689017343012,0.00040000000000000024
1.76,-0.0001856563847816472,-1.2311346693547861e-06,0.010217798435973282,0.00020000000000000006
1.77,-0.0001646804352943209,-1.0167991863201397e-06,0.010290628269029746,0.00030000000000000014
1.78,-0.0001494643549282474,-8.602106321012218e-07,0.010441769281998449,0.00040000000000000024
1.78,-0.00014946437087416445,-8.586888919381925e-07,0.010498210057674809,0.00020000000000000006
1.79,-0.00015221571397443267,-8.875741309239828e-07,0.010360140186135479,0.00030000000000000014
1.8,-4.455455192146638e-05,2.2785050793931126e-07,0.010530863056375663,0.00040000000000000024
1.8,-4.455479663844216e-05,2.514362536151022e-07,0.010784880040026862,0.00020000000000000006
1.81,-3.029865049149456e-05,4.051930410263262e-07,0.010788031814607007,0.00030000000000000014
1.82,-0.00010171583832374199,-3.6528774358627886e-07,0.010484018318158888,0.00040000000000000024
1.82,-0.00010171583172011959,-3.6529092378024977e-07,0.010826386498613633,0.00020000000000000006
1.83,-9.845150098424095e-05,-3.299486367327847e-07,0.010384748847726354,0.00030000000000000014
1.84,-0.00013965901217970553,-7.578936748749724e-07,0.00993042021565094,0.00040000000000000024
1.84,-0.00013965881880708694,-7.7598575626122e-07,0.010548359006150036,0.00020000000000000006
1.85,-9.086975240331562e-05,-2.613220796060686e-07,0.010230341579578925,0.00030000000000000014
1.86,-8.893999774361262e-05,-2.4157934151012566e-07,0.01016645422231787,0.00040000000000000024
1.86,-8.894005154599318e-05,-2.3636864723728498e-07,0.010631578792820763,0.00020000000000000006
1.87,-0.0001421209023349705,-8.01786355972745e-07,0.010789924138375944,0.00030000000000000014
1.88,-0.00012192895966646164,-5.839083710102637e-07,0.011497638111103983,0.000399999999999998
1.88,-0.00012192896558610421,-5.833454263942864e-07,0.011401327128918266,0.0001999999999999995
1.89,-5.282122121973189e-05,2.046087166856507e-07,0.011170536295627783,0.0002999999999999996
1.9,2.413558559914758e-05,1.064293278148044e-06,0.010961606276457519,0.0003999999999999997
1.9,2.413549433843519e-05,1.0723825427141702e-06,0.011052141927404292,0.00019999999999999993
1.91,-1.0752673474011417e-05,6.867778598191312e-07,0.010894736768201338,0.00030000000000000003
1.92,-5.417734342973626e-05,2.1365879225583776e-07,0.01076573091637149,0.00040000000000000013
1.92,-5.417733066576889e-05,2.1209738840048372e-07,0.01105823185547367,0.0002
1.93,-7.111303157893198e-06,7.325856491524476e-07,0.010759856204369395,0.0003000000000000001
1.94,-3.645329077836033e-05,4.168578971036642e-07,0.011027949840425804,0.0004000000000000002
1.94,-3.645329124575442e-05,4.1653020851605456e-07,0.011314758246001857,0.00020000000000000004
1.95,-0.00012287418510441528,-5.61343043589193e-07,0.011113364449181817,0.00030000000000000014
1.96,-0.00010832888823590339,-3.9968920329316707e-07,0.010940862985819998,0.00040000000000000024
1.96,-0.00010832873221803987,-4.1366847440260285e-07,0.011366117174957583,0.00020000000000000006
1.97,-0.00012028275804310959,-5.495451839347241e-07,0.011451710328772296,0.00030000000000000014
1.98,-0.00012720232287140312,-6.287895000570923e-07,0.011407722314122156,0.00040000000000000024
1.98,-0.00012720225006312608,-6.352555601701812e-07,0.011641973905353578,0.00020000000000000006
1.99,-0.00015788829395281295,-9.925178231181585e-07,0.0115058492163774,0.00030000000000000014
2.0,-0.00016423265439525483,-1.065518299150459e-06,0.011322147783949247,0.00040000000000000024
2.0,-0.0001642325057873574,-1.0784771137008975e-06,0.011704381892550868,0.00020000000000000006
2.01,-0.00011557468753388506,-5.089414191829892e-07,0.011372558277963397,0.00029999999999999797
2.02,-8.987797371505458e-05,-2.1669144422608364e-07,0.011372603331901428,0.0004000000000000003
2.02,-8.987810703743955e-05,-2.0521377015418796e-07,0.011803284736217223,0.0002000000000000001
2.03,-2.0652907709150877e-05,6.119089152963436e-07,0.011795085763575474,0.00029999999999999797
2.04,-1.1105528863981825e-05,7.245262902359306e-07,0.012450846798525783,0.0004000000000000003
2.04,-1.110545715827911e-05,7.184274629014355e-07,0.012340156562180554,0.0002000000000000001
2.05,2.811381631294316e-05,1.2024240056187365e-06,0.012288712077364835,0.00029999999999999797
2.06,4.729093845935957e-05,1.4380980015033486e-06,0.012369780681886914,0.0004000000000000003
2.06,4.729083606501787e-05,1.4465830929372239e-06,0.01250765648965112,0.0002000000000000001
2.07,9.27464971785039e-05,2.015156537452583e-06,0.012854586490018008,0.00029999999999999797
2.08,0.0001643428702367989,2.9355490031983405e-06,0.013166441351788339,0.0004000000000000003
2.08,0.00016434317789668085,2.9110452156593118e-06,0.012937852474232991,0.0002000000000000001
2.09,0.00023020005930542587,3.7631393757225905e-06,0.012916892397925405,0.00029999999999999797
2.1,0.00038379211568762386,5.747181785667118e-06,0.012890605840739562,0.0004000000000000003
2.1,0.00038379203448306873,5.7535136006454385e-06,0.012921994902744595,0.0002000000000000001
2.11,0.0004828884853813266,7.034108711876051e-06,0.013404957818022282,0.00029999999999999797
2.12,0.0006444158154715253,9.19950546188302e-06,0.013669072553965725,0.0004000000000000003
2.12,0.0006444175635680277,9.066081932960158e-06,0.01317773911674202,0.0002000000000000001
2.13,0.0008150597138658393,1.1314889844014565e-05,0.013651593985483984,0.00029999999999999797
2.14,0.0009175367443842908,1.2713951571091534e-05,0.013538759906141479,0.0004000000000000003
2.14,0.000917537788113879,1.2635273524320613e-05,0.01327470046345237,0.0002000000000000001
2.15,0.00109946094919531,1.5050390858826023e-05,0.01306759418978774,0.00029999999999999797
2.16,0.0012767055091243466,1.7366682686716016e-05,0.012957253551465858,0.0004000000000000003
2.16,0.0012767045042625504,1.7442821408470247e-05,0.013161448385686926,0.0002000000000000001
2.17,0.0014856209369837846,2.019262303344512e-05,0.012860803900908262,0.00029999999999999797
2.18,0.0016403570041539886,2.218276297416126e-05,0.012757182186799854,0.0004000000000000003
2.18,0.0016403550507982565,2.233195664952022e-05,0.013123799406324056,0.0002000000000000001
2.19,0.001761810601933685,2.3926006457040707e-05,0.012958421907680187,0.00029999999999999797
2.2,0.001957673034627093,2.6464216570008552e-05,0.01302471752643596,0.0004000000000000003
2.2,0.0019576712237630743,2.6602983193282364e-05,0.013362268758921129,0.0002000000000000001
2.21,0.0021511336075278158,2.9188233427391446e-05,0.013150556316697358,0.00029999999999999797
2.22,0.0023793626519986806,3.218974535609408e-05,0.013131585311473059,0.0004000000000000003
2.22,0.002379360231294794,3.2373822792029885e-05,0.013520383865968284,0.0002000000000000001
2.23,0.0025503319336381836,3.4685566702510504e-05,0.013581193482244095,0.00029999999999999797
2.24,0.0027586087584791814,3.75143884849588e-05,0.013331929441314066,0.0004000000000000003
2.24,0.0027586068591849014,3.765657656468615e-05,0.013629133245317528,0.0002000000000000001
2.25,0.003023112995373249,4.1261789168445995e-05,0.01363040454947771,0.00029999999999999797
2.26,0.003366911175143045,4.594818767109994e-05,0.013134754950675337,0.00039999999999999584
2.26,0.003366906922542689,4.6262567012119134e-05,0.013634315784433306,0.00019999999999999895
2.27,0.0037140361476068412,5.0995729778031695e-05,0.013362554900615085,0.0003000000000000013
2.28,0.004035872917309208,5.529654726687173e-05,0.013999064006759447,0.00039999999999999915
2.28,0.00403587229964989,5.534230463275155e-05,0.01406177987488556,0.0001999999999999998
2.29,0.004325526553061088,5.941562746525152e-05,0.01418004468899064,0.0003000000000000021
2.3000000000000003,0.0045947633893128155,6.323367374150957e-05,0.014588142552838974,0.0004000000000000044
2.3000000000000003,0.0045947655558422435,6.307675910147553e-05,0.014367618594033696,0.00020000000000000115
2.31,0.004852328773665226,6.677758383436786e-05,0.01426565206476234,0.00029999999999999905
2.32,0.005141784951720365,7.090714509635776e-05,0.013930022643312032,0.00039999999999999693
2.32,0.0051417824010706265,7.108865610440734e-05,0.014188714090727205,0.00019999999999999922
2.33,0.005559349427715145,7.701379287992155e-05,0.014267667723072645,0.00030000000000000155
2.34,0.005847403288983821,8.112392855773144e-05,0.014226953532147925,0.0003999999999999994
2.34,0.005847400564984751,8.131644361912557e-05,0.014475152150401169,0.0001999999999999999
2.35,0.006144022399918811,8.561038971866797e-05,0.014393513125388127,0.0003000000000000022
2.36,0.00643530482110923,8.980325662517914e-05,0.014835051429208363,0.0004000000000000001
2.36,0.006435305385510144,8.976374562908684e-05,0.014782691058762124,0.00020000000000000004
2.37,0.006797322047685271,9.511571596153623e-05,0.014797869874608615,0.00030000000000000236
2.38,0.00711555739018484,9.982526491525786e-05,0.014831360908002394,0.00040000000000000024
2.38,0.00711555796080717,9.978605235655836e-05,0.014782159690679055,0.00020000000000000006
2.39,0.007479304369276487,0.00010516340153138224,0.014829171783484611,0.00030000000000000236
2.4,0.007890333755004727,0.00011125907372853901,0.01527030092361684,0.00040000000000000024
2.4,0.007890337154586126,0.0001110277446756675,0.015009981970289663,0.00020000000000000006
2.41,0.008272011773505002,0.00011675710410467029,0.01486091736679647,0.00030000000000000236
2.42,0.008592972150300016,0.00012152722090252052,0.014937165057656281,0.00040000000000000024
2.42,0.008592971827816362,0.0001215489953091042,0.014962025202626624,0.00020000000000000006
2.43,0.009006449408792343,0.00012773591897605546,0.015466698786636207,0.00030000000000000236
2.44,0.009528745165557854,0.00013581475433678273,0.015123856738443154,0.00040000000000000024
2.44,0.009528746549326358,0.0001357230491430646,0.015035372260555228,0.00020000000000000006
2.45,0.00991876272053962,0.00014158752938441576,0.01517504829944527,0.00030000000000000236
2.46,0.010294557669059711,0.00014729067366294637,0.015073390248859935,0.00040000000000000024
2.46,0.010294557289043018,0.00014731583436799803,0.015098676026886497,0.00020000000000000006
2.47,0.010798815113545994,0.00015493003850640242,0.014558000206077637,0.00030000000000000236
2.48,0.011368301547258923,0.00016322120786471154,0.013938107090477984,0.00040000000000000024
2.48,0.011368289046998532,0.00016405986293608151,0.014650782192546265,0.00020000000000000006
2.49,0.011858051297283139,0.00017123577642413185,0.015140292325105097,0.00030000000000000236
2.5,0.01231386498421569,0.0001781374562519274,0.015000316985121318,0.00040000000000000024
2.5,0.012313860872267476,0.00017841303581570607,0.015234827503844481,0.00020000000000000006
2.51,0.012831875764540887,0.00018630551396800753,0.015145590473946735,0.00029999999999999797
2.52,0.013427326396362606,0.00019532465502589315,0.014924934852859636,0.0004000000000000003
2.52,0.013427318351949893,0.000195858738229761,0.015337941533462835,0.0002000000000000001
2.53,0.013851455708086016,0.00020236464238496758,0.015045896931181036,0.00029999999999999797
2.54,0.014416163502576147,0.00021086181886092317,0.015313783471813018,0.0004000000000000003
2.54,0.014416158579348385,0.00021118779689287222,0.015568021029380343,0.0002000000000000001
2.5500000000000003,0.01495336647291482,0.00021955173639191504,0.015157563959434224,0.0003000000000000024
2.56,0.015537387901608893,0.00022840475656035522,0.015136039739280547,0.0004000000000000003
2.56,0.015537379987016884,0.0002289249737301904,0.015522040715034593,0.0002000000000000001
2.57,0.016103244300473968,0.0002377090481141758,0.015652487856405335,0.00029999999999999797
2.58,0.016713038706892145,0.00024725462722509736,0.015907670915192774,0.0004000000000000003
2.58,0.01671303909922674,0.0002472291808820096,0.015889676604500157,0.0002000000000000001
2.59,0.017277082060604375,0.00025619239549162933,0.016293019441748494,0.00029999999999999797
2.6,0.017794846097252674,0.0002646290815614,0.015845003877753883,0.0004000000000000003
2.6,0.017794842738308697,0.0002648421854724009,0.01599971727359033,0.0002000000000000001
2.61,0.018371745512494594,0.00027407325445721664,0.015891145557861357,0.00029999999999999797
2.62,0.01900330143555296,0.0002841102464482252,0.01587146562449003,0.0004000000000000003
2.62,0.01900329821204124,0.00028431359519252375,0.016011626511200094,0.0002000000000000001
2.63,0.01960964888512642,0.0002940230854667013,0.016087097480076664,0.00029999999999999797
2.64,0.020279380617449404,0.00030479805464777687,0.01608836924018114,0.0004000000000000003
2.64,0.02027937769276833,0.0003049812876567325,0.016208060064462855,0.0002000000000000001
2.65,0.020985898968069086,0.00031643362978924096,0.016161281904385823,0.00029999999999999797
2.66,0.021669807675697053,0.00032748743359691093,0.01625616269580421,0.0004000000000000003
2.66,0.02166980531229156,0.0003276344256700313,0.016346251506904313,0.0002000000000000001
2.67,0.02234403433291655,0.00033865652453328774,0.016227702177980478,0.00029999999999999797
2.68,0.02296761775379454,0.00034877673893276396,0.015829873428671357,0.0004000000000000003
2.68,0.02296761043860655,0.00034922890932103095,0.016108884228288954,0.0002000000000000001
2.69,0.023643216056433516,0.00036011310348770605,0.016013470783357877,0.00029999999999999797
2.7,0.02433353971367823,0.00037116852620548647,0.016251797485537817,0.0004000000000000003
2.7,0.024333537584492384,0.0003713006627202337,0.016331118005216316,0.0002000000000000001
2.71,0.025019131698196317,0.0003824981765917106,0.016036448863541927,0.00029999999999999797
2.72,0.025755812694686075,0.0003943129365295415,0.016189038391369624,0.0004000000000000003
2.72,0.02575580485086304,0.0003947991407553103,0.01647036823725548,0.0002000000000000001
2.73,0.026579989887553248,0.00040837499941553924,0.01622222953906894,0.00029999999999999797
2.74,0.02737329953777069,0.00042124537966962554,0.01591927781624283,0.0004000000000000003
2.74,0.02737328457974298,0.00042216664770826243,0.01641162055310284,0.0002000000000000001
2.75,0.028039065152327746,0.00043309416693213963,0.015689132485426336,0.00029999999999999797
2.76,0.028734855030243325,0.00044401140227855304,0.015581264612980459,0.00039999999999999584
2.76,0.028734836553333545,0.00044515831799455427,0.016221881924162303,0.00019999999999999895
2.77,0.02952904098759987,0.0004580429387643331,0.016849907371625825,0.0003000000000000013
2.78,0.030329178255276232,0.00047152645371048064,0.01648596836720674,0.00039999999999999915
2.78,0.03032916980834484,0.0004720424871994164,0.016758660064263343,0.0001999999999999998
2.79,0.031064987280714693,0.00048437495664555355,0.01628807201033595,0.0003000000000000021
2.8000000000000003,0.03191876460517377,0.0004982825731117507,0.016446220619117078,0.0004000000000000044
2.8000000000000003,0.03191875366815009,0.0004989487910931689,0.01678709706769095,0.00020000000000000115
2.81,0.032674258995525056,0.0005116327238534617,0.01715527949092506,0.00029999999999999905
2.82,0.03355797800715788,0.0005267946579226502,0.017192455424421316,0.00039999999999999693
2.82,0.033557967742564296,0.0005274082224882773,0.017496538182522593,0.00019999999999999922
2.83,0.03441081413482531,0.0005423316048113265,0.017459370698738666,0.00030000000000000155
2.84,0.03523021008221207,0.0005566391962279172,0.01778797915834118,0.0003999999999999994
2.84,0.035230206956364196,0.0005568219007950559,0.017877109956789906,0.0001999999999999999
2.85,0.03607666256167538,0.0005719556929673255,0.018051894360581588,0.0003000000000000022
2.86,0.0369667146828287,0.0005880245653309638,0.018142743168905857,0.0004000000000000001
2.86,0.03696671686379662,0.0005879003717552908,0.018084041974306936,0.00020000000000000004
2.87,0.03790975852085652,0.0006049562359800132,0.01855003727150509,0.00030000000000000236
2.88,0.03881092968558195,0.000621674912371489,0.018814596553008392,0.00040000000000000024
2.88,0.038810938447878945,0.0006211874967459694,0.018593570899781173,0.00020000000000000006
2.89,0.03964789474666363,0.0006367512966456403,0.018284259939218908,0.00030000000000000236
2.9,0.04055385946969532,0.000653318037343804,0.01843058252690471,0.00040000000000000024
2.9,0.04055386412511265,0.0006530621072145795,0.018314280993345904,0.00020000000000000006
2.91,0.041504358267464486,0.0006704716705276379,0.018521399548549426,0.00030000000000000236
2.92,0.04250819830698666,0.000689066319281082,0.018465104058290015,0.00040000000000000024
2.92,0.042508201123601555,0.0006889126050972634,0.018399087371549043,0.00020000000000000006
2.93,0.043344023485838476,0.0007042927093301795,0.01884729911965177,0.00030000000000000236
2.94,0.04431300829723703,0.0007225576186554198,0.019140890317106942,0.00040000000000000024
2.94,0.04431301617315115,0.0007221319681144607,0.018956534780531994,0.00020000000000000006
2.95,0.04529753044228722,0.0007407971829357931,0.01911387201923885,0.00030000000000000236
2.96,0.04634745556745789,0.0007608677616633918,0.01959066597508604,0.00040000000000000024
2.96,0.046347471969271505,0.0007599950305931637,0.01923212666677276,0.00020000000000000006
2.97,0.047282053063069304,0.0007779712289377399,0.019152940278217023,0.00030000000000000236
2.98,0.048190756863660686,0.0007953777070489461,0.019414597499749622,0.00040000000000000024
2.98,0.048190772546963904,0.0007945516136494518,0.019065428345532705,0.00020000000000000006
2.99,0.049181279768166615,0.0008134383465395061,0.01893261970847853,0.00030000000000000236
3.0,0.050219959110502824,0.0008331056174555009,0.018468172438599623,0.00040000000000000024
3.0,0.05021995200216321,0.0008334800215809512,0.01862054237780486,0.00020000000000000006
3.01,0.051153641608495254,0.0008508678381043934,0.018755388049292165,0.00029999999999999797
3.02,0.05211381865229104,0.000868878443037297,0.017995854928313723,0.0004000000000000003
3.02,0.05211379293409309,0.0008702429803099642,0.018560745065938633,0.0002000000000000001
3.03,0.053119642240037894,0.0008889144370150396,0.018538507982892895,0.00029999999999999797
3.04,0.05416913903515866,0.0009083727709030716,0.01862870989497553,0.0004000000000000003
3.04,0.05416912322720047,0.0009092184092488937,0.018967258116975198,0.0002000000000000001
3.0500000000000003,0.05517037029391238,0.0009282115985002162,0.019084476523626652,0.0003000000000000024
3.06,0.05628046264838041,0.0009493997023981844,0.019559870147766105,0.0004000000000000003
3.06,0.056280469185626444,0.0009490533369593426,0.019425729754609482,0.0002000000000000001
3.0700000000000003,0.057391521838844294,0.0009706390608010889,0.019156250475070715,0.0003000000000000024
3.08,0.05853017641368518,0.000992454081533996,0.01930461193957293,0.0004000000000000003
3.08,0.05853017648224528,0.000992450487844738,0.019303281225938572,0.0002000000000000001
3.09,0.05968259668203345,0.0010146987424771712,0.018995218494928356,0.00029999999999999797
3.1,0.060845338717917585,0.0010367879382948203,0.018921704267793153,0.0004000000000000003
3.1,0.06084532774177057,0.0010373626130610247,0.0191270513683567,0.0002000000000000001
3.11,0.06197768752361446,0.001059023958398663,0.019093573483663393,0.00029999999999999797
3.12,0.06319525450541469,0.0010822744885452948,0.01901500227354236,0.0004000000000000003
3.12,0.0631952408891329,0.001082987220271537,0.019262596201955622,0.0002000000000000001
3.13,0.06434057713247639,0.0011050520989502207,0.0191823695998859,0.00029999999999999797
3.14,0.06552195785422398,0.00112771656055788,0.019112863439775273,0.0004000000000000003
3.14,0.06552193754658098,0.0011287764214567232,0.01947858247570717,0.0002000000000000001
3.15,0.0666739106112382,0.0011512180621112435,0.019617420741174882,0.00029999999999999797
3.16,0.06782672259342687,0.0011738361613496202,0.019543105052933548,0.0004000000000000003
3.16,0.06782670610028521,0.0011746879940699115,0.01983789712331024,0.0002000000000000001
3.17,0.06898729037259259,0.0011977145661884571,0.020068784525822645,0.00029999999999999797
3.18,0.07026831636912281,0.0012234266528775128,0.02032949531230952,0.0004000000000000003
3.18,0.0702683164820867,0.0012234209137933583,0.020327573227566956,0.0002000000000000001
3.19,0.07141256776267875,0.0012466839697561943,0.020517724758182667,0.00029999999999999797
3.2,0.07265006337750833,0.0012720781277231323,0.02044172220735292,0.0004000000000000003
3.2,0.07265006965811442,0.0012717651395854008,0.02033715509428406,0.0002000000000000001
3.21,0.07389333731762535,0.001297053153269836,0.020640513565853964,0.00029999999999999797
3.22,0.07518567990582628,0.0013237315567081256,0.02063402223693869,0.0004000000000000003
3.22,0.07518569538581492,0.00132296909805704,0.020387070507957468,0.0002000000000000001
3.23,0.07643939212914748,0.001348531843627603,0.020232262755492607,0.00029999999999999797
3.24,0.0776614628840728,0.0013732604745151267,0.019351771753258626,0.0004000000000000003
3.24,0.0776614317475161,0.001374794270467216,0.01984860542781454,0.0002000000000000001
3.25,0.0789503684682786,0.0014003812270873264,0.019803770319684184,0.00029999999999999797
3.26,0.08009103081248685,0.001422973595736788,0.019668172059189908,0.00039999999999999584
3.26,0.08009101304057248,0.0014238592520227575,0.01995916789294555,0.00019999999999999895
3.27,0.0814048273501857,0.001450085375053716,0.020281053466417197,0.0003000000000000013
3.28,0.0826530750776738,0.0014754046254969971,0.020562012603412286,0.00039999999999999915
3.28,0.08265308221661351,0.0014750496254192637,0.02044804280337125,0.0001999999999999998
3.29,0.08395793281952689,0.0015017349857527726,0.020765962316844324,0.0003000000000000021
3.3000000000000003,0.08527678439160875,0.0015291261451659789,0.02026051365895703,0.0004000000000000044
3.3000000000000003,0.08527677649446103,0.001529513580846984,0.02038162536683852,0.00020000000000000115
3.31,0.08655776563477237,0.001555625837473793,0.01992294419287226,0.00029999999999999905
3.3200000000000003,0.08786374069924734,0.0015816481488491374,0.020123940110032438,0.0004000000000000014
3.3200000000000003,0.08786373037602056,0.0015821580842916322,0.020282331072747208,0.0002000000000000004
3.33,0.08916056103624924,0.0016084644404277537,0.020487605653488804,0.0002999999999999983
3.34,0.09048587051291763,0.001635620657995786,0.020377791718119195,0.00039999999999999617
3.34,0.09048586988329231,0.0016356516318789623,0.020387315890041877,0.00019999999999999906
3.35,0.09180003707231611,0.0016624476861244535,0.020659843069077845,0.0003000000000000014
3.36,0.09322558985351058,0.0016919035738667144,0.021380016777923602,0.00039999999999999926
3.36,0.09322561995242419,0.001690431511788273,0.020940898734778658,0.00019999999999999982
3.37,0.09463133113891668,0.0017198726710453288,0.021050334245790114,0.00030000000000000214
3.38,0.09608027622299882,0.0017503779553011585,0.0210281727327832,0.0004
3.38,0.09608028793116166,0.0017498133753341156,0.020865268735210378,0.0002
3.39,0.09751561329832656,0.001779766171712854,0.020914523759854954,0.0003000000000000023
3.4,0.09888980838633364,0.0018085109988154708,0.02170426813917823,0.0004000000000000002
3.4,0.09888983418812472,0.0018072715971686345,0.021348237940040992,0.00020000000000000004
3.41,0.10030310276540216,0.0018374469752841524,0.021244683003297047,0.00030000000000000236
3.42,0.10166050715582817,0.0018662889405410246,0.020799248125060222,0.00040000000000000024
3.42,0.10166049219692737,0.0018669994741783767,0.021004292207763633,0.00020000000000000006
3.43,0.1030972533420051,0.0018971820638874776,0.020878109841767658,0.00030000000000000236
3.44,0.1046131990391124,0.0019288367441767543,0.02070962120714402,0.00040000000000000024
3.44,0.10461317526010573,0.0019299696478899024,0.02102537127640491,0.00020000000000000006
3.45,0.10596759011431676,0.0019584509200552655,0.02125438037082312,0.00030000000000000236
3.46,0.10740315503446367,0.001988967558337216,0.02134124278440255,0.00040000000000000024
3.46,0.10740315501623905,0.001988968422954168,0.02134148648474961,0.00020000000000000006
3.47,0.10886965227033019,0.002020270406683789,0.021072843437733663,0.00030000000000000236
3.48,0.11034682461673188,0.0020514032367370903,0.02171867606502369,0.00040000000000000024
3.48,0.11034684097574947,0.0020506290873762807,0.021504530565392616,0.00020000000000000006
3.49,0.11190639349615177,0.0020841717029154543,0.02135237442988227,0.00030000000000000236
3.5,0.11343808527892477,0.002116881930648299,0.02141168434981352,0.00040000000000000024
3.5,0.11343808857975012,0.002116726809472037,0.021370164540721198,0.00020000000000000006
3.51,0.1149938576662604,0.0021499789128926997,0.021323044279933877,0.00029999999999999797
3.52,0.11649440952809324,0.002181980096850339,0.02143482097556595,0.0004000000000000003
3.52,0.11649440633658796,0.002182129844275277,0.021474527700395863,0.0002000000000000001
3.53,0.1180558177947408,0.0022156655731037306,0.02134546952277606,0.00029999999999999797
3.54,0.11959180116115736,0.0022484568396084264,0.020873464885295182,0.0004000000000000003
3.54,0.11959176794473296,0.0022500121142729522,0.021280779551790665,0.0002000000000000001
3.5500000000000003,0.12108005785722235,0.0022816888657876543,0.020774078356111416,0.0003000000000000024
3.56,0.12265179750340331,0.00231434500620802,0.02075641846638057,0.0004000000000000003
3.56,0.12265176848019234,0.0023157163176840017,0.021114264183475347,0.0002000000000000001
3.5700000000000003,0.12424008590624394,0.002349257455922024,0.02112549998843962,0.0003000000000000024
3.58,0.12583059830336285,0.0023828628249080177,0.021559586376814835,0.0004000000000000003
3.58,0.12583060214850708,0.002382680969725889,0.02151299397643108,0.0002000000000000001
3.59,0.12746495409962158,0.0024178461985000354,0.021872992114708657,0.00029999999999999797
3.6,0.12910909204095952,0.002453814150931966,0.0222337560729806,0.0004000000000000003
3.6,0.12910911154977867,0.0024529044675571676,0.022006439428642454,0.0002000000000000001
3.61,0.13069941723034684,0.0024879070837671045,0.021717116032876748,0.00029999999999999797
3.62,0.13233937409797103,0.0025235278174989954,0.021433935115884137,0.0004000000000000003
3.62,0.13233935328039506,0.0025244897627626586,0.021672866153918554,0.0002000000000000001
3.63,0.13395081000028813,0.0025594201178191054,0.021995166412179298,0.00029999999999999797
3.64,0.13566600987747898,0.0025971523095299487,0.022551629117943898,0.0004000000000000003
3.64,0.13566604322165196,0.0025956199539397162,0.022178352441900195,0.0002000000000000001
3.65,0.13740865454306542,0.0026342745400002384,0.022178068369888625,0.00029999999999999797
3.66,0.13908004979279548,0.0026713489368751443,0.022568251117723086,0.0004000000000000003
3.66,0.13908006201302642,0.00267079282970889,0.02243512913631764,0.0002000000000000001
3.67,0.14071163684845744,0.0027074035645317835,0.022526122657746242,0.00029999999999999797
3.68,0.14236982515712426,0.002744762436933135,0.022298774849818053,0.0004000000000000003
3.68,0.1423698196882168,0.00274500842509599,0.022358075663779942,0.0002000000000000001
3.69,0.14411069589510325,0.002783937553944022,0.022346456523751085,0.00029999999999999797
3.7,0.1457760606635671,0.0028211587511884134,0.022113541500149853,0.0004000000000000003
3.7,0.14577603797639693,0.0028221763713946425,0.022356205705690916,0.0002000000000000001
3.71,0.1475198619334704,0.0028611681547401884,0.022027930857929878,0.00029999999999999797
3.72,0.14926275011857235,0.0028995665860625554,0.02182444530841991,0.0004000000000000003
3.72,0.14926270457749774,0.0029016154606907978,0.022303619590309555,0.0002000000000000001
3.73,0.151068744642297,0.00294190337190907,0.02246092793559064,0.00029999999999999797
3.74,0.15281456911023442,0.002981122805006963,0.02227058641752271,0.0004000000000000003
3.74,0.15281454127809435,0.002982370022029249,0.022557282507568138,0.0002000000000000001
3.75,0.154560591053126,0.0030217628417327762,0.021558904732570557,0.00029999999999999797
3.76,0.15632958212347162,0.0030599062613881397,0.0217075243361558,0.00039999999999999584
3.76,0.156329526920664,0.003062400060667157,0.02227754557233897,0.00019999999999999895
3.77,0.15801420586203133,0.003099936782451522,0.022550759505382278,0.0003000000000000013
3.78,0.15984547855890888,0.0031412403743298098,0.022223693878486085,0.00039999999999999915
3.78,0.15984542538432941,0.003143625487899872,0.02276536434230939,0.0001999999999999998
3.79,0.16161786303154238,0.0031839826488120654,0.02284306529688598,0.0003000000000000021
3.8,0.16341218528549734,0.0032249775999363363,0.02276314643862376,0.00039999999999999996
3.8,0.16341214406185536,0.0032268051279614124,0.02317534709194765,0.00019999999999999998
3.81,0.16528761032550174,0.003270277492814103,0.023066603982248142,0.0003000000000000023
3.82,0.1670086595277416,0.003309983295511183,0.023081137966418554,0.0004000000000000002
3.82,0.1670086210557842,0.0033116678911906997,0.02346009783193374,0.00020000000000000004
3.83,0.16878256863671848,0.003353292511668361,0.023613959005387337,0.00030000000000000236
3.84,0.17059324773959852,0.0033960577629776056,0.02409259443780296,0.00040000000000000024
3.84,0.1705932498814713,0.0033959654381431085,0.0240719292029634,0.00020000000000000006
3.85,0.17239848615652692,0.003439429353443089,0.024109639104016048,0.00030000000000000236
3.86,0.17422122570992754,0.0034833834630568316,0.023680614139309348,0.00040000000000000024
3.86,0.17422120812768274,0.003484126807450306,0.02384567366248766,0.00020000000000000006
3.87,0.17612813697624116,0.003529607431136492,0.02387590992107512,0.00030000000000000236
3.88,0.17805155108388412,0.0035755394214258417,0.02405326758161686,0.00040000000000000024
3.88,0.1780515355176428,0.003576194456107291,0.024194202798980637,0.00020000000000000006
3.89,0.17989519886776248,0.0036208091266391857,0.02448066801953401,0.00030000000000000236
3.9,0.1816604939411043,0.003664033364437863,0.024553816410106136,0.00040000000000000024
3.9,0.1816605067821817,0.003663499671363643,0.024437026600584333,0.00020000000000000006
3.91,0.18359381564510494,0.00371075339799058,0.0245735007702728,0.00030000000000000236
3.92,0.18544628799324636,0.0037562842937493065,0.024324663206763946,0.00040000000000000024
3.92,0.18544627892252277,0.003756657649151875,0.024405112942765293,0.00020000000000000006
3.93,0.18739983024625914,0.0038043437576567784,0.02437357418103139,0.00030000000000000236
3.94,0.1893334277820631,0.0038514817754466473,0.02404068736853579,0.00040000000000000024
3.94,0.18933341029763454,0.0038521999928506924,0.024191973831214048,0.00020000000000000006
3.95,0.19125075465323854,0.003898593388282971,0.023920104441421536,0.00030000000000000236
3.96,0.19322018836460078,0.003945711435224926,0.0236683491227567,0.00040000000000000024
3.96,0.19322016112373355,0.003946837744748042,0.0239025360002727,0.00020000000000000006
3.97,0.19519104040235966,0.003993955731325094,0.023816140331890567,0.00030000000000000236
3.98,0.19716689398416468,0.004041021836606771,0.023570201179101184,0.00040000000000000024
3.98,0.19716685083639507,0.004042818280422584,0.023938925324657193,0.00020000000000000006
3.99,0.19915263839621045,0.00409036498343836,0.024209809473977075,0.00030000000000000236
4.0,0.20113240172831293,0.004138304042810042,0.024154002648366153,0.00040000000000000024
4.0,0.20113239320394657,0.00413865830142603,0.024226098117914086,0.00020000000000000006
4.01,0.2031787680522543,0.004188243680282995,0.024390176124707442,0.00029999999999999797
4.0200000000000005,0.20523276793616987,0.004238351035571947,0.024277213812783405,0.00040000000000000474
4.0200000000000005,0.20523277870563095,0.0042379059955680665,0.024188570294418926,0.00020000000000000118
4.03,0.2072279107507658,0.0042861748014715395,0.02412493921297726,0.00029999999999999905
4.04,0.2092564889268953,0.004335123623306443,0.023834424173017434,0.00039999999999999693
4.04,0.2092564602311942,0.004336310533484163,0.024070424234771706,0.00019999999999999922
4.05,0.2112457746076066,0.004384203424297363,0.023781050563159493,0.0002999999999999971
4.0600000000000005,0.2133106315481433,0.004433317150520538,0.023866559551499918,0.00040000000000000387
4.0600000000000005,0.21331057689424532,0.004435590890721021,0.024316098385697017,0.00020000000000000096
4.07,0.21539488095936557,0.0044862830247853645,0.024068099681568027,0.00029999999999999884
4.08,0.2173371797038941,0.0045330394931885586,0.02398869379996948,0.0003999999999999967
4.08,0.21733711187467686,0.004535853259375577,0.024548330330618196,0.00019999999999999914
4.09,0.2193689396518584,0.0045857412604051176,0.02470766299946826,0.000299999999999997
4.1,0.2213934504980463,0.004635772373353865,0.024829379057396433,0.00039999999999999487
4.1,0.22139342850466823,0.00463667453301929,0.025008087528510418,0.00019999999999999876
4.11,0.22347896484173538,0.004688840683714784,0.025826848088937378,0.0003000000000000055
4.12,0.2255234801060674,0.004741655812407219,0.025612274342575306,0.0004000000000000034
4.12,0.2255234994488369,0.004740880411293096,0.02546024279563561,0.00020000000000000085
4.13,0.22763107896201773,0.0047945514948718165,0.025001405921140547,0.0002999999999999987
4.14,0.22979632289875296,0.004848696919488136,0.025293543398911263,0.0003999999999999966
4.14,0.22979630476669305,0.0048494201954514815,0.0254318938243463,0.0001999999999999992
4.15,0.2319944314519052,0.004905334775275531,0.025674628577664223,0.00030000000000000594
4.16,0.23416453045294627,0.004961063506852329,0.02529047453678568,0.0004000000000000038
4.16,0.23416449126744646,0.004962610428758263,0.025580129634870306,0.00020000000000000099
4.17,0.23635562712292343,0.0050186721963981,0.02516967595641832,0.00029999999999999884
4.18,0.23855211876034088,0.005073968856689532,0.025313220211252575,0.0003999999999999967
4.18,0.23855207613574644,0.005075651281987834,0.025624019614597697,0.00019999999999999914
4.19,0.24071078340720006,0.0051309781490133845,0.02485313860706913,0.0003000000000000059
4.2,0.2428545442795343,0.0051842683076274805,0.024444036151103358,0.00040000000000000376
4.2,0.2428544342099365,0.005188627162744179,0.02525216180178106,0.00020000000000000096
4.21,0.24502861367839537,0.0052435415674175374,0.025368749409672764,0.00029999999999999884
4.22,0.2472779073017972,0.0053006155779963095,0.02581784864941796,0.0003999999999999967
4.22,0.24727787889991298,0.005301738592556697,0.026023117235479516,0.00019999999999999914
4.23,0.249446942953925,0.005358197145927888,0.0262419409813004,0.0003000000000000059
4.24,0.25166144971163257,0.005416323444866764,0.02644909145287947,0.00040000000000000376
4.24,0.25166145056369243,0.005416290325449514,0.026443048742832577,0.00020000000000000096
4.25,0.25393502706462684,0.005476424636339176,0.026755491852600784,0.00029999999999999884
4.26,0.2562856205738994,0.005539330933165601,0.027028454306374943,0.0003999999999999967
4.26,0.2562856569751047,0.005537941361236274,0.02678208405421941,0.00019999999999999914
4.2700000000000005,0.2585907673724813,0.005599691786474665,0.026300872001846897,0.0003000000000000059
4.28,0.26082604258534814,0.005658495033134115,0.026586829146316535,0.00040000000000000376
4.28,0.26082603888851696,0.005658635331411585,0.02661166465458471,0.00020000000000000096
4.29,0.26318478602426465,0.0057214203409367516,0.026911001415210835,0.00029999999999999884
4.3,0.26540347144101284,0.005781141804824003,0.026810123757527744,0.0003999999999999967
4.3,0.26540345885381994,0.005781615501528751,0.026893698546570657,0.00019999999999999914
4.3100000000000005,0.2677598019198939,0.005845001564124369,0.02700949429699889,0.0003000000000000059
4.32,0.2700428593723501,0.005906680790690426,0.02682367351455101,0.00040000000000000376
4.32,0.27004282357730824,0.005908017798350867,0.027057235081277727,0.00020000000000000096
4.33,0.27231769027656505,0.005969584426330258,0.02746216086311669,0.00029999999999999884
4.34,0.2746783410383546,0.006034429299470515,0.02721692478138371,0.0003999999999999967
4.34,0.27467831995209285,0.006035209011198318,0.02735205356056896,0.00019999999999999914
4.3500000000000005,0.2769783558353171,0.0060981354091269825,0.027278119133099604,0.0003000000000000059
4.36,0.27928983755810305,0.0061612039267171705,0.02718403855129714,0.00040000000000000376
4.36,0.2792897828235157,0.006163217782877342,0.027533139171127513,0.00020000000000000096
4.37,0.28163397055937256,0.006227776944411741,0.027815079681297768,0.00029999999999999884
4.38,0.2840237666691817,0.006294266461686122,0.028160617719639354,0.0003999999999999967
4.38,0.28402378434542574,0.006293622482842296,0.028050513094320505,0.00019999999999999914
4.39,0.2864222072505122,0.006360917126716743,0.02793372404312917,0.000299999999999997
4.4,0.2888175298034752,0.006427844814545182,0.027988043750836876,0.00040000000000000376
4.4,0.288817502557346,0.006428827670676456,0.02815406398580962,0.00020000000000000096
4.41,0.2912548054563582,0.006497465788771396,0.028204855593722704,0.00029999999999999884
4.42,0.29365469637296365,0.00656517232029569,0.027925559497931785,0.0003999999999999967
4.42,0.29365464611535685,0.006566969873343234,0.028226223094839915,0.00019999999999999914
4.43,0.29614838031698015,0.006637377270570149,0.028104545201203947,0.000299999999999997
4.44,0.2986023823102192,0.006706364044892928,0.028347940981723982,0.00040000000000000376
4.44,0.2986023121994267,0.006708862501108747,0.02875909592651319,0.00020000000000000096
4.45,0.30108668292747337,0.0067803304616538135,0.02961371052122295,0.00029999999999999884
4.46,0.30356730693057815,0.006853812424587395,0.029311420903509945,0.0003999999999999967
4.46,0.3035673255949467,0.006853161580290493,0.029205437333263574,0.00019999999999999914
4.47,0.30601147777301585,0.006924564415910931,0.029178923625486835,0.000299999999999997
4.48,0.3085495706409692,0.006998644259148942,0.029106535765311255,0.00040000000000000376
4.48,0.3085495704058201,0.006998652384637338,0.029107847143986842,0.00020000000000000096
4.49,0.3110762766942969,0.007072220143406088,0.02919910560513688,0.00029999999999999884
4.5,0.31355428989131323,0.007144596482666433,0.029114502593898094,0.0003999999999999967
4.5,0.3135542734758882,0.0071451614504098575,0.0292053343845363,0.00019999999999999914
4.51,0.3160614952152236,0.007218406525701253,0.029047848738500966,0.000299999999999997
4.5200000000000005,0.31865869209561476,0.007293870734021759,0.028752563801169112,0.00040000000000000376
4.5200000000000005,0.3186586253487543,0.0072961654597358495,0.02911614371241013,0.00020000000000000096
4.53,0.3212267873266785,0.0073709615702863465,0.028507813089567277,0.00029999999999999884
4.54,0.3237550419952365,0.00744305611317995,0.028407299901218763,0.0003999999999999967
4.54,0.32375490414274366,0.007447822205320267,0.02915952288116895,0.00019999999999999914
4.55,0.32631166395520056,0.007522397239269451,0.02914473690707831,0.000299999999999997
4.5600000000000005,0.32893564855207885,0.007598894240471311,0.029127918605976227,0.00040000000000000376
4.5600000000000005,0.328935574325875,0.0076014500067731125,0.029526362258883724,0.00020000000000000096
4.57,0.3314589127447184,0.007675976669887544,0.02957685025335098,0.00029999999999999884
4.58,0.33399038858546715,0.007750871592134542,0.02912122405823436,0.0003999999999999967
4.58,0.33399028891750393,0.007754272991432432,0.02965540846650829,0.00019999999999999914
4.59,0.33651815276307595,0.00782925980982663,0.029259413933794217,0.000299999999999997
4.6000000000000005,0.33908734869815754,0.00790445443676652,0.028929898295846492,0.00040000000000000376
4.6000000000000005,0.33908720216596167,0.0079094447250956,0.029712742625688928,0.00020000000000000096
4.61,0.34162864446693736,0.0079849801761416,0.02961225377649382,0.00029999999999999884
4.62,0.3441927248776529,0.008060930577201943,0.029912790412221703,0.0003999999999999967
4.62,0.34419264808633115,0.00806353258330603,0.03032056051045418,0.00019999999999999914
4.63,0.3467190118853374,0.008140156832337972,0.030505726668919684,0.000299999999999997
4.64,0.3493006288384479,0.008218935372075832,0.030592566395690215,0.00039999999999999487
4.64,0.3493006190686273,0.008219261273601605,0.03064356879483449,0.00019999999999999876
4.65,0.351910664801206,0.008299267433816503,0.030577509353237248,0.0003000000000000055
4.66,0.3545463822961077,0.008379886237501587,0.03054665550491868,0.0004000000000000034
4.66,0.35454633390624307,0.008381483270959372,0.03079323405386906,0.00020000000000000085
4.67,0.3573174271902125,0.008466841176193892,0.03066448596747306,0.0002999999999999987
4.68,0.3600516826648153,0.008550712004686897,0.030571485236686166,0.0003999999999999966
4.68,0.360051602708753,0.00855333185962958,0.030963994914258035,0.0001999999999999992
4.69,0.3627106092495315,0.008635691647654464,0.031168872943306093,0.00030000000000000594
4.7,0.3654057395770982,0.008719723036289248,0.03099949193690639,0.0004000000000000038
4.7,0.36540568054766226,0.008721639015164878,0.03128596502595138,0.00020000000000000099
4.71,0.3680879681396728,0.008805584361638646,0.03128048725697888,0.00029999999999999884
4.72,0.37080799976934486,0.008890696037889083,0.03140868734009717,0.0003999999999999967
4.72,0.37080796672690985,0.008891760128370323,0.03156691054252348,0.00019999999999999914
4.73,0.3735607690046766,0.008978686466690285,0.031650444113895004,0.0003000000000000059
4.74,0.37629033944878815,0.009065107442835889,0.03133067425243901,0.00040000000000000376
4.74,0.37629028088965155,0.009066975809471236,0.031605992639497954,0.00020000000000000096
4.75,0.3790294001708889,0.009153577231739408,0.03168468728179616,0.00029999999999999884
4.76,0.381757626808454,0.009240049178476598,0.031036373330359537,0.0003999999999999967
4.76,0.38175752466870566,0.009243291339634382,0.031512543315079064,0.00019999999999999914
4.7700000000000005,0.3844969400678893,0.009329645872464579,0.031796051529153505,0.0003000000000000059
4.78,0.38729966548082045,0.00941879151789365,0.03195434804300207,0.00040000000000000376
4.78,0.38729963757118696,0.00941967473024445,0.03208279348214054,0.00020000000000000096
4.79,0.39016097405602423,0.009511505907382107,0.031480080533033444,0.00029999999999999884
4.8,0.39302363116544603,0.009601652363936062,0.03181381134540177,0.0003999999999999967
4.8,0.3930235731337934,0.009603484908586103,0.03207501592157599,0.00019999999999999914
4.8100000000000005,0.39584945970428104,0.00969415636192456,0.031590278028409406,0.0003000000000000059
4.82,0.3986777541584441,0.009783532702966682,0.03161665070120315,0.00040000000000000376
4.82,0.39867767552480465,0.009786010816045796,0.03196855360144847,0.00020000000000000096
4.83,0.40152334096972814,0.009877013627739252,0.03183941281364822,0.00029999999999999884
4.84,0.4043569692291937,0.009967265187166332,0.03183029916372416,0.0003999999999999967
4.84,0.4043569194796331,0.00996882880469663,0.03205149050112276,0.00019999999999999914
4.8500000000000005,0.4071965152505788,0.010059873260308546,0.03206323700258645,0.0003000000000000059
4.86,0.41003393276241057,0.010150881239556452,0.03224892343902615,0.00040000000000000376
4.86,0.410033930111757,0.010150964219041863,0.03226063973848158,0.00020000000000000096
4.87,0.4129425735968725,0.010244831484986333,0.03234811369654038,0.00029999999999999884
4.88,0.41583758929392206,0.010338512460125949,0.032815011630958346,0.0003999999999999967
4.88,0.41583763387258255,0.010337125277732727,0.032621454413851635,0.00019999999999999914
4.89,0.4187469244949666,0.010432064248265973,0.03248158327782876,0.000299999999999997
4.9,0.4217050725134523,0.010528183385457204,0.03242504069799438,0.00040000000000000376
4.9,0.4217050586014685,0.010528613499880943,0.03248431248045484,0.00020000000000000096
4.91,0.4246029971971654,0.010622784169025753,0.03226056859650749,0.00029999999999999884
4.92,0.4275365404317819,0.010717454786690665,0.032480941725954136,0.0003999999999999967
4.92,0.42753651487442296,0.010718244744994903,0.032589490497897805,0.00019999999999999914
4.93,0.4304552872903214,0.010813399740537653,0.03233482103774505,0.000299999999999997
4.94,0.43341830448016455,0.010909241775679408,0.03262789665417473,0.00040000000000000376
4.94,0.433418272428259,0.010910231024405609,0.032763033012691796,0.00020000000000000096
4.95,0.4364654766482464,0.011010102413945818,0.033030088023604826,0.00029999999999999884
4.96,0.4393625249115103,0.011105826987034745,0.0333880876272273,0.0003999999999999967
4.96,0.439362581421533,0.011104097126554524,0.03315294282514473,0.00019999999999999914
4.97,0.44225156882397837,0.01119991066675284,0.0327640270330631,0.000299999999999997
4.98,0.44515025086465404,0.01129491716183089,0.033066193595586234,0.00040000000000000376
4.98,0.44515022620135053,0.011295669133028003,0.03316924862279183,0.00020000000000000096
4.99,0.4481303178799987,0.011394552801402051,0.033740376755654146,0.00029999999999999884
5.0,0.4511887985620428,0.011497786268995513,0.033570566249607324,0.0003999999999999967
5.0,0.45118882581523684,0.01149696464154858,0.033460018083638576,0.00019999999999999914
5.01,0.45422306941117635,0.011598528392639576,0.03332466332163924,0.000299999999999997
5.0200000000000005,0.45723048383417714,0.011698786581851462,0.03368660591579038,0.00040000000000000376
5.0200000000000005,0.45723051953576777,0.011697713865105147,0.03354336375794758,0.00020000000000000096
5.03,0.4601968669648499,0.011797252470946653,0.033959511036963604,0.00029999999999999884
5.04,0.4631402914439805,0.011897248169947493,0.03483544027171733,0.0003999999999999967
5.04,0.4631404458308462,0.011892645297632547,0.03421637183489765,0.00019999999999999914
5.05,0.4661504930810121,0.011995678405740897,0.03452276491243571,0.000299999999999997
5.0600000000000005,0.4692724769431083,0.01210350075906863,0.03433453857524688,0.00040000000000000376
5.0600000000000005,0.46927259405119476,0.012100055025090707,0.03387900017047241,0.00020000000000000096
5.07,0.47229579243141917,0.01220251716808974,0.0338630642977354,0.00029999999999999884
5.08,0.47530492639004657,0.012304454631928911,0.03416985792895753,0.0003999999999999967
5.08,0.4753050228425741,0.01230161231719439,0.033793417091349906,0.00019999999999999914
5.09,0.4783082694239991,0.012403140932883196,0.03363168637628185,0.000299999999999997
5.1000000000000005,0.48123867696315886,0.012501732655046009,0.03383264307143593,0.00040000000000000376
5.1000000000000005,0.48123869449556234,0.012501214304279583,0.033763295486484456,0.00020000000000000096
5.11,0.4842812384799484,0.012603979668295318,0.03418303132465222,0.00029999999999999884
5.12,0.4872893975847729,0.012706847734739964,0.03420747861294443,0.0003999999999999967
5.12,0.48728948318432525,0.01270432459582023,0.03387171950291374,0.00019999999999999914
5.13,0.49031033059339996,0.012806685040736301,0.034058326172777785,0.000299999999999997
5.14,0.4933373054593229,0.012909818618391786,0.03391861617397209,0.00039999999999999487
5.14,0.49333731619143056,0.012909502609872826,0.03387669421918222,0.00019999999999999876
5.15,0.4963280006867123,0.0130108558890274,0.03368167234111664,0.0003000000000000055
5.16,0.4993476281797099,0.013112600470633819,0.033543998718847376,0.0004000000000000034
5.16,0.49934754498342687,0.013115057039140527,0.0338702764169286,0.00020000000000000085
5.17,0.5023692981130756,0.013217443808451407,0.03431520265436919,0.0002999999999999987
5.18,0.5054131541969713,0.013321935364130733,0.03424345384416869,0.0003999999999999966
5.18,0.5054131523992028,0.013321988224711678,0.03425044755256335,0.0001999999999999992
5.19,0.5084088015006405,0.013424630686675555,0.033550833695680515,0.00030000000000000594
5.2,0.5113698938792219,0.013524015098392989,0.03370894064236817,0.0004000000000000038
5.2,0.5113698029115847,0.013526696275348046,0.034066535973057206,0.00020000000000000099
5.21,0.5143961506094328,0.013629833359005441,0.034625737255478274,0.00029999999999999884
5.22,0.517429579524457,0.013734910068572734,0.034301193728257455,0.0003999999999999967
5.22,0.5174295251783604,0.013736500373893889,0.03451218948278992,0.00019999999999999914
5.23,0.5203652010264594,0.013837857219969248,0.03417517309825741,0.0003000000000000059
5.24,0.5234669630392292,0.01394390176152093,0.0342776366648615,0.00040000000000000376
5.24,0.5234668994733858,0.013945757891365495,0.03452306781604846,0.00020000000000000096
5.25,0.5264726427211527,0.014049566613828805,0.03475867223185673,0.00029999999999999884
5.26,0.5295143164595117,0.01415533375249661,0.034439264740126506,0.0003999999999999967
5.26,0.5295142397952606,0.014157558303540086,0.03473330389532305,0.00019999999999999914
5.2700000000000005,0.5325048972363131,0.01426147550930375,0.03462797602150867,0.0003000000000000059
5.28,0.5355451891095974,0.014366796763546106,0.034800579961304444,0.00040000000000000376
5.28,0.535545157833071,0.01436770141303071,0.034920269602301574,0.00020000000000000096
5.29,0.5385754394486568,0.01447356269749008,0.03447904308827918,0.00029999999999999884
5.3,0.5415983499182784,0.014577831079336632,0.03479530238307391,0.0003999999999999967
5.3,0.541598312189225,0.014578920840346652,0.03493942262971965,0.00019999999999999914
5.3100000000000005,0.5445839562241819,0.01468327998850012,0.03525008789566175,0.0003000000000000059
5.32,0.5475756913923235,0.014788782617846158,0.03539528102634058,0.00040000000000000376
5.32,0.5475757332962207,0.01478758122370713,0.035235465034206985,0.00020000000000000096
5.33,0.5505926414964327,0.014893927401690535,0.035171204982681725,0.00029999999999999884
5.34,0.5535361334327593,0.014997496268837972,0.03546249157599502,0.0003999999999999967
5.34,0.5535361612019656,0.014996703874140205,0.03535648208496979,0.00019999999999999914
5.3500000000000005,0.5565871297218015,0.015104620359811447,0.035441968845989935,0.0003000000000000059
5.36,0.5595411618744062,0.01520936093504359,0.035373571867938276,0.00040000000000000376
5.36,0.5595411378737709,0.01521004212529433,0.03546465975514666,0.00020000000000000096
5.37,0.5625243661418128,0.015315885679144537,0.03488456722942798,0.00029999999999999884
5.38,0.5654666602460623,0.01541856799151179,0.03551470797348175,0.0003999999999999967
5.38,0.5654666430300642,0.015419057312362162,0.035580498773349026,0.00019999999999999914
5.39,0.5684598676053777,0.015525602700643184,0.03587744297033252,0.000299999999999997
5.4,0.5714200666735937,0.015631852665803036,0.03633123750574006,0.00040000000000000376
5.4,0.5714201680183286,0.015628996131138124,0.03594706360668519,0.00020000000000000096
5.41,0.5744050908339488,0.015736341582391556,0.03620550313150923,0.00029999999999999884
5.42,0.5774008368721835,0.015844851492091507,0.03608649828662705,0.0003999999999999967
5.42,0.5774009138674856,0.01584270072826622,0.03579807745134574,0.00019999999999999914
5.43,0.5804180885047641,0.015950755941229397,0.03600054457993022,0.000299999999999997
5.44,0.5834067593991661,0.01605839622702677,0.03604407018212143,0.00040000000000000376
5.44,0.5834068065116789,0.016057082693207977,0.03586843135280257,0.00020000000000000096
5.45,0.5863845858975912,0.016163936796807887,0.03579975012869386,0.00029999999999999884
5.46,0.5893792571293256,0.016271191102366727,0.03569183023150331,0.0003999999999999967
5.46,0.5893792013855657,0.016272745813460006,0.03589984069056505,0.00019999999999999914
5.47,0.5924090440822379,0.01638156343560339,0.03653426977413004,0.000299999999999997
5.48,0.5953747641844348,0.016489962086653816,0.03602285499062674,0.00040000000000000376
5.48,0.5953747280456273,0.016490963882854506,0.036156851070071924,0.00020000000000000096
5.49,0.5984092629855015,0.016600730948394333,0.03612273800956928,0.00029999999999999884
5.5,0.6013666779549071,0.0167076073645397,0.03569042378688379,0.0003999999999999967
5.5,0.6013665890905793,0.016710068083427954,0.036019683744148344,0.00019999999999999914
5.51,0.6043787178024295,0.016818610952896527,0.03588045531509679,0.000299999999999997
5.5200000000000005,0.6073724791103343,0.01692607459217052,0.03572755494606429,0.00040000000000000376
5.5200000000000005,0.6073723625533229,0.01692930938143414,0.03615954404108662,0.00020000000000000096
5.53,0.6103688331415362,0.017037707639785567,0.035296631979969774,0.00029999999999999884
5.54,0.6133764444811249,0.017143910298314365,0.035396352782904844,0.0003999999999999967
5.54,0.6133762728975737,0.017148697253299205,0.036034783068659954,0.00019999999999999914
5.55,0.6163527528118852,0.017256000509966944,0.03601950344189283,0.000299999999999997
5.5600000000000005,0.6192612437672383,0.017360808239876183,0.035737665140997375,0.00040000000000000376
5.5600000000000005,0.6192611111124877,0.01736449908302579,0.03623517643031708,0.00020000000000000096
5.57,0.62225309214096,0.01747296151758307,0.036627211748225544,0.00029999999999999884
5.58,0.625257061836677,0.017583037780483427,0.03718840030103575,0.0003999999999999967
5.58,0.6252571278866952,0.017581213986294413,0.03694386728188065,0.00019999999999999914
5.59,0.628273959200925,0.017692718135383263,0.03744210746831202,0.000299999999999997
5.6000000000000005,0.6312809066915219,0.017805357228074366,0.03753209039395606,0.00040000000000000376
5.6000000000000005,0.6312809737790138,0.01780353122552911,0.037288388235880515,0.00020000000000000096
5.61,0.6342908292288831,0.01791581593001444,0.037228020021878694,0.00029999999999999884
5.62,0.637332052502787,0.01802908698419504,0.03749547732638442,0.0003999999999999967
5.62,0.6373321552267412,0.018026311115666747,0.037126945068695044,0.00019999999999999914
5.63,0.6403588716389101,0.01813873551002568,0.03763963599641913,0.000299999999999997
5.64,0.6434205937656456,0.01825403207004213,0.037688515856158684,0.00039999999999999487
5.64,0.6434206900087713,0.018251447047021502,0.03734729306960452,0.00019999999999999876
5.65,0.6464122525075507,0.018363225783649698,0.036995235667370126,0.0003000000000000055
5.66,0.649411508809798,0.01847423462598981,0.037070841898133665,0.0004000000000000034
5.66,0.64941151146735,0.01847416317145572,0.0370613564955682,0.00020000000000000085
5.67,0.6524027518319166,0.018585073381644657,0.03729015497913679,0.0002999999999999987
5.68,0.6553610723623454,0.01869544077477975,0.03679628721230585,0.0003999999999999966
5.68,0.6553610292330312,0.018696600052099926,0.036951251894138164,0.0001999999999999992
5.69,0.6583796180413292,0.0188081914809375,0.03701018546471373,0.00030000000000000594
5.7,0.661403459783934,0.01892015555038699,0.037789534823500906,0.0004000000000000038
5.7,0.6614035005837204,0.01891905591691177,0.03764326091222512,0.00020000000000000099
5.71,0.6644193311075742,0.019032635265140454,0.03779152658089418,0.00029999999999999884
5.72,0.6674716708696455,0.019148042791280906,0.03804523684290552,0.0003999999999999967
5.72,0.6674717475831072,0.019145993189154106,0.03777398143455143,0.00019999999999999914
5.73,0.6704471052809696,0.01925843778209221,0.03800072264149202,0.0003000000000000059
5.74,0.6734486006987254,0.019372551711187774,0.03794562712435826,0.00040000000000000376
5.74,0.6734486618318067,0.019370929165593676,0.03772977104295552,0.00020000000000000096
5.75,0.6764128241819907,0.019482819430699037,0.03811432164495988,0.00029999999999999884
5.76,0.6794269810951804,0.019597757639137497,0.037663605148990704,0.0003999999999999967
5.76,0.6794269882675489,0.019597568036697658,0.037638328516158184,0.00019999999999999914
5.7700000000000005,0.6824337848444305,0.019710792305241448,0.03717510587928896,0.0003000000000000059
5.78,0.6854635391603406,0.01982347565653855,0.037493207192379675,0.00040000000000000376
5.78,0.6854634958524909,0.01982462740141336,0.03764623732871765,0.00020000000000000096
5.79,0.6885158632681347,0.01993959186540366,0.03785753833837692,0.00029999999999999884
5.8,0.6914069438370922,0.02004909337615509,0.03815469439327731,0.0003999999999999967
5.8,0.6914069868642408,0.02004795189769602,0.03800163246658304,0.00019999999999999914
5.8100000000000005,0.694398908057034,0.020161704550153856,0.03844655454975343,0.0003000000000000059
5.82,0.697384738697727,0.020276556045104144,0.038489870608207376,0.00040000000000000376
5.82,0.6973848483140579,0.020273670714127157,0.03810331185960519,0.00020000000000000096
5.83,0.7003596808321707,0.020387076573841426,0.03839902821594063,0.00029999999999999884
5.84,0.7033943437961431,0.02050366198941744,0.03834579333294806,0.0003999999999999967
5.84,0.7033944363723749,0.020501235131028566,0.038022017367505,0.00019999999999999914
5.8500000000000005,0.7064861855573358,0.020618846353519356,0.037811960835352626,0.0003000000000000059
5.86,0.7094496999878459,0.02073095607961122,0.03807571490561637,0.00040000000000000376
5.86,0.7094497074857383,0.02073075892795198,0.03804948486235631,0.00020000000000000096
5.87,0.7124655149372456,0.020845564256921294,0.038520226425205396,0.00029999999999999884
5.88,0.7154803941225255,0.020961755559990827,0.03853571750788099,0.0003999999999999967
5.88,0.7154804488138057,0.020960323518113996,0.03834546830661947,0.00019999999999999914
5.89,0.71854841593394,0.02107802384761213,0.03813876577786416,0.000299999999999997
5.9,0.721481701574287,0.021189950014850842,0.03822026114613934,0.00040000000000000376
5.9,0.721481683360688,0.02119042660337183,0.038283827108444954,0.00020000000000000096
5.91,0.7245550697013367,0.021308145111727815,0.03868377759093279,0.00029999999999999884
5.92,0.7276247492571298,0.02142695118069185,0.03840072555343334,0.0003999999999999967
5.92,0.7276247456400456,0.02142704542069776,0.038413145615518104,0.00019999999999999914
5.93,0.7305930622443694,0.021541123914431415,0.03890841907411225,0.000299999999999997
5.94,0.7335000918068828,0.021654288950206473,0.03883990793270274,0.00040000000000000376
5.94,0.7335001492925469,0.021652797806735027,0.038639976989458945,0.00020000000000000096
5.95,0.7364587852848188,0.021767176363281678,0.038556390640863664,0.00029999999999999884
5.96,0.7394790734160654,0.02188368551202333,0.0389246841764193,0.0003999999999999967
5.96,0.7394790872888711,0.021883325927033934,0.03887657066730725,0.00019999999999999914
5.97,0.7425113359658607,0.022001268782122326,0.038766466186887505,0.000299999999999997
5.98,0.7454565902582826,0.022115503114061404,0.03831503200315513,0.00040000000000000376
5.98,0.7454565031352567,0.022117754051722234,0.03861668923211108,0.00020000000000000096
5.99,0.7484311405566689,0.022232681834918732,0.03920589535078868,0.00029999999999999884
6.0,0.7514279445383207,0.022350234454514346,0.03898405844421269,0.0003999999999999967
6.0,0.7514279469530365,0.022350172296765957,0.03897573286227769,0.00019999999999999914
6.01,0.7544518425981765,0.022468090561865838,0.039392277862304065,0.000299999999999997
6.0200000000000005,0.7574867648529892,0.022587704939618272,0.03910696199985371,0.00040000000000000376
6.0200000000000005,0.7574867419705927,0.022588290937008596,0.03918487602940663,0.00020000000000000096
6.03,0.7604711640878862,0.022705295038650247,0.03935919132373313,0.00029999999999999884
6.04,0.7634858655648629,0.02282401256078787,0.03973944338637156,0.0003999999999999967
6.04,0.7634859350735026,0.022822238441984874,0.039503327893956164,0.00019999999999999914
6.05,0.7664724079203717,0.022940275463922116,0.03920202306615522,0.000299999999999997
6.0600000000000005,0.7694628854071623,0.023057568322662442,0.03883429476817053,0.00040000000000000376
6.0600000000000005,0.7694628180750154,0.02305928332116354,0.03906317539735373,0.00020000000000000096
6.07,0.772468427715383,0.023176751733390566,0.038928171153101404,0.00029999999999999884
6.08,0.7754392071283333,0.023292457195524103,0.03945444449575113,0.0003999999999999967
6.08,0.7754392130899811,0.023292304847635448,0.039434069995865385,0.00019999999999999914
6.09,0.7784119922958114,0.02340959443412008,0.039042646046298916,0.000299999999999997
6.1000000000000005,0.781324874192633,0.02352337887181123,0.038909918668415165,0.00040000000000000376
6.1000000000000005,0.7813247836498882,0.023525690044380224,0.03922182869052446,0.00020000000000000096
6.11,0.784355720204367,0.02364462991540445,0.039345072284476326,0.00029999999999999884
6.12,0.7872897766691811,0.023760130184726436,0.03951697104486819,0.0003999999999999967
6.12,0.7872897507045552,0.02376079177663759,0.03960612378658322,0.00019999999999999914
6.13,0.7902890961919827,0.02387964637868549,0.0394304986705437,0.000299999999999997
6.140000000000001,0.7932031559145231,0.02399460879269361,0.039210542888831766,0.00040000000000000376
6.140000000000001,0.7932030191058963,0.023998082535901768,0.03968024323571666,0.00020000000000000096
6.15,0.7961390802223198,0.02411464733951679,0.03980667251362269,0.00029999999999999884
6.16,0.7991588736901445,0.024234918802092054,0.03965558548293859,0.0003999999999999967
6.16,0.7991587754308752,0.024237401243830163,0.03998966439247825,0.00019999999999999914
6.17,0.8021931677226151,0.024358810298150364,0.0401339123650443,0.000299999999999997
6.18,0.8051472694330257,0.024477433654256208,0.040100977297328366,0.00039999999999999487
6.18,0.8051472750297817,0.024477293172830598,0.040082115982653085,0.00019999999999999876
6.19,0.8082424451858082,0.024601420622526,0.040125301838148296,0.0003000000000000055
6.2,0.8112047094373851,0.024720346201570365,0.04007421878707204,0.0004000000000000034
6.2,0.8112046852811489,0.024720950329005155,0.04015484064299945,0.00020000000000000085
6.21,0.8141818322054583,0.02484056148368941,0.040005049615115564,0.0002999999999999987
6.22,0.8172361321946888,0.024962814131132525,0.04027071192706918,0.0003999999999999966
6.22,0.817236118513637,0.024963155853017803,0.04031611761255718,0.0001999999999999992
6.23,0.8202208670177124,0.025083554563415003,0.040490188253059306,0.00030000000000000594
6.24,0.8232158690682979,0.02520488907501437,0.04027589790962948,0.0004000000000000038
6.24,0.8232158369846565,0.02520568641151274,0.04038218660578545,0.00020000000000000099
6.25,0.8261917763206813,0.025325926715677047,0.04046142159709529,0.00029999999999999884
6.26,0.8292188728199732,0.025448474225914477,0.04083102199309415,0.0003999999999999967
6.26,0.8292189005701558,0.025447786410875722,0.04073942443226948,0.00019999999999999914
6.2700000000000005,0.832305208425277,0.02557359042321885,0.04076111402561177,0.0003000000000000059
6.28,0.8352444137458986,0.025693462101461107,0.04080798509537866,0.00040000000000000376
6.28,0.835244420553772,0.025693294254012573,0.04078561172039775,0.00020000000000000096
6.29,0.8381648570184036,0.02581247213183019,0.041282055934822114,0.00029999999999999884
6.3,0.8412156969765736,0.025938488671903934,0.04096354448139186,0.0003999999999999967
6.3,0.8412157105621649,0.025938155983184445,0.04091918244595992,0.00019999999999999914
6.3100000000000005,0.8442622640909866,0.026062888086926028,0.040178694802401486,0.0003000000000000059
6.32,0.8472453733056716,0.02618281005968458,0.04025191154871757,0.00040000000000000376
6.32,0.8472452448732498,0.026185968129555655,0.04067240951640444,0.00020000000000000096
6.33,0.8501821336921017,0.02630548438462092,0.041079174744330885,0.00029999999999999884
6.34,0.8532056474050017,0.026429757744347197,0.041383007271081254,0.0003999999999999967
6.34,0.8532056866590343,0.02642879574731001,0.041254590913810715,0.00019999999999999914
6.3500000000000005,0.856232049902052,0.026553718003013958,0.04156741981482481,0.0003000000000000059
6.36,0.8592131635356901,0.02667770662442893,0.04153824791591279,0.00040000000000000376
6.36,0.8592132319306497,0.026676043927971623,0.041316396329375345,0.00020000000000000096
6.37,0.8621690076613112,0.026798235466236338,0.0415047735339174,0.00029999999999999884
6.38,0.8652054672183974,0.02692433544936844,0.04152251958648166,0.0003999999999999967
6.38,0.8652054399808498,0.02692499503672155,0.041610434680869564,0.00019999999999999914
6.390000000000001,0.8682009385111136,0.027049711019888033,0.04137802053093174,0.0003000000000000059
6.4,0.8711699395616419,0.027172632567311866,0.04181429261713265,0.00040000000000000376
6.4,0.8711699566560741,0.027172219605387064,0.04175905260069256,0.00020000000000000096
6.41,0.8741865288159322,0.02729826207446521,0.04159420208798399,0.00029999999999999884
6.42,0.8772179370845345,0.027424423847548174,0.04096125838734138,0.0003999999999999967
6.42,0.8772177998634191,0.02742772717856457,0.04140054691879373,0.00019999999999999914
6.43,0.8801905927326156,0.027550872794678726,0.04116413221846302,0.000299999999999997
6.44,0.8832228851364927,0.02767576503079326,0.04153785269978237,0.00040000000000000376
6.44,0.883222856691144,0.027676451940624198,0.0416291912549442,0.00020000000000000096
6.45,0.8862108904163981,0.027800913273086935,0.04162617150063944,0.00029999999999999884
6.46,0.8892790924056696,0.027928704593450718,0.04184086738273924,0.0003999999999999967
6.46,0.8892790895349217,0.027928773715518745,0.04185001606962674,0.00019999999999999914
6.47,0.8922060175063373,0.028051337260084727,0.04210491135618397,0.000299999999999997
6.48,0.8952176589459816,0.02817821714334943,0.04213147132256863,0.00040000000000000376
6.48,0.8952177062005495,0.02817708607356952,0.04198065999548629,0.00020000000000000096
6.49,0.8982779089746694,0.02830563092940257,0.04256355961485784,0.00029999999999999884
6.5,0.9013000017601139,0.02843433969058573,0.04195509348720055,0.0003999999999999967
6.5,0.9013000138304708,0.028434052766220214,0.04191707324237425,0.00019999999999999914
6.51,0.9042323424335995,0.02855703943836343,0.041556074555055326,0.000299999999999997
6.5200000000000005,0.9073224899688508,0.028685527810745078,0.04147621579762376,0.00040000000000000376
6.5200000000000005,0.9073223807358659,0.02868813518482587,0.041821239570847546,0.00020000000000000096
6.53,0.9102591606145084,0.028811026614414974,0.04187923998792728,0.00029999999999999884
6.54,0.9132743133680092,0.028937372793772956,0.041751907984891305,0.0003999999999999967
6.54,0.9132742174639183,0.02893966236223052,0.042056846429951555,0.00019999999999999914
6.55,0.916263199183055,0.029065443675874502,0.04186723697209554,0.000299999999999997
6.5600000000000005,0.9192417094688382,0.02919021858489984,0.042105413683570875,0.00040000000000000376
6.5600000000000005,0.9192416361647447,0.029191966938736352,0.042339072041257336,0.00020000000000000096
6.57,0.9222146805253788,0.02931791814701894,0.0421028384481917,0.00029999999999999884
6.58,0.9252444326151483,0.029445554736998187,0.04181120253297105,0.0003999999999999967
6.58,0.9252443382399745,0.02944779777269833,0.04211027007888607,0.00019999999999999914
6.59,0.9282456343597932,0.029574257921262358,0.04227229395654355,0.000299999999999997
6.6000000000000005,0.931158198589911,0.029697452081780294,0.042415478065817656,0.00040000000000000376
6.6000000000000005,0.9311581346918377,0.02969896796438186,0.0426193594588957,0.00020000000000000096
6.61,0.9341328854214905,0.029825826753514913,0.04247641255237616,0.00029999999999999884
6.62,0.9370909510641678,0.02995155039131445,0.04259265991284372,0.0003999999999999967
6.62,0.937090925928952,0.029952143824406734,0.042672599877533385,0.00019999999999999914
6.63,0.9400326030522014,0.030077749084845312,0.04244504919129529,0.000299999999999997
6.640000000000001,0.9430140770492751,0.030204373946147035,0.04237363592853604,0.00040000000000000376
6.640000000000001,0.9430139599579922,0.03020713174502711,0.04274537275052306,0.00020000000000000096
6.65,0.945961412621125,0.030333198498797943,0.04312748440441934,0.00029999999999999884
6.66,0.948895372347951,0.03045981130999043,0.04338218576107781,0.0003999999999999967
6.66,0.9488953694500888,0.030459879130862958,0.04339137117607245,0.00019999999999999914
6.67,0.9518991584786529,0.030590299518129284,0.043233570374367286,0.000299999999999997
6.68,0.9548793242104109,0.030719223058482757,0.04333888012587837,0.00039999999999999487
6.68,0.9548792804110432,0.030720240987121457,0.04347590497781551,0.00019999999999999876
6.69,0.9577753666206131,0.030846230345757314,0.04387572518704105,0.0003000000000000055
6.7,0.9608188018154405,0.030979849025179047,0.04385608364173948,0.0004000000000000034
6.7,0.9608188438016697,0.03097888135439378,0.04372610795327339,0.00020000000000000085
6.71,0.9638695943323494,0.031112363883925048,0.04396981352029761,0.0002999999999999987
6.72,0.9668297145800371,0.031242603762884867,0.04402206751190983,0.0003999999999999966
6.72,0.9668297604851288,0.03124155197040805,0.043881227075944135,0.0001999999999999992
6.73,0.9698007712663155,0.03137200731318074,0.044258643030386215,0.00030000000000000594
6.74,0.9728165450478903,0.03150556858766202,0.044033406534248816,0.0004000000000000038
6.74,0.9728165858257143,0.03150463952972881,0.043909222874262036,0.00020000000000000099
6.75,0.9758361299120577,0.031637310639133776,0.04391260254151471,0.00029999999999999884
6.76,0.9789571603978552,0.03177445137196412,0.043741527584492235,0.0003999999999999967
6.76,0.9789571323680556,0.031775089632813606,0.04382560656510417,0.00019999999999999914
6.7700000000000005,0.9819834044095607,0.0319078028182332,0.04384413587634734,0.0003000000000000059
6.78,0.98493702983721,0.032037385015762906,0.0433915124478636,0.00040000000000000376
6.78,0.984936931066317,0.032039635407289706,0.043690609216063006,0.00020000000000000096
6.79,0.9879430781093784,0.03217105943740478,0.04382065514269125,0.00029999999999999884
6.8,0.991004527709147,0.032305300100757925,0.04390780038367987,0.0003999999999999967
6.8,0.9910045483077285,0.03230483028147547,0.043845664343445355,0.00019999999999999914
6.8100000000000005,0.9940143289055436,0.03243688074195796,0.04366833581172277,0.0003000000000000059
6.82,0.9970820045591073,0.03257092624823748,0.043614700405145104,0.00040000000000000376
6.82,0.9970819267457383,0.03257270261160988,0.04384885708625674,0.00020000000000000096
6.83,1.000041021244823,0.03270253874701619,0.043813505242065266,0.00029999999999999884
6.84,1.0029778518660173,0.032831293988563076,0.04359356617594152,0.0003999999999999967
6.84,1.0029777541518927,0.03283352337996485,0.04389180139913099,0.00019999999999999914
6.8500000000000005,1.005964258590607,0.03296469068132803,0.04402171090276619,0.0003000000000000059
6.86,1.0089310440096375,0.03309537808244913,0.043488210153446186,0.00040000000000000376
6.86,1.0089309221671814,0.03309815267056994,0.04386033935592315,0.00020000000000000096
6.87,1.0119675392022855,0.03323142519527566,0.04349630302348228,0.00029999999999999884
6.88,1.0149906895969183,0.03336300405065086,0.04386191796488916,0.0003999999999999967
6.88,1.0149906236430875,0.033364510157496946,0.04406236708301826,0.00019999999999999914
6.890000000000001,1.0179144414291512,0.03349342392923117,0.043751351676877034,0.0003000000000000059
6.9,1.020881270089112,0.03362330957874693,0.04341759431464344,0.00040000000000000376
6.9,1.0208811032118255,0.03362711553348822,0.04392888202400474,0.00020000000000000096
6.91,1.0238381047095995,0.03375709692457296,0.043764205864225296,0.00029999999999999884
6.92,1.0268631258713323,0.03388956915918244,0.04355154653298384,0.0003999999999999967
6.92,1.0268629841092505,0.0338928019105959,0.04398435762611138,0.00019999999999999914
6.93,1.0297779311700845,0.034021096729319696,0.0443793732145546,0.000299999999999997
6.94,1.032792943115978,0.03415498898280495,0.044845552353233724,0.00040000000000000376
6.94,1.0327930529789948,0.03415249505452998,0.044510946491558394,0.00020000000000000096
6.95,1.0357954776861982,0.03428622414746309,0.04487469363198919,0.00029999999999999884
6.96,1.0387351786311683,0.034418230947678534,0.04546439758206358,0.0003999999999999967
6.96,1.0387353606329892,0.0344141321507003,0.04491293949022999,0.00019999999999999914
6.97,1.0417066628148344,0.03454767186874392,0.045145264195778544,0.000299999999999997
6.98,1.0446872260984692,0.03468232167442725,0.04541929189637707,0.00040000000000000376
6.98,1.044687368319254,0.03467914310050563,0.044991914887223275,0.00020000000000000096
6.99,1.047650968356904,0.034812571184908034,0.04485350098524078,0.00029999999999999884
7.0,1.0507097837693766,0.034949861846166025,0.04479993567059936,0.0003999999999999967
7.0,1.0507098085274666,0.03494930972229801,0.04472626622836021,0.00019999999999999914
7.01,1.053664216298258,0.03508153753378138,0.044544685607127085,0.000299999999999997
7.0200000000000005,1.0566551067114125,0.03521485399538426,0.04493553967631675,0.00040000000000000376
7.0200000000000005,1.0566551646184534,0.035213559819416075,0.0447622360012037,0.00020000000000000096
7.03,1.0596875985861864,0.03534938907490584,0.04502258963713917,0.00029999999999999884
7.04,1.0627241037040989,0.03548619284653393,0.04484701460669662,0.0003999999999999967
7.04,1.062724124609524,0.03548572670038242,0.04478508830966478,0.00019999999999999914
7.05,1.0656849563028752,0.035618416533285666,0.04495258666935886,0.000299999999999997
7.0600000000000005,1.068665911457618,0.03575250851186037,0.04522713773822394,0.00040000000000000376
7.0600000000000005,1.0686660152414937,0.035750196112999205,0.04491798728596335,0.00020000000000000096
7.07,1.0715907123693649,0.03588165604560637,0.04420169005951359,0.00029999999999999884
7.08,1.074590315645077,0.03601432999681091,0.044311393288337976,0.0003999999999999967
7.08,1.0745902734949158,0.03601527299460347,0.04443793661328536,0.00019999999999999914
7.09,1.0776040755321525,0.03614928836484815,0.04427858693098447,0.000299999999999997
7.1000000000000005,1.0805991178461785,0.03628199134317106,0.04427084158117142,0.00040000000000000376
7.1000000000000005,1.0805990689623457,0.03628308901126218,0.04441760492478175,0.00020000000000000096
7.11,1.0836403062168818,0.036418262393397634,0.04441862465744261,0.00029999999999999884
7.12,1.0866025146999494,0.03654992622309193,0.044619751344393076,0.0003999999999999967
7.12,1.086602481471251,0.03655067308923068,0.044719574932063896,0.00019999999999999914
7.13,1.0895633180966031,0.036683168779748254,0.04448330156977788,0.000299999999999997
7.140000000000001,1.092549300063965,0.03681608279614703,0.04449781307707421,0.00040000000000000376
7.140000000000001,1.092549236320679,0.036817513663761695,0.04468959692236952,0.00020000000000000096
7.15,1.0955102010760949,0.03694992614656267,0.044958401309518184,0.00029999999999999884
7.16,1.0984617083302464,0.037082710670140545,0.04530992706734119,0.0003999999999999967
7.16,1.0984617714404368,0.03708129924864737,0.04511982460456089,0.00019999999999999914
7.17,1.101485321446511,0.03721781394598858,0.04501011397544833,0.000299999999999997
7.18,1.1045038884375429,0.03735377181551895,0.04530130221422303,0.00039999999999999487
7.18,1.1045038781542635,0.037354000837673644,0.0453318875792347,0.00019999999999999876
7.19,1.1074346295918895,0.03748694841304967,0.045318534915859784,0.0003000000000000055
7.2,1.110434045141928,0.03762297066358815,0.045375477202792336,0.0004000000000000034
7.2,1.1104340176435719,0.03762358001909793,0.04545717207329446,0.00020000000000000085
7.21,1.1135068022709314,0.037763356407769504,0.04549108260059226,0.0002999999999999987
7.22,1.116377683231478,0.03789404605452187,0.04560546303553721,0.0003999999999999966
7.22,1.1163776651364377,0.037894445357045003,0.04565928455050487,0.0001999999999999992
7.23,1.1193332071207747,0.0380294871462565,0.04601036493756216,0.00030000000000000594
7.24,1.122282698855259,0.03816529018044537,0.046081052435201345,0.0004000000000000038
7.24,1.1222827506743616,0.038164154008729384,0.04592750319072024,0.00020000000000000099
7.25,1.1253138091803485,0.03830346092005096,0.045543833203137624,0.00029999999999999884
7.26,1.1282911709925971,0.03843915522367415,0.04529514588350091,0.0003999999999999967
7.26,1.1282910853757826,0.03844102990542106,0.04554684018145908,0.00019999999999999914
7.27,1.1313067340552567,0.03857847823320596,0.04535062301556168,0.000299999999999997
7.28,1.1343256524590415,0.038715482000789,0.0459750494341685,0.00040000000000000376
7.28,1.134325721853367,0.03871395901058247,0.045771879441591494,0.00020000000000000096
7.29,1.1372477637371543,0.03884779984087859,0.04574153281142682,0.00029999999999999884
7.3,1.1402219736716195,0.03898393972337003,0.045402780379827805,0.0003999999999999967
7.3,1.1402218987570798,0.03898557991812956,0.04562324415697503,0.00019999999999999914
7.31,1.1431797469947258,0.03912062025806637,0.04533836267090571,0.000299999999999997
7.32,1.1462480982748435,0.03925982967904994,0.04558522472136336,0.00040000000000000376
7.32,1.1462480213268669,0.0392615179906883,0.04581033110420332,0.00020000000000000096
7.33,1.149224474732938,0.03939796576924564,0.045752804623140936,0.00029999999999999884
7.34,1.1522292596686374,0.03953553911571515,0.045689180505053925,0.0003999999999999967
7.34,1.1522291847709687,0.039537178295741986,0.045907975716591526,0.00019999999999999914
7.35,1.1552183457692848,0.03967450111103386,0.04579050067097147,0.000299999999999997
7.36,1.1582099710152691,0.03981158495335681,0.045429805984809835,0.00040000000000000376
7.36,1.1582098348169334,0.039814559964218905,0.045827310320322584,0.00020000000000000096
7.37,1.1612246317304364,0.03995281679782526,0.04560904106473368,0.00029999999999999884
7.38,1.1642478228258737,0.040090797332910294,0.046463159598723866,0.0003999999999999967
7.38,1.1642478229224942,0.04009079522118325,0.04646287866826048,0.00019999999999999914
7.390000000000001,1.167217747475131,0.04022888584960509,0.04722510014577459,0.0003000000000000059
7.4,1.1702190724976187,0.040370729186856996,0.04683665620148297,0.00040000000000000376
7.4,1.1702191598343472,0.04036884504755285,0.04658525016379364,0.00020000000000000096
7.41,1.173273500216884,0.040511235277670164,0.04647212120495082,0.00029999999999999884
7.42,1.176212137257213,0.04064789837040277,0.04651172626803658,0.0003999999999999967
7.42,1.1762121637044851,0.04064732903168771,0.046435594690546145,0.00019999999999999914
7.43,1.1790948183391723,0.040781283107917767,0.046453076138933874,0.000299999999999997
7.44,1.1821266843320775,0.04092222400255146,0.04664586020180482,0.00040000000000000376
7.44,1.1821267446373098,0.04092092617037036,0.046471757428398854,0.00020000000000000096
7.45,1.1851891234023741,0.04106334283041497,0.046519772403793125,0.00029999999999999884
7.46,1.1882751170041475,0.04120700619881275,0.046362369758549814,0.0003999999999999967
7.46,1.188275057363838,0.04120828876693674,0.04653173294937029,0.00019999999999999914
7.47,1.191273267282075,0.041347901447952834,0.04632519149105659,0.000299999999999997
7.48,1.19425314973317,0.041486043906242547,0.0463681142258881,0.00040000000000000376
7.48,1.1942530460955771,0.041488274048947074,0.046664657625587705,0.00020000000000000096
7.49,1.1972452812594079,0.041628007120255536,0.04700874499590464,0.00029999999999999884
7.5,1.2002546121158508,0.04176957628334914,0.04708834138130835,0.0003999999999999967
7.5,1.2002546751821392,0.041768225492082055,0.046908555792007,0.00019999999999999914
7.51,1.2032296309496597,0.04190787881735664,0.04688879040582035,0.000299999999999997
7.52,1.2061436707287423,0.042044614839871874,0.046762288121808014,0.00039999999999999487
7.52,1.2061436978062114,0.042044036365766195,0.04668442823212564,0.00019999999999999876
7.53,1.209208296274767,0.04218720942030952,0.04627918781689828,0.0003000000000000055
7.54,1.212294968668619,0.042330160181890106,0.0461312902714587,0.0004000000000000034
7.54,1.2122948674297684,0.04233233090571299,0.04641834165308238,0.00020000000000000085
7.55,1.2152897047751166,0.042471446218673305,0.04592958586846686,0.0002999999999999987
7.56,1.2182776882362432,0.0426087796447254,0.046256229776846666,0.0003999999999999966
7.56,1.2182776021323507,0.042610635349761186,0.046503016188810566,0.0001999999999999992
7.57,1.2213115955359521,0.04275182698587554,0.0463933792905373,0.00030000000000000594
7.58,1.2243519816771236,0.042892982059349404,0.04641652693345418,0.0004000000000000038
7.58,1.2243519393264741,0.04289389409601483,0.046537214190468176,0.00020000000000000099
7.59,1.2273899435327915,0.043035376499953086,0.046627153773278154,0.00029999999999999884
7.6,1.2304041061526305,0.04317602026283689,0.04621997603163835,0.0003999999999999967
7.6,1.2304039533322195,0.043179304603452116,0.04665451971857229,0.00019999999999999914
7.61,1.2333698850085548,0.04331777920589237,0.04618279271274379,0.0003000000000000059
7.62,1.2363731666073825,0.04345657783036096,0.045916064425359955,0.00040000000000000376
7.62,1.2363729321345132,0.04346162383419742,0.046587567108551706,0.00020000000000000096
7.63,1.2394175668636622,0.04360356866624583,0.046640392158417136,0.00029999999999999884
7.640000000000001,1.2424079900630498,0.043743144399247307,0.04645549994072912,0.0004000000000000056
7.640000000000001,1.2424078150223241,0.04374690386207626,0.04695527017206534,0.0002000000000000014
7.65,1.2453267564160668,0.043884064362360434,0.04718346871969646,0.00029999999999999927
7.66,1.2482688859987425,0.04402298735060867,0.046784492438611006,0.00039999999999999715
7.66,1.2482687677452284,0.044025511970952086,0.0471244052250677,0.00019999999999999928
7.67,1.2513029833303455,0.044168603512995584,0.04760796744197539,0.00029999999999999715
7.68,1.2542853335291495,0.044310694511013396,0.048048953765985766,0.00039999999999999503
7.68,1.2542853949764254,0.044309391163840355,0.04787441782052932,0.00019999999999999876
7.69,1.257358892266382,0.04445664557486434,0.047683425608724,0.0003000000000000055
7.7,1.2604401060331574,0.04460367985691969,0.04752398560237609,0.0004000000000000034
7.7,1.2604400637361242,0.04460457077494009,0.047641499117845924,0.00020000000000000085
7.71,1.2634974098056424,0.044750337624648924,0.04747761013780539,0.0002999999999999987
7.72,1.2664943708187972,0.044892733179698704,0.04737298624900646,0.0003999999999999966
7.72,1.2664942879756973,0.04489447622853852,0.047603331987264505,0.0001999999999999992
7.73,1.269528133601342,0.04503900657786117,0.0472861590496531,0.00030000000000000594
7.74,1.2725117411773166,0.04518019516759057,0.047194085766295066,0.0004000000000000038
7.74,1.2725115877198332,0.04518342660445459,0.047622761902694835,0.00020000000000000099
7.75,1.2755972292910487,0.04533048456739368,0.04813210695355574,0.00029999999999999884
7.76,1.2785768865459455,0.045474012603313706,0.04847755300541751,0.0003999999999999967
7.76,1.278576988608529,0.045471874053379484,0.04819417571705124,0.00019999999999999914
7.77,1.281571408831066,0.0456162995030392,0.048013891915382315,0.000299999999999997
7.78,1.284584453547303,0.04576107877833632,0.04809873813250713,0.00040000000000000376
7.78,1.2845844196995395,0.045761785064940316,0.04819253050938413,0.00020000000000000096
7.79,1.2875083395725655,0.04590280535368265,0.04825364143967417,0.00029999999999999884
7.8,1.2905504515532107,0.0460497123722343,0.04857946728799179,0.0003999999999999967
7.8,1.2905504775477503,0.046049171887741935,0.04850748622430437,0.00019999999999999914
7.81,1.2935237032740523,0.04619350881858648,0.04838573075744994,0.000299999999999997
7.82,1.2965923217868331,0.046342102147036754,0.04811419751467915,0.00040000000000000376
7.82,1.2965922041100395,0.046344539327189356,0.048437326874350484,0.00020000000000000096
7.83,1.299650194525222,0.0464927761564746,0.04847330110547663,0.00029999999999999884
7.84,1.3026591035325368,0.046638742250306044,0.04855148971377263,0.0003999999999999967
7.84,1.3026590748448792,0.04663933508600785,0.04862993939336772,0.00019999999999999914
7.85,1.3056662992349917,0.04678569161547228,0.04859761924986824,0.000299999999999997
7.86,1.3086644836290668,0.04693151105248632,0.04859062181441339,0.00040000000000000376
7.86,1.3086644671756729,0.04693185016289172,0.04863565223376585,0.00020000000000000096
7.87,1.3116527814895351,0.047077303483102996,0.04866632944367273,0.00029999999999999884
7.88,1.3145971683146873,0.04722070921482595,0.04877224901668672,0.0003999999999999967
7.88,1.314597196893435,0.047220121236469306,0.04869351381717453,0.00019999999999999914
7.890000000000001,1.3175747969978049,0.04736522575017896,0.04863101045904959,0.0003000000000000059
7.9,1.3205942663254957,0.047512181461774175,0.04909715759572556,0.00040000000000000376
7.9,1.3205943250309817,0.04751097476605892,0.048935991920507134,0.00020000000000000096
7.91,1.3235480951556735,0.047655635930328406,0.0491751255354312,0.00029999999999999884
7.92,1.3265358530137907,0.047802677842422425,0.0489034787031613,0.0003999999999999967
7.92,1.3265358526663997,0.04780268494887809,0.04890443113837846,0.00019999999999999914
7.930000000000001,1.3295283425869813,0.047949147747013386,0.04871435174380367,0.0003000000000000059
7.94,1.3325032473304126,0.04809418304842479,0.049319019986372434,0.00040000000000000376
7.94,1.3325033143654093,0.04809281097314417,0.049135048834445534,0.00020000000000000096
7.95,1.3355170433069465,0.048241009974355854,0.0493022425672008,0.00029999999999999884
7.96,1.338562222721058,0.0483912659111493,0.049211058425255076,0.0003999999999999967
7.96,1.3385622784798559,0.048390129549886404,0.04905994251845604,0.00019999999999999914
7.97,1.3415838248110807,0.048538485483191444,0.04878416410357183,0.000299999999999997
7.98,1.3446304362336576,0.048687229892191375,0.04868939809255512,0.00040000000000000376
7.98,1.3446304109151457,0.04868774659580877,0.04875778465052759,0.00020000000000000096
7.99,1.347607872639449,0.048833036184976725,0.04861484756071358,0.00029999999999999884
8.0,1.3505696653367971,0.0489771368260039,0.04873746000475715,0.0003999999999999967
8.0,1.3505696285789852,0.048977889186006145,0.04883793689459094,0.00019999999999999914
8.01,1.3535624777439947,0.04912417008349788,0.04926802162310695,0.000299999999999997
8.02,1.3565970833343959,0.049273800184547176,0.04937895602951595,0.00039999999999999487
8.02,1.356597156076304,0.04927231557471797,0.04918143796460325,0.00019999999999999876
8.03,1.359574619305015,0.049418869679216736,0.048896351022727165,0.00029999999999999667
8.040000000000001,1.362584583069821,0.049566163328568974,0.048447551983902735,0.0004000000000000123
8.040000000000001,1.3625844825132334,0.04956821453759959,0.04872088738240799,0.00020000000000000305
8.05,1.3656188494304724,0.049716168672450926,0.048513274708814336,0.0003000000000000009
8.06,1.3686653348642646,0.04986407971348414,0.048902488933036836,0.00039999999999999877
8.06,1.3686652501628294,0.04986581442235127,0.04913212301586556,0.00019999999999999974
8.07,1.3715624825975588,0.05000827625384148,0.048991513855893176,0.00029999999999999764
8.08,1.3745576036596616,0.05015512927832409,0.049116641299832384,0.0003999999999999955
8.08,1.374557539289574,0.05015644415269632,0.049292613145007914,0.00019999999999999893
8.09,1.3775175344469321,0.05030246833605089,0.048958918508525344,0.0002999999999999968
8.1,1.3804876944592752,0.05044800045562271,0.04886838875185367,0.00039999999999999465
8.1,1.3804875259105025,0.05045143720214933,0.0493300903057327,0.00019999999999999865
8.11,1.3834543085413482,0.05059790768644011,0.04937479845530201,0.00029999999999999656
8.120000000000001,1.386445392847319,0.05074571200000506,0.049233763322006754,0.0004000000000000122
8.120000000000001,1.3864452841984312,0.05074791940279464,0.04953011741619464,0.0002000000000000031
8.13,1.3894090430904202,0.05089483488764364,0.04952386811856703,0.000300000000000001
8.14,1.392385883974591,0.05104238020660985,0.04965691941473589,0.0003999999999999989
8.14,1.3923858235851378,0.051043602830047774,0.04982127756526309,0.0001999999999999997
8.15,1.3953750788696597,0.05119265469121101,0.04964394337245595,0.0002999999999999976
8.16,1.3983128815869268,0.051338618733140266,0.04942184014312833,0.00039999999999999547
8.16,1.3983127574989613,0.05134112179582137,0.0497592998481588,0.0001999999999999989
8.17,1.4013411735584111,0.051491938152298626,0.049871510254181205,0.0002999999999999968
8.18,1.4043696386357183,0.051643097619880424,0.04997197171540012,0.00039999999999999465
8.18,1.4043696436349227,0.05164299707815328,0.04995855584953325,0.00019999999999999865
8.19,1.407356605124157,0.05179234563210569,0.050373791316011864,0.00029999999999999656
8.2,1.410289357990544,0.05194020459911265,0.05015189154299488,0.00039999999999999444
8.2,1.4102893316271117,0.0519407320420194,0.05022278282783174,0.00019999999999999863
8.21,1.4133400400213822,0.052094076056824055,0.04998426080118108,0.00030000000000001423
8.22,1.4163210409327056,0.05224320339907455,0.05036922284567963,0.0004000000000000121
8.22,1.416321036658862,0.05224328878445069,0.050380636190611526,0.00020000000000000305
8.23,1.4192184628010214,0.05238938658662396,0.05060797280557803,0.0003000000000000009
8.24,1.4221564929844768,0.05253820140647888,0.05099983798322115,0.00039999999999999877
8.24,1.4221565614794835,0.05253683978946248,0.05081565721695292,0.00019999999999999974
8.25,1.425149954392383,0.052689082081794084,0.05078520961474784,0.00029999999999999764
8.26,1.4282048548149364,0.052844359356879714,0.051164553446896306,0.0003999999999999955
8.26,1.4282049557676315,0.05284236329169689,0.05089785265099357,0.00019999999999999893
8.27,1.4312577621799187,0.05299787889830493,0.05132555051840205,0.0002999999999999968
8.28,1.434239687803031,0.05315106240720381,0.050722669207410954,0.00039999999999999465
8.28,1.4342396874005872,0.05315107031576274,0.050723722980724514,0.00019999999999999865
8.290000000000001,1.437230215570272,0.05330289126705701,0.051805846965996834,0.0003000000000000143
8.3,1.4402098985546734,0.05345739451345327,0.05153123834245211,0.00040000000000001216
8.3,1.4402100564658415,0.05345430738227017,0.051118659359451216,0.00020000000000000307
8.31,1.4432858961086237,0.05361167728043568,0.05099702424166523,0.00030000000000000095
8.32,1.4462770611487605,0.05376435017140131,0.05143648671452181,0.0003999999999999988
8.32,1.4462771404925383,0.0537627980932171,0.05123016342410715,0.00019999999999999968
8.33,1.449230048748373,0.0539142085493323,0.05110117304046231,0.00029999999999999753
8.34,1.4522179869205827,0.05406702873937767,0.0513621681200283,0.0003999999999999954
8.34,1.4522180191551595,0.05406639865085464,0.051277916874656444,0.00019999999999999887
8.35,1.4551826422717702,0.05421855173033391,0.0514427064577981,0.0002999999999999968
8.36,1.458185829108117,0.05437318021373222,0.05162713721702099,0.00039999999999999465
8.36,1.4581858779357566,0.05437222823342702,0.051499765705287255,0.00019999999999999865
8.370000000000001,1.4612339239677277,0.05452934081384814,0.05124910578063487,0.0003000000000000143
8.38,1.464325167308326,0.05468790311487079,0.05111484517109642,0.00040000000000001216
8.38,1.4643250515631066,0.05469015747315816,0.051412274414093385,0.00020000000000000307
8.39,1.4673129133230403,0.05484390572933698,0.05149842500424475,0.00030000000000000095
8.4,1.4703634390295244,0.0550011420247241,0.05106427066315216,0.0003999999999999988
8.4,1.4703632539881129,0.055004740212128485,0.05153949446387317,0.00019999999999999968
8.41,1.4733947747245413,0.05516112174930937,0.05176160250011979,0.00029999999999999753
8.42,1.4764639860220592,0.05532013107914971,0.05151586815700129,0.0003999999999999954
8.42,1.4764638406757133,0.05532294931687669,0.05188652061368863,0.00019999999999999887
8.43,1.4794798358012209,0.0554795793957697,0.052059331676071186,0.0002999999999999968
8.44,1.4824590328631038,0.05563481466728685,0.05189269228202163,0.00039999999999999465
8.44,1.4824589826431915,0.05563578410345136,0.052021194488435805,0.00019999999999999865
8.45,1.4854335969625503,0.05579066683348918,0.051725730368873034,0.00029999999999999656
8.46,1.4885115059322738,0.055950016063986696,0.05094104936350885,0.0004000000000000122
8.46,1.488511267115898,0.055954622351345636,0.051549718699618094,0.0002000000000000031
8.47,1.491514512566424,0.05610957609048173,0.05124140133878577,0.000300000000000001
8.48,1.494513051459379,0.05626336004477166,0.05155419166532561,0.0003999999999999989
8.48,1.4945129418458996,0.056265483149232624,0.051835978799645556,0.0001999999999999997
8.49,1.4975699336312829,0.05642408739094104,0.05183744198176701,0.0002999999999999976
8.5,1.500549684802705,0.05657868857155141,0.051880733599259654,0.00039999999999999547
8.5,1.500549592541537,0.056580471188282945,0.052117452462102636,0.0001999999999999989
8.51,1.5035750466642024,0.05673829306902795,0.05251971647904377,0.0002999999999999968
8.52,1.5066423477844093,0.056899535133923505,0.05261603101483285,0.00039999999999999465
8.52,1.506642370392914,0.05689910105700511,0.05255875332522924,0.00019999999999999865
8.53,1.5096468389901911,0.057057157747481387,0.05260322012479466,0.00029999999999999656
8.540000000000001,1.5126256441380488,0.057213997180477164,0.0523727387115931,0.0004000000000000122
8.540000000000001,1.512625638965608,0.057214095972154655,0.05238586617891891,0.0002000000000000031
8.55,1.5156713862672215,0.05737379619676865,0.05271288323480108,0.000300000000000001
8.56,1.5186758643895082,0.05753231775362124,0.052629609985494534,0.0003999999999999989
8.56,1.5186758922533306,0.05753178694869807,0.05255920227882873,0.0001999999999999997
8.57,1.521689039886886,0.05769030157550809,0.052496621606351046,0.0002999999999999976
8.58,1.5246134849048874,0.05784396624621544,0.05283117230184877,0.00039999999999999547
8.58,1.524613575434101,0.05784224291854186,0.05260045445014835,0.0001999999999999989
8.59,1.5276024232886751,0.057999602828960946,0.052274490546740486,0.0002999999999999968
8.6,1.5305214407380108,0.05815233212153231,0.05217257309007186,0.00039999999999999465
8.6,1.5305213806395468,0.05815347699678112,0.0523269023252143,0.00019999999999999865
8.61,1.5334918802063424,0.05830905606065261,0.05276152438151627,0.00029999999999999656
8.620000000000001,1.5364612959957449,0.05846587250531648,0.0526096828707734,0.0004000000000000122
8.620000000000001,1.5364613493064707,0.05846485831559629,0.05247302741524609,0.0002000000000000031
8.63,1.539555840547902,0.05862738483457988,0.05309622519720549,0.000300000000000001
8.64,1.5424957843694598,0.05878363161218097,0.05301400606943524,0.0003999999999999989
8.64,1.542495877437329,0.058781866541580324,0.05277749521404778,0.0001999999999999997
8.65,1.5454783246616173,0.058939418948377564,0.052340098739040934,0.0002999999999999976
8.66,1.5484481129705203,0.059095000058407364,0.05272804645129322,0.00039999999999999547
8.66,1.5484481142624869,0.059094975517692855,0.05272475241505949,0.0001999999999999989
8.67,1.5514791566654194,0.05925493472893543,0.053130281180534665,0.0002999999999999968
8.68,1.554458601266698,0.05941338257670369,0.05326630455902339,0.00039999999999999465
8.68,1.5544586248780072,0.05941293565973541,0.053206517348392324,0.00019999999999999865
8.69,1.5574708700536,0.05957335814530158,0.053336124735697765,0.00029999999999999656
8.700000000000001,1.5604175178828776,0.059730670120445424,0.052891607868282425,0.0004000000000000122
8.700000000000001,1.560417416835788,0.05973257372111363,0.05314699886618164,0.0002000000000000031
8.71,1.563360307145672,0.05988912693709361,0.05321619378561329,0.000300000000000001
8.72,1.5663451011178653,0.0600481164240008,0.052839642823876244,0.0003999999999999989
8.72,1.5663449795327182,0.06005040356382689,0.05314718320351274,0.0001999999999999997
8.73,1.5692832695188277,0.06020671259911442,0.05273709054365067,0.0002999999999999976
8.74,1.5722234140074465,0.06036191117136662,0.05315783912326507,0.00039999999999999547
8.74,1.572223306581265,0.06036393593968591,0.05343172696066911,0.0001999999999999989
8.75,1.5750872220729113,0.06051710568198176,0.05337219667408349,0.0002999999999999968
8.76,1.5780410848661897,0.060674909696114075,0.053097856745183344,0.00039999999999999465
8.76,1.5780409862954756,0.06067676079274471,0.053349922661152634,0.00019999999999999865
8.77,1.5810129335408354,0.060835464545309324,0.05328369234284693,0.00029999999999999656
8.78,1.583979352842584,0.06099367607594579,0.05313124850243243,0.00039999999999999444
8.78,1.5839792669052082,0.06099528823915457,0.053349620731482694,0.00019999999999999863
8.790000000000001,1.58698655662266,0.06115587839019455,0.05343850496603064,0.00030000000000001423
8.8,1.5899989365678264,0.06131700887876737,0.05345526438944486,0.0004000000000000121
8.8,1.5899988796603053,0.06131807495332164,0.053598280077554926,0.00020000000000000305
8.81,1.5930523392583336,0.061481892036021446,0.05358700157899106,0.0003000000000000009
8.82,1.5960367795577695,0.061641972499646154,0.05397728972575511,0.00039999999999999877
8.82,1.5960368720337719,0.061640244375188766,0.05374663277269022,0.00019999999999999974
8.83,1.59903156255677,0.061801354069433136,0.054231021201000346,0.00029999999999999764
8.84,1.6019927946667496,0.06196210232874981,0.054459604625570895,0.0003999999999999955
8.84,1.6019929612362922,0.06195900620660561,0.0540448173598034,0.00019999999999999893
8.85,1.6050071641456014,0.06212206704157427,0.05404786475361249,0.0002999999999999968
8.86,1.6080578837301427,0.06228711266125029,0.05389425476356572,0.00039999999999999465
8.86,1.608057946161853,0.062285955460468126,0.05374052136543134,0.00019999999999999865
8.870000000000001,1.6110445276255696,0.06244661059489393,0.05386052939544684,0.0003000000000000143
8.88,1.6139492378619176,0.06260321128586242,0.054301296003834536,0.00040000000000001216
8.88,1.6139493537616825,0.06260106131961365,0.054012146549978005,0.00020000000000000307
8.89,1.6168810956496567,0.06275956515714706,0.05429940337899957,0.00030000000000000095
8.9,1.6198248955498014,0.06291956901945099,0.05430264515169506,0.0003999999999999988
8.9,1.6198250218626176,0.06291723299976065,0.053986602215264495,0.00019999999999999968
8.91,1.6228163812380394,0.06307888340520407,0.05419171590267278,0.00029999999999999753
8.92,1.6257962168923026,0.06324052407572363,0.05425755812473686,0.0003999999999999954
8.92,1.6257962970934194,0.06323904208887733,0.05405799855278181,0.00019999999999999887
8.93,1.628772321267465,0.06340007689218065,0.05391102335574327,0.0002999999999999968
8.94,1.6317374083466116,0.06356008281465454,0.05383761512397176,0.00039999999999999465
8.94,1.6317373794577896,0.06356061710165303,0.05390957324629265,0.00019999999999999865
8.950000000000001,1.634727968679694,0.0637219948549318,0.05343629475544452,0.0003000000000000143
8.96,1.6377331864606783,0.06388273558225194,0.053782887539970445,0.00040000000000001216
8.96,1.637733077383472,0.06388476032168174,0.05405423872764251,0.00020000000000000307
8.97,1.6407041109490332,0.0640455138763078,0.05425130782494853,0.00030000000000000095
8.98,1.6436876536269867,0.06420753395246949,0.05397030795316132,0.0003999999999999988
8.98,1.6436875576689334,0.06420930934918835,0.05420848769696607,0.00019999999999999968
8.99,1.6466603421198396,0.06437061753408414,0.05469945366467603,0.00029999999999999753
9.0,1.6496504987241234,0.0645343407875985,0.05450045670053195,0.0003999999999999954
9.0,1.6496505102172663,0.06453412914061056,0.05447207064625447,0.00019999999999999887
9.01,1.6526051565512516,0.06469523421999132,0.054156015155208626,0.0002999999999999968
9.02,1.6556281686726417,0.064859108749366,0.05440077973418508,0.00039999999999999465
9.02,1.6556281436278604,0.06485956981996825,0.054462481294614846,0.00019999999999999865
9.03,1.6586566702858343,0.06502467417079427,0.05401734419416296,0.00029999999999999656
9.04,1.6616199486206895,0.06518489846494666,0.05406201939158211,0.00039999999999999444
9.04,1.6616198741626256,0.06518627008378167,0.05424556221155203,0.00019999999999999863
9.05,1.6646813841471866,0.06535250650081471,0.05382267909506401,0.00030000000000001423
9.06,1.6677058115117713,0.06551544665409942,0.05410919667460876,0.0004000000000000121
9.06,1.667705708474008,0.06551734897595525,0.054361641833441804,0.00020000000000000305
9.07,1.6706618459532128,0.0656782079502125,0.05463329613262948,0.0003000000000000009
9.08,1.6736219480133887,0.06584008917557471,0.054367509706210355,0.00039999999999999877
9.08,1.6736218544583235,0.06584180989995554,0.05459798636894781,0.00019999999999999974
9.09,1.6766006842403298,0.06600460980553542,0.05493730396997167,0.00029999999999999764
9.1,1.679557363327034,0.06616720539316599,0.0549931753362368,0.0003999999999999955
9.1,1.6795572921504351,0.0661685087101304,0.05516835486689645,0.00019999999999999893
9.11,1.6826244028255528,0.06633788803314611,0.055480606278958705,0.0002999999999999968
9.12,1.6856371790104978,0.06650521039590129,0.055364010924387246,0.00039999999999999465
9.12,1.6856371790043567,0.06650521050752571,0.05536402578172332,0.00019999999999999865
9.13,1.68854295826237,0.06666625071774249,0.055026227540103854,0.0003000000000000143
9.14,1.691580600835191,0.0668335696374277,0.054894272234862526,0.00040000000000001216
9.14,1.6915804879843688,0.06683561721866509,0.05516773287106696,0.00020000000000000307
9.15,1.6946732311797523,0.06700641015249449,0.055332580622352245,0.00030000000000000095
9.16,1.6977631267263507,0.06717755674879962,0.055361822259310904,0.0003999999999999988
9.16,1.6977631041987944,0.06717796470725088,0.05541544720133608,0.00019999999999999968
9.17,1.7008325383796479,0.06734823310153286,0.055688041286141285,0.00029999999999999753
9.18,1.7038386677731894,0.06751581182449913,0.05518890737064799,0.0003999999999999954
9.18,1.7038385764236845,0.0675174599238952,0.05540595885309512,0.00019999999999999887
9.19,1.706803588655312,0.0676819075789633,0.055990913105785876,0.0002999999999999968
9.2,1.7097662691496829,0.06784796432968944,0.055906281114834575,0.00039999999999999465
9.2,1.709766290468623,0.06784758102340922,0.05585518096794678,0.00019999999999999865
9.21,1.7127414519577042,0.0680139322370228,0.05608374118617186,0.0003000000000000143
9.22,1.7157005467140578,0.06818006356040014,0.05579216404697628,0.00040000000000001216
9.22,1.715700521028631,0.06818052359804398,0.05585385244646336,0.00020000000000000307
9.23,1.7186577035521098,0.06834586560669231,0.05583856199129063,0.00030000000000000095
9.24,1.721626604177915,0.06851181726023745,0.05573172923123421,0.0003999999999999988
9.24,1.7216265049941841,0.06851359258479499,0.05597054111194216,0.00019999999999999968
9.25,1.7247090295835568,0.06868630354235361,0.0557645323046435,0.00029999999999999753
9.26,1.7277241588817456,0.06885461531911184,0.055967780556365455,0.0003999999999999954
9.26,1.7277241036491742,0.06885560360443428,0.0560992084142074,0.00019999999999999887
9.27,1.730741046291272,0.06902502947036568,0.05607052094248992,0.0002999999999999968
9.28,1.7336866881150406,0.06919036644608328,0.05583633571677866,0.00039999999999999465
9.28,1.7336865473660457,0.06919287921801805,0.05617237991824525,0.00019999999999999865
9.29,1.736674415457911,0.06936089162868761,0.05609125295387928,0.00029999999999999656
9.3,1.7396464829978826,0.06952777367394637,0.05593372655250645,0.0004000000000000122
9.3,1.7396463195691123,0.06953068694949188,0.05632415516440045,0.0002000000000000031
9.31,1.742682902735577,0.0697019010230051,0.056412402856143636,0.000300000000000001
9.32,1.7457516363309578,0.06987519953055889,0.05641509987516586,0.0003999999999999989
9.32,1.7457515476257504,0.06987677596448622,0.05662387943213823,0.0001999999999999997
9.33,1.7488315451193837,0.07005136400287792,0.05650009891987118,0.0002999999999999976
9.34,1.7518127814234008,0.07021998361310017,0.05627707945622994,0.00039999999999999547
9.34,1.7518126481966667,0.07022234410456087,0.056589674291409695,0.0001999999999999989
9.35,1.754740410203931,0.07038820228836272,0.05589243340491859,0.0002999999999999968
9.36,1.7576442024011936,0.07055067151829635,0.05576339826951834,0.00039999999999999465
9.36,1.757643858248968,0.07055678022961817,0.05658696711875239,0.00019999999999999865
9.37,1.7606808903352704,0.07072882033263839,0.05690311683867788,0.00029999999999999656
9.38,1.763692941558792,0.07090040066567704,0.05662214443569717,0.0004000000000000122
9.38,1.7636927768308113,0.07090331157731355,0.057010979509782456,0.0002000000000000031
9.39,1.766691517389008,0.07107445817720322,0.056672380065895714,0.000300000000000001
9.4,1.769744861127988,0.07124768392687204,0.0569720985944441,0.0003999999999999989
9.4,1.769744733919441,0.0712499262957777,0.057269791243313384,0.0001999999999999997
9.41,1.7728072977633447,0.07142551069203835,0.05734911980589986,0.0002999999999999976
9.42,1.7758185250932375,0.0715983915009852,0.05725145439507129,0.00039999999999999547
9.42,1.7758184569790032,0.07159958532022617,0.05740945161800761,0.0001999999999999989
9.43,1.7788419588338487,0.07177335385035977,0.057096609863445454,0.0002999999999999968
9.44,1.781842002481179,0.07194483255407369,0.0570083394100155,0.00039999999999999465
9.44,1.781841794541518,0.0719484697668316,0.05749074378536941,0.00019999999999999865
9.45,1.7848328067375374,0.07212061498175155,0.05761281793161442,0.00029999999999999656
9.46,1.7878885460851552,0.07229685977900095,0.057877592622203586,0.0004000000000000122
9.46,1.787888468558235,0.07229821042931059,0.05805631649776741,0.0002000000000000031
9.47,1.7908047517958732,0.07246770956906785,0.058758580118980414,0.000300000000000001
9.48,1.7938343518922446,0.07264592972217916,0.05883044788297355,0.0003999999999999989
9.48,1.7938344789889764,0.07264373732480942,0.058538476137845095,0.0001999999999999997
9.49,1.7967515891689019,0.07281469583163033,0.05954748929209004,0.0002999999999999976
9.5,1.799655542327194,0.07298782363110731,0.059663474255259176,0.00039999999999999547
9.5,1.799655805351243,0.07298333377323213,0.0590559969234624,0.0001999999999999989
9.51,1.8026884167863282,0.07316263615893781,0.05911947663399791,0.0002999999999999968
9.52,1.8056889134787608,0.07334023090580377,0.05895776878776771,0.00039999999999999465
9.52,1.8056889899271578,0.07333893242109069,0.05878375984741879,0.00019999999999999865
9.53,1.8085684434953335,0.07350839276490612,0.058500248616301244,0.00029999999999999656
9.54,1.8114742344181503,0.07367857643930213,0.05820366813261305,0.00039999999999999444
9.54,1.811474138630854,0.07368020605276494,0.05842537953888348,0.00019999999999999863
9.55,1.8144800726152714,0.07385602899087862,0.057925100051542645,0.00030000000000001423
9.56,1.817476521174802,0.07402979296138902,0.05813773421806447,0.0004000000000000121
9.56,1.8174763581861901,0.0740325799409729,0.058513065718987456,0.00020000000000000305
9.57,1.8205451358119276,0.0742123487375772,0.05806714371248228,0.0003000000000000009
9.58,1.8235458016196842,0.07438678492860681,0.05810615947844658,0.00039999999999999877
9.58,1.8235455904666047,0.07439040073577366,0.05858842278046685,0.00019999999999999974
9.59,1.8266144254081096,0.07457040494292845,0.0589115685309394,0.00029999999999999764
9.6,1.8296201280811735,0.07474768073225278,0.05830713364141333,0.0003999999999999955
9.6,1.8296199252450616,0.07475114067946532,0.0587661657590611,0.00019999999999999893
9.61,1.8326179954183308,0.074927528864968,0.058732977875753024,0.0002999999999999968
9.62,1.83559093492644,0.07510233950832233,0.059006669134957807,0.00039999999999999465
9.62,1.8355908618857086,0.07510358342146158,0.05917257992893395,0.00019999999999999865
9.63,1.8385590799512395,0.07527942582130025,0.05904135651174642,0.0003000000000000143
9.64,1.841553624212714,0.07545643350039326,0.05905474754651018,0.00040000000000001216
9.64,1.8415535200276145,0.07545820114934419,0.05929110349411812,0.00020000000000000307
9.65,1.8444552735688018,0.07563045121081872,0.059241841712420064,0.00030000000000000095
9.66,1.8474862034192618,0.0758102194310807,0.05959071312377464,0.0003999999999999988
9.66,1.8474861827975522,0.07581056815475068,0.05963743729566974,0.00019999999999999968
9.67,1.8504361987583478,0.07598670841772188,0.05965012462628609,0.00029999999999999753
9.68,1.853523555856828,0.07617108838839114,0.059881983045946115,0.0003999999999999954
9.68,1.853523571137801,0.076170831252811,0.05984779972339748,0.00019999999999999887
9.69,1.8565182671354317,0.07635027150754052,0.05983374922292303,0.0002999999999999968
9.7,1.8595362696882336,0.07653106571938337,0.06010829286135925,0.00039999999999999465
9.7,1.8595363319049392,0.07653002302678884,0.05996967335782504,0.00019999999999999865
9.71,1.8625259376229795,0.0767095239401826,0.05998074832259504,0.0003000000000000143
9.72,1.8655265755759252,0.07688972059914279,0.059927578783164924,0.00040000000000001216
9.72,1.8655265094195492,0.07689082581350029,0.06007481761798889,0.00020000000000000307
9.73,1.8685221256808293,0.07707100371926102,0.059823313536581796,0.00030000000000000095
9.74,1.8714891440295458,0.07724871263540052,0.060057642033558824,0.0003999999999999988
9.74,1.8714891179661772,0.07724914755335763,0.06011581564771795,0.00019999999999999968
9.75,1.8744610075784023,0.07742802065051223,0.0604005667421803,0.00029999999999999753
9.76,1.877465584856054,0.07760971983470774,0.060004948550326634,0.0003999999999999954
9.76,1.8774655044762132,0.07761105629426823,0.060183679803612236,0.00019999999999999887
9.77,1.880443221237214,0.0777904829309506,0.06024385019496455,0.0002999999999999968
9.78,1.883374216192469,0.07796727127763795,0.060412814101219924,0.00039999999999999465
9.78,1.8833742120878265,0.07796733944109256,0.060421993319674766,0.00019999999999999865
9.79,1.8864547691106697,0.07815369968122603,0.06081068191963867,0.00029999999999999656
9.8,1.889460940430843,0.07833673267977001,0.06069484080589979,0.0004000000000000122
9.8,1.8894609091341423,0.07833725019181663,0.060763770453570655,0.0002000000000000031
9.81,1.8924558277043133,0.07851945704177815,0.06140799537242372,0.000300000000000001
9.82,1.8954512347876973,0.07870363054684164,0.06131896178917191,0.0003999999999999989
9.82,1.895451351318949,0.07870171550484557,0.06106355234222881,0.0001999999999999997
9.83,1.8984769564537876,0.07888669967991056,0.06096379725626447,0.0002999999999999976
9.84,1.9014416883914043,0.07906766524351681,0.06060864009716566,0.00039999999999999547
9.84,1.90144164233259,0.07906842073901287,0.060709570435284854,0.0001999999999999989
9.85,1.9044419139347915,0.0792507900441703,0.060483573878163326,0.0002999999999999968
9.86,1.907398994515987,0.0794298632648697,0.06082177758865015,0.00039999999999999465
9.86,1.9073990050517404,0.07942969000089352,0.060798553735966154,0.00019999999999999865
9.87,1.910453576499525,0.07961563269384701,0.061061392713628114,0.00029999999999999656
9.88,1.9134454569322037,0.07979854846986481,0.06117126521207844,0.0004000000000000122
9.88,1.913445508156268,0.07979770762347628,0.061059174751756345,0.0002000000000000031
9.89,1.9164681683717368,0.07998249846603189,0.06145009580090443,0.000300000000000001
9.9,1.9195098947784621,0.08016964847105018,0.061401961051468446,0.0003999999999999989
9.9,1.9195100226756034,0.08016755682594982,0.06112467861868586,0.0001999999999999997
9.91,1.9226018369116802,0.0803567786947744,0.06115570222916104,0.0002999999999999976
9.92,1.9256506436464746,0.08054346340449535,0.06076752447066163,0.00039999999999999547
9.92,1.9256506149621115,0.08054393223058295,0.06082917804870183,0.0001999999999999989
9.93,1.928761248079562,0.08073338321212975,0.06105441240591664,0.0002999999999999968
9.94,1.9317369966181424,0.0809152918768934,0.06097573393616342,0.00039999999999999465
9.94,1.9317370683376294,0.08091411827555306,0.06082109351562439,0.00019999999999999865
9.95,1.9347185471957324,0.0810956790120471,0.06058669258625714,0.00029999999999999656
9.96,1.9376991438272309,0.0812764847888145,0.06017265670334771,0.0004000000000000122
9.96,1.937698994368858,0.08127893756186108,0.06049878860754679,0.0002000000000000031
9.97,1.9407704031645263,0.0814649811082618,0.060961617822760585,0.000300000000000001
9.98,1.9437946267430863,0.08164957139239219,0.061105855333563434,0.0003999999999999989
9.98,1.943794682238583,0.08164866001405817,0.060985370733954145,0.0001999999999999997
9.99,1.946804458803638,0.08183244024964684,0.06074286619869592,0.0002999999999999976
10.0,1.9490876170247597,0.08197129664529224,0.06901687702895608,0.00039999999999999547
10.0,1.949088100930464,0.08196335205417327,0.06788183704213586,0.0001999999999999989
10.01,1.9513316152558715,0.08211588028051228,0.07617860845536019,0.0002999999999999968
10.02,1.9536236951209047,0.08229082628049537,0.08467720026594903,0.00039999999999999465
10.02,1.9536261425553052,0.08225393493486234,0.07885884741287023,0.00019999999999999865
10.03,1.9558405276306372,0.08242892167114667,0.0864019041834005,0.00029999999999999656
10.04,1.9580739226544208,0.08262237288348552,0.09434570037883502,0.00039999999999999444
10.04,1.9580773317668088,0.08257655523735721,0.08664848411744237,0.00019999999999999863
10.05,1.9603150624849128,0.08277093792808853,0.09448036045438156,0.00030000000000001423
10.06,1.962514256339828,0.08297933902568834,0.10192665225295819,0.0004000000000000121
10.06,1.9625182287343792,0.08293129231967412,0.09356271554970624,0.00020000000000000305
10.07,1.9647798286663019,0.08314351337223236,0.10186329657257522,0.0003000000000000009
10.08,1.9670333499676733,0.08337386174084568,0.10964827660534718,0.00039999999999999877
10.08,1.967038111083348,0.08332136574331798,0.1004274444599818,0.00019999999999999974
10.09,1.9693117350811749,0.08355047073536759,0.10850300784798561,0.00029999999999999764
10.1,1.9715836373461642,0.0837979509144475,0.11725585597434775,0.0003999999999999955
10.1,1.97158912939956,0.08374200745290844,0.10741935985471368,0.00019999999999999893
10.11,1.9738601772512585,0.0839869046343092,0.11504330105982014,0.0002999999999999968
10.12,1.9760665335091325,0.08424185689628433,0.12305997071928378,0.00039999999999999465
10.12,1.976072235697019,0.08418766615505555,0.11344138127029574,0.00019999999999999865
10.13,1.9782598154909172,0.0844368982651389,0.12181287659396307,0.0003000000000000143
10.14,1.9804913406767988,0.08471007929343047,0.13023851863877123,0.00040000000000001216
10.14,1.9804977428713229,0.08465295908030748,0.12001001140036952,0.00020000000000000307
10.15,1.9826820374822194,0.08491636206258316,0.12810516650028683,0.00030000000000000095
10.16,1.9848955662440788,0.085201487969736,0.1359620910580963,0.0003999999999999988
10.16,1.9849022195478885,0.08514546822063015,0.12585843100585534,0.00019999999999999968
10.17,1.9871588373313926,0.085430991785932,0.13413720332460516,0.00029999999999999753
10.18,1.9893899273944051,0.08573207189409297,0.14228705128148256,0.0003999999999999954
10.18,1.9893970156802074,0.08567545413672495,0.1321293531339664,0.00019999999999999887
10.19,1.9915830254991713,0.08596598287071226,0.139571316171845,0.0002999999999999968
10.2,1.9937835970839874,0.08627512956317315,0.14724348738432214,0.00039999999999999465
10.2,1.9937905647873841,0.08622205510079729,0.1376465809349293,0.00019999999999999865
10.21,1.9960758351758277,0.0865386165384424,0.14589480612776434,0.0003000000000000143
10.22,1.9983271628256196,0.08686942399819839,0.15389315151913846,0.00040000000000001216
10.22,1.9983347609151714,0.08681415876858915,0.14401786560177574,0.00020000000000000307
10.23,2.0005569262841014,0.08713642140099216,0.15172918871616486,0.00030000000000000095
10.24,2.0027103219169256,0.08746568500093341,0.16013498691652253,0.0003999999999999988
10.24,2.002718118464502,0.08741135680895919,0.15030056240940964,0.00019999999999999968
10.25,2.0049318432948935,0.08774660918543949,0.158379662460745,0.00029999999999999753
10.26,2.00710887099267,0.08809431829626621,0.16699037622351415,0.0003999999999999954
10.26,2.0071173350882656,0.08803785898093185,0.15672836195303583,0.00019999999999999887
10.27,2.0092987282346053,0.08838257227554921,0.16443633555943266,0.0002999999999999968
10.28,2.011492171085913,0.0887465403910585,0.1722611779111268,0.00039999999999999465
10.28,2.011500602687824,0.08869260583938984,0.16243106629861614,0.00019999999999999865
10.29,2.0137618623516134,0.08906316936882022,0.17026925825066022,0.00029999999999999656
10.3,2.0167521599353124,0.0895773032749746,0.17299961137946185,0.0004000000000000122
10.3,2.0167592211151644,0.08953410137327145,0.16593665325627588,0.0002000000000000031
10.31,2.0197420149173784,0.09003364964892606,0.16901395405661837,0.000300000000000001
10.32,2.022645697186369,0.0905291394873756,0.17186124200847253,0.0003999999999999989
10.32,2.0226494747796537,0.09050647423710087,0.16849219796985213,0.0001999999999999997
10.33,2.0256330775880964,0.09101399996783958,0.17146538291910401,0.0002999999999999976
10.34,2.0286065333777086,0.09152890071374971,0.17480457046913953,0.00039999999999999547
10.34,2.0286086865749526,0.09151619277182495,0.1730110931867839,0.0001999999999999989
10.35,2.0315789216361475,0.09203526586166584,0.17611334390111041,0.0002999999999999968
10.36,2.034567321803932,0.09256707256678681,0.1789359434885011,0.00039999999999999465
10.36,2.0345683567843103,0.09256109524348377,0.17811366722599642,0.00019999999999999865
10.37,2.03750068543678,0.09308897715479672,0.18121040476876452,0.00029999999999999656
10.38,2.040450662783117,0.09362947285948524,0.1838668130125925,0.0004000000000000122
10.38,2.0404511391495435,0.09362679023414491,0.18349999675104062,0.0002000000000000031
10.39,2.0434194723204304,0.09417767647905609,0.1863430427902077,0.000300000000000001
10.4,2.04637695059448,0.09473525065389977,0.1898068460976409,0.0003999999999999989
10.4,2.0463774358456215,0.09473259164166004,0.18944551369415155,0.0001999999999999997
10.41,2.0493501381596118,0.09530259216076409,0.19221661251278585,0.0002999999999999976
10.42,2.052288990486285,0.09587454989549596,0.1948839450078034,0.00039999999999999547
10.42,2.0522887333661917,0.0958759176605635,0.1950695318873587,0.0001999999999999989
10.43,2.05521980621112,0.09645504504607173,0.19794508859023885,0.0002999999999999968
10.44,2.0581439297250554,0.09704154109822563,0.20114681522982492,0.00039999999999999465
10.44,2.0581437830704905,0.0970422983791747,0.20124993642325403,0.00019999999999999865
10.45,2.0610452901028267,0.09763423965693518,0.20435165952234202,0.00029999999999999656
10.46,2.06398125769196,0.09824270290721301,0.20756590899104538,0.0004000000000000122
10.46,2.0639813168593166,0.09824240676532729,0.20752547747014977,0.0002000000000000031
10.47,2.066949701686438,0.09886742056406021,0.21052134089268223,0.000300000000000001
10.48,2.06988142059883,0.09949389233785341,0.21390767476163003,0.0003999999999999989
10.48,2.0698815238184736,0.09949339158215109,0.21383950064421275,0.0001999999999999997
10.49,2.072870329397951,0.10014243964442428,0.21704601789180578,0.0002999999999999976
10.5,2.075792399079855,0.10078681375565467,0.22051466272511105,0.00039999999999999547
10.5,2.0757930354258476,0.10078382136072289,0.22010800877722822,0.0001999999999999989
10.51,2.078685758829331,0.10143101856600605,0.22295508222956667,0.0002999999999999968
10.52,2.081587180375966,0.10208884143773976,0.2257428818455745,0.00039999999999999465
10.52,2.081587147841212,0.10208898996976197,0.22576322391328127,0.00019999999999999865
10.53,2.0845835651565197,0.10277720324918403,0.22823524751230884,0.00029999999999999656
10.54,2.0874498127016365,0.1034429827602302,0.23142921788279364,0.00039999999999999444
10.54,2.08744939818703,0.10344482402336695,0.23168148880896366,0.00019999999999999863
10.55,2.0903794462396657,0.10413607432594456,0.23413478020690617,0.00030000000000001423
10.56,2.0932886739984125,0.10482995154924392,0.2370108895720592,0.0004000000000000121
10.56,2.0932878890920654,0.1048333450849458,0.2374759918585907,0.00020000000000000305
10.57,2.0962017595534053,0.10553862757738557,0.24029049445703782,0.0003000000000000009
10.58,2.099098677088308,0.10624844368308178,0.2431249962664489,0.00039999999999999877
10.58,2.099097669944524,0.10625268348066987,0.24370756337489966,0.00019999999999999974
10.59,2.102012950942449,0.10697756776501953,0.24654828121258746,0.00029999999999999764
10.6,2.104953453232972,0.10771759919893614,0.24982728311450783,0.0003999999999999955
10.6,2.1049528044361736,0.10772025790169298,0.2501913937430581,0.00019999999999999893
10.61,2.107909722038561,0.10847588578688816,0.25292858650297045,0.0002999999999999968
10.62,2.1108755725121133,0.10924245075130416,0.2565418840781493,0.00039999999999999465
10.62,2.1108754065433257,0.10924311274647218,0.25663190489104587,0.00019999999999999865
10.63,2.1138167441746796,0.11001497359653382,0.2594304813877448,0.0003000000000000143
10.64,2.116687979165049,0.11077703327811675,0.2625046860881859,0.00040000000000001216
10.64,2.1166873925224814,0.11077931234488708,0.2628168444384107,0.00020000000000000307
10.65,2.1195826759997765,0.11155825940272787,0.26583032914453103,0.00030000000000000095
10.66,2.122452581194917,0.11233966065055945,0.26910856001082306,0.0003999999999999988
10.66,2.1224526763606524,0.11233930036811889,0.26905886977736043,0.00019999999999999968
10.67,2.125371703475304,0.11314420803479285,0.2720547292078431,0.00029999999999999753
10.68,2.1283679383448035,0.11398007219759573,0.2751870081381866,0.0003999999999999954
10.68,2.1283679970239655,0.11397985566681094,0.27515747573855365,0.00019999999999999887
10.69,2.1312272479641665,0.1147870754894218,0.27799663367478905,0.0002999999999999968
10.7,2.1341320731355564,0.11561607352920987,0.2812177875047964,0.00039999999999999465
10.7,2.134131983530067,0.11561639639505482,0.28126217237937323,0.00019999999999999865
10.71,2.1369867305679815,0.11644119379418753,0.2845391283936394,0.0003000000000000143
10.72,2.1398118172715055,0.11726746170602083,0.2872581013929587,0.00040000000000001216
10.72,2.139811794685157,0.11726754117869911,0.28726916491971105,0.00020000000000000307
10.73,2.1426640897189317,0.11811022660151546,0.29076417374484304,0.00030000000000000095
10.74,2.145548841819248,0.11897347482106349,0.2942208569210322,0.0003999999999999988
10.74,2.1455496489173247,0.11897070096853525,0.29383459984709315,0.00019999999999999968
10.75,2.1484021143882814,0.11983383894371154,0.29660757528247106,0.00029999999999999753
10.76,2.1513104751073864,0.1207227011329254,0.299329450699421,0.0003999999999999954
10.76,2.1513104088475377,0.12072292369675944,0.29936037013678446,0.00019999999999999887
10.77,2.1542095207796126,0.12161769271055434,0.30141065303822534,0.0002999999999999968
10.78,2.1570189156575403,0.1224910845886921,0.30426986332275385,0.00039999999999999465
10.78,2.1570174461793905,0.12249592153569377,0.3049458210339127,0.00019999999999999865
10.79,2.159953452534319,0.1234200696966258,0.3078647112735109,0.00029999999999999656
10.8,2.162805734592093,0.12432702328731134,0.31071597382881067,0.0004000000000000122
10.8,2.162804402550398,0.12433131657198265,0.3113135030683917,0.0002000000000000031
10.81,2.165622515852994,0.12523811891618744,0.3141129531494281,0.000300000000000001
10.82,2.1684955097169847,0.1261714641103161,0.3170704088456778,0.0003999999999999989
10.82,2.168494370940351,0.1261750572937292,0.3175725072489154,0.0001999999999999997
10.83,2.171330616119159,0.12710732395938473,0.32045012568711584,0.0002999999999999976
10.84,2.1741671506044136,0.12804873866037841,0.3233283958029965,0.00039999999999999547
10.84,2.1741664936082774,0.12805076806501547,0.3236132769023695,0.0001999999999999989
10.85,2.1770206301233768,0.12900805776289428,0.32685364208073087,0.0002999999999999968
10.86,2.179785639576988,0.12994543230427139,0.32990314861741604,0.00039999999999999465
10.86,2.1797856858962295,0.1299452921894409,0.32988330982788594,0.00019999999999999865
10.87,2.1825511374902873,0.13089216758339903,0.33301698668756335,0.00029999999999999656
10.88,2.1854102881420125,0.1318811458335233,0.3359124418372364,0.0004000000000000122
10.88,2.1854100958897313,0.13188171538764007,0.3359931332380534,0.0002000000000000031
10.89,2.188262891138792,0.13287801130707202,0.3392541178811996,0.000300000000000001
10.9,2.1911109221439067,0.1338830754253767,0.34263828213554437,0.0003999999999999989
10.9,2.1911114609557694,0.13388151148732286,0.3424177492786883,0.0001999999999999997
10.91,2.193917868953904,0.13488188226107317,0.3452766776634016,0.0002999999999999976
10.92,2.196792024696577,0.13591567292018428,0.3483065112145387,0.00039999999999999547
10.92,2.196792549514923,0.13591417975558678,0.34809634360877,0.0001999999999999989
10.93,2.199594790212994,0.13693103634676002,0.35089433789497526,0.0002999999999999968
10.94,2.2024465086736837,0.13797488601872943,0.354414222110806,0.00039999999999999465
10.94,2.2024467743372376,0.13797414419564938,0.354309625487613,0.00019999999999999865
10.95,2.205263159154304,0.1390159815072579,0.3568153348432845,0.00029999999999999656
10.96,2.208159794392029,0.14009576406826638,0.35976282695645895,0.0004000000000000122
10.96,2.2081590349009104,0.14009784532739264,0.36005486043094004,0.0002000000000000031
10.97,2.2109619064278943,0.14115302971883517,0.36281378659857255,0.000300000000000001
10.98,2.2138543400774298,0.14225105164230886,0.3660315163411019,0.0003999999999999989
10.98,2.2138539366241234,0.1422521371949739,0.36618367915014144,0.0001999999999999997
10.99,2.216708814154885,0.14334692331712773,0.36904740958051707,0.0002999999999999976
11.0,2.2195101710463274,0.14443039759493617,0.37159792812885317,0.00039999999999999547
11.0,2.2195088052104235,0.14443400605191212,0.3721064814918223,0.0001999999999999989
11.01,2.2223061842237244,0.1455257909748052,0.3748684874895459,0.0002999999999999968
11.02,2.225138181077912,0.14664011007177766,0.37790678018608354,0.00039999999999999465
11.02,2.2251372004661643,0.14664265489861045,0.3782667043194049,0.00019999999999999865
11.03,2.2279710223975346,0.1477688279213479,0.381378332194714,0.00029999999999999656
11.04,2.2307214209059687,0.1488717702358474,0.38459334742094115,0.00039999999999999444
11.04,2.230721361549219,0.14887192150837028,0.3846149117674253,0.00019999999999999863
11.05,2.2335238965947797,0.1500063141908884,0.38747750586113283,0.00030000000000001423
11.06,2.236284113719427,0.15113278433965888,0.3909202959629666,0.0004000000000000121
11.06,2.236284262174332,0.15113241277114353,0.3908670542505194,0.00020000000000000305
11.07,2.2390387473236655,0.1522674502544512,0.3940610785692406,0.0003000000000000009
11.08,2.241809111537864,0.1534193957936131,0.3965171495156417,0.00039999999999999877
11.08,2.241808120262958,0.1534218320132625,0.3968679641035962,0.00019999999999999974
11.09,2.2445757381367026,0.15458175779262473,0.3995217199226703,0.00029999999999999764
11.1,2.24738933238986,0.15576974045072403,0.40225944335908886,0.0003999999999999955
11.1,2.2473874015491413,0.15577440472713971,0.40292899799955756,0.00019999999999999893
11.11,2.2501744269445885,0.15696237451900086,0.4062404673914373,0.0002999999999999968
11.12,2.2529436486355308,0.15815360715461008,0.4098202443918999,0.00039999999999999465
11.12,2.252943713281985,0.1581534536970751,0.4097981754358754,0.00019999999999999865
11.13,2.255710850837217,0.1593554741093259,0.4130117967447771,0.0003000000000000143
11.14,2.258469801732324,0.16056449231957506,0.41605059739614164,0.00040000000000001216
11.14,2.2584699213859474,0.16056421337304363,0.4160103427907045,0.00020000000000000307
11.15,2.2612378349452844,0.16178706576159235,0.4191506306461803,0.00030000000000000095
11.16,2.263991538997564,0.16301399010084763,0.4217735491904226,0.0003999999999999988
11.16,2.2639908702784304,0.16301552217285178,0.42199513860241167,0.00019999999999999968
11.17,2.2667129454646915,0.16423764602662452,0.4250387102860183,0.00029999999999999753
11.18,2.269432502088876,0.16546859837743788,0.42779237482400595,0.0003999999999999954
11.18,2.2694319798228073,0.16546977528347534,0.4279639927251737,0.00019999999999999887
11.19,2.272097467815004,0.16668566181150932,0.43090951427035895,0.0002999999999999968
11.2,2.274845601227048,0.16794904002031255,0.433885058381831,0.00039999999999999465
11.2,2.274844872551704,0.1679506556901228,0.4341218663710583,0.00019999999999999865
11.21,2.2775719678515847,0.16921498979233865,0.4371600691339043,0.0003000000000000143
11.22,2.2802880716156815,0.17048426797751004,0.4404611312718159,0.00040000000000001216
11.22,2.2802882276061758,0.1704839276898235,0.4404111769385995,0.00020000000000000307
11.23,2.2830107745974413,0.17176701761949698,0.4435749463191114,0.00030000000000000095
11.24,2.2857221031993213,0.1730553194645231,0.44666433929460786,0.0003999999999999988
11.24,2.285722312613917,0.17305487006978432,0.4465982591953392,0.00019999999999999968
11.25,2.2884361940045426,0.17435445674072367,0.44977141787516667,0.00029999999999999753
11.26,2.2911867398538726,0.17568234649822131,0.45239148950615,0.0003999999999999954
11.26,2.2911863775884584,0.17568311136905512,0.45250363689090156,0.00019999999999999887
11.27,2.293893327810547,0.17699908615677795,0.4556107311450073,0.0002999999999999968
11.28,2.2965599391422575,0.17830570943274837,0.4585097292988104,0.00039999999999999465
11.28,2.2965594410162513,0.17830674509532657,0.4586628534534008,0.00019999999999999865
11.29,2.2992007082239816,0.1796109618908985,0.462179573582712,0.00029999999999999656
11.3,2.3018796073086,0.18094549913696908,0.4655068490052051,0.0004000000000000122
11.3,2.30188051242431,0.18094364682477435,0.4652308615837989,0.0002000000000000031
11.31,2.3045354775399116,0.18227638790022127,0.46814570180266213,0.000300000000000001
11.32,2.3071949219029784,0.1836210969233654,0.4713002021406846,0.0003999999999999989
11.32,2.307196110236797,0.18361870286889106,0.4709416957298729,0.0001999999999999997
11.33,2.309890758407416,0.1849906860712161,0.47352170456402104,0.0002999999999999976
11.34,2.3125413296910455,0.1863488500963999,0.47644597774626385,0.00039999999999999547
11.34,2.3125408492102046,0.1863498039511418,0.4765888948695988,0.0001999999999999989
11.35,2.3152111085533247,0.18772841312722707,0.47908343908386447,0.0002999999999999968
11.36,2.3179103708221525,0.18913053524373002,0.48233561897592947,0.00039999999999999465
11.36,2.317909311859306,0.18913260765281303,0.4826450877206155,0.00019999999999999865
11.37,2.320597314071819,0.1905410603023163,0.48586048732185066,0.00029999999999999656
11.38,2.3232625977058183,0.19194855025259736,0.48899164468958645,0.0004000000000000122
11.38,2.323262330003981,0.1919490663533967,0.4890687748453113,0.0002000000000000031
11.39,2.3259654425193284,0.19338764277348225,0.49248103551450195,0.000300000000000001
11.4,2.3286512718378036,0.19482880311801248,0.49508141640485714,0.0003999999999999989
11.4,2.3286509747194044,0.1948293671416332,0.49516545382724986,0.0001999999999999997
11.41,2.331310330723137,0.19626552995379506,0.49928624279718914,0.0002999999999999976
11.42,2.33388262461415,0.19766839750096135,0.5026577919083072,0.00039999999999999547
11.42,2.3338844388238593,0.19766500563907266,0.5021450145143292,0.0001999999999999989
11.43,2.3365061650939176,0.19910457180237578,0.5053122235177699,0.0002999999999999968
11.44,2.339120699804107,0.20055098539656044,0.5082258703938124,0.00039999999999999465
11.44,2.3391214570734538,0.2005495912390123,0.5080139636074116,0.00019999999999999865
11.45,2.34177175613471,0.20202515630331572,0.5109474081576235,0.00029999999999999656
11.46,2.3444244640381013,0.20351227287128948,0.5140233357878138,0.0004000000000000122
11.46,2.3444245209140777,0.20351216967603866,0.5140077101684278,0.0002000000000000031
11.47,2.3470232360835426,0.20497948798345128,0.5170643278506637,0.000300000000000001
11.48,2.349707408080513,0.2065058968655655,0.5202230151732514,0.0003999999999999989
11.48,2.3497073041768175,0.2065060826965029,0.5202511092126707,0.0001999999999999997
11.49,2.352344988923925,0.20801719991160147,0.5230854329010313,0.0002999999999999976
11.5,2.354956205223558,0.20952299960940896,0.5261035342457878,0.00039999999999999547
11.5,2.354955544874373,0.20952416403516683,0.5262803761889145,0.0001999999999999989
11.51,2.357551047006562,0.211031972435576,0.528888377626457,0.0002999999999999968
11.52,2.360159898773225,0.21255664995879794,0.5319189251772241,0.00039999999999999465
11.52,2.360158930155346,0.21255833444961206,0.5321762302343594,0.00019999999999999865
11.53,2.3627252164327075,0.21406947692349856,0.5352657563690114,0.00029999999999999656
11.54,2.365308036290659,0.21560112126477973,0.5379922165209939,0.00039999999999999444
11.54,2.3653077121915675,0.21560167706686045,0.5380778089131419,0.00019999999999999863
11.55,2.367865835535968,0.2171284156330003,0.5408920177351675,0.00030000000000001423
11.56,2.3705095748309,0.21871635862155145,0.5444513099320509,0.0004000000000000121
11.56,2.3705100447147758,0.2187155637577844,0.5443291859465091,0.00020000000000000305
11.57,2.3731089746199334,0.22028877322318563,0.5469655087255078,0.0003000000000000009
11.58,2.3755664368788567,0.22178521489288364,0.550173667870814,0.00039999999999999877
11.58,2.375565909599277,0.22178609493060744,0.5503112405579611,0.00019999999999999974
11.59,2.3780663358355345,0.22332019026658517,0.5534619244756683,0.00029999999999999764
11.6,2.380585361926998,0.22487664262919563,0.5566997435813437,0.0003999999999999955
11.6,2.380585722792241,0.22487604868364444,0.5566060307067126,0.00019999999999999893
11.61,2.383137774107634,0.22646401548808134,0.5597966055144037,0.0002999999999999968
11.62,2.385687854732576,0.22806206489769917,0.562966126836575,0.00039999999999999465
11.62,2.3856882575325336,0.22806141127643842,0.5628633166041107,0.00019999999999999865
11.63,2.3882033780833307,0.2296483152889571,0.5663207199698969,0.0003000000000000143
11.64,2.390691806375259,0.2312304327725213,0.5693919917588974,0.00040000000000001216
11.64,2.3906927668757976,0.2312288959047009,0.5691481473193457,0.00020000000000000307
11.65,2.3932060762914897,0.23283682928183,0.5723997432586418,0.00030000000000000095
11.66,2.3957696482280806,0.23448869103199863,0.5747015800952433,0.0003999999999999988
11.66,2.3957685873339774,0.23449036490132577,0.5749659867731395,0.00019999999999999968
11.67,2.398317385280939,0.23614197882957821,0.5774588530991399,0.00029999999999999753
11.68,2.400795949062112,0.23775686860671186,0.5803528851773595,0.0003999999999999954
11.68,2.400794028011323,0.23775986132847063,0.5808280219776278,0.00019999999999999887
11.69,2.4032612928012416,0.23937925683584732,0.5836552751041999,0.0002999999999999968
11.7,2.4057624263225095,0.24103101866834,0.5871188513406744,0.00039999999999999465
11.7,2.405761654783358,0.24103220510634635,0.5873084142454107,0.00019999999999999865
11.71,2.408227067751498,0.24267334278125666,0.5908522746420279,0.0003000000000000143
11.72,2.410740898046052,0.24435959677472405,0.5940813062877819,0.00040000000000001216
11.72,2.4107416858230835,0.2443584022948051,0.5938901125241274,0.00020000000000000307
11.73,2.4132030390184656,0.24602031893967638,0.5971073358640834,0.00030000000000000095
11.74,2.415701912429331,0.2477192995431479,0.6002878011418786,0.0003999999999999988
11.74,2.415702388582853,0.24771858753597092,0.6001734881009863,0.00019999999999999968
11.75,2.418090952715274,0.24935330058893784,0.6031397508399939,0.00029999999999999753
11.76,2.420564244938471,0.25105679553520227,0.6064801030244303,0.0003999999999999954
11.76,2.420565443903399,0.25105502663082435,0.6061931080577553,0.00019999999999999887
11.77,2.423039322897771,0.2527700861917351,0.6091990755621566,0.0002999999999999968
11.78,2.4255252349142338,0.2545045750274489,0.6122537183308733,0.00039999999999999465
11.78,2.4255258740161785,0.25450364461733826,0.6121032430490124,0.00019999999999999865
11.79,2.428001703267042,0.25624181076034624,0.615095399820067,0.00029999999999999656
11.8,2.430392651583938,0.25793108860916963,0.6181652340380404,0.0004000000000000122
11.8,2.4303925593703286,0.25793122115425343,0.6181868821910272,0.0002000000000000031
11.81,2.432820880159288,0.2596581830162146,0.6206941285134221,0.000300000000000001
11.82,2.435222657430924,0.26137535151849073,0.6237125921834169,0.0003999999999999989
11.82,2.4352208094974306,0.26137797453138406,0.6241442329820978,0.0001999999999999997
11.83,2.4376857348234524,0.26315317435126706,0.6271300035291267,0.0002999999999999976
11.84,2.4401321637713043,0.26492617036459004,0.6302767640963619,0.00039999999999999547
11.84,2.4401311668467924,0.26492756710917936,0.6305055246595815,0.0001999999999999989
11.85,2.4424847166396173,0.26664539787421226,0.6335072934226774,0.0002999999999999968
11.86,2.444869737974385,0.2683971968153058,0.636368036744045,0.00039999999999999465
11.86,2.4448687818640327,0.2683985191039539,0.6365877446502692,0.00019999999999999865
11.87,2.4472721277437506,0.27017520076158824,0.6393597489192211,0.00029999999999999656
11.88,2.449686006936283,0.2719700385227229,0.642156535953313,0.0004000000000000122
11.88,2.449684039803894,0.27197272418042545,0.6426025637243975,0.0002000000000000031
11.89,2.4520478552905476,0.27374226928775114,0.6453468249016531,0.000300000000000001
11.9,2.4544472828366595,0.27554876933195,0.6477281760555753,0.0003999999999999989
11.9,2.4544437727482578,0.275553501331076,0.6485178799895471,0.0001999999999999997
11.91,2.456839361313261,0.27736904214732794,0.6511347426451338,0.0002999999999999976
11.92,2.4592212929966704,0.2791840656780578,0.6542065611187886,0.00039999999999999547
11.92,2.459218680149825,0.27918754464979656,0.6547882995868604,0.0001999999999999989
11.93,2.4615874840778846,0.2810062828609939,0.6573839313415972,0.0002999999999999968
11.94,2.464007475467486,0.2828743264102573,0.6599546647507429,0.00039999999999999465
11.94,2.464003857397658,0.2828790827764528,0.6607487759878117,0.00019999999999999865
11.95,2.4664473400936218,0.28477841507951174,0.6635598758365671,0.00029999999999999656
11.96,2.4687481428619242,0.2865772398992431,0.6665444234195376,0.0004000000000000122
11.96,2.468745151095577,0.2865811241069213,0.6671980975032021,0.0002000000000000031
11.97,2.4710738658416043,0.2884154613302912,0.6703489122456908,0.000300000000000001
11.98,2.473486463064847,0.29032822207617903,0.6732525361306833,0.0003999999999999989
11.98,2.4734840926170785,0.29033125903620566,0.6737633905782369,0.0001999999999999997
11.99,2.4757922793375546,0.2921741108534216,0.6768974345163934,0.0002999999999999976
12.0,2.47808440192363,0.29401592937351556,0.6800542777845288,0.00039999999999999547
12.0,2.4780833414738876,0.29401727031141855,0.6802836698018984,0.0001999999999999989
12.01,2.4804320658704033,0.2959176952177632,0.683629180056027,0.0002999999999999968
12.02,2.48276069989021,0.29781479025238083,0.6864770371663511,0.00039999999999999465
12.02,2.482760317902476,0.2978152667633894,0.6865585806045427,0.00019999999999999865
12.03,2.4851049630766124,0.29973686016394335,0.6898113514177662,0.00029999999999999656
12.04,2.4874136912961196,0.3016416048165831,0.6930374474452307,0.00039999999999999444
12.04,2.4874143678553415,0.3016407718142099,0.6928944597298994,0.00019999999999999863
12.05,2.48969798520239,0.3035366626284902,0.6959638612414871,0.00030000000000001423
12.06,2.4919946844677145,0.3054553530841964,0.6992135189171778,0.0004000000000000121
12.06,2.4919952853671368,0.30545462266547146,0.6990870871904487,0.00020000000000000305
12.07,2.4942781317698857,0.307373877840064,0.702338406045562,0.0003000000000000009
12.08,2.4966473298156915,0.30937891513539234,0.7050743551712417,0.00039999999999999877
12.08,2.496647359356194,0.30937887969185746,0.7050682514900822,0.00019999999999999974
12.09,2.4989260600176837,0.3113180300753416,0.7078910956961499,0.00029999999999999764
12.1,2.5012274130103633,0.3132876852731324,0.7107140034925407,0.0003999999999999955
12.1,2.5012262000152963,0.3132891231136092,0.7109632468906534,0.00019999999999999893
12.11,2.503486294140181,0.315235527332474,0.7140527952222367,0.0002999999999999968
12.12,2.505765738477257,0.3172108944692427,0.7172392183395532,0.00039999999999999465
12.12,2.50576592419566,0.3172106769893171,0.7172012242129971,0.00019999999999999865
12.13,2.5079857017348224,0.3191466077644946,0.7201359575809932,0.0003000000000000143
12.14,2.510202244376145,0.3210911994006248,0.7239043252508637,0.00040000000000001216
12.14,2.510203251502454,0.3210900343198051,0.7236975422443719,0.00020000000000000307
12.15,2.5124298762739032,0.32305754917971813,0.7270838195020739,0.00030000000000000095
12.16,2.5145978164622638,0.3249863211242383,0.7301872184491955,0.0003999999999999988
12.16,2.5145996626722207,0.3249842127697617,0.7298077740653659,0.00019999999999999968
12.17,2.516811183848836,0.3269625763945882,0.7335320256523734,0.00029999999999999753
12.18,2.519063867032522,0.32899291630196525,0.7372502884111818,0.0003999999999999954
12.18,2.5190682458186866,0.32898798071109303,0.7363647401055227,0.00019999999999999887
12.19,2.5213451500592057,0.3310518702309321,0.7392970656528677,0.0002999999999999968
12.2,2.5235940723840744,0.333102440679466,0.7426052393328354,0.00039999999999999465
12.2,2.523596569379243,0.3330996615816449,0.7421100230272176,0.00019999999999999865
12.21,2.5258395615128353,0.335156409612907,0.7448576081252561,0.0003000000000000143
12.22,2.5280162321212054,0.3371633801082354,0.7474235473589829,0.00040000000000001216
12.22,2.5280146403470183,0.3371651309820874,0.7477384559906827,0.00020000000000000307
12.23,2.5301898728747134,0.339182400427863,0.7501883255693765,0.00030000000000000095
12.24,2.532369711793084,0.341213897579716,0.7534304332531876,0.0003999999999999988
12.24,2.5323680034083282,0.341215755493335,0.7537680842989967,0.00019999999999999968
12.25,2.5345537907985567,0.3432674657808434,0.756534364516198,0.00029999999999999753
12.26,2.5367312021561355,0.34532267372754116,0.7591901945560997,0.0003999999999999954
12.26,2.536728834622862,0.3453252178206826,0.7596546836853358,0.00019999999999999887
12.27,2.538889491542379,0.3473773976970102,0.7627623147770425,0.0002999999999999968
12.28,2.5410849711254504,0.34947566800423446,0.7657740527970617,0.00039999999999999465
12.28,2.5410840006932682,0.3494766982276009,0.7659625474524301,0.00019999999999999865
12.29,2.543226073301743,0.35153708319862725,0.7685397005364802,0.00029999999999999656
12.3,2.5453603024238545,0.35360053909879474,0.7715607858593521,0.0004000000000000122
12.3,2.5453577890980372,0.35360317561664445,0.7720486257569844,0.0002000000000000031
12.31,2.5475159515049635,0.35570447282902934,0.7756000044039487,0.000300000000000001
12.32,2.549607273735106,0.3577552092115165,0.7786227997901223,0.0003999999999999989
12.32,2.549608348787123,0.35775409562280724,0.778414644962889,0.0001999999999999997
12.33,2.551765822298997,0.3598816441180246,0.7815786896416209,0.0002999999999999976
12.34,2.55389171244301,0.3619913564110199,0.7844086790815614,0.00039999999999999547
12.34,2.5538923467180927,0.36199070761916535,0.7842873655676367,0.0001999999999999989
12.35,2.5560105350170392,0.36410419537959554,0.7875676625671744,0.0002999999999999968
12.36,2.5581521610105997,0.3662551341033571,0.7907919182819881,0.00039999999999999465
12.36,2.5581523429438344,0.3662549502696762,0.7907574882645827,0.00019999999999999865
12.37,2.560291248723869,0.36841690598435267,0.7937932489573871,0.00029999999999999656
12.38,2.562428329021199,0.37059017286515294,0.7968541893386907,0.0004000000000000122
12.38,2.562428105774186,0.3705903956506486,0.7968958943588136,0.0002000000000000031
12.39,2.5645336853765137,0.37274495939356783,0.7993296801608732,0.000300000000000001
12.4,2.5666776093029853,0.37494946749329433,0.8022954742643458,0.0003999999999999989
12.4,2.5666760272547715,0.3749510274621681,0.8025880580256939,0.0001999999999999997
12.41,2.568720099548916,0.3770666108428541,0.8056191803846636,0.0002999999999999976
12.42,2.570840377719049,0.379274419255695,0.8083209292137602,0.00039999999999999547
12.42,2.5708385548058215,0.37927619534963825,0.808657432061827,0.0001999999999999989
12.43,2.5729040494527715,0.3814400800095997,0.8118227264758155,0.0002999999999999968
12.44,2.5750016588593962,0.3836515823207152,0.8147054926568483,0.00039999999999999465
12.44,2.5750005166151304,0.38365268176483586,0.8149151101486565,0.00019999999999999865
12.45,2.577067033294209,0.3858449410264503,0.8179714431041993,0.00029999999999999656
12.46,2.579091165259731,0.3880054279830583,0.820881036319532,0.0004000000000000122
12.46,2.5790898075144333,0.3880067190452859,0.821130571999671,0.0002000000000000031
12.47,2.58106639718344,0.3901298645047648,0.8242264595749241,0.000300000000000001
12.48,2.58311872354685,0.3923480926032174,0.8274450962422073,0.0003999999999999989
12.48,2.5831177723536403,0.39234898592639084,0.8276197621212343,0.0001999999999999997
12.49,2.5851184657706536,0.394526181384721,0.8309852796852132,0.0002999999999999976
12.5,2.58718573993517,0.39679108391369244,0.834023413929654,0.00039999999999999547
12.5,2.5871858689217624,0.39679096434052896,0.83400000509946,0.0001999999999999989
12.51,2.5892326984709264,0.39904709027251295,0.8366729599443863,0.0002999999999999968
12.52,2.5911961618528143,0.40122298457801275,0.8395455676561829,0.00039999999999999465
12.52,2.5911948805302587,0.4012241578579085,0.8397778988984833,0.00019999999999999865
12.53,2.5932243624556377,0.4034873020254504,0.8429170000212806,0.00029999999999999656
12.54,2.595197323927336,0.405701362045761,0.8459913554272871,0.00039999999999999444
12.54,2.595196589130722,0.40570202664520866,0.8461237595394032,0.00019999999999999863
12.55,2.597179294040043,0.4079414376830031,0.8493270181100989,0.00030000000000001423
12.56,2.5991633957878673,0.41019694245291266,0.8520292047330378,0.0004000000000000121
12.56,2.599162738748001,0.41019752927501524,0.8521468239765297,0.00020000000000000305
12.57,2.601171057456623,0.41249358678688836,0.8554992771560926,0.0003000000000000009
12.58,2.6031563653785703,0.4147787508965617,0.8579513388147318,0.00039999999999999877
12.58,2.603155608260206,0.41477941867900536,0.8580852240176976,0.00019999999999999974
12.59,2.6051004324771005,0.41702971180658593,0.8611155514294184,0.00029999999999999764
12.6,2.607077863710193,0.4193317975527148,0.8639287549210494,0.0003999999999999955
12.6,2.607077498057972,0.4193321162136852,0.8639931393610998,0.00019999999999999893
12.61,2.609005421397449,0.4215896765641605,0.866743991011922,0.0002999999999999968
12.62,2.610970261030954,0.4239033228862676,0.8696465475034938,0.00039999999999999465
12.62,2.610969460939842,0.42390401196839794,0.8697868253807619,0.00019999999999999865
12.63,2.6129280306627383,0.4262245494780627,0.8732180756024638,0.0003000000000000143
12.64,2.614844223430995,0.4285107475304796,0.876125733026402,0.00040000000000001216
12.64,2.614844859272136,0.4285102065274982,0.8760147025297262,0.00020000000000000307
12.65,2.616771136859623,0.43082153590207345,0.8791216510769323,0.00030000000000000095
12.66,2.6186127745549044,0.4330453185597019,0.8817209140689111,0.0003999999999999988
12.66,2.6186124495176237,0.43304559180147034,0.8817780698695646,0.00019999999999999968
12.67,2.620532235248953,0.4353763143179446,0.8846312505245397,0.00029999999999999753
12.68,2.6224396716438685,0.4377055546649694,0.8874294992682291,0.0003999999999999954
12.68,2.622438014443694,0.4377069311613859,0.8877174213914135,0.00019999999999999887
12.69,2.6243271063363447,0.44002834905170596,0.8904216818498313,0.0002999999999999968
12.7,2.626266107671282,0.44242430404648514,0.8933262789727271,0.00039999999999999465
12.7,2.626264336118225,0.4424257579506121,0.8936298590975965,0.00019999999999999865
12.71,2.6281662058355053,0.44479130990749005,0.8962579807153601,0.0003000000000000143
12.72,2.630028977590785,0.44712074190940426,0.8992993381495935,0.00040000000000001216
12.72,2.630028243379992,0.44712133737847737,0.899424895381868,0.00020000000000000307
12.73,2.63189434354386,0.4494701433983195,0.9022677643960398,0.00030000000000000095
12.74,2.6337043709509547,0.45176171777152646,0.9049969140415814,0.0003999999999999988
12.74,2.6337028977858896,0.4517628984211965,0.9052501703858947,0.00019999999999999968
12.75,2.635533857930067,0.454095241865736,0.9080081961743188,0.00029999999999999753
12.76,2.637386794186104,0.4564690295235374,0.9113350983542358,0.0003999999999999954
12.76,2.6373861711282074,0.456469522878204,0.911441513770404,0.00019999999999999887
12.77,2.639214564173706,0.45882852170322214,0.9136603000081936,0.0002999999999999968
12.78,2.641039393229939,0.4611937420625733,0.9164236305341984,0.00039999999999999465
12.78,2.6410360192823408,0.4611963816480371,0.9169973439013556,0.00019999999999999865
12.79,2.6428488347430403,0.4635623135501543,0.9199592906423414,0.00029999999999999656
12.8,2.6447222981048335,0.4660224571832153,0.9230744830631679,0.0004000000000000122
12.8,2.6447197325416925,0.4660244396232905,0.9235043321401853,0.0002000000000000031
12.81,2.646502257028414,0.46838246284008317,0.9271199207647444,0.000300000000000001
12.82,2.6482541990301094,0.4707175326233684,0.9304250599034788,0.0003999999999999989
12.82,2.648255586132333,0.4707164746464632,0.9301905371555976,0.0001999999999999997
12.83,2.650088067537899,0.4731745781727013,0.9332970738072431,0.0002999999999999976
12.84,2.651860914970229,0.47556817014002284,0.9361293160543143,0.00039999999999999547
12.84,2.651860652841191,0.4755683674082621,0.9361731391080712,0.0001999999999999989
12.85,2.6536627350898367,0.4780161182505744,0.9393320311262799,0.0002999999999999968
12.86,2.6553839168218616,0.4803695174968624,0.9423252282916807,0.00039999999999999465
12.86,2.655383890820208,0.48036953681501565,0.9423295766187799,0.00019999999999999865
12.87,2.6571669998039127,0.4828230109660871,0.9455592252704518,0.00029999999999999656
12.88,2.6589522400232304,0.48529617370535283,0.9480545508089787,0.0004000000000000122
12.88,2.6589510481803216,0.4852970476088716,0.9482508534993753,0.0002000000000000031
12.89,2.6606966205136118,0.48772902374188365,0.950862824110164,0.000300000000000001
12.9,2.6624386978050754,0.4901695620543982,0.9537818024024906,0.0003999999999999989
12.9,2.662436715968003,0.4901709974903088,0.9541076488730234,0.0001999999999999997
12.91,2.6641687887641026,0.49261424698064005,0.9572576909380927,0.0002999999999999976
12.92,2.665879995480035,0.495044250898817,0.9602367102139608,0.00039999999999999547
12.92,2.66587906024789,0.4950449197678774,0.9603904001666319,0.0001999999999999989
12.93,2.6675702942459396,0.49746261495782534,0.9639523580807395,0.0002999999999999968
12.94,2.669275298606562,0.49991857442856813,0.9667762960436967,0.00039999999999999465
12.94,2.6692760134285622,0.49991806994536253,0.9666589853913481,0.00019999999999999865
12.95,2.6710063299034656,0.5024249470590566,0.9696118383135429,0.00029999999999999656
12.96,2.672683049071814,0.5048695820661839,0.9730344540258397,0.0004000000000000122
12.96,2.6726841088859357,0.5048688437616895,0.97286166632756,0.0002000000000000031
12.97,2.674360144192193,0.5073295881107038,0.9759874334628084,0.000300000000000001
12.98,2.6760130496419907,0.5097727522483501,0.9791374093931724,0.0003999999999999989
12.98,2.6760141723641655,0.5097719803627093,0.9789542440406165,0.0001999999999999997
12.99,2.6776735812092833,0.512240505487133,0.9821881653521125,0.0002999999999999976
13.0,2.6793497235577566,0.5147514232490951,0.9852922090608324,0.00039999999999999547
13.0,2.6793514306900486,0.5147502651690425,0.9850160736397912,0.0001999999999999989
13.01,2.681009587276621,0.5172495163915269,0.9888844520110336,0.0002999999999999968
13.02,2.682685281122426,0.5197965335569655,0.9919525512643198,0.00039999999999999465
13.02,2.6826882000592747,0.5197945803819382,0.9914855962887108,0.00019999999999999865
13.03,2.6843602926829826,0.5223505787596332,0.9945321201091604,0.00029999999999999656
13.04,2.686043550371438,0.5249408352291721,0.9982315673936782,0.00039999999999999444
13.04,2.686046801626357,0.5249386886848615,0.9977192515917916,0.00019999999999999863
13.05,2.687639993641554,0.5274075350659297,1.001346872057848,0.00030000000000001423
13.06,2.6892488303377915,0.5299205881188775,1.004657064986521,0.0004000000000000121
13.06,2.6892532406779948,0.5299177156748834,1.0039561553694818,0.00020000000000000305
13.07,2.6908968225595693,0.5324998546294871,1.0068453855645971,0.0003000000000000009
13.08,2.692436817618053,0.5349347558790268,1.0102158899860063,0.00039999999999999877
13.08,2.692439377361163,0.5349331105756087,1.0098072073129873,0.00019999999999999974
13.09,2.6940222213856737,0.5374522459179807,1.0127870219049078,0.00029999999999999764
13.1,2.6955826680351698,0.5399522412748214,1.0159281488467176,0.0003999999999999955
13.1,2.6955839934622583,0.5399514005562691,1.0157166309416228,0.00019999999999999893
13.11,2.6971890697053764,0.5425397478827187,1.0186837580859187,0.0002999999999999968
13.12,2.6987485370018938,0.5450712862536122,1.0217886745864035,0.00039999999999999465
13.12,2.698749493411385,0.5450706876268481,1.0216374865364846,0.00019999999999999865
13.13,2.700324293933229,0.5476441078180802,1.0245818320507578,0.0003000000000000143
13.14,2.7019096369501647,0.5502519711514822,1.0276911582605586,0.00040000000000001216
13.14,2.701909872612933,0.5502518256039827,1.027654368071884,0.00020000000000000307
13.15,2.7035041864255813,0.5528926920496585,1.030450567699299,0.00030000000000000095
13.16,2.7050415905356835,0.5554554605724187,1.0334592009929169,0.0003999999999999988
13.16,2.705041013632667,0.5554558121833995,1.0335487084976784,0.00019999999999999968
13.17,2.706571607458616,0.5580252400211817,1.0363296265041235,0.00029999999999999753
13.18,2.7080941565754024,0.5605974050276697,1.0398784271801347,0.0003999999999999954
13.18,2.708095030008907,0.560596879684166,1.0397427268844377,0.00019999999999999887
13.19,2.709645609123145,0.5632369128869482,1.0426554906406675,0.0002999999999999968
13.2,2.7111199250707263,0.5657639261845939,1.045478357599998,0.00039999999999999465
13.2,2.711119960370763,0.5657639052427614,1.045472870707948,0.00019999999999999865
13.21,2.7126106706863458,0.5683356378718077,1.0485247279778451,0.0003000000000000143
13.22,2.7141094665279804,0.5709396034249821,1.051564053022404,0.00040000000000001216
13.22,2.7141095764229144,0.5709395391147163,1.051547029830868,0.00020000000000000307
13.23,2.7155860389900885,0.5735227298157353,1.0550374772772302,0.00030000000000000095
13.24,2.7170832702577785,0.5761636105157076,1.058180175005782,0.0003999999999999988
13.24,2.7170846984926245,0.5761627865288512,1.0579604484753238,0.00019999999999999968
13.25,2.7185759382698804,0.5788111119538736,1.0608172839467895,0.00029999999999999753
13.26,2.7200538828988163,0.5814534544952044,1.0638785059866003,0.0003999999999999954
13.26,2.72005430552648,0.5814532140992146,1.0638140412174626,0.00019999999999999887
13.27,2.7214876712392755,0.5840339788464715,1.067160251925603,0.0002999999999999968
13.28,2.72292341726189,0.5866395317190948,1.0700450513160238,0.00039999999999999465
13.28,2.7229226742211208,0.5866399484409509,1.0701589705775467,0.00019999999999999865
13.29,2.724369878070868,0.5892850289904672,1.0729488413214205,0.00029999999999999656
13.3,2.7257745952450736,0.5918695536433094,1.0763461438736286,0.0004000000000000122
13.3,2.725773980672831,0.5918698934442056,1.0764403717086417,0.0002000000000000031
13.31,2.727180837997434,0.5944800355440907,1.079658206971058,0.000300000000000001
13.32,2.7285807768774855,0.5970974729270881,1.0820797106422886,0.0003999999999999989
13.32,2.728578218778491,0.5970988663172333,1.0824715015035844,0.0001999999999999997
13.33,2.7299837827478464,0.5997446920655659,1.0853316841331322,0.0002999999999999976
13.34,2.7313905039894038,0.602411075573259,1.0882571726911947,0.00039999999999999547
13.34,2.7313876933149244,0.6024125843346448,1.0886838519690034,0.0001999999999999989
13.35,2.7328016360608776,0.6051145638745403,1.0912354702939013,0.0002999999999999968
13.36,2.734189018857457,0.6077823368084811,1.0940856421746024,0.00039999999999999465
13.36,2.7341842296336525,0.6077848703629096,1.0948063159087023,0.00019999999999999865
13.37,2.7355753808803374,0.6104833861219344,1.097770732839707,0.00029999999999999656
13.38,2.7369654810831543,0.6131996030304582,1.0999770193592786,0.0004000000000000122
13.38,2.736960301443094,0.6132023019670767,1.1007490443423629,0.0002000000000000031
13.39,2.738292878819729,0.615825354723338,1.1034528471003573,0.000300000000000001
13.4,2.739628206959888,0.6184715159525114,1.106547034765125,0.0003999999999999989
13.4,2.7396259313582076,0.6184726846776938,1.1068891930544331,0.0001999999999999997
13.41,2.7409850230740034,0.6211891054345424,1.1099596313331572,0.0002999999999999976
13.42,2.7423488251718116,0.6239359856965462,1.1132211295490555,0.00039999999999999547
13.42,2.7423486267654185,0.6239360860295696,1.1132505503977301,0.0001999999999999989
13.43,2.743677414339399,0.6266347027411028,1.1165246739667951,0.0002999999999999968
13.44,2.7449593651885302,0.6292598523239615,1.119433386250174,0.00039999999999999465
13.44,2.7449591782020795,0.6292599454251263,1.119461336234333,0.00019999999999999865
13.45,2.746296146739963,0.6320182728143027,1.1219288966690306,0.00029999999999999656
13.46,2.747605937483914,0.634737604937839,1.1249141921117525,0.0004000000000000122
13.46,2.7476035048012677,0.6347387977145236,1.1252738605228625,0.0002000000000000031
13.47,2.7488887835399756,0.6374302294583895,1.12846442461105,0.000300000000000001
13.48,2.750192497143193,0.6401828148327435,1.1313855442985654,0.0003999999999999989
13.48,2.7501910977874493,0.6401834903202642,1.1315915744251464,0.0001999999999999997
13.49,2.7514530486806237,0.6428695815799846,1.134422367450022,0.0002999999999999976
13.5,2.752718521228005,0.6455831011664347,1.1374889324647375,0.00039999999999999547
13.5,2.752716353429474,0.6455841313942451,1.1378089413084458,0.0001999999999999989
13.51,2.753988058752057,0.6483353008553069,1.140779211361142,0.0002999999999999968
13.52,2.7552326119216235,0.6510488636727859,1.1442227106707659,0.00039999999999999465
13.52,2.755232314962056,0.6510490025433147,1.144266395017417,0.00019999999999999865
13.53,2.756467568419745,0.6537672640972105,1.1470237917303252,0.00029999999999999656
13.54,2.757721428311001,0.6565467936009031,1.1495508539270527,0.00039999999999999444
13.54,2.757717982834263,0.6565483784475301,1.1500543796797675,0.00019999999999999863
13.55,2.758914584077055,0.6592225702885549,1.1523904574078219,0.00030000000000001423
13.56,2.7601207623961117,0.6619351445465655,1.1553390923964624,0.0004000000000000121
13.56,2.760116725786301,0.6619369728396899,1.1559333338951245,0.00020000000000000305
13.57,2.7613128576587345,0.6646528302975026,1.158929708578351,0.0003000000000000009
13.58,2.7624958359389935,0.6673607900453384,1.1618021087013617,0.00039999999999999877
13.58,2.762493562159878,0.6673618032731985,1.1621372105524366,0.00019999999999999974
13.59,2.763684596841464,0.6701122196796983,1.1652250860989803,0.00029999999999999764
13.6,2.7648628516788976,0.6728563299009525,1.1682924965302788,0.0003999999999999955
13.6,2.764860946983276,0.6728571645089221,1.168571533580737,0.00019999999999999893
13.61,2.766018831228689,0.675578919971866,1.1709064531132458,0.0002999999999999968
13.62,2.767168219324176,0.6782983133717231,1.1743145914625075,0.00039999999999999465
13.62,2.76716592960048,0.6782993002161872,1.174650653169663,0.00019999999999999865
13.63,2.7683227217654003,0.681065043232826,1.177275688549983,0.0003000000000000143
13.64,2.769474325658711,0.6838388133298227,1.1804569323675949,0.00040000000000001216
13.64,2.7694724362099548,0.6838396137713044,1.1807319652875314,0.00020000000000000307
13.65,2.7706023702053106,0.6865879745654607,1.1833845472303857,0.00030000000000000095
13.66,2.7717227302617458,0.6893337358266743,1.1866268675810776,0.0003999999999999988
13.66,2.7717213541417007,0.6893343089207536,1.1868272213347888,0.00019999999999999968
13.67,2.7728574682634686,0.6921463170072897,1.1894896479059394,0.00029999999999999753
13.68,2.773991975282449,0.6949760150743799,1.1922922442402806,0.0003999999999999954
13.68,2.7739893592222518,0.6949770855986942,1.192667979814659,0.00019999999999999887
13.69,2.775109480040708,0.6977968148654152,1.1954931201816752,0.0002999999999999968
13.7,2.7761887622115644,0.7005362709972904,1.1987569282202029,0.00039999999999999465
13.7,2.776187743436845,0.7005366808261515,1.1989036050829365,0.00019999999999999865
13.71,2.777269808926351,0.7033109073759685,1.201408198250836,0.0003000000000000143
13.72,2.7783407803989175,0.7060771360895626,1.2040140198871747,0.00040000000000001216
13.72,2.7783374831222716,0.706078439524546,1.2044894990922144,0.00020000000000000307
13.73,2.7793873593868077,0.7088151973061628,1.2077034173214565,0.00030000000000000095
13.74,2.7804524974563183,0.7116186489768762,1.2107067720187785,0.0003999999999999988
13.74,2.780452018232245,0.711618835080914,1.2107758415258385,0.00019999999999999968
13.75,2.7815062011192877,0.7144193382781678,1.2135721024488246,0.00029999999999999753
13.76,2.7825682031104377,0.717264719870595,1.216586582396355,0.0003999999999999954
13.76,2.7825669875670993,0.7172651834279827,1.2167601463644144,0.00019999999999999887
13.77,2.7836059365226578,0.7200761221333118,1.219664540937968,0.0002999999999999968
13.78,2.7846305380147967,0.7228731982959171,1.2224014337802047,0.00039999999999999465
13.78,2.7846285856940156,0.7228739294299974,1.2226801379867136,0.00019999999999999865
13.79,2.7856647806353028,0.7257292857913498,1.2253132611870343,0.00029999999999999656
13.8,2.7866961811113624,0.7285949391356539,1.2281037852189072,0.0004000000000000122
13.8,2.7866921026520948,0.7285964389083829,1.2286798864489006,0.0002000000000000031
13.81,2.787671754418193,0.731347342937385,1.2323484047306448,0.000300000000000001
13.82,2.788684106702733,0.7342234128223347,1.2358082957115495,0.0003999999999999989
13.82,2.7886854695736587,0.7342229212732035,1.235615587827483,0.0001999999999999997
13.83,2.7896636751709414,0.7370312441080153,1.2385099762134875,0.0002999999999999976
13.84,2.790623582079108,0.7398129261173142,1.2418615455455537,0.00039999999999999547
13.84,2.790624552494625,0.7398125830024014,1.2417234381588913,0.0001999999999999989
13.85,2.791599332347079,0.7426670789278579,1.2447929596960252,0.0002999999999999968
13.86,2.7925724391439406,0.7455455360145556,1.2475265147866605,0.00039999999999999465
13.86,2.7925722264589026,0.7455456096948465,1.24755647314684,0.00019999999999999865
13.87,2.7935093088513256,0.7483429629772897,1.2506791941678816,0.00029999999999999656
13.88,2.794441351919126,0.7511543913587002,1.2532842628557905,0.0004000000000000122
13.88,2.7944399306398484,0.7511548741768549,1.253485664908143,0.0002000000000000031
13.89,2.795361984135437,0.7539625257684783,1.2565704855888322,0.000300000000000001
13.9,2.796272275075097,0.7567634786905777,1.259486334806533,0.0003999999999999989
13.9,2.7962709441062046,0.7567639219784374,1.2596755809718045,0.0001999999999999997
13.91,2.7971869246738543,0.7596124418299273,1.2620045367149628,0.0002999999999999976
13.92,2.798085871184746,0.7624304927570292,1.2649515231721762,0.00039999999999999547
13.92,2.798081822386048,0.7624318147845474,1.265525470813803,0.0001999999999999989
13.93,2.798977954453279,0.7652755865410903,1.2682093628793052,0.0002999999999999968
13.94,2.7998598738752167,0.7681006845688698,1.2717235378532143,0.00039999999999999465
13.94,2.799858174557199,0.7681012282274404,1.2719639668082006,0.00019999999999999865
13.95,2.800764172156765,0.7710422313451828,1.2746998163102687,0.00029999999999999656
13.96,2.801636777321823,0.7739026281459913,1.277384289041345,0.0004000000000000122
13.96,2.8016327993323857,0.7739038733617558,1.2779406723046123,0.0002000000000000031
13.97,2.8024948464643438,0.7767628269891832,1.2809243928253402,0.000300000000000001
13.98,2.8033408168804463,0.7795990525411961,1.2834146612131072,0.0003999999999999989
13.98,2.8033365248784716,0.779600367269708,1.2840164975352057,0.0001999999999999997
13.99,2.8041681987453213,0.7824204686040577,1.2872082351088725,0.0002999999999999976
14.0,2.805021507282058,0.7853483417602923,1.2900441290233542,0.00039999999999999547
14.0,2.805018563078318,0.7853492236130075,1.2904546592098107,0.0001999999999999989
14.01,2.8058529694868244,0.7882472300078456,1.2936952890100943,0.0002999999999999968
14.02,2.806665792698244,0.791105074677601,1.2965886889978138,0.00039999999999999465
14.02,2.806664650912544,0.7911054088449392,1.2967477510203533,0.00019999999999999865
14.03,2.8074813072168627,0.7940104006318052,1.3000710230983898,0.00029999999999999656
14.04,2.8082659858133576,0.7968376723633426,1.3028751886700851,0.00039999999999999444
14.04,2.808266481392003,0.7968375307028707,1.3028059937871634,0.00019999999999999863
14.05,2.8090562636017316,0.7997136940955815,1.305399199759273,0.00030000000000001423
14.06,2.8098510975800752,0.8026379315222909,1.308494233987495,0.0004000000000000121
14.06,2.8098496352787463,0.8026383399950733,1.3086969851649102,0.00020000000000000305
14.07,2.810645870065031,0.8056063673012573,1.311910482165036,0.0003000000000000009
14.08,2.811417778857449,0.8085211126770131,1.315015668274436,0.00039999999999999877
14.08,2.811417341847959,0.8085212318584516,1.3150757282334322,0.00019999999999999974
14.09,2.812179927294736,0.8114380478690368,1.3179597946266677,0.00029999999999999764
14.1,2.8129098382401017,0.8142631568156311,1.3205877598937028,0.0003999999999999955
14.1,2.8129070961045803,0.8142638868431559,1.32096780182961,0.00019999999999999893
14.11,2.813650419561965,0.817177061212456,1.3230772275638774,0.0002999999999999968
14.12,2.814374918644485,0.8200416708963056,1.3264327176124115,0.00039999999999999465
14.12,2.814370941998146,0.8200427049266511,1.3269840556218795,0.00019999999999999865
14.13,2.815102001015325,0.8229815048737771,1.3296449730562405,0.0003000000000000143
14.14,2.815820429751934,0.825902690830803,1.3321268736107534,0.00040000000000001216
14.14,2.815815078787333,0.8259040473016531,1.3328632466637742,0.00020000000000000307
14.15,2.81651633749385,0.8287955125683512,1.3360554474983755,0.00030000000000000095
14.16,2.8172312411415907,0.8317848682293647,1.338612662582415,0.0003999999999999988
14.16,2.817227661583992,0.831785752160314,1.3391016014494892,0.00019999999999999968
14.17,2.8179305378554558,0.8347649035171268,1.3420909044491505,0.00029999999999999753
14.18,2.8186185783029822,0.8377206801911167,1.344916119486439,0.0003999999999999954
14.18,2.8186153269114875,0.837721461994553,1.3453574681630247,0.00019999999999999887
14.19,2.8192947525493275,0.8406840230052993,1.3486088735247828,0.0002999999999999968
14.2,2.8199543955371458,0.8436038646120922,1.3516560435306046,0.00039999999999999465
14.2,2.8199531783271685,0.8436041493000085,1.3518215459784033,0.00019999999999999865
14.21,2.820602649128443,0.8465225528007962,1.3548412487557528,0.0003000000000000143
14.22,2.821255284123814,0.8494975129576892,1.3579823652419556,0.00040000000000001216
14.22,2.8212551554118828,0.8494975422068567,1.3579998349068116,0.00020000000000000307
14.23,2.8218915426782294,0.8524428559864373,1.3605014469609005,0.00030000000000000095
14.24,2.8225374338233498,0.8554688054181764,1.3640529290961185,0.0003999999999999988
14.24,2.8225364614519965,0.8554690201302592,1.3641838707690281,0.00019999999999999968
14.25,2.8231484425808766,0.8583887280158911,1.3674533568175096,0.00029999999999999753
14.26,2.823761922701667,0.8613640030125079,1.3703604499095348,0.0003999999999999954
14.26,2.8237621703606557,0.8613639499647733,1.3703270019345726,0.00019999999999999887
14.27,2.824368605670935,0.8643483949139074,1.3732440524170084,0.0002999999999999968
14.28,2.82497302613128,0.8673680363857067,1.3765000873900426,0.00039999999999999465
14.28,2.8249736970672954,0.8673678970084184,1.3764101388045231,0.00019999999999999865
14.29,2.8255625233192907,0.8703588041659241,1.3794199842428183,0.00029999999999999656
14.3,2.826121943997347,0.8732461744673007,1.3821405651595597,0.0004000000000000122
14.3,2.8261198692782026,0.8732465923959999,1.3824212917062693,0.0002000000000000031
14.31,2.8266844494410956,0.8762081644513315,1.3859098008924717,0.000300000000000001
14.32,2.827228971510736,0.8791196984892948,1.3890202376867369,0.0003999999999999989
14.32,2.827229189528429,0.8791196559785354,1.3889906145248765,0.0001999999999999997
14.33,2.8277629259169794,0.8820229905152986,1.392355587652623,0.0002999999999999976
14.34,2.82828959969816,0.8849431304144597,1.3950380349260647,0.00039999999999999547
14.34,2.8282896521394822,0.8849431205344769,1.395030872400069,0.0001999999999999989
14.35,2.828816669930234,0.8879105946693453,1.3981585573653208,0.0002999999999999968
14.36,2.829326124712712,0.8908322234060423,1.4011142846623745,0.00039999999999999465
14.36,2.8293258481316927,0.8908322737509264,1.4011519877249952,0.00019999999999999865
14.37,2.8298171982207494,0.893700789546529,1.4047919905639423,0.00029999999999999656
14.38,2.830304977070416,0.8966120987442152,1.4079937265673663,0.0004000000000000122
14.38,2.830307378663882,0.8966116770892717,1.4076640920570531,0.0002000000000000031
14.39,2.8308101483111865,0.8996662652422043,1.410832517478367,0.000300000000000001
14.4,2.831294589196199,0.9026688306061136,1.4143868800487418,0.0003999999999999989
14.4,2.8312996796728176,0.9026679703349091,1.4137010196885427,0.0001999999999999997
14.41,2.831771030440706,0.9056436600839964,1.4166352392397672,0.0002999999999999976
14.42,2.8322252840348434,0.9085668967081212,1.4199399031756534,0.00039999999999999547
14.42,2.8322287940822597,0.9085663251719934,1.4194650133360407,0.0001999999999999989
14.43,2.8326861023509915,0.9115651226623479,1.422085477852462,0.0002999999999999968
14.44,2.833135070061873,0.9145618992690896,1.4253472843510588,0.00039999999999999465
14.44,2.8331359828861147,0.9145617561219552,1.4252246361943746,0.00019999999999999865
14.45,2.833570979999001,0.917528817023844,1.4280950014592348,0.00029999999999999656
14.46,2.834006141340627,0.9205575450030693,1.4305196466062517,0.0004000000000000122
14.46,2.8340037291450555,0.920557908761624,1.4308422884038465,0.0002000000000000031
14.47,2.834433156301103,0.923606193355829,1.4337296419419614,0.000300000000000001
14.48,2.8348394433381556,0.9265517632642005,1.4366811077966546,0.0003999999999999989
14.48,2.8348370399058926,0.9265521116905271,1.4370027872042341,0.0001999999999999997
14.49,2.8352345798563876,0.9295056551385289,1.4401191235532935,0.0002999999999999976
14.5,2.8356176906210364,0.9324206818929248,1.4428561165854512,0.00039999999999999547
14.5,2.835614845534276,0.9324210770692302,1.4432406501836683,0.0001999999999999989
14.51,2.836001327724038,0.9354345363133616,1.4462813426252332,0.0002999999999999968
14.52,2.836381070227649,0.9384685323243337,1.4497098749375579,0.00039999999999999465
14.52,2.8363811305927045,0.9384685243213569,1.4497018064969494,0.00019999999999999865
14.53,2.836744764047045,0.9414567213702209,1.4529356393259552,0.00029999999999999656
14.54,2.837108348120645,0.9445272870321407,1.4559345121050937,0.00039999999999999444
14.54,2.8371094411023754,0.9445271492177434,1.4557895126970273,0.00019999999999999863
14.55,2.837450239467186,0.9474773614297604,1.4586362255438128,0.00030000000000001423
14.56,2.8377949315893995,0.9505376788563917,1.461204096372301,0.0004000000000000121
14.56,2.8377926230930517,0.9505379557016738,1.4615102929633121,0.00020000000000000305
14.57,2.8381169081576174,0.9534934386487464,1.4642937529325646,0.0003000000000000009
14.58,2.838441013737027,0.9565250952430676,1.466872133618141,0.00039999999999999877
14.58,2.8384372076910815,0.9565255290744886,1.4673781817195464,0.00019999999999999974
14.59,2.8387505726588755,0.959544796064882,1.4704650765082727,0.00029999999999999764
14.6,2.8390544122401113,0.9625629920507806,1.4732847197767722,0.0003999999999999955
14.6,2.839051795964638,0.9625632744536828,1.4736319897187962,0.00019999999999999893
14.61,2.839336316814698,0.9654822971745103,1.4764878890586224,0.0002999999999999968
14.62,2.8396124067839703,0.9684011342150998,1.479391280920249,0.00039999999999999465
14.62,2.839609954848418,0.9684013841621714,1.4797219283930023,0.00019999999999999865
14.63,2.83988016766982,0.9713601224587589,1.4823363775055587,0.0003000000000000143
14.64,2.8401493091963546,0.9743947063216473,1.485232264988354,0.00040000000000001216
14.64,2.8401444619035487,0.9743951706695698,1.485881767451056,0.00020000000000000307
14.65,2.8404045059909424,0.9774502271205535,1.4893055972097267,0.00030000000000000095
14.66,2.840648902209023,0.9804426532427085,1.4928603713871467,0.0003999999999999988
14.66,2.840651031724458,0.9804424628695937,1.4925765643095723,0.00019999999999999968
14.67,2.840877458236812,0.9833313049291057,1.4954643619440766,0.00029999999999999753
14.68,2.841103226111863,0.9863226067414061,1.4990608901416773,0.0003999999999999954
14.68,2.8411058681580244,0.986322387293638,1.498705756974587,0.00019999999999999887
14.69,2.841320071672904,0.989288549321562,1.5022720861289365,0.0002999999999999968
14.7,2.841522395017374,0.9922365071354721,1.504925508705111,0.00039999999999999465
14.7,2.8415240834286037,0.9922363778238633,1.504697771134252,0.00019999999999999865
14.71,2.8417239400862573,0.9952555892372615,1.5073986400881845,0.0003000000000000143
14.72,2.841916159551016,0.9982834894431318,1.5106308955613472,0.00040000000000001216
14.72,2.841916780428639,0.9982834456602885,1.5105479731629874,0.00020000000000000307
14.73,2.8420941815399825,1.0012243793355229,1.5141366758476513,0.00030000000000000095
14.74,2.8422614012220064,1.0041725214127526,1.5169024523984078,0.0003999999999999988
14.74,2.8422620451050657,1.004172479953198,1.516815737648088,0.00019999999999999968
14.75,2.8424246675124745,1.007182162209772,1.5199777477282026,0.00029999999999999753
14.76,2.8425769914082357,1.0101769871156858,1.5220910856985137,0.0003999999999999954
14.76,2.8425736773473793,1.0101771800957697,1.5225351149124384,0.00019999999999999887
14.77,2.842715858668308,1.0131209710055318,1.5257936293959102,0.0002999999999999968
14.78,2.8428518773422073,1.0161413863526834,1.5291137858301167,0.00039999999999999465
14.78,2.8428519605561227,1.016141382003036,1.5291026446087608,0.00019999999999999865
14.79,2.8429792632094673,1.0191928965741548,1.5317492241343076,0.00029999999999999656
14.8,2.8430963147095785,1.0221890729238823,1.534550483654774,0.0004000000000000122
14.8,2.843093996005685,1.0221891799872873,1.5348593396206622,0.0002000000000000031
14.81,2.8432034234533012,1.025232850167965,1.5379276238502568,0.000300000000000001
14.82,2.8433031364551264,1.0282654338095671,1.541107776884642,0.0003999999999999989
14.82,2.843302522998845,1.0282654584146242,1.5411890296888575,0.0001999999999999997
14.83,2.843392857106223,1.0313156426352723,1.5443943005473826,0.0002999999999999976
14.84,2.843473424025948,1.0343664766098981,1.5474145602381988,0.00039999999999999547
14.84,2.843473579749567,1.0343664713357377,1.547394038433344,0.0001999999999999989
14.85,2.8435439800819,1.0373741891620587,1.5507900594587456,0.0002999999999999968
14.86,2.843605007330379,1.0404241887031795,1.5537596593093375,0.00039999999999999465
14.86,2.843606064297348,1.0404241595151063,1.5536203181266632,0.00019999999999999865
14.87,2.843656992225761,1.0433889298017052,1.5569634913963022,0.00029999999999999656
14.88,2.843698671000096,1.0464017695215686,1.559913464889967,0.0004000000000000122
14.88,2.843699961580603,1.0464017418662352,1.5597421809888568,0.0002000000000000031
14.89,2.8437331030208903,1.0493997202682799,1.562655054009679,0.000300000000000001
14.9,2.8437570588658843,1.0523421736605942,1.5655302123107058,0.0003999999999999989
14.9,2.8437563075226366,1.0523421852493586,1.5656307506443934,0.0001999999999999997
14.91,2.843771645472228,1.055311420959474,1.568435421862814,0.0002999999999999976
14.92,2.8437786610896754,1.058282995255919,1.5715067413925157,0.00039999999999999547
14.92,2.843776928758913,1.0582830116642772,1.5717392721504846,0.0001999999999999989
14.93,2.84377412451815,1.061256927295309,1.5750142983735587,0.0002999999999999968
14.94,2.84376132657516,1.0642910556325753,1.5783901223567283,0.00039999999999999465
14.94,2.84376318033536,1.064291049620937,1.578142541820783,0.00019999999999999865
14.95,2.843741406319931,1.067254973717772,1.5813650066689493,0.00029999999999999656
14.96,2.8437092605228766,1.0702964699657247,1.5845075677090619,0.0004000000000000122
14.96,2.843711740453665,1.0702964775162107,1.5841772113850112,0.0002000000000000031
14.97,2.8436716287466277,1.0732939858471222,1.5876441360701166,0.000300000000000001
14.98,2.8436208333822934,1.0763086542439515,1.5904465458471653,0.0003999999999999989
14.98,2.843623686335901,1.0763086806654085,1.5900668190117044,0.0001999999999999997
14.99,2.8435662336574543,1.0792896925619708,1.593438819035663,0.0002999999999999976
15.0,2.8434988879908767,1.0822634887539948,1.5935064191716448,0.00039999999999999547
15.0,2.8435122004636777,1.0822636917597963,1.5917260674659728,0.0001999999999999989
15.01,2.843449166494775,1.0852749457227362,1.5921337915920089,0.0002999999999999968
15.02,2.8433842712515904,1.0883158596663702,1.5919894242274735,0.00039999999999999465
15.02,2.84339135854056,1.0883159888864031,1.5910475958573422,0.00019999999999999865
15.03,2.8433317636110425,1.0912583616437905,1.5907290857583656,0.00029999999999999656
15.04,2.8432727979906205,1.0942161965836024,1.5908072608263102,0.00039999999999999444
15.04,2.843274663434237,1.0942162322855695,1.5905569355580353,0.00019999999999999863
15.05,2.8432150407704144,1.097233087880255,1.5907976638065429,0.00030000000000001423
15.06,2.843157678619372,1.100100621260424,1.591201036200632,0.0004000000000000121
15.06,2.8431613827933995,1.1001006935591853,1.5906994633861269,0.00020000000000000305
15.07,2.8431028174951387,1.1030428210241907,1.590802266480646,0.0003000000000000009
15.08,2.84304280561905,1.1060421237553095,1.5904982366859766,0.00039999999999999877
15.08,2.843042415521058,1.1060421160532479,1.5905508594786297,0.00019999999999999974
15.09,2.8429854947334716,1.108923145132461,1.590306031098843,0.00029999999999999764
15.1,2.842928565556813,1.1118407676976914,1.590398769820712,0.0003999999999999955
15.1,2.8429277319156605,1.1118407512938218,1.5905124179733459,0.00019999999999999893
15.11,2.8428712798998577,1.114703626107416,1.5901056940823688,0.0002999999999999968
15.12,2.84281550861155,1.1175915693441032,1.5897870885524026,0.00039999999999999465
15.12,2.842811927346842,1.117591499235451,1.59028003380376,0.00019999999999999865
15.13,2.8427565768080063,1.1204320025683903,1.5909236811411034,0.0003000000000000143
15.14,2.842699854588412,1.1232497876992582,1.5913507456382292,0.00040000000000001216
15.14,2.842701004981814,1.123249810387149,1.5911902131195275,0.00020000000000000307
15.15,2.8426429467751144,1.1260962593937074,1.5910824001315815,0.00030000000000000095
15.16,2.842585509329294,1.128927244260702,1.5913256301062175,0.0003999999999999988
15.16,2.8425866994819486,1.128927268094022,1.591158696973058,0.00019999999999999968
15.17,2.842528277146816,1.1317960039004722,1.590871321353778,0.00029999999999999753
15.18,2.8424718602912473,1.1346059312672463,1.5909399657590075,0.0003999999999999954
15.18,2.842471560443,1.1346059252374467,1.590982158850772,0.00019999999999999887
15.19,2.842415652321549,1.1373752204294187,1.591524889771155,0.0002999999999999968
15.2,2.8423589158149727,1.1401119456116746,1.591638122441508,0.00039999999999999465
15.2,2.8423605414610567,1.1401119786249796,1.5914055709339903,0.00019999999999999865
15.21,2.842304799801027,1.1428162877936316,1.5919899097698829,0.0003000000000000143
15.22,2.8422462498214296,1.1455785018631408,1.5919735436100042,0.00040000000000001216
15.22,2.8422470224323635,1.145578517804769,1.5918618793642756,0.00020000000000000307
15.23,2.842189849094504,1.1482921841274878,1.5915692464494167,0.00030000000000000095
15.24,2.8421333975908865,1.1510093459154025,1.5914653659086824,0.0003999999999999988
15.24,2.842131845007499,1.1510093136807307,1.5916918804930429,0.00019999999999999968
15.25,2.8420726488551087,1.1538418558332013,1.5917943649857282,0.00029999999999999753
15.26,2.842014074112644,1.156630979883788,1.5916239238407404,0.0003999999999999954
15.26,2.8420117456472975,1.156630931307343,1.5919596683511223,0.00019999999999999887
15.27,2.841954967257759,1.1593133958116606,1.5917181427334566,0.0002999999999999968
15.28,2.8419004794227822,1.161917370759296,1.5918426208636112,0.00039999999999999465
15.28,2.8418978906577967,1.1619173165491146,1.592225470714173,0.00019999999999999865
15.29,2.8418394820947848,1.1646425594423522,1.5920726960099691,0.00029999999999999656
15.3,2.841780625603179,1.1674084265700837,1.5922833557786047,0.0004000000000000122
15.3,2.841778908006956,1.1674083902566454,1.5925352789745895,0.0002000000000000031
15.31,2.8417203510855833,1.1701016063915175,1.592431365623377,0.000300000000000001
15.32,2.8416608183814955,1.1728528570678671,1.59249954233172,0.0003999999999999989
15.32,2.841659968089598,1.1728528388624522,1.5926242365894165,0.0001999999999999997
15.33,2.841602249593577,1.1754966709777135,1.5929419058237306,0.0002999999999999976
15.34,2.841541621909918,1.178233911314101,1.5926198915445486,0.00039999999999999547
15.34,2.8415402019451697,1.1782338804778938,1.5928291914846964,0.0001999999999999989
15.35,2.8414834081113542,1.180811150577952,1.592750380914139,0.0002999999999999968
15.36,2.841424290797308,1.1835034923032055,1.5927898183727753,0.00039999999999999465
15.36,2.8414238587253404,1.1835034828622055,1.592854306071478,0.00019999999999999865
15.37,2.841367252213402,1.1860693267327713,1.5931375553443492,0.00029999999999999656
15.38,2.8413087702061137,1.1886865631476944,1.5935131551856196,0.0004000000000000122
15.38,2.8413094898875384,1.1886865790085457,1.5934040444877942,0.0002000000000000031
15.39,2.8412499900818786,1.191317966624158,1.5929159376188031,0.000300000000000001
15.4,2.8411925420470445,1.1939146969937864,1.5930076614785846,0.0003999999999999989
15.4,2.841191100971201,1.1939146650326418,1.5932272980589341,0.0001999999999999997
15.41,2.8411321697600567,1.1965414495085758,1.5931251084061517,0.0002999999999999976
15.42,2.8410745081270927,1.1991234107985493,1.5930432199232056,0.00039999999999999547
15.42,2.841074182652658,1.1991234035483518,1.5930930593974608,0.0001999999999999989
15.43,2.8410166749625976,1.201702174209344,1.5931997695293587,0.0002999999999999968
15.44,2.840958554596453,1.2042960006446348,1.5928583313123075,0.00039999999999999465
15.44,2.8409574168181067,1.2042959752494218,1.5930333746044092,0.00019999999999999865
15.45,2.840901335729096,1.2068175260150291,1.592947001555945,0.00029999999999999656
15.46,2.840845199562977,1.20935139847307,1.5936562101264475,0.0004000000000000122
15.46,2.840845914923293,1.209351414393622,1.5935446298371532,0.0002000000000000031
15.47,2.8407881910945854,1.2118884771002028,1.593932552223211,0.000300000000000001
15.48,2.840730045394234,1.214401217362103,1.5936577557579426,0.0003999999999999989
15.48,2.840730498863026,1.2144012276180884,1.5935864407430576,0.0001999999999999997
15.49,2.8406726105242392,1.2169408514381914,1.5936226602064878,0.0002999999999999976
15.5,2.84061720583889,1.2193676565366174,1.59379531782334,0.00039999999999999547
15.5,2.840617349377062,1.2193676597970375,1.5937724222406358,0.0001999999999999989
15.51,2.840561521776677,1.2217970445615745,1.5936760084115895,0.0002999999999999968
15.52,2.8405044601902327,1.2242905945239237,1.5940143643891496,0.00039999999999999465
15.52,2.840505333534687,1.2242906144513115,1.5938739435901235,0.00019999999999999865
15.53,2.8404498371949556,1.2266949566266898,1.5935935815719275,0.00029999999999999656
15.54,2.8403940823916365,1.2291402135080067,1.5940758724886577,0.00039999999999999444
15.54,2.8403954077662097,1.22914024381168,1.5938602190500546,0.00019999999999999863
15.55,2.840339544600146,1.2315619192059246,1.5939388947498159,0.00030000000000001423
15.56,2.840283765250396,1.2339717378324007,1.5940471883560619,0.0004000000000000121
15.56,2.8402846608108065,1.2339717584200358,1.5939001613515127,0.00020000000000000305
15.57,2.8402276661538655,1.2364382111396073,1.5938243898982127,0.0003000000000000009
15.58,2.8401709374310338,1.2389012361292817,1.5937766539216505,0.00039999999999999877
15.58,2.8401706264387703,1.2389012289684584,1.5938274193876902,0.00019999999999999974
15.59,2.8401158297453017,1.2412800568195277,1.5936848889483755,0.00029999999999999764
15.6,2.8400606678234617,1.243689657224999,1.5939173176711998,0.0003999999999999955
15.6,2.840060591697105,1.2436896554750165,1.59392988051438,0.00019999999999999893
15.61,2.840005123366364,1.2460869713489993,1.5939243191049555,0.0002999999999999968
15.62,2.8399515894641256,1.2484012386668784,1.5938322746948825,0.00039999999999999465
15.62,2.839950317497547,1.2484012093353865,1.5940455423179527,0.00019999999999999865
15.63,2.8398961834506187,1.250729214463239,1.5942501558389255,0.0003000000000000143
15.64,2.839840512536455,1.2531024178249102,1.594736369708962,0.00040000000000001216
15.64,2.8398419750511974,1.253102451780915,1.5944895732349813,0.00020000000000000307
15.65,2.839785525758646,1.2554845115514182,1.5949736733865514,0.00030000000000000095
15.66,2.8397292951023854,1.2578098163232954,1.5953675918789887,0.0003999999999999988
15.66,2.839732110541024,1.257809882766803,1.5948902375685812,0.00019999999999999968
15.67,2.8396767554266007,1.260106911381572,1.5946069909367229,0.00029999999999999753
15.68,2.8396206071487957,1.2624645804505008,1.594556912112762,0.0003999999999999954
15.68,2.83962064572696,1.262464581367208,1.594550335283161,0.00019999999999999887
15.69,2.8395663284960366,1.2647508066309143,1.5950609402649678,0.0002999999999999968
15.7,2.839509953058183,1.2670737108636856,1.595207669244601,0.00039999999999999465
15.7,2.839512259922087,1.2670737660286508,1.5948111765729096,0.00019999999999999865
15.71,2.839456844965375,1.2693808511852214,1.5950216402599373,0.0003000000000000143
15.72,2.839401080331371,1.2716823167523033,1.5950261964895016,0.00040000000000001216
15.72,2.839403113788777,1.2716823656141667,1.5946749177806663,0.00020000000000000307
15.73,2.8393489785597907,1.2739490378628533,1.594662461665141,0.00030000000000000095
15.74,2.8392965920831976,1.276143634105072,1.5948394865960265,0.0003999999999999988
15.74,2.8392977096266474,1.2761436608746046,1.5946425157152289,0.00019999999999999968
15.75,2.8392464281197385,1.2782937648790864,1.594509407226252,0.00029999999999999753
15.76,2.8391930408812502,1.2805447263911638,1.5945743791722693,0.0003999999999999954
15.76,2.839192178024828,1.280544705800962,1.594728458003245,0.00019999999999999887
15.77,2.8391379011808713,1.2828122214179498,1.5945519574477232,0.0002999999999999968
15.78,2.839086404862338,1.2849795657393526,1.595132474177735,0.00039999999999999465
15.78,2.839086508416174,1.28497956820889,1.59511384709093,0.00019999999999999865
15.79,2.8390335296241633,1.2871577651671455,1.5947613037893327,0.00029999999999999656
15.8,2.838979430587113,1.2894147537694796,1.5946472419186817,0.0004000000000000122
15.8,2.838978618951901,1.28941473430824,1.5947931801753918,0.0002000000000000031
15.81,2.8389246375004653,1.2916638245727416,1.5952555327583404,0.000300000000000001
15.82,2.8388708387339534,1.2938629163071236,1.5951567291740085,0.0003999999999999989
15.82,2.838872492033364,1.293862956196261,1.5948590847578457,0.0001999999999999997
15.83,2.8388208589355592,1.2960083101091837,1.59499342004756,0.0002999999999999976
15.84,2.838768454171813,1.2981736336523402,1.595083137347997,0.00039999999999999547
15.84,2.8387692325942613,1.2981736524415217,1.5949409331322804,0.0001999999999999989
15.85,2.838717014689401,1.3003359472711693,1.5957060681367916,0.0002999999999999968
15.86,2.8386663487468335,1.302369507640743,1.5959826739652716,0.00039999999999999465
15.86,2.8386692323664655,1.302369577890879,1.5954430043622834,0.00019999999999999865
15.87,2.838615853023282,1.3045349218410904,1.5952881115152115,0.00029999999999999656
15.88,2.8385653086620026,1.3065982363422206,1.5953269285115772,0.0004000000000000122
15.88,2.8385656293982127,1.3065982441875432,1.5952664329129969,0.0002000000000000031
15.89,2.8385147732479528,1.3086761264393576,1.5952472740409225,0.000300000000000001
15.9,2.838464534352172,1.3107303979210165,1.595527263657627,0.0003999999999999989
15.9,2.838465429407066,1.3107304198157852,1.5953561430523648,0.0001999999999999997
15.91,2.8384141528824105,1.3128178220164894,1.5959336291362887,0.0002999999999999976
15.92,2.838360587953501,1.3149482672581176,1.5963472362084115,0.00039999999999999547
15.92,2.838363180033351,1.3149483312545913,1.5958541463275857,0.0001999999999999989
15.93,2.838311537301462,1.3170088426507658,1.5961008072890954,0.0002999999999999968
15.94,2.8382594145404836,1.3190682263828335,1.595942771414042,0.00039999999999999465
15.94,2.8382602635131216,1.3190682475625712,1.5957796078074433,0.00019999999999999865
15.95,2.838206741686801,1.3212101075672131,1.596206906389991,0.00029999999999999656
15.96,2.838154994855786,1.3232460978420928,1.596050160996034,0.0004000000000000122
15.96,2.8381559965722327,1.3232461229787045,1.5958575055073827,0.0002000000000000031
15.97,2.838105389488841,1.3252650419099237,1.5956879146484044,0.000300000000000001
15.98,2.8380552678467774,1.3272782236438077,1.594985724446333,0.0003999999999999989
15.98,2.838053396936422,1.327278176814652,1.5953512003869137,0.0001999999999999997
15.99,2.838003793217709,1.3292978878402875,1.5958671934375488,0.0002999999999999976
16.0,2.8379529374664556,1.3313259428106927,1.596081487851679,0.00039999999999999547
16.0,2.837953550278947,1.3313259581007173,1.5959611031160745,0.0001999999999999989
16.01,2.837900671023556,1.3334268348195768,1.59623025712215,0.00030000000000001456
16.02,2.837850417125659,1.335402269234253,1.5956743914334497,0.00039999999999999465
16.02,2.837849469826644,1.3354022454204455,1.5958609690146848,0.00019999999999999865
16.03,2.8378000689863665,1.3373727700454434,1.5964641410768434,0.0003000000000000143
16.04,2.83774996089383,1.3393245173642112,1.5965442497961815,0.0003999999999999944
16.04,2.837750906053166,1.3393245412597468,1.5963547514756897,0.0001999999999999986
16.05,2.837699334996813,1.3413418732041558,1.596239136493136,0.00030000000000001423
16.06,2.8376508921442642,1.3432454522400008,1.595787615016764,0.00039999999999999433
16.06,2.837649281257907,1.343245411343045,1.5961143537930016,0.00019999999999999857
16.07,2.837599099820613,1.3452270315813597,1.5963809323372509,0.00030000000000001423
16.080000000000002,2.8375495255799232,1.3471642677642108,1.5965912517960243,0.0004000000000000299
16.080000000000002,2.8375497810083723,1.3471642742609675,1.5965392173674904,0.0002000000000000075
16.09,2.8375009593420115,1.3490603659643732,1.596611451146771,0.0002999999999999876
16.1,2.8374511591997837,1.3509890446119563,1.5966861987727088,0.0004000000000000032
16.1,2.8374518660807433,1.3509890627160865,1.5965404192393957,0.00020000000000000082
16.11,2.837404038256333,1.3528464697290044,1.5964329513915887,0.00029999999999998095
16.12,2.837356347599317,1.3547063170877942,1.5963205113893897,0.0003999999999999966
16.12,2.837355135785147,1.3547062860078274,1.596575733577185,0.0001999999999999992
16.13,2.8373072452798938,1.3565635783884722,1.5964622082897701,0.0002999999999999793
16.14,2.837261552385007,1.3583434845743496,1.5962161888426458,0.000399999999999995
16.14,2.8372600729271182,1.3583434465789783,1.5965352016048897,0.00019999999999999874
16.15,2.8372113342781056,1.3602366095842178,1.5966042389664106,0.00029999999999997883
16.16,2.8371605244310687,1.3622049426130156,1.5962434477774876,0.00039999999999999444
16.16,2.8371590075434745,1.3622049035752268,1.5965633557056131,0.00019999999999999863
16.17,2.837113865072867,1.363956462891372,1.5967886377418197,0.00030000000000001423
16.18,2.837066015542482,1.3657969592704475,1.5967937041865652,0.00039999999999999433
16.18,2.837065555087349,1.3657969473810887,1.5968932196444663,0.00019999999999999857
16.19,2.837019165930727,1.3675741177642875,1.5969968188173604,0.00030000000000001423
16.2,2.83697126505202,1.3694019428827255,1.5969446414421564,0.00039999999999999433
16.2,2.836970856133738,1.3694019322544224,1.5970340627610342,0.00019999999999999857
16.21,2.836924374844479,1.371173069163197,1.5968928723165858,0.00030000000000001423
16.22,2.836878027923605,1.372948645135417,1.596548285693813,0.00039999999999999433
16.22,2.836876601755297,1.3729486079497975,1.5968649501954633,0.00019999999999999857
16.23,2.836828641402107,1.3747879643197805,1.5968390987226602,0.00030000000000001423
16.240000000000002,2.8367827061417175,1.376551404679307,1.5967854211139278,0.0004000000000000299
16.240000000000002,2.8367815524921394,1.3765513746076443,1.597042123193765,0.0002000000000000075
16.25,2.836733027200403,1.378399828676399,1.5972285362252316,0.0002999999999999876
16.26,2.836688948520689,1.3800670526740755,1.5977292239643075,0.0004000000000000032
16.26,2.8366896488316495,1.380067071029521,1.5975708436404406,0.00020000000000000082
16.27,2.83664277568242,1.3818173154219375,1.5970437827588917,0.00029999999999998095
16.28,2.8365963144006336,1.3835870340511538,1.5972221998217435,0.0003999999999999966
16.28,2.836595568041485,1.3835870143946671,1.5973913171153202,0.0001999999999999992
16.29,2.83654866855475,1.3853500693315048,1.597297688608216,0.0002999999999999793
16.3,2.836504031921841,1.3870339896888106,1.5977054146833474,0.000399999999999995
16.3,2.8365049068806503,1.387034012822541,1.5975043255494032,0.00019999999999999874
16.31,2.8364594738461864,1.3887347104916514,1.5979276804096008,0.00029999999999997883
16.32,2.836414330734742,1.3903981746435403,1.5977603938286808,0.00039999999999999444
16.32,2.836414408121792,1.39039817670964,1.5977422852266305,0.00019999999999999863
16.330000000000002,2.83636953594899,1.3920630390695197,1.5977192017631188,0.00030000000000001423
16.34,2.8363247549789166,1.3937259428235302,1.5976240076479444,0.00039999999999999433
16.34,2.836324340504991,1.393725931708659,1.5977223090711794,0.00019999999999999857
16.35,2.8362800924334786,1.3953688570115133,1.5972248354244922,0.00030000000000001423
16.36,2.836238439001451,1.3969445695998912,1.5975393361108405,0.00039999999999999433
16.36,2.8362374231215908,1.3969445424453384,1.5977864231121832,0.00019999999999999857
16.37,2.8361914759825937,1.3986464993761305,1.5978623575818927,0.00030000000000001423
16.38,2.8361474255397305,1.4002736195847214,1.5979103309989469,0.00039999999999999433
16.38,2.836147378733209,1.4002736183262654,1.5979216724489138,0.00019999999999999857
16.39,2.8361050328466226,1.401834354207876,1.5976824339968474,0.00030000000000001423
16.4,2.8360645766727552,1.4033387157358106,1.5976646894066524,0.00039999999999999433
16.4,2.8360639551011277,1.4033386989929226,1.5978211716318667,0.00019999999999999857
16.41,2.836019150546036,1.4049961977603687,1.5980644832475377,0.00030000000000001423
16.42,2.835978217360232,1.4064969607492397,1.5985511764442495,0.0004000000000000299
16.42,2.83597932282564,1.4064969906554747,1.5982706298813596,0.0002000000000000075
16.43,2.835936192747152,1.4080664290409408,1.5979992372807976,0.0002999999999999876
16.44,2.835895270569486,1.4095703888129785,1.5982543584951547,0.0004000000000000032
16.44,2.835895094129816,1.4095703840164526,1.598299798807973,0.00020000000000000082
16.45,2.8358536992407193,1.411075083166954,1.5979791959963991,0.00029999999999998095
16.46,2.8358107293939008,1.4126554631623591,1.5983022070104627,0.0003999999999999966
16.46,2.835810594980069,1.4126554594996432,1.59833685797708,0.0001999999999999992
16.47,2.835767791554988,1.414209264050158,1.5980095896655586,0.0002999999999999793
16.48,2.8357254163313543,1.4157660329987982,1.5983333950229286,0.000399999999999995
16.48,2.835724873720935,1.4157660181853944,1.5984730983822681,0.00019999999999999874
16.490000000000002,2.835683645696581,1.41725526330009,1.5986292963323296,0.00030000000000001434
16.5,2.8356410947286266,1.418783665780376,1.5990347994294847,0.00039999999999999444
16.5,2.835641872938646,1.4187836872093555,1.5988317669493326,0.00019999999999999863
16.51,2.835598758591765,1.4203211358919978,1.5986189369758133,0.00030000000000001423
16.52,2.8355563720473036,1.4218441995626454,1.5986853158322767,0.00039999999999999433
16.52,2.8355563892717566,1.4218442000402034,1.5986808156355563,0.00019999999999999857
16.53,2.8355151123034297,1.4233241005604689,1.5989121882854094,0.00030000000000001423
16.54,2.835473726904296,1.4247956718120536,1.599092251283457,0.00039999999999999433
16.54,2.8354743566848826,1.424795689367262,1.5989246393479304,0.00019999999999999857
16.55,2.8354346532843877,1.426206827299241,1.5993257393767375,0.00030000000000001423
16.56,2.8353934370400777,1.4276511283777034,1.5991956093904285,0.00039999999999999433
16.56,2.8353936445585646,1.4276511342132883,1.5991390260115625,0.00019999999999999857
16.57,2.8353529813783402,1.4290854468371317,1.5999087686551923,0.00030000000000001423
16.580000000000002,2.835311789420713,1.4304999733123882,1.5995613643336115,0.0004000000000000299
16.580000000000002,2.8353129836563027,1.4305000073004024,1.5992307152704315,0.0002000000000000075
16.59,2.835272777842184,1.431913611743093,1.5992046790175964,0.0002999999999999876
16.6,2.835230868207316,1.4333884723671626,1.5987078746921417,0.0004000000000000032
16.6,2.835230684215633,1.4333884671338737,1.5987587173652746,0.00020000000000000082
16.61,2.8351924343778063,1.4347560135919801,1.599073416211124,0.00029999999999998095
16.62,2.8351538898539577,1.4361187510863886,1.5990049691685744,0.0003999999999999966
16.62,2.8351545700157317,1.4361187703383156,1.5988114801902358,0.0001999999999999992
16.63,2.835114334791439,1.437554589624577,1.5985007680069774,0.0002999999999999793
16.64,2.835075771700166,1.438946179669122,1.598215881635858,0.000399999999999995
16.64,2.835075159162583,1.4389461624743802,1.5983899362542966,0.00019999999999999874
16.65,2.835039887158856,1.4402241051518152,1.5982044272049283,0.00029999999999997883
16.66,2.8350029638551804,1.4415709353595296,1.5981595202025756,0.00039999999999999444
16.66,2.835002291292276,1.4415709166699573,1.59835682753356,0.00019999999999999863
16.67,2.8349665915270728,1.4428659122190965,1.5981259069249953,0.00030000000000001423
16.68,2.8349317678498682,1.4441398069003557,1.5977036053215659,0.00039999999999999433
16.68,2.8349305901094453,1.444139774377449,1.598059711592728,0.00019999999999999857
16.69,2.8348953606303566,1.4454316444192168,1.5982347095623044,0.00030000000000001423
16.7,2.8348593516893295,1.4467436715986886,1.598355598831907,0.00039999999999999433
16.7,2.83485924865779,1.4467436687657202,1.5983869765281693,0.00019999999999999857
16.71,2.8348245897520883,1.4479995330154984,1.5988319832149664,0.00030000000000001423
16.72,2.8347880903368172,1.4493010845611523,1.5989224709804857,0.00039999999999999433
16.72,2.8347892369010688,1.44930111629832,1.5985692354439842,0.00019999999999999857
16.73,2.8347552632331543,1.4505240682359155,1.5980702228365053,0.00030000000000001423
16.740000000000002,2.8347222632431537,1.4517337159894874,1.5978328027281,0.0004000000000000299
16.740000000000002,2.834721728660298,1.4517337012434068,1.59800296221989,0.0002000000000000075
16.75,2.834687418206614,1.452994496162958,1.5987545510505985,0.0002999999999999876
16.76,2.8346528060560026,1.4542321688952116,1.598328186531558,0.0004000000000000032
16.76,2.834652560387936,1.4542321621092116,1.5984066877536116,0.00020000000000000082
16.77,2.8346177580287004,1.45549232365461,1.5984582760545798,0.00029999999999998095
16.78,2.834585242490018,1.4566674846855105,1.598466460422022,0.0003999999999999966
16.78,2.834584929791039,1.4566674760441225,1.5985681117444661,0.0001999999999999992
16.79,2.8345515055328434,1.457870699558534,1.5986435671841164,0.0002999999999999793
16.8,2.834519959778232,1.4590032211118322,1.598825238198885,0.000399999999999995
16.8,2.8345199679688178,1.4590032213389263,1.5988224980466714,0.00019999999999999874
16.81,2.8344870295592757,1.4601781868663752,1.5991548683460304,0.00029999999999997883
16.82,2.8344539282054053,1.461345118525733,1.5992961531951568,0.00039999999999999444
16.82,2.834454692412836,1.4613451399057096,1.599037733260305,0.00019999999999999863
16.830000000000002,2.8344209622957934,1.462539172120476,1.5986865638163759,0.00030000000000001423
16.84,2.8343900941127833,1.4636456589103903,1.598600553558947,0.00039999999999999433
16.84,2.8343900171372085,1.4636456567543055,1.5986270466454764,0.00019999999999999857
16.85,2.834357222164244,1.4648237256508005,1.5985490431069955,0.00030000000000001423
16.86,2.8343271146205313,1.4659082974539417,1.5984077965575474,0.00039999999999999433
16.86,2.8343268526859817,1.4659082901451235,1.598499535658734,0.00019999999999999857
16.87,2.8342949642988606,1.4670590676269188,1.5985371370631225,0.00030000000000001423
16.88,2.834261733090423,1.468256678053275,1.5991168405808411,0.00039999999999999433
16.88,2.834262331433522,1.4682566946973143,1.598910600884229,0.00019999999999999857
16.89,2.8342291653250897,1.4694360731712233,1.5990105272917705,0.00030000000000001423
16.9,2.834197971161313,1.470541399053563,1.5992729883461299,0.00039999999999999433
16.9,2.834198415497147,1.4705414114934028,1.5991181289092515,0.00019999999999999857
16.91,2.8341690239979633,1.4715789033909132,1.5994295489052577,0.00030000000000001423
16.92,2.8341410910366296,1.472554180538899,1.5993129322328874,0.0004000000000000299
16.92,2.834141205523807,1.4725541837716056,1.5992702902460012,0.0002000000000000075
16.93,2.8341124008918337,1.473565523376328,1.5991047473926865,0.0002999999999999876
16.94,2.83408236797776,1.4746261580056068,1.5996350174087255,0.0004000000000000032
16.94,2.834082614452454,1.4746261649826313,1.599541781822919,0.00020000000000000082
16.95,2.834052778586972,1.4756638124018902,1.5992904610926308,0.00029999999999998095
16.96,2.834024191446818,1.4766668049004301,1.5992415603319905,0.0003999999999999966
16.96,2.834023920523797,1.4766667971918617,1.599346048735426,0.0001999999999999992
16.97,2.8339925373259676,1.4777657455723965,1.5988140185480795,0.0002999999999999793
16.98,2.833966427051139,1.4786974226923446,1.5989555301935163,0.000399999999999995
16.98,2.833965639562202,1.4786974003607083,1.5992649976527813,0.00019999999999999874
16.990000000000002,2.833937805026223,1.4796748613763668,1.5989654149766224,0.00030000000000001434
17.0,2.833910682383824,1.4806374579619668,1.5991910816403552,0.00039999999999999444
17.0,2.833910121263121,1.4806374420662287,1.5994170659737976,0.00019999999999999863
17.01,2.833883035685955,1.4815835455510333,1.5993336822165283,0.00030000000000001423
17.02,2.833855610357503,1.482544317239822,1.5991488648228664,0.00039999999999999433
17.02,2.8338549017394317,1.4825442970789915,1.5994398623839738,0.00019999999999999857
17.03,2.833829916407996,1.4834163436842394,1.5997632747599324,0.00030000000000001423
17.04,2.8338014212459037,1.4843997814884298,1.5998230768813744,0.00039999999999999433
17.04,2.8338009983395933,1.484399769372527,1.5999999386449846,0.00019999999999999857
17.05,2.8337717261965665,1.4854018310733952,1.5995527783471237,0.00030000000000001423
17.06,2.8337452697435017,1.486321595462229,1.5996103462167597,0.00039999999999999433
17.06,2.8337447870455654,1.4863215815602357,1.599812613293717,0.00019999999999999857
17.07,2.8337170248011776,1.487278094466354,1.599883223319803,0.00030000000000001423
17.080000000000002,2.8336894619729223,1.4882254301382418,1.5996388155163783,0.0004000000000000299
17.080000000000002,2.833688915884865,1.4882254143380633,1.5998680737982525,0.0002000000000000075
17.09,2.8336628681394824,1.4891211433336018,1.5998441348060122,0.0002999999999999876
17.1,2.833636829621682,1.4900172933572813,1.6000643417154292,0.0004000000000000032
17.1,2.833636428819119,1.490017281735031,1.6002377768103537,0.00020000000000000082
17.11,2.833611716360422,1.4908564156101327,1.6008543529572805,0.00029999999999998095
17.12,2.8335848029440736,1.491751527964685,1.6006893011732362,0.0003999999999999966
17.12,2.8335852439451052,1.491751540930832,1.6004929852196546,0.0001999999999999992
17.13,2.833559442022462,1.492620134864743,1.6005335696090102,0.0002999999999999793
17.14,2.8335355479546305,1.4934234045008086,1.600581927856047,0.000399999999999995
17.14,2.83353583766558,1.493423413064305,1.6004477987670385,0.00019999999999999874
17.150000000000002,2.8335113213295875,1.4942499875626423,1.6002410233790083,0.00030000000000001434
17.16,2.833486419819925,1.4950954475496616,1.6005243589831877,0.00039999999999999444
17.16,2.833486606320126,1.4950954530601828,1.6004366912508035,0.00019999999999999863
17.17,2.833462086147021,1.4959224669107767,1.6006405530085661,0.00030000000000001423
17.18,2.8334366223324903,1.4967754377293634,1.600608929167723,0.00039999999999999433
17.18,2.833436808231193,1.4967754432430134,1.6005211131653068,0.00019999999999999857
17.19,2.833413722107491,1.497551876878776,1.600860245319293,0.00030000000000001423
17.2,2.8333886419383285,1.498385853745102,1.6006505729101699,0.00039999999999999433
17.2,2.8333890072892256,1.4983858646318817,1.6004742584637617,0.00019999999999999857
17.21,2.833366218908693,1.4991534952700394,1.6009128453345722,0.00030000000000001423
17.22,2.8333424738790485,1.4999416956135776,1.6012474899139022,0.00039999999999999433
17.22,2.833343212233679,1.4999417176705419,1.600880339850455,0.00019999999999999857
17.23,2.8333173728150642,1.5008003671729555,1.6006684460884766,0.00030000000000001423
17.240000000000002,2.833293710122356,1.5015922645820499,1.6004112265819734,0.0004000000000000299
17.240000000000002,2.833293376826817,1.501592254609186,1.6005755111670916,0.0002000000000000075
17.25,2.833269657044074,1.5023885413867584,1.6008455601127636,0.0002999999999999876
17.26,2.833248096067621,1.5031058470928131,1.6010903929937543,0.0004000000000000032
17.26,2.833248241631245,1.5031058514498563,1.6010157643989833,0.00020000000000000082
17.27,2.8332260869302477,1.5038387557771806,1.6012590594917397,0.00029999999999998095
17.28,2.833203817119487,1.5045695806156563,1.601302793095441,0.0003999999999999966
17.28,2.833204177052697,1.504569591466312,1.6011123345558835,0.0001999999999999992
17.29,2.833182385037702,1.5052881998892496,1.601156208672321,0.0002999999999999793
17.3,2.8331619246834188,1.505961920153498,1.6010211450988212,0.000399999999999995
17.3,2.833161893403704,1.5059619192074714,1.6010384314208366,0.00019999999999999874
17.31,2.8331403925806944,1.5066726590220365,1.6011917795435746,0.00029999999999997883
17.32,2.833117214973838,1.5074349595149734,1.601832595226115,0.00039999999999999444
17.32,2.8331179484349547,1.5074349817356605,1.601432201265318,0.00019999999999999863
17.330000000000002,2.8330991738981237,1.5080476184934277,1.6016557116885817,0.00030000000000001423
17.34,2.83307924178518,1.50869331462388,1.6017787585438814,0.00039999999999999433
17.34,2.8330798221424467,1.5086933323370812,1.6014386751913394,0.00019999999999999857
17.35,2.833059456876359,1.5093577361031587,1.6011536637653883,0.00030000000000001423
17.36,2.833041801304971,1.509939149007367,1.6013380363813408,0.00039999999999999433
17.36,2.8330416187946414,1.5099391434396285,1.6014505915442427,0.00019999999999999857
17.37,2.8330210050301856,1.5106113927143066,1.6018137607000293,0.00030000000000001423
17.38,2.833003231644415,1.5111842217125384,1.6018445028410297,0.00039999999999999433
17.38,2.8330033467647144,1.5111842252446555,1.601771480404295,0.00019999999999999857
17.39,2.8329848078632764,1.5117825425986229,1.6016488680427412,0.00030000000000001423
17.400000000000002,2.8329682143535253,1.5123202047729518,1.6013977794663359,0.0004000000000000299
17.400000000000002,2.8329680424252905,1.5123201994790088,1.6015131165908691,0.0002000000000000075
17.41,2.832949227891299,1.512932523111806,1.6010450181567066,0.0002999999999999876
17.42,2.832932828226708,1.5134745188723213,1.6005811131921244,0.0004000000000000032
17.42,2.832931956208476,1.5134744921631704,1.6011792102810165,0.00020000000000000082
17.43,2.832915289592291,1.5140228761718926,1.601586278560357,0.00029999999999998095
17.44,2.832894693065839,1.514691601395958,1.6020320641093058,0.0003999999999999966
17.44,2.832894957179089,1.514691609489129,1.6018565420655222,0.0001999999999999992
17.45,2.8328789903221137,1.5152055055423335,1.6019419877439465,0.0002999999999999793
17.46,2.8328643694751166,1.5156747882155637,1.6017137486162047,0.000399999999999995
17.46,2.8328644406495513,1.5156747904117291,1.6016614634875703,0.00019999999999999874
17.47,2.832846907923569,1.516242653053876,1.601784232874629,0.00029999999999997883
17.48,2.8328319829956414,1.516724136067318,1.6017349774059997,0.00039999999999999444
17.48,2.8328320972552614,1.5167241395977966,1.601648788031592,0.00019999999999999863
17.490000000000002,2.8328142405217522,1.5173027341943026,1.6017339233314731,0.00030000000000001423
17.5,2.8327998009126842,1.5177693186580452,1.6018370683137895,0.00039999999999999433
17.5,2.8327999477602934,1.5177693231961842,1.6017242887293113,0.00019999999999999857
17.51,2.832786010559948,1.5182198137997036,1.6017215934236673,0.00030000000000001423
17.52,2.8327719792571284,1.5186733856202503,1.6018217920788285,0.00039999999999999433
17.52,2.832771942987026,1.5186733844988214,1.6018516081314778,0.00019999999999999857
17.53,2.8327571619252563,1.5191491911590458,1.6021287836275868,0.00030000000000001423
17.54,2.832741893376257,1.519636339430228,1.60185093862101,0.00039999999999999433
17.54,2.832741746161801,1.5196363348554771,1.6019724532584099,0.00019999999999999857
17.55,2.8327275898438917,1.520090263319418,1.601736724692159,0.00030000000000001423
17.56,2.83271250964181,1.5205775030016861,1.601336951674346,0.00039999999999999433
17.56,2.8327119341170963,1.5205774851269007,1.6018172994113375,0.00019999999999999857
17.57,2.832697626944988,1.521038546832585,1.6010759883929386,0.00030000000000001423
17.580000000000002,2.8326855141401666,1.5214384556178524,1.6013750153676358,0.0004000000000000299
17.580000000000002,2.832685024598237,1.521438440516275,1.6018084172927354,0.0002000000000000075
17.59,2.8326739835640966,1.5217943499104964,1.60141945760245,0.0002999999999999876
17.6,2.8326632948196506,1.5221432823265733,1.6015727838408222,0.0004000000000000032
17.6,2.8326629420545104,1.5221432714533087,1.6019239963808938,0.00020000000000000082
17.61,2.8326508220389623,1.5225325103833895,1.602245903051781,0.00029999999999998095
17.62,2.8326391962322384,1.5229020534717121,1.6024413375080957,0.0003999999999999966
17.62,2.8326391975025174,1.5229020535111761,1.602440033303081,0.0001999999999999992
17.63,2.8326279552951266,1.5232572095916672,1.602785079753858,0.0002999999999999793
17.64,2.8326175635853597,1.5235819538852093,1.6029917633752835,0.000399999999999995
17.64,2.8326178058587197,1.5235819615003547,1.6027249806378439,0.00019999999999999874
17.650000000000002,2.832605604295077,1.5239639825267057,1.6030001905546662,0.00030000000000001434
17.66,2.832594952262804,1.5242946369391694,1.6034486880112022,0.00039999999999999444
17.66,2.83259536085344,1.5242946499151881,1.602991173640579,0.00019999999999999863
17.67,2.832583435620249,1.5246649300647734,1.6029082385361253,0.00030000000000001423
17.68,2.832573151697464,1.5249850725646619,1.6032947171208474,0.00039999999999999433
17.68,2.8325734003467753,1.5249850805099148,1.6030094968908042,0.00019999999999999857
17.69,2.832559813878205,1.5254067021229962,1.60257823048343,0.00030000000000001423
17.7,2.8325511702366453,1.52567857794154,1.6025807271987662,0.00039999999999999433
17.7,2.8325510818815425,1.525678575115756,1.6026846001152673,0.00019999999999999857
17.71,2.832543109803737,1.5259284906685524,1.6023880512457398,0.00030000000000001423
17.72,2.83253513384986,1.5261808763931783,1.6027473873067668,0.00039999999999999433
17.72,2.8325350609097057,1.5261808740685128,1.6028460149363957,0.00019999999999999857
17.73,2.832524141708535,1.526521453427532,1.6026030645752023,0.00030000000000001423
17.740000000000002,2.8325136654343637,1.5268507151445398,1.602596984820656,0.0004000000000000299
17.740000000000002,2.832513381128729,1.5268507060765613,1.6029582319698221,0.0002000000000000075
17.75,2.8325059879798484,1.527080499664227,1.6026999433860007,0.0002999999999999876
17.76,2.832500590402376,1.5272496261343032,1.6027921745750855,0.0004000000000000032
17.76,2.8325003935369524,1.5272496198445957,1.6031020781431178,0.00020000000000000082
17.77,2.832492284056179,1.5275005553299015,1.6031542774619578,0.00029999999999998095
17.78,2.832486378679179,1.5276829932063651,1.6033742442517123,0.0003999999999999966
17.78,2.832486278227928,1.5276829899790751,1.6035474600062087,0.0001999999999999992
17.79,2.8324798372873996,1.5278795827929004,1.602846232047885,0.0002999999999999793
17.8,2.8324722361599117,1.5281166669475295,1.6027553171696607,0.000399999999999995
17.8,2.8324719036343637,1.528116656234515,1.6033427460705674,0.00019999999999999874
17.81,2.8324675170629243,1.5282513875682275,1.6029347868170174,0.00029999999999997883
17.82,2.832465146845283,1.5283251123681347,1.603247086073412,0.00039999999999999444
17.82,2.8324650315612154,1.5283251086485525,1.6035312511629642,0.00019999999999999863
17.830000000000002,2.832459088962142,1.5285065807731704,1.6040203128086277,0.00030000000000001423
17.84,2.83245115198568,1.528745385830388,1.6042584702217992,0.00039999999999999433
17.84,2.8324512700146154,1.5287453896929126,1.6040087722748169,0.00019999999999999857
17.85,2.8324462919561095,1.5288952199123556,1.603500140034013,0.00030000000000001423
17.86,2.8324409132209127,1.5290596294089127,1.603198848449649,0.00039999999999999433
17.86,2.8324407943996817,1.5290596255105589,1.603472273718096,0.00019999999999999857
17.87,2.832438137518719,1.5291409065611767,1.6038146309819388,0.00030000000000001423
17.88,2.832432015966464,1.5293262379297752,1.604124533309826,0.00039999999999999433
17.88,2.8324320944791817,1.5293262405107888,1.60392672935483,0.00019999999999999857
17.89,2.8324279069191713,1.529452590553449,1.6036108141142047,0.00030000000000001423
17.900000000000002,2.832426826856882,1.5294854929292796,1.6038582567466477,0.0004000000000000299
17.900000000000002,2.832426830260812,1.5294854930413677,1.6038463678935522,0.0002000000000000075
17.91,2.832422256758941,1.5296238237779698,1.60417238773384,0.0002999999999999876
17.92,2.832419692996814,1.5297006096540366,1.6040365386594673,0.0004000000000000032
17.92,2.8324196907992745,1.5297006095813834,1.6040446803738087,0.00020000000000000082
17.93,2.832416923721596,1.5297838034144877,1.6042589299333763,0.00029999999999998095
17.94,2.8324184156475387,1.5297392351830232,1.604337473706089,0.0003999999999999966
17.94,2.8324184130588326,1.5297392350975378,1.6043555605704558,0.0001999999999999992
17.95,2.832417259225179,1.5297736041916261,1.604387911721056,0.0002999999999999793
17.96,2.8324180122195024,1.529751196464248,1.6041088772610534,0.000399999999999995
17.96,2.8324179966052956,1.5297511959487018,1.604325916355036,0.00019999999999999874
17.97,2.832418258397583,1.5297433910760978,1.6041358790327511,0.00029999999999997883
17.98,2.832417302985978,1.5297720374593409,1.6044296541329413,0.00039999999999999444
17.98,2.832417298648359,1.5297720373157067,1.6045106504264957,0.00019999999999999863
17.990000000000002,2.832417483551945,1.5297665549715906,1.604592982514233,0.00030000000000001423
18.0,2.832417864449257,1.5297552889965793,1.6045344652285454,0.00039999999999999433
18.0,2.8324178656647865,1.52975528903624,1.6044564766748075,0.00019999999999999857
18.01,2.832418189499827,1.529745671945107,1.604206991444501,0.00030000000000001423
18.02,2.8324187405384103,1.529729185187442,1.6042245363367065,0.00039999999999999433
18.02,2.8324187418763023,1.5297291852332129,1.6043671593949214,0.00019999999999999857
18.03,2.8324188563229993,1.5297257774029263,1.604516021060093,0.00030000000000001423
18.04,2.832417717466969,1.5297595388111824,1.6047025399644401,0.00039999999999999433
18.04,2.8324177181164836,1.5297595388330238,1.604668222824284,0.00019999999999999857
18.05,2.832422554734008,1.5296168019845762,1.6045207290791907,0.00030000000000001423
18.06,2.8324229304891104,1.5296056642738007,1.604246615422804,0.00039999999999999433
18.06,2.8324229493379645,1.5296056649128147,1.6045148948537487,0.00019999999999999857
18.07,2.832422781435615,1.529610642547472,1.6045483338275792,0.00030000000000001423
18.08,2.8324228441642116,1.5296087847387079,1.6045193145922212,0.00039999999999999433
18.08,2.832422856430941,1.5296087851546587,1.6048797436622737,0.00019999999999999857
18.09,2.8324213960758184,1.5296516150621324,1.604763010862098,0.00030000000000001423
18.1,2.832423194078571,1.5295987011179086,1.6052280410967947,0.0004000000000000299
18.1,2.8324231999120473,1.5295987013155155,1.605393354638256,0.0002000000000000075
18.11,2.8324256761336293,1.5295271566285056,1.6057429020613398,0.0002999999999999876
18.12,2.832425953894663,1.5295192117025875,1.605575212842738,0.0004000000000000032
18.12,2.8324259606949997,1.529519211936704,1.6056897453846877,0.00020000000000000082
18.13,2.832426237561331,1.5295112805282367,1.605639818223567,0.00029999999999998095
18.14,2.832424794110884,1.5295526904498817,1.6058447684830688,0.0003999999999999966
18.14,2.8324247940142975,1.529552690446983,1.6058075570344472,0.0001999999999999992
18.15,2.8324261071873007,1.529515198579545,1.6057510333197806,0.0002999999999999793
18.16,2.832425446742356,1.5295340851903634,1.605598737202287,0.000399999999999995
18.16,2.832425447358245,1.5295340852113375,1.6057035018141206,0.00019999999999999874
18.17,2.8324242237759147,1.5295691234321693,1.6055465694951203,0.00030000000000001434
18.18,2.8324219924038565,1.5296333092802816,1.605772003615065,0.00039999999999999444
18.18,2.8324219879794104,1.5296333091261278,1.605842547451955,0.00019999999999999863
18.19,2.8324226056697994,1.529615691321226,1.605834278822014,0.00030000000000001423
18.2,2.8324238700434123,1.529579620258529,1.6064765242515415,0.00039999999999999433
18.2,2.8324238687657903,1.529579620211848,1.6061927752002727,0.00019999999999999857
18.21,2.83242164385424,1.5296424508733797,1.6062896919084477,0.00030000000000001423
18.22,2.8324203529179237,1.5296788067998566,1.6060204609929145,0.00039999999999999433
18.22,2.8324203504169185,1.529678806711288,1.606064780732958,0.00019999999999999857
18.23,2.832419869826309,1.5296924277033181,1.6058856518550555,0.00030000000000001423
18.24,2.8324212019755532,1.529654478769962,1.606000966894313,0.00039999999999999433
18.24,2.83242120103936,1.5296544787356785,1.6061435863915945,0.00019999999999999857
18.25,2.832420736992753,1.5296676014878168,1.605948887751839,0.00030000000000001423
18.26,2.832418843676498,1.5297214392817233,1.6059475704092834,0.0004000000000000299
18.26,2.832418836532282,1.529721439029622,1.6060898235256353,0.0002000000000000075
18.27,2.832416852424489,1.5297776330621347,1.6058117284306401,0.0002999999999999876
18.28,2.8324175572091415,1.5297575134417554,1.6060444994255392,0.0004000000000000032
18.28,2.832417547697349,1.5297575131049927,1.606294033370491,0.00020000000000000082
18.29,2.832419054763209,1.5297150756367623,1.6061057956468456,0.00029999999999998095
18.3,2.8324192989958332,1.5297081615957386,1.6057466567064718,0.0003999999999999966
18.3,2.832419302423375,1.5297081617179629,1.606213296837662,0.0001999999999999992
18.31,2.832416854136614,1.5297772603165485,1.6066501953536223,0.0002999999999999793
18.32,2.8324183126621216,1.5297365980244564,1.6068469641665604,0.000399999999999995
18.32,2.8324183127236213,1.529736598024341,1.6066851248759668,0.00019999999999999874
18.33,2.8324187187047616,1.5297252906848664,1.6064360199769925,0.00029999999999997883
18.34,2.8324164689444182,1.529788389087867,1.606614554076157,0.00039999999999999444
18.34,2.8324164685150035,1.5297883890726438,1.6066248124020974,0.00019999999999999863
18.35,2.832416052394826,1.52979999832992,1.6066654113405883,0.00030000000000001423
18.36,2.832415153646036,1.5298250439458787,1.6067405100636143,0.00039999999999999433
18.36,2.8324151522906265,1.5298250438975178,1.6067702869123,0.00019999999999999857
18.37,2.832415600586395,1.5298125875994972,1.6067955576378081,0.00030000000000001423
18.38,2.832414289414346,1.529848994088397,1.606419204885498,0.00039999999999999433
18.38,2.8324142750249983,1.5298489935726183,1.6067474577121568,0.00019999999999999857
18.39,2.832415483577986,1.5298153915068868,1.6069005801551908,0.00030000000000001423
18.4,2.832417717629088,1.5297535406139293,1.6067339883229208,0.00039999999999999433
18.4,2.8324177260427414,1.5297535409185357,1.606937851318618,0.00019999999999999857
18.41,2.8324178133850513,1.5297511252961007,1.6069171350444797,0.00030000000000001423
18.42,2.832416480336429,1.5297880145266491,1.6067950483660656,0.0004000000000000299
18.42,2.832416478591879,1.5297880144640306,1.6070946164015862,0.0002000000000000075
18.43,2.8324160760360146,1.529799099808687,1.6077957856183882,0.0002999999999999876
18.44,2.8324174988010364,1.5297606636863355,1.608088225129983,0.0004000000000000032
18.44,2.8324174932586796,1.5297606634792296,1.6078161761424865,0.00020000000000000082
18.45,2.8324225766797917,1.52962341012014,1.6077540881066148,0.00029999999999998095
18.46,2.8324226478253434,1.5296214859463226,1.6077275561716386,0.0003999999999999966
18.46,2.832422636836764,1.5296214855388917,1.6075906372945914,0.0001999999999999992
18.47,2.832420763272094,1.529672382513935,1.6083986151211815,0.0002999999999999793
18.48,2.8324201942316565,1.5296875085140487,1.6086606064278293,0.000399999999999995
18.48,2.832420192041653,1.529687508432431,1.6080039490808082,0.00019999999999999874
18.49,2.8324203667662355,1.5296828146644879,1.6076955981733847,0.00029999999999997883
18.5,2.83242042521987,1.529681231242905,1.6079537636255048,0.00039999999999999444
18.5,2.8324204244217226,1.529681231213239,1.6078003324692578,0.00019999999999999863
18.51,2.8324210180192115,1.5296651970970254,1.6075964859473872,0.00030000000000001423
18.52,2.8324229288076346,1.5296132971643557,1.6073756383483306,0.00039999999999999433
18.52,2.8324229432400174,1.5296132976964525,1.6076669485649413,0.00019999999999999857
18.53,2.8324225683231883,1.5296234615315851,1.6074532189631445,0.00030000000000001423
18.54,2.832421915904196,1.5296412515487698,1.6073728776260263,0.00039999999999999433
18.54,2.8324219183067103,1.5296412516382942,1.6077514009422214,0.00019999999999999857
18.55,2.832424894480066,1.529560753399012,1.6075042158651447,0.00030000000000001423
18.56,2.83242641385476,1.5295193810337182,1.6072988588467805,0.00039999999999999433
18.56,2.832426458167747,1.529519382668032,1.6078940480902928,0.00019999999999999857
18.57,2.832425229963396,1.5295524747508262,1.6076776116595497,0.00030000000000001423
18.58,2.8324252471033935,1.5295520102272806,1.6075097354104322,0.00039999999999999433
18.58,2.8324252604412283,1.5295520107167473,1.6081440151600421,0.00019999999999999857
18.59,2.832426436003673,1.5295205491760793,1.6085192832885062,0.00030000000000001423
18.6,2.832427098377933,1.5295029985888278,1.6081275714232957,0.0004000000000000299
18.6,2.832427115719446,1.529502999235883,1.6085676234648323,0.0002000000000000075
18.61,2.8324275552540215,1.5294913680351938,1.6089443474161478,0.0002999999999999876
18.62,2.8324272811690734,1.529498549324668,1.6084005854450387,0.0004000000000000032
18.62,2.8324272870206957,1.5294985495424758,1.6086912255566053,0.00020000000000000082
18.63,2.8324241129067027,1.5295822704279791,1.6088207922648035,0.00029999999999998095
18.64,2.832425815806593,1.5295375076924096,1.6084007312179323,0.0003999999999999966
18.64,2.832425816676372,1.5295375077241125,1.6088898127431344,0.0001999999999999992
18.65,2.8324269357442584,1.5295081450520522,1.6086280579421126,0.0002999999999999793
18.66,2.832426688189022,1.5295146855172594,1.6087592514920144,0.000399999999999995
18.66,2.8324266925908153,1.5295146856849409,1.6091719769947521,0.00019999999999999874
18.67,2.832423868840456,1.5295882313848401,1.609378423467803,0.00030000000000001434
18.68,2.8324239363798234,1.5295864817170524,1.609522061525211,0.00039999999999999444
18.68,2.8324239345584834,1.5295864816470424,1.6095825149093816,0.00019999999999999863
18.69,2.8324229619149093,1.5296115461309296,1.609651061958185,0.00030000000000001423
18.7,2.8324218764482976,1.5296394686045347,1.6094721173715978,0.00039999999999999433
18.7,2.8324218719845464,1.529639468431692,1.6095640812321506,0.00019999999999999857
18.71,2.83242380581451,1.5295896109899803,1.6094667773299356,0.00030000000000001423
18.72,2.832425149525826,1.5295548805579873,1.6094931781000075,0.00039999999999999433
18.72,2.8324251538518044,1.5295548807256274,1.6096551542988764,0.00019999999999999857
18.73,2.8324280906598194,1.5294793424283362,1.609651479841999,0.00030000000000001423
18.74,2.832430950194503,1.5294057847331552,1.6096066101032214,0.00039999999999999433
18.74,2.8324309535506966,1.529405784863579,1.6096381855736963,0.00019999999999999857
18.75,2.832432693982505,1.5293609992503847,1.6101052658891502,0.00030000000000001423
18.76,2.8324331796148545,1.5293486513671077,1.60971717305854,0.0004000000000000299
18.76,2.832433187439104,1.5293486516715649,1.609809440913384,0.0002000000000000075
18.77,2.8324305793792464,1.529415468602406,1.6094975099722888,0.0002999999999999876
18.78,2.8324304292537605,1.5294193457584573,1.6089263366567947,0.0004000000000000032
18.78,2.8324304321214395,1.5294193458684022,1.6093977370473358,0.00020000000000000082
18.79,2.8324320442487387,1.5293776031838107,1.6098003777008179,0.00029999999999998095
18.8,2.832431754929002,1.5293850171061993,1.6095462150555062,0.0003999999999999966
18.8,2.8324317595375104,1.529385017283405,1.6097973248953974,0.0001999999999999992
18.81,2.832428294517559,1.5294738166241053,1.609794080506424,0.0002999999999999793
18.82,2.8324284575328504,1.5294696386233693,1.6099575540920075,0.000399999999999995
18.82,2.8324284554883814,1.5294696385432591,1.6100212647866594,0.00019999999999999874
18.83,2.832426808058338,1.5295116165585543,1.6102588394503399,0.00029999999999997883
18.84,2.8324302332714595,1.529424864988778,1.6105211093093112,0.00039999999999999444
18.84,2.8324302282479605,1.5294248647886797,1.6103418888982934,0.00019999999999999863
18.85,2.8324298272197654,1.5294350004171136,1.6102977824395932,0.00030000000000001423
18.86,2.832432363915271,1.5293708160488007,1.6103150554545382,0.00039999999999999433
18.86,2.8324323595341854,1.5293708158753345,1.6102383091810857,0.00019999999999999857
18.87,2.8324326245973275,1.529364099030456,1.6101098724412348,0.00030000000000001423
18.88,2.832434875931917,1.5293068624068116,1.610381955036599,0.00039999999999999433
18.88,2.832434871210653,1.5293068622206099,1.6103188606176218,0.00019999999999999857
18.89,2.8324350983710733,1.529301117595735,1.6100531412667138,0.00030000000000001423
18.9,2.8324353338567083,1.5292951220849653,1.6095839935102874,0.00039999999999999433
18.9,2.8324353583547746,1.5292951230509086,1.610131030218147,0.00019999999999999857
18.91,2.8324380721929607,1.5292261651544043,1.6099990126488333,0.00030000000000001423
18.92,2.83244235292463,1.5291170262420315,1.6097470934580267,0.0004000000000000299
18.92,2.8324424411940057,1.529117029710046,1.610383384962181,0.0002000000000000075
18.93,2.832446435259275,1.5290161892126108,1.610613700686318,0.0002999999999999876
18.94,2.8324459837033,1.5290275238956812,1.610800920220813,0.0004000000000000032
18.94,2.832446005707729,1.5290275247624674,1.6109986566599737,0.00020000000000000082
18.95,2.8324487584085776,1.5289590904776522,1.6107856766590647,0.00029999999999998095
18.96,2.8324524247568745,1.5288674562361213,1.610823982426292,0.0003999999999999966
18.96,2.8324524634801094,1.5288674577788333,1.611068164221468,0.0001999999999999992
18.97,2.83244962529464,1.528937895363551,1.611348369114664,0.0002999999999999793
18.98,2.8324510090517956,1.5289037910748835,1.6113093032701145,0.000399999999999995
18.98,2.8324510180408082,1.528903791433362,1.6114383607386344,0.00019999999999999874
18.99,2.8324519813690823,1.528880101727857,1.6117309020698836,0.00029999999999997883
19.0,2.8324518685610656,1.5288828560009933,1.6119815780314946,0.00039999999999999444
19.0,2.8324518660327658,1.528882855899765,1.6119248957508532,0.00019999999999999863
19.01,2.8324496263953924,1.5289372797336453,1.6118392814010447,0.00030000000000001423
19.02,2.8324508115099243,1.5289084209680583,1.6113941698359506,0.00039999999999999433
19.02,2.832450815369518,1.528908421120731,1.6116248061825045,0.00019999999999999857
19.03,2.8324512783927176,1.528897086731186,1.6116036457509488,0.00030000000000001423
19.04,2.832452558911714,1.5288657245108463,1.611135059972311,0.00039999999999999433
19.04,2.832452574459808,1.5288657251413138,1.6115490561412742,0.00019999999999999857
19.05,2.8324509292297155,1.5289060738302676,1.6123045525871107,0.00030000000000001423
19.06,2.832452966181678,1.5288570285640475,1.6119637431148799,0.00039999999999999433
19.06,2.832452963134727,1.5288570284377754,1.6118776410541933,0.00019999999999999857
19.07,2.8324541250230344,1.528828761703256,1.6116273267951997,0.00030000000000001423
19.08,2.8324560619887276,1.5287813494636302,1.6115077861900395,0.00039999999999999433
19.08,2.832456081646991,1.528781350270814,1.6117995107605938,0.00019999999999999857
19.09,2.832457448254716,1.5287480396438802,1.6113948487427419,0.00030000000000001423
19.1,2.8324567186987326,1.528765999783223,1.6118415889492692,0.0004000000000000299
19.1,2.8324567316070994,1.5287660003151233,1.612191614080825,0.0002000000000000075
19.11,2.832452919364892,1.5288580413346229,1.6125921937834615,0.0002999999999999876
19.12,2.832452819457759,1.528860430301709,1.6123769720900851,0.0004000000000000032
19.12,2.832452815088809,1.5288604301200603,1.6125257122612027,0.00020000000000000082
19.13,2.8324583688094753,1.5287274184164705,1.6128601320207219,0.00029999999999998095
19.14,2.8324597514818843,1.528694566970393,1.6121423343962484,0.0003999999999999966
19.14,2.83245976341377,1.528694567470285,1.612298392604292,0.0001999999999999992
19.15,2.8324640540391908,1.5285912434156268,1.6128855612657162,0.0002999999999999793
19.16,2.8324652865810025,1.5285619766940053,1.6129483268526286,0.000399999999999995
19.16,2.8324652711215776,1.5285619760483011,1.6128101000738084,0.00019999999999999874
19.17,2.832464777555094,1.5285737168657396,1.612458944541963,0.00030000000000001434
19.18,2.8324649030544027,1.5285707063326972,1.6125717616430773,0.00039999999999999444
19.18,2.832464905027915,1.5285707064150593,1.6126094903357406,0.00019999999999999863
19.19,2.8324663114996884,1.5285370889631718,1.61299933247932,0.00030000000000001423
19.2,2.832467332965073,1.5285128997175421,1.6132960706331654,0.00039999999999999433
19.2,2.8324673135647243,1.5285128989044914,1.6129785768754517,0.00019999999999999857
19.21,2.8324663719211496,1.5285352088809554,1.6126972932005208,0.00030000000000001423
19.22,2.832470350272394,1.5284403179258945,1.6128690090318665,0.00039999999999999433
19.22,2.8324703508305635,1.5284403179492736,1.6128751721859855,0.00019999999999999857
19.23,2.8324679788701665,1.5284966541024048,1.6127781686006413,0.00030000000000001423
19.24,2.8324680350233638,1.5284953173291365,1.6127923300329223,0.00039999999999999433
19.24,2.832468037285614,1.5284953174231384,1.6129171970165543,0.00019999999999999857
19.25,2.8324684394896007,1.5284857742656168,1.6133529888754927,0.00030000000000001423
19.26,2.8324681628758603,1.5284922702339963,1.6136405892467824,0.0004000000000000299
19.26,2.8324681603826796,1.5284922701310073,1.6133622779214574,0.0002000000000000075
19.27,2.8324714209294966,1.5284157165177419,1.6132775517378433,0.0002999999999999876
19.28,2.8324721787429614,1.5283978884643532,1.6127957471593142,0.0004000000000000032
19.28,2.8324721872821894,1.528397888827006,1.6129478884271151,0.00020000000000000082
19.29,2.8324722178799426,1.5283971633585225,1.6126362490272539,0.00029999999999998095
19.3,2.8324758649470962,1.5283100470698032,1.6127750855833602,0.0003999999999999966
19.3,2.8324758867507462,1.5283100479865714,1.6130076245235558,0.0001999999999999992
19.31,2.832475420550877,1.5283210858596237,1.6132503322212628,0.0002999999999999793
19.32,2.832476103051157,1.5283050192908525,1.613504695530111,0.000399999999999995
19.32,2.8324760974415795,1.5283050190545513,1.6133996722527304,0.00019999999999999874
19.33,2.8324728959722556,1.5283801195453235,1.613358972715768,0.00029999999999997883
19.34,2.8324741707051735,1.5283501880634396,1.613724776818698,0.00039999999999999444
19.34,2.832474167875909,1.5283501879463386,1.6134809739263356,0.00019999999999999863
19.35,2.832471737584095,1.5284070893340231,1.613188684434578,0.00030000000000001423
19.36,2.832470184596761,1.5284437010492469,1.6134469284861308,0.00039999999999999433
19.36,2.832470188178607,1.528443701202203,1.6133754447055337,0.00019999999999999857
19.37,2.8324711138382415,1.5284219745857128,1.6137171791425164,0.00030000000000001423
19.38,2.832471934994227,1.5284028544696309,1.6138732901483424,0.00039999999999999433
19.38,2.832471934964635,1.5284028544678867,1.6136757929464998,0.00019999999999999857
19.39,2.832471020788545,1.5284241610703342,1.6141537489622677,0.00030000000000001423
19.4,2.832472599579385,1.5283877704979318,1.6144448278438843,0.00039999999999999433
19.4,2.832472592266532,1.528387770177925,1.6140073135169253,0.00019999999999999857
19.41,2.8324728765957015,1.528381194253526,1.6139237120786258,0.00030000000000001423
19.42,2.832475674570333,1.5283163574988636,1.6140054128171926,0.0004000000000000299
19.42,2.8324756582431845,1.5283163567928344,1.6137345253157194,0.0002000000000000075
19.43,2.8324776504797673,1.5282699875424712,1.614338421454448,0.0002999999999999876
19.44,2.832476478035261,1.528296897213921,1.6146770279681768,0.0004000000000000032
19.44,2.8324764625405683,1.5282968965499892,1.6142094580609216,0.00020000000000000082
19.45,2.832478989591127,1.5282387237642863,1.6145764523791508,0.00029999999999998095
19.46,2.832478225453968,1.528256166585181,1.615007913790659,0.0003999999999999966
19.46,2.8324781996517916,1.5282561654758964,1.6142157960572074,0.0001999999999999992
19.47,2.832482125715733,1.5281658005660148,1.6139935991374934,0.0002999999999999793
19.48,2.8324833828914016,1.5281367155442531,1.6141644520772702,0.000399999999999995
19.48,2.8324833540674628,1.5281367142961906,1.6138183559881107,0.00019999999999999874
19.49,2.8324807046207816,1.5281982597860997,1.6133908777973527,0.00029999999999997883
19.5,2.832481601688027,1.5281772119139314,1.6132268016410491,0.00039999999999999444
19.5,2.832481605236119,1.5281772120671626,1.6133599148936357,0.00019999999999999863
19.51,2.83247809055538,1.5282597370179902,1.6138077991979585,0.00030000000000001423
19.52,2.8324805795800247,1.5282019038532892,1.6141659838345626,0.00039999999999999433
19.52,2.832480575494306,1.5282019036720234,1.6139013603006223,0.00019999999999999857
19.53,2.83248201277862,1.5281685805561842,1.6139529310859315,0.00030000000000001423
19.54,2.8324816857722745,1.5281761530543008,1.6139132757008856,0.00039999999999999433
19.54,2.8324816851488133,1.528176153027102,1.613879939178408,0.00019999999999999857
19.55,2.8324857814246895,1.5280811345075984,1.613675047683657,0.00030000000000001423
19.56,2.832485581856225,1.528085785908985,1.6133257170803132,0.00039999999999999433
19.56,2.8324856037698045,1.5280857868559574,1.6137363010527825,0.00019999999999999857
19.57,2.832485899725609,1.5280788987781608,1.6141941225343486,0.00030000000000001423
19.58,2.8324871472531075,1.5280501704938296,1.614122372910489,0.00039999999999999433
19.58,2.8324871480418747,1.5280501705279719,1.6141376365780022,0.00019999999999999857
19.59,2.8324890740135737,1.528005761035085,1.6140867797383072,0.00030000000000001423
19.6,2.832487070194348,1.5280520199021461,1.6143266309078415,0.0004000000000000299
19.6,2.8324870704621388,1.5280520199137522,1.6143466921636653,0.0002000000000000075
19.61,2.8324861133646335,1.5280739828142398,1.6147615383159593,0.0002999999999999876
19.62,2.832485773563232,1.5280817067037222,1.6149265523758278,0.0004000000000000032
19.62,2.832485775626003,1.5280817067944292,1.614722318368689,0.00020000000000000082
19.63,2.832486729223941,1.5280600115633174,1.6146764537879212,0.00029999999999998095
19.64,2.832488071291482,1.5280294463358657,1.6147801088975606,0.0003999999999999966
19.64,2.8324880653192617,1.5280294460736001,1.6145721734795409,0.0001999999999999992
19.65,2.8324885039638272,1.5280194322333713,1.6143021548831915,0.0002999999999999793
19.66,2.8324895374461723,1.5279956921906142,1.61404388214387,0.000399999999999995
19.66,2.8324895512826425,1.5279956927955018,1.6144161033231301,0.00019999999999999874
19.67,2.8324911034450277,1.5279601314524949,1.614215920506627,0.00030000000000001434
19.68,2.8324925332370565,1.5279272224986473,1.6141766304769074,0.00039999999999999444
19.68,2.8324925485447237,1.5279272231658705,1.6144273754794696,0.00019999999999999863
19.69,2.8324928749126497,1.5279197477370046,1.61404383623031,0.00030000000000001423
19.7,2.8324953191137583,1.527863266401643,1.6137657276046458,0.00039999999999999433
19.7,2.832495361237777,1.5278632682305808,1.6143154838251237,0.00019999999999999857
19.71,2.8324954805488414,1.5278605283858409,1.614425669942576,0.00030000000000001423
19.72,2.832495015652425,1.5278711772144922,1.614452877297556,0.00039999999999999433
19.72,2.8324950250777796,1.5278711776232061,1.6147502554671145,0.00019999999999999857
19.73,2.8324903353052533,1.5279778063625915,1.6147511363854983,0.00030000000000001423
19.74,2.8324931081804885,1.527914762311762,1.6148918834727102,0.00039999999999999433
19.74,2.8324931097503367,1.5279147623792453,1.615051809497278,0.00019999999999999857
19.75,2.832491628204598,1.527948217632599,1.6149525862091143,0.00030000000000001423
19.76,2.832493819919847,1.5278986144587323,1.6154145854193722,0.0004000000000000299
19.76,2.832493817864066,1.5278986143685085,1.615333594320036,0.0002000000000000075
19.77,2.8324938690073185,1.5278974668029919,1.615234925121706,0.0002999999999999876
19.78,2.8324906319827026,1.5279702614824773,1.6150609334079875,0.0004000000000000032
19.78,2.832490622806634,1.5279702610728152,1.615282948526435,0.00020000000000000082
19.79,2.8324888569803837,1.5280099283061617,1.6153429656512184,0.00029999999999998095
19.8,2.832488160222235,1.5280255590523244,1.6153758028377596,0.0003999999999999966
19.8,2.832488160235238,1.5280255590529042,1.6153755538434056,0.0001999999999999992
19.81,2.8324893027877454,1.527999946326644,1.6154393930510427,0.0002999999999999793
19.82,2.832489760529016,1.5279896997827733,1.6153580096097466,0.000399999999999995
19.82,2.832489760172827,1.5279896997669624,1.615421390926305,0.00019999999999999874
19.83,2.8324920303013754,1.527938862384791,1.6151877211322208,0.00029999999999997883
19.84,2.832494249623101,1.527888900815174,1.6151835446631986,0.00039999999999999444
19.84,2.832494259566567,1.5278889012578678,1.615349048478907,0.00019999999999999863
19.85,2.8324955354753105,1.5278602820314577,1.6152794869346712,0.00030000000000001423
19.86,2.832496828542837,1.5278312325097174,1.615002533986103,0.00039999999999999433
19.86,2.832496845859111,1.527831233280837,1.6152643593049938,0.00019999999999999857
19.87,2.832497302938355,1.5278209612291762,1.6155171823321997,0.00030000000000001423
19.88,2.832496754705584,1.5278332120511906,1.615936670756658,0.00039999999999999433
19.88,2.8324967514864237,1.5278332119080795,1.6158257275132677,0.00019999999999999857
19.89,2.832499959239134,1.527762023211306,1.6159204320815495,0.00030000000000001423
19.9,2.8324990038545566,1.5277831812162486,1.615897962658931,0.00039999999999999433
19.9,2.8324990057240433,1.5277831812999267,1.6159525717478216,0.00019999999999999857
19.91,2.8324996988952513,1.5277678412290379,1.6156217757803168,0.00030000000000001423
19.92,2.832499802030287,1.5277655419559382,1.6155093941801915,0.0004000000000000299
19.92,2.8324998094914897,1.5277655422908696,1.615790827047505,0.0002000000000000075
19.93,2.8324994211228622,1.5277741679341184,1.6154440999232438,0.0002999999999999876
19.94,2.8324984539469957,1.527795815892117,1.615551757698227,0.0004000000000000032
19.94,2.8324984511559053,1.5277958157679215,1.615934463293717,0.00020000000000000082
19.95,2.8324988576841155,1.5277868155718493,1.6157101956523008,0.00029999999999998095
19.96,2.8324970021264533,1.5278281014781852,1.6158584417522581,0.0003999999999999966
19.96,2.83249699329365,1.5278281010819776,1.616151784573968,0.0001999999999999992
19.97,2.832497473686323,1.5278175166177614,1.6161194930323106,0.0002999999999999793
19.98,2.832499153882583,1.5277804705382136,1.6160946154132312,0.000399999999999995
19.98,2.8324991568351567,1.5277804706733813,1.6162584528277153,0.00019999999999999874
19.99,2.8324977849921873,1.5278106253944284,1.615532230147943,0.00029999999999997883
