t,X,Y,yaw,vx,vyaw,bias
0.0,0.0,0.0,0.0,-2.230311403499673e-05,-1.8043552111811723e-05,0.0
0.0,0.0,0.0,0.0,-2.230311403499673e-05,-1.7245288595947912e-05,0.007991734271620277
0.01,-4.1068015882039933e-07,0.0,-9.971974469635205e-08,-0.004969953735902181,0.0014464935088032644,0.007984507210683956
0.02,-4.4567648769621225e-05,7.033263848713603e-12,3.6713977003854913e-06,0.0031254996744763857,-0.0009189919824607383,0.007989761067612936
0.02,-4.45676487696209e-05,1.0312237721310322e-11,2.1811955912554687e-05,0.0031254996744763857,0.0031439716509502704,0.009003838012359731
0.03,-1.2889510352954877e-05,5.191306964099365e-10,3.425627809211388e-05,0.003703578794612864,-0.001174768069766847,0.009657295774224401
0.04,1.4389526487484378e-05,1.89404679966331e-09,5.280556546033229e-05,-0.009566647484998985,0.0028808037102681316,0.009338915263246485
0.04,1.4389526488702248e-05,1.8535960034428521e-09,3.835642495028163e-05,-0.009566647484998985,-8.651623153469986e-05,0.009003801727957417
0.05,-7.51094141849273e-05,-5.2878421003292345e-09,0.00012825374285609645,-0.0011806869801507438,0.012579041147803735,0.00709908321888702
0.06,-8.603499444367232e-05,-5.598881093261037e-09,0.00020418815394093837,1.7572398879851445e-05,0.00701527916169204,0.00753585305001975
0.06,-8.603499447008406e-05,-5.112253153012251e-09,0.00023095679573072026,1.7572398879851445e-05,0.01400829962005639,0.008187988646957762
0.07,-8.89429737474679e-05,-3.945002941929991e-09,0.00030070572887446633,-0.004175228016513312,0.006427794394039463,0.009251228788378515
0.08,-0.00012531242297397728,-1.6888073482797185e-08,0.0004258103765462891,0.003143610155961731,0.012491510382708564,0.008808682020955706
0.08,-0.00012531242288156845,-1.7495921391790565e-08,0.0004179485865884179,0.003143610155961731,0.009585195370135476,0.008563029794724907
0.09,-9.651933572607466e-05,-6.56305693341165e-09,0.0005718513026310243,-0.0004499975773362163,0.014835235663611494,0.007877143844484765
0.1,-0.0001015399567047478,-6.803402069697166e-09,0.0005106185612622832,-0.001157901023919015,-0.004360401995433142,0.009177460071295503
0.1,-0.00010153995669322803,-6.967070523877043e-09,0.0005089558100332147,-0.001157901023919015,-0.005327026676884427,0.009102201286097244
0.11,-0.00010682670154390258,-1.1986816142775583e-08,0.0005363842164143919,0.007397463559501919,0.0010776884658896336,0.0083196212092627
0.12,-3.6359972801151965e-05,2.6877550031365233e-08,0.0005896203276337989,0.0026279041177512813,0.004712382795934054,0.008090061946458482
0.12,-3.635997363474022e-05,2.7452450222649232e-08,0.0005834159758707331,0.0026279041177512813,-0.0023947619063427244,0.007576773393807252
0.13,-9.477099299761048e-06,3.9802599115629934e-08,0.00048695087389117643,0.003448917126531279,-0.007591647629814565,0.008173135326877193
0.14,2.707803718440285e-05,6.337438422216982e-08,0.0005339251896574773,0.00625794631240711,0.002360941933436703,0.007584416996631139
0.14,2.707803713857146e-05,6.344178638701928e-08,0.0005339051891031263,0.00625794631240711,0.002217560253517898,0.007574759904355629
0.15,8.386365754006438e-05,1.0158419702336461e-07,0.0006259806876464857,-0.0016197151453464951,0.006830601203209019,0.007075757798645683
0.16,6.95093697327537e-05,8.898760434708423e-08,0.0006317332912066027,0.0008859533022668284,0.001994270978891961,0.0073447761590729015
0.16,6.950936605071036e-05,9.509231830876466e-08,0.0006355919728625066,0.0008859533022668284,-0.005701949118797858,0.006859150116436953
0.17,7.42770181441256e-05,1.0229323733410941e-07,0.0006251651840633868,-0.004677624781736309,-0.002829616771466353,0.0065652961806004105
0.18,3.38483320409864e-05,7.663986488363178e-08,0.0005823563192812814,0.003952914719026835,-0.0039082698213530895,0.006621919098552499
0.18,3.384833519292318e-05,7.12852203543452e-08,0.0005720160771852574,0.003952914719026835,0.005791028484156492,0.007197591691893325
0.19,7.158770075862024e-05,9.454246273782639e-08,0.000651454706986824,0.0015194229543147929,0.007044152570295707,0.007075985726761265
0.2,8.537470922339463e-05,1.0278436338457424e-07,0.0007091964206337871,-0.00039392136474773786,0.006131769187984153,0.0071213289940036655
0.2,8.53747075916317e-05,1.0556319717957771e-07,0.0007144655854299135,-0.00039392136474773786,0.002770137574581372,0.006932992722327541
0.21,7.853955793538264e-05,9.90200230636969e-08,0.0007204200584847362,-0.004331424708101215,0.0015649505712662635,0.007044225502484346
0.22,4.110361877564148e-05,6.963390230413762e-08,0.0006245784066692602,0.003661083841176806,-0.006211380049906156,0.007411146263660296
0.22,4.110362010974144e-05,6.698362833362044e-08,0.0006139038652847569,0.003661083841176806,-0.0009152894767595629,0.007692114902865843
0.23,7.47234674237371e-05,8.842178482271306e-08,0.0006167888443276614,-0.0004056496040208959,-0.0002759427794703272,0.007635858017127908
0.24,6.715300481674771e-05,8.009489900047138e-08,0.0005266920762591953,-0.0051834676702933805,-0.00621126063467721,0.007902432588678522
0.24,6.715300747938897e-05,7.501780368740111e-08,0.0005083221434769517,-0.0051834676702933805,0.0013844390032794335,0.008285096087074457
0.25,1.4943849892610784e-05,4.693993962160401e-08,0.00040714584878780483,-0.005692646193643542,-0.0045012409756976495,0.00877991358007205
0.26,-3.5720599966910886e-05,2.5643908949955644e-08,0.00038693320316367355,0.0028215795651940377,-0.0028542653978623437,0.008709338846663599
0.26,-3.572060053392585e-05,2.790868487081439e-08,0.00035684536634415315,0.0028215795651940377,0.007958218603505918,0.009227934577150505
0.27,-1.425127498054775e-05,3.735194522066398e-08,0.00010178070492932964,-0.006351349988489537,-0.00861208929449904,0.010561620842177263
0.28,-7.208312139179301e-05,3.060731228518529e-08,3.647122831637973e-05,0.0013737886336472292,-0.007258108262016394,0.010506147864863489
0.28,-7.208312160053396e-05,3.245259858945536e-08,2.6494526080873093e-05,0.0013737886336472292,-0.004053829646813439,0.01065280105578287
0.29,-5.938812424114992e-05,3.603173351161405e-08,-8.750454172668977e-05,-4.418926994496138e-05,-0.00758641083841867,0.010925499849541422
0.3,-5.237463544895949e-05,3.695630364239362e-08,-0.00021232088090077387,0.010092624127676291,-0.010712952470447852,0.01104820996588771
0.3,-5.237463569945359e-05,3.889528096767e-08,-0.0002249892312771582,0.010092624127676291,-0.007003807531220214,0.011210542872973739
0.31,3.970046314281779e-05,1.931429727322756e-08,-0.0002690095169535768,-0.0019419524553204344,-0.005785043786267662,0.011120155403317683
0.32,2.1928255633352767e-05,2.6973834233337113e-08,-0.00017401713615817628,0.00029784133799123534,0.003815450301510393,0.01075855558131451
0.32,2.1928255007717536e-05,2.6267761280473e-08,-0.00018408924745068377,0.00029784133799123534,0.006543552365409598,0.01087294881421196
0.33,2.2096894815835482e-05,2.6543371405056202e-08,-0.0001074300848798569,-0.0035225066540024792,0.007057023575766206,0.010836307091567066
0.34,-9.144369475090211e-06,3.045036695246346e-08,-0.00012672933795262605,0.0018941264914695637,0.0014968886945180273,0.011037609342623867
0.34,-9.144369661701508e-06,3.0450752407680206e-08,-0.00013044859261553214,0.0018941264914695637,0.0024393641970377315,0.011075539405423905
0.35,1.251497518350852e-05,2.6960127146083033e-08,-0.00016179621334037916,0.005589803187888664,-5.66847579892716e-05,0.011247175036476636
0.36,6.334270063022767e-05,1.6965074884034613e-08,-0.0001998965365806107,-0.0013041076267942377,-0.0023469991769005803,0.011327000834570434
0.36,6.334270189290459e-05,1.9733939950916767e-08,-0.00018174413713768675,-0.0013041076267942377,-0.006688791705297965,0.011159018872621702
0.37,5.1531672792225074e-05,3.2767267808545816e-08,-8.104997817231499e-06,0.00036833590130693405,0.003873643157022098,0.01045822247996495
0.38,5.1049473693190255e-05,3.149765349844494e-08,-8.264265567279099e-06,-0.005295422326595203,0.0015300283725310044,0.010536968269755318
0.38,5.104947497429627e-05,3.4373401293696424e-08,1.2500891082886327e-05,-0.005295422326595203,-0.0031915110840404423,0.010361090876707944
0.39,3.757383823850399e-06,3.380023652576617e-08,-4.250023378071019e-05,0.002403174973580234,-0.004187363739343724,0.010424922412195151
0.4,2.972820045010552e-05,3.33716595327533e-08,-4.225342248401816e-05,0.005039653391687819,-0.0016787755251665565,0.010343559110771753
0.4,2.9728200690403807e-05,3.361611810776357e-08,-3.8278007253139036e-05,0.005039653391687819,-0.0025430949456650954,0.010312517911305174
0.41,7.926171802128433e-05,3.3536787653588456e-08,-3.628532332995464e-05,0.003866240110435859,-0.001379371664677822,0.010240373067915925
0.42,0.00011796775643035462,5.4009535998336576e-08,0.00024695271168822955,0.0039255654992238235,0.01612241939702915,0.009691759806207224
0.42,0.0001179677604668682,6.957547456487981e-08,0.00031056264502528325,0.0039255654992238235,0.0028343930164589706,0.009231052722534943
0.43,0.0001533905952911462,6.374769509757764e-08,0.00020697057935773662,-0.0012857773492211746,-0.0026803332845968843,0.009562081240103413
0.44,0.00013869652900845686,4.8091818007593855e-08,2.526797246290392e-05,-0.003782516718091415,-0.011717236419789875,0.009836162830182738
0.44,0.00013869652946304069,5.161790091900007e-08,3.6860353220310405e-05,-0.003782516718091415,-0.01405347778717507,0.00975787281604577
0.45,0.00010179332107904831,4.54484064316071e-08,-0.00016771062336606992,-0.0025289613559214144,-0.01669294235175358,0.009911434988879503
0.46,8.153327512160141e-05,5.129052454067756e-08,-0.00026769250211756577,0.0043095590813945345,-0.01282299332240712,0.00979775021115938
0.46,8.153327553372501e-05,5.3419930964512316e-08,-0.00025432341366877077,0.0043095590813945345,-0.015431290109094166,0.009713171806300583
0.47,0.0001232293385101617,5.3828369062348996e-08,-0.0002877735332975386,0.0024066700625146936,-0.010513703938750226,0.009435608714268672
0.48,0.00014732854447360692,4.6188825790279276e-08,-0.00040150964226291357,0.002450867982506909,-0.01100653687591874,0.009449645431430119
0.48,0.00014732854435228838,4.566838354962169e-08,-0.0004034129282706693,0.002450867982506909,-0.010645994100872027,0.009460970255812096
0.49,0.00016788669678159386,2.6756986560197947e-08,-0.0005923133242618208,-0.002920515416604497,-0.013960065469928382,0.009642606666002331
0.5,0.00014295513201500004,5.0977921797977537e-08,-0.0005991231262439425,0.0028901216923224726,-0.0064101270594577415,0.009433925147459414
0.5,0.00014295513304038757,5.6310080306109824e-08,-0.0005788536574704476,0.0028901216923224726,-0.010147843754634716,0.009320088177277112
0.51,0.0001685991556305804,2.0842279283376363e-08,-0.0008477471243919485,-0.0015385546207323138,-0.01680258048399231,0.009674551220459564
0.52,0.00015362584685074652,6.436185588915953e-08,-0.0006162608912781065,-0.0009780651717496707,0.005742774402137572,0.009069273386168846
0.52,0.00015362585014622429,8.114816329853328e-08,-0.0005550349269047724,-0.0009780651717496707,-0.005272152254161286,0.008743687815410633
0.53,0.0001499772304241554,1.2341337742301348e-07,-0.00018522256437110874,0.007359428283337011,0.01134784804104312,0.007882659488727146
0.54,0.00021830598061516203,1.1510980041073549e-07,-3.703652684420954e-05,0.00020007417782145782,0.01329279121053774,0.00783189939076948
0.54,0.00021830598347975837,1.3205307769796768e-07,8.065281380966668e-06,0.00020007417782145782,0.0053609583477096205,0.007604156667454211
0.55,0.0002200496281825944,1.509348655421681e-07,0.00018177519709067187,-0.0001494956982770967,0.0100386814022155,0.007368274129758142
0.56,0.00021700413890535748,1.411621059075059e-07,0.00019964258703686452,-0.0022576964266690755,0.0054448001046437985,0.007484915880969414
0.56,0.00021700414132549913,1.5547578295179508e-07,0.00023763243776670124,-0.0022576964266690755,-0.0010975313248348419,0.007302295084864065
0.5700000000000001,0.000195295337965005,9.773424507977389e-08,-0.00018111262479331394,-0.001077273489385675,-0.016833276494653146,0.008075215440847671
0.58,0.00018209991535248838,1.1088785650032161e-07,-0.00022240158351443903,-0.004371318343045475,-0.009804392100433006,0.007901458552561663
0.58,0.0001820999123342352,9.77012850303906e-08,-0.00026674719266817277,-0.004371318343045475,-0.002314629123790506,0.008104868455201536
0.59,0.00014111325998260383,8.978383548317138e-08,-0.000536346667011985,-0.0006641488668556587,-0.011742781287011752,0.008556262153859049
0.6,0.00012819043667963787,1.0142014501264374e-07,-0.0005583930456981504,-0.009204656523642852,-0.0064963964467708735,0.008429904087713004
0.6,0.0001281904376662427,1.064124912316092e-07,-0.0005310757830973848,-0.009204656523642852,-0.011027480686593986,0.0083100883315531
0.61,4.5436107228251645e-05,1.4602722425098926e-07,-0.00031250010826639016,0.0034296576616646545,0.0014500215894071578,0.00772742373033137
0.62,7.832062359111091e-05,1.3584709055084733e-07,-0.0002930795948216556,0.001509732574249558,0.0017191702446049443,0.0077211037964165395
0.62,7.832062212682786e-05,1.3767999821429274e-07,-0.0002584605297631371,0.001509732574249558,-0.003927090180531086,0.007575629853305649
0.63,9.446254599201675e-05,1.3341834789994286e-07,-0.0003001703364943799,0.0029300356207915463,-0.004018914970233034,0.0075798147034806685
0.64,0.00012262121813858267,1.2030299811113166e-07,-0.0004405636791494157,0.0013777301298516203,-0.009471732284255008,0.007704723981232045
0.64,0.00012262121935691033,1.1227412084940188e-07,-0.0005020529233960799,0.0013777301298516203,0.0004002636280559073,0.00795271220942697
0.65,0.00013679008388765932,9.616106742209625e-08,-0.0006251611958621615,0.0019101268302800364,-0.004350532199186546,0.008164143654349316
0.66,0.00015590816643173792,9.631239748331145e-08,-0.0004838136598581546,0.0019329915660811741,0.005659023502533891,0.007940320721974974
0.66,0.0001559081666799926,9.906869291694932e-08,-0.000469589654655025,0.0019329915660811741,0.003408823391924303,0.00788517345134474
0.67,0.0001728491046948699,9.467136232876724e-08,-0.0004008100962159359,-0.0013152134098255717,0.004696452886605397,0.007829182246308776
0.68,0.00016358680338154905,9.400656548873986e-08,-0.000421171970392265,0.0039736516373113685,0.0010678639463643914,0.007908431249713757
0.68,0.00016358680464585346,1.0321374709601581e-07,-0.0003765934515966789,0.0039736516373113685,-0.005887357151085413,0.007742031627898432
0.6900000000000001,0.00019976742027830104,9.402372940896558e-08,-0.0003993770683482824,-0.0008611760137704223,-0.004556602953187598,0.007685461926580125
0.7000000000000001,0.0001882636169109315,1.1037585651932693e-07,-0.00030383118386828,-0.0047933871469460175,0.0030148918601681394,0.007523861453778661
0.7000000000000001,0.00018826361773673997,1.1468901540020175e-07,-0.00028711532510835555,-0.0047933871469460175,0.00044060384428454887,0.007463704414217796
0.71,0.0001381464434507457,1.2652849734037443e-07,-0.00032139922272444164,-0.007761947537520685,-0.0009771285225132636,0.007522650997388365
0.72,5.960903700597845e-05,1.5279693981545948e-07,-0.00045568471702853944,-0.009010032811054107,-0.007629811473305121,0.007661483371513761
0.72,5.96090395675147e-05,1.4959089265468562e-07,-0.0005785832705746905,-0.009010032811054107,0.011065989456384328,0.00808845524733994
0.73,-2.381151534337283e-05,2.121116457835008e-07,-0.000637818564829172,7.218070072557287e-05,0.004877356009375514,0.00834025140258266
0.74,-2.2711022027487547e-05,2.1379324010793006e-07,-0.0006284339372841475,0.0005870647583241655,0.0027813153348723915,0.008383041620000224
0.74,-2.27110254751312e-05,2.0923249753416344e-07,-0.000600423981763879,0.0005870647583241655,-0.0014305703606184049,0.008288985966989229
0.75,-1.8524545995996713e-05,2.2448867892956264e-07,-0.0008679014119947572,-0.0017028548930447872,-0.010600573398066714,0.008654257984307374
0.76,-3.538024941023841e-05,2.319852332820744e-07,-0.0008624399224921842,-0.0014678442253465932,-0.004691739978882281,0.00853619712034781
0.76,-3.538025200460426e-05,2.2861523487080124e-07,-0.0008443367347557388,-0.0014678442253465932,-0.007384262991771331,0.008477375340769472
0.77,-4.859617726970951e-05,2.3659048420289765e-07,-0.0008851476726065409,0.0005206843092551011,-0.006194281499313717,0.00843094798552826
0.78,-4.7039907753476995e-05,2.5593073238649817e-07,-0.0012564103571433122,-0.004442889823851987,-0.022531095556807566,0.008750565653130381
0.78,-4.703989214577591e-05,2.760513238184692e-07,-0.0013556853592427219,-0.004442889823851987,-0.007918213435248823,0.009063024602002204
0.79,-9.106036438865233e-05,3.396851321711275e-07,-0.0014653627505872974,-0.003887627898982386,-0.00901117138827458,0.009104808632929557
0.8,-0.00012541359423226496,3.8418472248301103e-07,-0.001507940640934549,0.0022621571340248016,-0.006509454703350141,0.009056862644014644
0.8,-0.00012541358598900602,3.92069088747843e-07,-0.0015307919130649642,0.0022621571340248016,-0.0031787991856285854,0.009126599819419889
0.81,-0.0001049334289129578,3.38523891147056e-07,-0.0014010668905132574,-0.0006493839873095821,0.00258143267858772,0.008910726538052027
0.8200000000000001,-0.00011424677309557569,3.6373197488067736e-07,-0.0014897083352677072,-0.004482991364901645,-0.0034222138378852706,0.009023488810915173
0.8200000000000001,-0.0001142467745241547,3.6231703288970754e-07,-0.0014852441707800912,-0.004482991364901645,-0.004066823786442055,0.009010266718517897
0.8300000000000001,-0.00015648599292122575,4.070952786565081e-07,-0.001426719454406577,-0.0009605526051064397,-0.00054581144734032,0.008880861901134771
0.84,-0.00016580676385708707,3.806965062145126e-07,-0.0011502411252014271,-0.000573333079270023,0.014195382290784209,0.008609410274791864
0.84,-0.00016580680709008002,3.4216476618111043e-07,-0.0010554405161447259,-0.000573333079270023,0.0006277620616737343,0.008336664075876004
0.85,-0.00016842679105017426,3.381941698421799e-07,-0.001013885456484779,0.0036597805705467635,0.0018743562123644448,0.008291717429672198
0.86,-0.000135551645094841,3.00850272422596e-07,-0.000959282628708267,-0.0014017562495149817,0.0037435096215120344,0.008257958745057567
0.86,-0.00013555168447733717,2.664541687414257e-07,-0.0008608751133628709,-0.0014017562495149817,-0.010221475765859762,0.00798271122684971
0.87,-0.00014958923510328324,2.783692601418143e-07,-0.0009620594306275952,-0.0014289402022418874,-0.01018522027455156,0.007981428322012157
0.88,-0.00016321949049819182,3.0192064035748135e-07,-0.0011427207913136338,-0.000532746706327296,-0.014281002887601243,0.008054009076204644
0.88,-0.00016321947954942787,3.117165012223932e-07,-0.0011683148578408597,-0.000532746706327296,-0.010678186327668907,0.008123659250777225
0.89,-0.00016621404866818787,3.0232070110863597e-07,-0.0012025223902064673,0.0026392272249251276,-0.008135262175814225,0.008035319582300696
0.9,-0.0001397778944484834,2.716959422943881e-07,-0.0012942438499432155,0.002698916198833258,-0.008672613364954116,0.008044665973323071
0.9,-0.00013977788275438101,2.8226819817485145e-07,-0.0013252166517686477,0.002698916198833258,-0.004346148381916931,0.008126733848889867
0.91,-0.00011349507868918966,2.312835258914825e-07,-0.001240412061186723,0.0017385614985118765,0.00013029987193822687,0.007974010526223763
0.92,-9.792777575806496e-05,2.0637503548548825e-07,-0.0011693891623806708,-0.0007337076343442506,0.0037336049865141006,0.007912473101935756
0.92,-9.792778622756233e-05,1.9636295067268008e-07,-0.0011293598730568728,-0.0007337076343442506,-0.0018168544179130168,0.007809129020860272
0.93,-0.00010317159357451161,1.865397083758707e-07,-0.0010119705056784614,0.0021124524571258206,0.0028960186446348487,0.007651168172955243
0.94,-8.692232376151092e-05,1.5540061081770667e-07,-0.0007737401081719962,-0.004516223155170889,0.013683332273012883,0.007470221719589464
0.94,-8.692234950407442e-05,1.3087758942971321e-07,-0.0006598354708301213,-0.004516223155170889,-0.0019996829091852887,0.007183504400353686
0.95,-0.00013041631233136038,1.1563783636671985e-07,-0.0003585756572764526,-0.002247895624062688,0.009128285654167869,0.006816974815880442
0.96,-0.0001523278422009862,9.697090854730048e-08,-4.297150306106513e-05,-0.0014763577187700888,0.02066231076992281,0.006626885829940287
0.96,-0.0001523278795942611,5.412490521294183e-08,8.935114311949425e-05,-0.0014763577187700888,0.0025660317172349068,0.006301928061435205
0.97,-0.00016995792641552628,5.1032748901724584e-08,0.0001247324619784863,-0.005373791412637535,0.002901566746485045,0.0062910639742445535
0.98,-0.00022304548004779443,9.333667028393553e-08,-0.00014640226959245474,-0.0044895575480979255,-0.012493950901908187,0.006540434755226475
0.98,-0.00022304546063363034,1.254290380755089e-07,-0.0002194011899251204,-0.0044895575480979255,-0.0025751270032520843,0.0067154401951633165
0.99,-0.000263492155336613,4.518049073386977e-08,0.00011206827738836114,0.0015594868466782714,0.009712935418500268,0.006324212721109255
1.0,-0.00024922718591467984,4.298601226674864e-08,0.00023112773267876068,-0.0002487258379756088,0.010835158706974466,0.00630634220719679
1.0,-0.0002492271925488773,3.118617660469172e-08,0.00025490420306517034,-0.0002487258379756088,0.007624501320651898,0.006250665357476222
1.01,-0.0002524377382038649,1.3903666462780322e-07,-0.00013936268326731726,-0.001232235458379455,-0.00850760127577649,0.006755851645595573
1.02,-0.00026621901191433475,1.3978667690567102e-07,-0.00021818819185741585,-0.003215874496789626,-0.00818846718607389,0.006750854012721625
1.02,-0.00026621900104186244,1.5998125588143716e-07,-0.0002576684174321432,-0.003215874496789626,-0.002888949267248154,0.006841205926308533
1.03,-0.0002929259710132412,1.6049666421061864e-07,-0.000262490161889636,0.004196710364028324,-0.002066365228936085,0.006815861904015289
1.04,-0.0002564453374655913,1.3468399293775395e-07,-0.00018626634053461695,-0.0032630311319156325,0.00286968546775721,0.006739824572811939
1.04,-0.0002564453381284033,1.3346214588433845e-07,-0.00018377541764754937,-0.0032630311319156325,0.002537234063315366,0.006734250456074003
1.05,-0.00028838442624634354,1.5450923426828122e-07,-0.00021831924394902615,-0.0023232110178299675,0.000495677328524007,0.006796152872410313
1.06,-0.00030905458620872757,9.709416830045483e-08,8.683290080101441e-05,0.0011602199111534518,0.015757357646711302,0.006564826871140534
1.06,-0.000309054620695879,2.6290033914954024e-08,0.00021102015211503408,0.0011602199111534518,-0.0007262094889197747,0.00629295240429426
1.07,-0.0003012310006070742,5.2396416679068036e-08,0.00010916491331681927,-0.003977394295109464,-0.003939835755453747,0.0063888714702854095
1.08,-0.00033818932705942015,8.994848601440943e-08,-0.00011767584260359218,-0.00014912669997206064,-0.013449900369307445,0.006530743039516238
1.08,-0.0003381892984721981,1.544291049696288e-07,-0.00022345372003767605,-0.00014912669997206064,0.0005158760054321185,0.006757400550591514
1.09,-0.0003428411351645437,7.746442705740481e-08,5.118428605888715e-05,-0.004446393358902428,0.009644864285551684,0.00648911041913904
1.1,-0.0003824835241065029,9.163156360388368e-08,8.231364533685115e-05,0.0021092786146453,0.006337335202119392,0.006537685859154053
1.1,-0.0003824835302421236,7.563737282902903e-08,0.00010583133596502903,0.0021092786146453,0.0032481374125397718,0.006488339710086037
1.11,-0.0003612558537061274,7.345264929830396e-08,0.00015292273013792202,0.002292686821010205,0.0037417098813155338,0.006474053692632945
1.12,-0.00033921723751867444,4.076543665097167e-08,0.0003624323803811242,0.00108498515461086,0.012439298486443017,0.006348270959532863
1.12,-0.00033921724699758536,1.9238170370823902e-08,0.0003982407681939956,0.00108498515461086,0.007758750010123623,0.006274664159688761
1.13,-0.0003317956444878273,-2.6047295470651786e-08,0.000656080825353492,-0.0035762490642202533,0.01383203253034422,0.006101497418757213
1.14,-0.0003638995467921335,-4.00008036853189e-08,0.0007628036626055137,0.0013981886271697396,0.012238024770570354,0.006124202671566174
1.14,-0.0003638995561640446,-6.547022319108476e-08,0.0008036623827490707,0.0013981886271697396,0.006922654666054073,0.006041888230585095
1.15,-0.00035257305710772335,-5.3922795911023e-08,0.0008643463309110954,-0.0022122418574906963,0.006635569184011329,0.006049953752865593
1.16,-0.000372544154529706,-5.674276711274772e-08,0.0008673422954036498,0.0007128154934304197,0.0034449310744150323,0.006094728044951219
1.16,-0.0003725441530202157,-5.220636290870766e-08,0.0008601226242522796,0.0007128154934304197,0.004379851787340305,0.006108988818092464
1.17,-0.0003656258665952068,-4.115109871463433e-08,0.0008863800206433274,0.00042746590383692634,0.003791830221711567,0.006125270205131898
1.18,-0.00035773363455058525,9.72802876094367e-09,0.0007199190478559908,0.0053461315300608655,-0.00648245419190022,0.00626734484670718
1.18,-0.00035773362719556734,2.9931092527599215e-08,0.0006862772186474376,0.0053461315300608655,-0.002145211647619733,0.006332524054639333
1.19,-0.0003067873657607333,2.78901291691226e-08,0.0008235114414049511,0.0019265495112297942,0.0031614807502586507,0.006187682630658616
1.2,-0.000289849776260462,1.2002914137941616e-08,0.0010415434099078763,-0.0012385827644951653,0.012517133488139823,0.00606017136285522
1.2,-0.0002898497964327833,-1.8637637797739036e-08,0.0011076485963717163,-0.0012385827644951653,0.004030976726223538,0.00593450129942524
1.21,-0.0003009060544831396,-2.036276734130354e-08,0.0011012201621694484,0.0005691671817435228,0.002471650091072413,0.005976464430200479
1.22,-0.00029687226557267914,8.826460718510491e-09,0.0009759235133147116,-0.001685014648386649,-0.005044803077462482,0.00607745710119284
1.22,-0.00029687224098905076,4.751830380533566e-08,0.0008916632337001238,-0.001685014648386649,0.005727318716540739,0.006234689826174344
1.23,-0.0003094969819959591,8.834332639210482e-08,0.0007251622015689147,0.004060071967433762,-0.0017214873297086491,0.0064323722294264115
1.24,-0.0002699406883535941,1.317382136218774e-07,0.0006056714824709819,0.002640001635027013,-0.006837988690930932,0.006500158658903441
1.24,-0.00026994068617925006,1.3464733352159428e-07,0.0005986311160260238,0.002640001635027013,-0.005941520498299465,0.00651305867450285
1.25,-0.00024416545143323836,1.471874280884336e-07,0.0005564076802197024,0.0017905187467673895,-0.005370517866329992,0.006498111599018141
1.26,-0.00021958848426366609,1.4613882193651488e-07,0.0006338107227700884,0.010861925244144715,0.001178352125620858,0.006412542566692367
1.26,-0.00021958849892756669,1.3260734013552856e-07,0.0006755357816940834,0.010861925244144715,-0.004114057330285788,0.00633744729286853
1.27,-0.00012209652761459096,1.9236441860991247e-07,0.0007580432445240834,-0.004267367042214117,-1.6039949594673537e-05,0.006231616375587528
1.28,-0.00016231471912507743,1.5213940008773277e-07,0.0008974698361254835,-0.0009287275180085925,0.006946007663257747,0.006141883156027332
1.28,-0.0001623147342381026,1.452454153764291e-07,0.0009331453580605738,-0.0009287275180085925,0.002437875659447558,0.006078795082508972
1.29,-0.00017066041949418713,1.1035582234043329e-07,0.0012276786853578179,0.0003515845468712198,0.011372881010417888,0.0058511093266291146
1.3,-0.00016801349147073114,1.1415157439635418e-07,0.0013341473404913334,-0.0008298498693335775,0.011011294780818068,0.005855707414556138
1.3,-0.0001680135110290025,1.045871741362655e-07,0.0013820836066924564,-0.0008298498693335775,0.0049758291799672895,0.005772389545599392
1.31,-0.00017367490061305212,4.514839440123534e-08,0.001932732765910034,0.0027558503623653407,0.021508661943862813,0.005356603336326474
1.32,-0.00014745102739212212,1.11118767727937e-07,0.001879151168165747,0.0009412030210099367,0.008146589937308163,0.005524278690629443
1.32,-0.00014745106990061548,9.602613741610191e-08,0.001970111957223978,0.0009412030210099367,-0.0032656063726333173,0.0053688410114583335
1.33,-0.00013846464575704908,1.0684772547108952e-07,0.0020387954051127167,0.0003625794919556618,7.272373549838205e-05,0.00528596835383553
1.34,-0.000139972084629405,9.953584196663267e-08,0.0021276742925109737,-0.006616874505395059,0.0044509310781008,0.0052317432276916395
1.34,-0.00013997209867409023,9.579792925374037e-08,0.0021550710263593185,-0.006616874505395059,0.0010253976228583959,0.0051857010627940235
1.35,-0.00020454993292346536,-5.455537857944967e-08,0.0022542393884805675,-0.0044539604192984205,0.003948825899227189,0.005114052243243972
1.36,-0.0002448275339244763,-1.4110268894286588e-07,0.002260309425619909,0.0013407917047807347,0.0022912488227215134,0.005134318033577915
1.36,-0.0002448275353274909,-1.4555172050811357e-07,0.0022742941919144974,0.0013407917047807347,0.0005484672457103648,0.005111197940570009
1.37,-0.00022871287011181807,-1.0852022793987e-07,0.002277171193571203,0.0050211159254169415,0.00046288852973012864,0.0051132689901332625
1.38,-0.00017695744300439027,2.594828765597118e-08,0.0020571214656134734,0.007120943811561019,-0.010667033965773062,0.005247620424220661
1.38,-0.0001769574554273321,1.692075585480845e-08,0.0020977364789879984,0.007120943811561019,-0.0157121906366419,0.005181548496963043
1.39,-0.00010164524671062184,1.7961291718514594e-07,0.001809435338151884,0.012699505148989692,-0.020009458475009217,0.0052842547683603185
1.4,1.73368232143755e-05,3.9880655935111424e-07,0.0016683655354219225,0.0018048396722625485,-0.017089210811532102,0.005249444841888659
1.4,1.7336921776322546e-05,3.866492389041593e-07,0.0015643873376895829,0.0018048396722625485,-0.004213511773649207,0.0054159330534821375
1.41,3.130408958320514e-05,4.198132170678894e-07,0.0016469544942111258,-0.003744149159406451,-0.00013560867295950817,0.005319663009248038
1.42,-2.3415330302956582e-06,3.9043479456067515e-07,0.0022871966289435028,0.0014171944450523423,0.03156865142451295,0.004946408223387019
1.42,-2.3417264907006154e-06,4.143428061236607e-07,0.002493271423731741,0.0014171944450523423,0.006127759586722535,0.004621554290374495
1.43,1.2283973658277853e-05,4.491489259137969e-07,0.0025303937754319675,0.002034195525631309,0.005339209649146975,0.004639945123934347
1.44,2.793409277790051e-05,4.87360383761968e-07,0.0025623683724158583,-0.004345068250828869,0.004282133807812253,0.0046522383988449765
1.44,2.7934063598010624e-05,4.91984253756269e-07,0.0025898016642175586,-0.004345068250828869,0.0009053665078340655,0.004609651989837454
1.45,-1.4927901587792597e-05,3.789100689943845e-07,0.002551926254069553,-0.0035448326502397036,-0.000624079932707517,0.004644896461220739
1.46,-5.129387441416394e-05,2.858453445034777e-07,0.0025057451801511546,-0.0047926976416571235,-0.002593074622435745,0.0046675193122061535
1.46,-5.129380261011185e-05,2.8193569043971305e-07,0.002406213000473034,-0.0047926976416571235,0.009623171733110763,0.004819711016812602
1.47,-9.422451884385289e-05,1.7588191871677387e-07,0.002592588781195257,0.002000396134125241,0.012556241811047794,0.004752918366668122
1.48,-7.408097817713626e-05,2.3036391810478465e-07,0.0024483240740684363,0.002190191634259277,-0.0007307885098773448,0.004903765860702495
1.48,-7.408100775262528e-05,2.2929255888798442e-07,0.002500022476443275,0.002190191634259277,-0.007058348963623553,0.004825883275483094
1.49,-5.306751874090516e-05,2.8226124388651786e-07,0.0024743376101067495,0.0009823383395726006,-0.005599772546822827,0.004793054975079631
1.5,-4.439527720040636e-05,3.044307455739687e-07,0.0024665757578866735,-0.000582774174044597,-0.0032271234410610776,0.004766434515415773
1.5,-4.4395286941765885e-05,3.048790527808186e-07,0.002480596942541617,-0.000582774174044597,-0.0049385619212431835,0.004745619241329043
1.51,-5.047849194476218e-05,2.9335912683289277e-07,0.0027242303321334295,-0.0009300125050393916,0.004565734355988737,0.004534166095655391
1.52,-6.456823696543281e-05,2.552322494767996e-07,0.0028511323757012073,-0.00744233131954876,0.00855774080537279,0.004489896240208884
1.52,-6.456835243327215e-05,2.570791410658709e-07,0.003035056226117935,-0.00744233131954876,-0.01383273032835262,0.004220764307837016
1.53,-0.00013725426061789316,3.5752667969757035e-08,0.0029071588942044223,-0.0050804984564092335,-0.01349493641795865,0.004213334432095906
1.54,-0.0001842114530453957,-1.1151747215942756e-07,0.0028951975577762665,0.0001509290344157933,-0.007458186247948024,0.004147156007376173
1.54,-0.0001842114533151313,-1.0430456605189766e-07,0.002859140299003633,0.0001509290344157933,-0.0030799775886003293,0.004199172669188237
1.55,-0.0001777071013414295,-6.993246453623756e-08,0.002678740997384783,0.006942575676334878,-0.007917905150612015,0.004304389169834786
1.56,-0.00011204178725207781,1.038200710780184e-07,0.002677010786687841,0.0018299703401945385,-0.004120294868785714,0.004263228722587986
1.56,-0.0001120417827594617,1.0558223148256534e-07,0.002659198767582786,0.0018299703401945385,-0.001962926659212606,0.004288566921419653
1.57,-9.462282930863266e-05,1.5798588345954192e-07,0.0023901244410769007,0.0006324668334951617,-0.010018191784020504,0.004461810430825723
1.58,-8.834799724595174e-05,1.6996263448850838e-07,0.0025110439795918344,0.0005647764806462771,0.0008124134880103922,0.004345735709886304
1.58,-8.83480055290371e-05,1.689968081615163e-07,0.0025325242667009256,0.0005647764806462771,-0.0017828788315794558,0.004315598488514673
1.59,-8.723849360482204e-05,1.70722255556665e-07,0.0025920724563365557,-0.005605695338849003,0.0007123321722951569,0.004262523041978982
1.6,-0.0001426545476626927,2.4154272406039967e-08,0.0026539588290092992,-0.004734537278818061,0.0033922691808961378,0.0042341188663930895
1.6,-0.00014265453886801762,2.994165047902488e-08,0.0026058420437122835,-0.004734537278818061,0.009191955928340644,0.0043007144751132775
1.61,-0.00019034870041701013,-8.381941383373853e-08,0.002600945754203563,-0.005208987654574944,0.006074166175406294,0.004366313565783816
1.62,-0.0002314883464927003,-1.7263423898402335e-07,0.0025121551531561174,0.009679483265307737,-0.0012365092187106783,0.004442951532462673
1.62,-0.00023148836388566877,-1.538284430384111e-07,0.0024476304670746976,0.009679483265307737,0.006522767273321658,0.004531065300715905
1.63,-0.00014172967255850327,5.542400463658358e-08,0.0026813874749974224,0.00011307625969595066,0.011942707620370734,0.004418250965818087
1.64,-0.00013756962046865387,7.14526748276796e-08,0.0026931586976142903,0.004231904394165109,0.006684286421185344,0.0044727797329333
1.64,-0.0001375696236671872,6.736064029796113e-08,0.002723459609464733,0.004231904394165109,0.0030487949083068807,0.004431945606124689
1.65,-9.740901724483755e-05,1.6981938046603276e-07,0.0030497556990815226,0.0012974247475172635,0.012549614101827599,0.004236285341467382
1.66,-7.726515970277044e-05,2.297333972437877e-07,0.003347102970021439,0.01104584812675446,0.02093599139665034,0.004150248922902919
1.66,-7.726521535685248e-05,2.2456990694973316e-07,0.0034948082442388074,0.01104584812675446,0.0032536665210842163,0.003953780854717745
1.67,2.277524739279465e-05,5.448965437020338e-07,0.0031950152847073587,-0.003118573969721823,-0.007406519194382087,0.004171015982263932
1.68,-8.20013621076512e-06,4.4458981214545053e-07,0.0030903444043870964,-0.002832789657362328,-0.008898754428474947,0.004186163290881125
1.68,-8.200023664169692e-06,4.306766605021704e-07,0.0029633099794631446,-0.002832789657362328,0.006276069901810328,0.004352973433295558
1.69,-3.600094522325547e-05,3.444983232026449e-07,0.0028966512692291616,-0.0021165109419627216,0.0021298500651957958,0.004436589959193673
1.7,-5.895642562604997e-05,2.777446254223572e-07,0.0028779699094636586,-0.004550957236774414,0.00018225753736234506,0.00445615307707742
1.7,-5.895642039097109e-05,2.77506116386197e-07,0.002869872027271762,-0.004550957236774414,0.0011475406926557373,0.004466652181105282
1.71,-0.0001027071401587176,1.5924710590258482e-07,0.0026476510092374637,-0.0021598133291013655,-0.006330265109339275,0.0046159103990447824
1.72,-0.00012444972101598764,9.921721802130266e-08,0.0026458433730299296,-0.0023563088523051276,-0.0033371274023651816,0.004586155470062221
1.72,-0.0001244497247727422,9.815418485060536e-08,0.002657948445415728,-0.0023563088523051276,-0.0047770961160750235,0.0045706565745064955
1.73,-0.00015165473552829654,2.3383188962303913e-08,0.0026453169439931063,-0.0073082258117143604,-0.0036540489308877783,0.004548467709125688
1.74,-0.00022175930758434965,-1.8813201983905212e-07,0.0028491842368137585,-0.0032599346997991916,0.008037532898884167,0.004433428162349197
1.74,-0.00022175929026058903,-2.2225764545727128e-07,0.002985689431172799,-0.0032599346997991916,-0.008167796351912527,0.004260802196017584
1.75,-0.00025164242581376825,-3.180684502960719e-07,0.0029439350662411935,0.000433008907839017,-0.006893340944580217,0.004235874478229406
1.76,-0.00024317509932777928,-2.8065204835210956e-07,0.0027715028923204336,0.006058328895468442,-0.011922618769552992,0.004284860209870132
1.76,-0.00024317512063212727,-2.5938085658003103e-07,0.0027030630098977553,0.006058328895468442,-0.003813738859874242,0.004370358818656703
1.77,-0.0001853054235003337,-1.1081313333288358e-07,0.002743611906596374,0.002369042561263572,-0.0013047604961978257,0.004321771561746679
1.78,-0.00016219560255813012,-5.3461097585183974e-08,0.002836163150801031,0.0015797399127129384,0.0038224701699992353,0.004272330891401775
1.78,-0.00016219560086428155,-4.890801121242186e-08,0.0028094139640815804,0.0015797399127129384,0.00698565354527571,0.004305346614121615
1.79,-0.00014766901102646453,1.4213945437062284e-09,0.002731685612684204,-0.00014807300077037842,0.0022850546834852327,0.004395481336508348
1.8,-0.0001416721802874507,1.3081004273342827e-08,0.002849711069739243,0.01001893509032902,0.006902551639314549,0.004351396206153468
1.8,-0.00014167216675530327,2.502048434123412e-08,0.002761613208747422,0.01001893509032902,0.017300793625035296,0.004458845110031514
1.81,-4.737026926872526e-05,2.8218713360115346e-07,0.0028139419372609723,0.0020144109668602077,0.013461358118140436,0.0045317513604017255
1.82,-3.349918081226896e-05,3.111188914153596e-07,0.0026660390090767557,-0.006514829337607839,-0.00023469652979475966,0.004661233714365721
1.82,-3.3499170773815024e-05,3.101505001495472e-07,0.0026519636640526035,-0.006514829337607839,0.001423562434024404,0.00467819998853369
1.83,-9.396029478281323e-05,1.5625046526215604e-07,0.002342004919875424,-0.00014223661600948866,-0.008879679269444673,0.004871964320396478
1.84,-9.810840175113452e-05,1.5025397475011938e-07,0.002017605571205604,-0.0038483943650317,-0.020292840981250372,0.004978819446028962
1.84,-9.810835632587648e-05,1.5370725360416688e-07,0.0019139314970235348,-0.0038483943650317,-0.008100710337304157,0.0051023434341376135
1.85,-0.00013061305094788514,1.0090660978952023e-07,0.0016642184677553048,0.004281261508475231,-0.013456725799258953,0.005202110590605903
1.86,-9.060133234866776e-05,1.6703002987547698e-07,0.001575239245936216,0.00047306894114008046,-0.011249952139524946,0.005181647779872611
1.86,-9.06013250694314e-05,1.6763374529748624e-07,0.0015575403649259823,0.00047306894114008046,-0.00917222642534317,0.005202494709803058
1.87,-8.983833796965929e-05,1.6705010650503685e-07,0.0016439796876883848,-0.004921619337297331,-0.0035218433094833983,0.0050982360987149745
1.88,-0.0001342993630584684,7.246341046440942e-08,0.0020882720475951804,0.0015437961039859787,0.019673063817375467,0.004885196062100229
1.88,-0.00013429939191584317,6.289478601263278e-08,0.0021851448042238646,0.0015437961039859787,0.00832051671365495,0.0047723794217089275
1.89,-0.00011518427115567707,1.1342003446706996e-07,0.0020444436464054157,0.00654350695593614,0.0012265112561556076,0.004902054186678651
1.9,-4.8959636153377314e-05,2.4602853821137414e-07,0.0019138480090358648,0.007617193768862949,-0.005679077917728635,0.004964884987586723
1.9,-4.895966402667011e-05,2.4721962374206843e-07,0.001964644708408832,0.007617193768862949,-0.011621892306091581,0.00490638700332327
1.91,1.9603399959761547e-05,3.7923175018178686e-07,0.0018190308663639397,-0.002728154466037274,-0.012552287553396721,0.0049232370929631585
1.92,-8.784221739129934e-06,3.2747505379789373e-07,0.001691257016845744,-0.0042321122562293005,-0.012661019679977814,0.004924217201994333
1.92,-8.784129336392071e-06,3.12466523447029e-07,0.0015665687454025092,-0.0042321122562293005,0.0019023732807234694,0.005066228305956766
1.93,-4.498112288520583e-05,2.509520054676801e-07,0.0013588688990662636,0.0040944890956182275,-0.005266822339329934,0.005194880163266848
1.94,-8.851717483164427e-06,3.0984534308084816e-07,0.0015136345893653439,-0.002452829160172013,0.004746371364833244,0.005105451983078911
1.94,-8.851704278094951e-06,3.0773470589603866e-07,0.0014951133512840081,-0.002452829160172013,0.006906114333549316,0.005126316778504495
1.95,-3.762047537493827e-05,2.5764529352257825e-07,0.0013708224690418536,-0.008218585166920069,0.0007979710980537307,0.005234935609292378
1.96,-0.00011317922906059935,1.581499195529154e-07,0.0012620135198101016,0.000791918692049802,-0.0048358709632763276,0.0052847932334610615
1.96,-0.00011317919963599764,1.6147411562206243e-07,0.001199655066127007,0.000791918692049802,0.0024241324708610583,0.005354286347825876
1.97,-0.0001066215728220351,1.6804718387141296e-07,0.0012677936579285221,-0.0010593252750802898,0.0038095883308406596,0.005329870176794773
1.98,-0.00011696315916685613,1.5653849394688335e-07,0.001252740764806483,-0.0007171667887122726,0.0012473830662072367,0.005352340282282428
1.98,-0.00011696316632543158,1.5536889595612688e-07,0.0012690238589561271,-0.0007171667887122726,-0.0006454040205264168,0.005334387183685447
1.99,-0.0001257458947717433,1.483462325276295e-07,0.0011697157413358883,-0.0029077036514729235,-0.0035733203632354795,0.005385528330432238
2.0,-0.00015326553738184524,1.215215733064523e-07,0.0010381163945307177,-0.0007902142765632055,-0.008191894557464174,0.005425670591967651
2.0,-0.00015326550408302576,1.3362483651088723e-07,0.0009461865232109324,-0.0007902142765632055,0.0024779554011243026,0.005525962930556087
2.01,-0.00015729251142702642,1.4953051959313487e-07,0.0007154094291832271,0.004478606103981024,-0.0055731380988449895,0.005665352702990291
2.02,-0.00011381414378824472,1.7973000217239396e-07,0.000695836023735882,0.002700605239453184,-0.003832237362367701,0.005650355564805211
2.02,-0.00011381412882714188,1.8277335805387603e-07,0.0006573769886165912,0.002700605239453184,0.0006248378201243487,0.005691876735286907
2.03,-8.391536207740454e-05,2.0254931487892363e-07,0.0006532637758143664,0.006633730314153861,0.0002986922744984656,0.0056974741615650765
2.04,-2.146872611355184e-05,2.6139947846968894e-07,0.0010796674960404909,0.0013438613991341424,0.020672410006863325,0.005523501011297564
2.04,-2.1468815423876352e-05,2.756647373038302e-07,0.0012630551953972753,0.0013438613991341424,-0.0005494962931095054,0.005327548016257859
2.05,-6.263794958998643e-06,2.9280434048609754e-07,0.0012245803429528984,0.0037455850034569093,-0.0015866870366187738,0.005345195080597161
2.06,2.9939856292558354e-05,3.418216038732212e-07,0.0012716257014384444,0.0020430726959828494,0.0014386551183532712,0.005319585619665299
2.06,2.9939914044136264e-05,3.249867050415037e-07,0.0011739913782889233,0.0020430726959828494,0.012720799495158235,0.005422848465258185
2.07,5.208524925434665e-05,3.685238295943631e-07,0.0014590206797250476,0.0043744542062619275,0.017679940014057597,0.005339193340669782
2.08,9.773822099331736e-05,4.454283628489051e-07,0.001723521604114763,0.0069693784585196155,0.02189485271946017,0.0053038209573743845
2.08,9.773809801010245e-05,4.926290468569066e-07,0.001890689613957188,0.0069693784585196155,0.002604986353953124,0.005128794796810607
2.09,0.00016716929093662906,6.16716894262012e-07,0.0018829485796459083,0.006612487808338062,0.0015440762634919584,0.005146539625210534
2.1,0.00023928721402615975,7.46745164143383e-07,0.0018712778292655939,0.0147611710451992,0.00024186372226343042,0.0051573749666430375
2.1,0.0002392872689658323,7.225549524606908e-07,0.0018238212674624296,0.0147611710451992,0.005710396992745548,0.0052065677816648314
2.11,0.0003835753170533399,1.1095902451485086e-06,0.0021872541601799106,0.010242788620569702,0.015320133108082602,0.005047183322291547
2.12,0.0004900527231670894,1.3702036021963793e-06,0.002412558155043853,0.015749201034165744,0.018781364533192332,0.005018626429899147
2.12,0.000490052209704011,1.6112727666688507e-06,0.002671928585529848,0.015749201034165744,-0.011065924371873141,0.004752414251187774
2.13,0.0006484449720244338,2.3006361144739534e-06,0.002982019044713688,0.016975505058783164,0.0021226620908789094,0.004535490214903421
2.14,0.0008135909259077989,2.739946667015752e-06,0.0029160492544592423,0.010709507073362802,-0.0020607780719293202,0.0045697171061322575
2.14,0.0008135912628583069,2.5982389708398133e-06,0.0028202431866373823,0.010709507073362802,0.008949499303856311,0.004667092236029651
2.15,0.0009258138317815134,2.728681289637615e-06,0.0026960881536784924,0.01768117013043672,0.002257828741280668,0.0047762493286368935
2.16,0.0011026557534436533,3.136442572925255e-06,0.0026321677048969797,0.017722900280644625,-0.001889845422887804,0.004809902465281238
2.16,0.0011026562576497317,2.9325757358819013e-06,0.002528337743953049,0.017722900280644625,0.010026948416145055,0.004914415374976536
2.17,0.0012820576464976537,3.045136426259153e-06,0.00233962112509081,0.020676241728118248,0.0009827150380430118,0.0050607441283766945
2.18,0.001485256307692315,3.442468476923125e-06,0.002275582209503755,0.01583122571420232,-0.0025572904887867843,0.005089231000479956
2.18,0.001485256474779605,3.3747438020952157e-06,0.0022495951450469836,0.01583122571420232,0.00042147167472418676,0.0051151393925169585
2.19,0.00164104448770013,3.5425308087830243e-06,0.0021314828590057546,0.012399030785157566,-0.0034040107285319763,0.005176532076113033
2.2,0.00176995931617225,3.89787228583709e-06,0.0021628037169627366,0.0190953870066243,-0.000273280815269528,0.005151543662803183
2.2,0.0017699596106400101,3.7765237066587803e-06,0.0021235480970073816,0.0190953870066243,0.004220712373496718,0.005190310824178533
2.21,0.0019610868604558285,3.859869614484676e-06,0.0019824823404460236,0.019330661752612915,-0.0015064153682817615,0.005281484874837484
2.22,0.00215678695218067,4.2440763510738715e-06,0.0019648719189663925,0.022585493062330358,-0.0016283152732160513,0.005282449993056542
2.22,0.0021567873730673945,4.065911057205672e-06,0.0019169748718908964,0.022585493062330358,0.003848159529630332,0.005329308878050637
2.23,0.002378882896503147,4.525806052264403e-06,0.00197158270211115,0.017474625053820317,0.004351720439752777,0.005321356054810886
2.24,0.0025559280255082863,4.541240745006861e-06,0.0018241888444205298,0.020599757500155448,-0.004783234176176936,0.005393102256582995
2.24,0.0025559280430685373,4.533592381095586e-06,0.0018224443274110454,0.020599757500155448,-0.004584011438007539,0.005394793167793128
2.25,0.002765935123802274,4.999327156108365e-06,0.0018106516846324798,0.026052066294496693,-0.0035216074659255086,0.005378146610773543
2.26,0.003032164156898529,4.863859276945169e-06,0.0014750619111236552,0.03381226780186989,-0.017886982963630053,0.0054900789756537885
2.26,0.003032165991625361,4.038378226724088e-06,0.0013145727860176667,0.03381226780186989,0.0004188691979036367,0.005644211452085228
2.27,0.003370908865937474,3.8943300474773975e-06,0.0011192078195681483,0.03465422528636853,-0.005803497432813041,0.005740946922240035
2.28,0.003715758027543815,5.420613375719584e-06,0.0015144861323372872,0.03235560824651689,0.01586540841174061,0.005573432512811924
2.28,0.003715756050878318,6.3888507269139715e-06,0.0016690632305249313,0.03235560824651689,-0.001745395962997883,0.005426324452003385
2.29,0.0040369903792419745,7.271138007965395e-06,0.0017498149560790598,0.029200350865315968,0.001314655808283991,0.0053791199017360035
2.3000000000000003,0.0043274340939311335,8.529631094575101e-06,0.0020208562563234205,0.0270821772344781,0.013636282802176127,0.005284607331329759
2.3000000000000003,0.004327432274826581,9.445769729852013e-06,0.0021465375536236695,0.0270821772344781,-0.000665929455376215,0.005166073083982263
2.31,0.004597347465824576,9.749837388480032e-06,0.00207087257157935,0.02584963121616378,-0.0028146419142978185,0.005198964865883073
2.32,0.004857967563457748,9.638773302037349e-06,0.00184185523639929,0.028736258897498083,-0.012407171755435906,0.005271976215720265
2.32,0.0048579701137880715,8.360773157020094e-06,0.0016851881413970562,0.028736258897498083,0.0054009233981685625,0.005418420102155836
2.33,0.0051542551683790416,8.940555140422947e-06,0.001757268702690579,0.04086860169426695,0.005963251312899151,0.005409877673210692
2.34,0.005554678672022494,9.401677285841895e-06,0.0017513179759608226,0.029634555290757196,0.0028328291964500067,0.005433521879644412
2.34,0.005554679384818159,9.03865956748019e-06,0.0017121532312899545,0.029634555290757196,0.007279658508134955,0.00546980851714803
2.35,0.005851046656914248,8.982909666898233e-06,0.0016730013216163981,0.029663185631345027,0.003798459827661649,0.005522293052977947
2.36,0.006147311610276214,1.0550817336263497e-05,0.001974850912181908,0.029167701349025812,0.0163873971885449,0.005427929560197914
2.36,0.006147308593666725,1.2108664918505423e-05,0.002127030733552253,0.029167701349025812,-0.000872407236172365,0.00528816292543032
2.37,0.006443806354709739,1.2834691418945499e-05,0.002135643538561648,0.035723461753320224,-0.00033364511012681927,0.005280101010950151
2.38,0.006798370541836483,1.3699742986832356e-05,0.002156397271614601,0.03209395997784622,0.0008151641397092228,0.005271554595576524
2.38,0.006798369611941673,1.4175952362876746e-05,0.0021986638691552803,0.03209395997784622,-0.003973426143197766,0.005233071045293544
2.39,0.007122243049169609,1.5269972021871598e-05,0.0022218827495004935,0.036085078241045634,-0.0020183495580850625,0.005204032769517831
2.4,0.007486530778337206,1.75600591414734e-05,0.0025035887940635286,0.040763380499146774,0.012371608973583765,0.005097778993514955
2.4,0.007486527893099825,1.9019755688813095e-05,0.0026217776422080923,0.040763380499146774,-0.0010043902255680841,0.004991089536114286
2.41,0.007892386176688903,1.940722379603029e-05,0.0025107881329326353,0.03834931085058566,-0.004137375980453105,0.005037280638838995
2.42,0.00827159561783595,2.0775772298661664e-05,0.0025464197393086493,0.03252774433352747,-0.0004684476268705471,0.005010390067778071
2.42,0.008271597058624514,2.006732817054976e-05,0.0024943585765540184,0.03252774433352747,0.005417420116430799,0.005056987413524491
2.43,0.008602914240455546,2.3274645785842026e-05,0.00287582833087346,0.04074781990164725,0.015569150450516444,0.00490840774619877
2.44,0.00901826505146945,2.2554451657093325e-05,0.0027050013623763653,0.05144879271189623,1.8957585170672336e-05,0.005021543360860155
2.44,0.009018263504370532,2.3294652518677492e-05,0.002755133507017449,0.05144879271189623,-0.005643007590101791,0.004977049462759585
2.45,0.009524222658229832,2.583498640585249e-05,0.0028412547597814488,0.039858466470757054,-0.001224206546273269,0.004912844395318405
2.46,0.009921248204721898,2.6585551384631974e-05,0.0027704252353301538,0.03773965563503428,-0.004013186647813396,0.0049329880446085375
2.46,0.00992125018350436,2.5668650911042153e-05,0.0027138706475786324,0.03773965563503428,0.0023676880654475985,0.004982764369947282
2.47,0.010307348155984367,2.3161665992302838e-05,0.0023270965136234227,0.04956202409962689,-0.010347765655479901,0.005166193388062199
2.48,0.010808036860112781,2.196054344038697e-05,0.0018851161417759582,0.05644821583076808,-0.02645490884002985,0.00528168925763662
2.48,0.010808045966085925,1.7801711478426515e-05,0.0016485830414732304,0.05644821583076808,0.00020586711920926246,0.005488156487172132
2.49,0.011367404669193422,2.2108055629027188e-05,0.002005348206932382,0.049493019659263435,0.011187857549005094,0.005330861833331828
2.5,0.011859660351841553,2.1829583389928655e-05,0.0019520753254038705,0.0458542185116282,0.003332658498587996,0.005386784255272118
2.5,0.011859659335157487,2.2300809952368385e-05,0.0019765430239765476,0.0458542185116282,0.0005774826894283406,0.005365601161740868
2.51,0.0123222806783793,2.2502114259269505e-05,0.0019131444488091802,0.051399648381793034,-0.0015629244926228859,0.005396041611094644
2.52,0.012841863602055713,2.238452913835562e-05,0.00176301850226337,0.05899339181353932,-0.007957439188539436,0.005441242032992334
2.52,0.012841868881851964,1.991748182998914e-05,0.0016443481376238534,0.05899339181353932,0.0053925370144768375,0.005543149943462916
2.53,0.013420452867240262,1.8042772918795692e-05,0.0014462622671661967,0.0435542376156971,-0.0024008524371230645,0.005653209429243326
2.54,0.013864844580606038,2.0389955039416478e-05,0.0016138091081736644,0.05559183565568677,0.006702767828068198,0.005589312487697298
2.54,0.013864841647701215,2.178906682453247e-05,0.0016762682486275021,0.05559183565568677,-0.00031700027147437467,0.005536106224716881
2.5500000000000003,0.014419489243501107,1.9155614609256333e-05,0.0013762742643479737,0.05385503731545935,-0.009490993787118075,0.005664762301522807
2.56,0.014961157929477657,2.0362776019390148e-05,0.0013295416107793102,0.05809687554052297,-0.007202295147262654,0.005648810484787409
2.56,0.014961159999688375,1.935407520007557e-05,0.001287682716506903,0.05809687554052297,-0.002502169850437403,0.0056841847071229185
2.57,0.01554109520584211,2.1564020632896347e-05,0.0013760198456971393,0.056696260665757135,0.0009994697999587583,0.00563541635325195
2.58,0.016110993454064238,2.4005862803843594e-05,0.0015470388391710002,0.06069296354257246,0.008646041291233642,0.005582490469797155
2.58,0.01611098750428154,2.6984198347026843e-05,0.0016621131171691244,0.06069296354257246,-0.004263211034460245,0.00548600974320525
2.59,0.016714974142983407,3.249480504013306e-05,0.0019448175939084974,0.056704741524779056,0.005780848533625692,0.005347080280041414
2.6,0.01727865609264096,2.9929751502344536e-05,0.0016703114506303382,0.0521204410146078,-0.009993679162285324,0.005455513269933195
2.6,0.017278663447277763,2.6215966834128815e-05,0.0015362558455291786,0.0521204410146078,0.005031340100318988,0.005567030176896837
2.61,0.01780369148275774,2.5316957589319386e-05,0.0014706079614105216,0.05731557288466757,0.0014532342332521367,0.005616186572811349
2.62,0.018380853496471564,2.5903170029559245e-05,0.0014626555534414973,0.06276292763795085,0.0003863212774087199,0.005623470428195664
2.62,0.01838085096694226,2.7199706155151167e-05,0.0015067845505813398,0.06276292763795085,-0.004555275323492567,0.0055870451376657726
2.63,0.01900702440905599,2.9527804872727542e-05,0.0015496017534612858,0.06078808558035805,-0.001829989567312049,0.0055498570640766486
2.64,0.019619147497597664,3.063640410760949e-05,0.001544169161079716,0.06655751286009959,-0.0012196593487366057,0.005545718519039699
2.64,0.01961914943064958,2.9630694952444735e-05,0.00151200805710846,0.06655751286009959,0.002378605765438977,0.005572061351832608
2.65,0.020287536967878734,2.9781293124892772e-05,0.0014842451396435603,0.07038025526400501,0.0007897003138246069,0.0055935979539680014
2.66,0.020989980525342344,3.158421047214265e-05,0.001549349243973851,0.06853548177865021,0.0035021771721016758,0.0055753286393935295
2.66,0.02098997886710695,3.24604939532704e-05,0.0015756078368783,0.06853548177865021,0.0005668378336843283,0.005553984216516921
2.67,0.021674579825064842,3.192365707755299e-05,0.0014904905068977845,0.06750751522334877,-0.00223001373251963,0.005591642319951415
2.68,0.022346138717295985,2.9436126625932762e-05,0.001221129395037162,0.06271875539229439,-0.013940132852361129,0.005669987724619259
2.68,0.02234614150884092,2.7941991358697277e-05,0.0011789985872176893,0.06271875539229439,-0.009234512841246472,0.005703975491214973
2.69,0.022976651777713283,2.8643219459740125e-05,0.001084409939686519,0.06723702104472382,-0.009303593877995302,0.005704899508021759
2.7,0.02365025171853034,3.262320518054538e-05,0.0012094520941377197,0.06891761413088897,0.0010290750880961718,0.005636226980180113
2.7,0.02365024898887872,3.41183310924527e-05,0.0012493865044574208,0.06891761413088897,-0.0034274871050145265,0.005604252168625125
2.71,0.024339192287656644,3.119054327189188e-05,0.0010246296488247053,0.06859246863636806,-0.009289722834468793,0.005682152285551868
2.72,0.02502859584311442,3.4439696175906826e-05,0.00109334749864435,0.0733291981620846,-0.001635028302973321,0.005631611883922349
2.72,0.025028602493704567,3.071294383707383e-05,0.000999046216448222,0.0733291981620846,0.008880018905764162,0.005706557075192054
2.73,0.025768137842422004,2.6271950902191758e-05,0.0008412630420208151,0.08180621942746977,0.0012950023329922145,0.005806696869632864
2.74,0.026584517105295462,2.3486423532303516e-05,0.0006461719749391891,0.07951026637221077,-0.0085551461521149,0.005871309232000759
2.74,0.026584522493575843,2.037230845574439e-05,0.0005717932563427715,0.07951026637221077,-0.0002683158905929621,0.005929986176463965
2.75,0.027370791270913405,9.074213466768054e-06,4.210485616746294e-05,0.06747238174825333,-0.016471266716456944,0.006142526260087448
2.76,0.02804696309038255,9.760522977388442e-06,-8.515977031601175e-05,0.06944264402731289,-0.01469882267161899,0.006130975014372559
2.76,0.028046966511242326,7.689625732810068e-06,-0.00013211197596329122,0.06944264402731289,-0.009471889491954707,0.006167745061323196
2.77,0.028748216076405195,1.995320744044061e-05,0.0003025518061563462,0.07874661004053185,0.006796264937933717,0.005955712501141392
2.78,0.02953656616983037,1.493867573518065e-05,8.589628334401125e-05,0.07993749976873916,-0.006670333271623202,0.006042912962982037
2.78,0.02953657093178521,1.1898958093944945e-05,2.027093854908839e-05,0.07993749976873916,0.0006295970059003756,0.006093934735324881
2.79,0.030331611747786112,3.3228509132942644e-06,-0.00032287915020043253,0.07402679904136049,-0.01010389383907332,0.006232943919636389
2.8000000000000003,0.031079659031165836,6.392102860094776e-06,-0.00025306243686458414,0.08461064292441743,-0.0020226447441659256,0.0061809485291014436
2.8000000000000003,0.031079659380472285,6.155196022471946e-06,-0.0002579342889994231,0.08461064292441743,-0.001481140036365677,0.00618470906537071
2.81,0.03191955584467605,1.3188995190589845e-05,8.01674413311587e-06,0.07618114830196936,0.007138615842431306,0.006073777245787812
2.82,0.03268972862106421,1.2736158148336669e-05,5.6844583018077975e-05,0.08754884050527807,0.006071990895945983,0.006080596614345283
2.82,0.032689739636521296,4.792275136523293e-06,-9.882356732123188e-05,0.08754884050527807,0.023361142542069988,0.006199900007591684
2.83,0.033563692983978065,-6.751985651715603e-07,-6.379395615404586e-05,0.08545191849106347,0.01726727021805212,0.006277835154646542
2.84,0.034415811626809845,1.4703987497275898e-06,0.00021173490475418535,0.08219185494241511,0.02212902537516854,0.006246947002466536
2.84,0.03441580142746809,9.284892333552128e-06,0.0003574833657255058,0.08219185494241511,0.005953874810671916,0.006136034732109043
2.85,0.03523940714383537,1.198015544219043e-05,0.000501574179545499,0.08449006081692295,0.008547329916607825,0.006103072432766009
2.86,0.03608741076416554,1.2484820965684529e-05,0.0005905942744510757,0.0887093943835443,0.008714923988314121,0.0061020142906462755
2.86,0.0360874046876105,1.7315054455175364e-05,0.0006766963643908197,0.0887093943835443,-0.0008335295959516764,0.006036950887341939
2.87,0.03697832909563127,2.8271004201041412e-05,0.0010165007048670138,0.09393523975446752,0.009840079433955826,0.005902126492291904
2.88,0.03791507270808254,3.1798128338299e-05,0.0012245668254481593,0.09039313665837351,0.015020360985998023,0.005869621875317458
2.88,0.03791507084650574,3.3306225783789833e-05,0.001250208136194675,0.09039313665837351,0.012178917474415758,0.0058503805360605055
2.89,0.03881443519999313,2.456373032114443e-05,0.0010554629411989452,0.08416794728665239,0.002478629715973662,0.0059721615699731
2.9,0.03966052627581304,2.7422973186383543e-05,0.0011604874609016367,0.09017016930526066,0.006267665538145758,0.005948532516571468
2.9,0.03966051477858731,3.6773501833831186e-05,0.0013127514746019905,0.09017016930526066,-0.010593201561960346,0.0058350605655263085
2.91,0.04056556013033288,4.5435920924192165e-05,0.0014367651854040081,0.09472999284166836,-0.0035495546335982398,0.005747168503897811
2.92,0.041516744811712206,4.645075789231169e-05,0.0013875335113100603,0.10001269443258198,-0.004198005247044756,0.005751187705450704
2.92,0.04151674781079488,4.402380288647818e-05,0.001349691522116939,0.10001269443258198,-1.0602860519698214e-05,0.0057791959070511
2.93,0.04250561332790604,5.6564978464735636e-05,0.0016790151740113206,0.08472104923146888,0.010076024276662824,0.005654091092362108
2.94,0.04336117278335718,6.140140391251435e-05,0.0019071562526454492,0.09608025190638655,0.016087534715970325,0.0056170562195104684
2.94,0.043361172935721295,6.127929020991374e-05,0.0019053299588583583,0.09608025190638655,0.016289479983827893,0.005618398753965676
2.95,0.044323610477839934,6.296844297733087e-05,0.002064139450981892,0.09830546013597505,0.016164447894705034,0.005619940256514587
2.96,0.04531124987846493,7.080660447178189e-05,0.0024340255349029048,0.10455225754522704,0.025989065630860203,0.005559777717372141
2.96,0.045311232643255005,8.425607307980463e-05,0.002626951452978828,0.10455225754522704,0.0046708906255961,0.005418909798693793
2.97,0.04634916751507325,8.356134041881423e-05,0.002581081534006078,0.09423425978277343,0.0018386883458540305,0.005453620246957847
2.98,0.047289207537576726,9.065427615595313e-05,0.002760259535069291,0.09111636357490335,0.009422377929928795,0.005407457363404458
2.98,0.04728919140680365,0.00010267533853932342,0.002925747794936771,0.09111636357490335,-0.008851346452375121,0.005287430540503293
2.99,0.048205800925307636,0.00010410728424854516,0.002804649300328063,0.09852391901580329,-0.00984778148485857,0.00529957047678937
3.0,0.049194720441879565,9.959190236409119e-05,0.00246421450098289,0.10351916420482689,-0.021256284124571288,0.005368604205305991
3.0,0.04919473493135442,8.929345984722959e-05,0.0023276185936739685,0.10351916420482689,-0.006183206135122157,0.005467019131898155
3.01,0.05022297279860866,9.746099556670932e-05,0.0024105218258861326,0.09407942004028207,-0.0017590963891703426,0.005413434182056324
3.02,0.05116512609665814,8.438572810403143e-05,0.0019022690296775632,0.0959006477634644,-0.02488753808865188,0.005552563146958682
3.02,0.05116515673538946,6.325782471118302e-05,0.0016323127605788875,0.0959006477634644,0.004881576699252786,0.005745782725311755
3.03,0.05212738610460788,6.266754207642012e-05,0.0016288219528750845,0.10028015659038363,0.0032833786727384006,0.005765027590914871
3.04,0.05313339593430067,6.553628022097655e-05,0.001699604735984657,0.1046465767811987,0.005071675456879238,0.005754332924208855
3.04,0.05313339436194332,6.661312160911917e-05,0.0017128846868374496,0.1046465767811987,0.0036082149561943765,0.005744889911524509
3.0500000000000003,0.054176769297824445,7.096176521473964e-05,0.0018087175797132085,0.10045127404289815,0.005433130294120917,0.0057230418959035075
3.06,0.055188513572067714,8.215525731621703e-05,0.0021416558402353398,0.11030475453469835,0.018558393597846473,0.005645003213553716
3.06,0.055188491026368545,9.746609232517766e-05,0.0023238272592107745,0.11030475453469835,-0.0015038975239076852,0.0055163050310037005
3.0700000000000003,0.05629211082377796,9.169635666417161e-05,0.002121346723645527,0.1110699533743413,-0.0072264870261210395,0.00558442340551267
3.08,0.05740472964697634,9.915496078839193e-05,0.002195103563122249,0.11369340433395102,-0.0003492848149164018,0.005543769197963046
3.08,0.05740472515711069,0.00010214041021839217,0.0022293205450690558,0.11369340433395102,-0.004115120619129003,0.005519751392053613
3.09,0.0585427458576697,9.559502627449248e-05,0.001991472642708216,0.11515592872098475,-0.01011791151474686,0.005590798192187393
3.1,0.05969508233199059,9.855398736354919e-05,0.0019086083235141456,0.11621713454595227,-0.009255576042444653,0.005585729696135155
3.1,0.059695087602075564,9.511058206469026e-05,0.001870591662822199,0.11621713454595227,-0.005074225179367621,0.005612244362413061
3.11,0.06085522781273513,9.789077351155406e-05,0.001832576477252737,0.11345951124075614,-0.004685971112894662,0.0056076751224510635
3.12,0.06199552175238193,9.919092992910704e-05,0.0017647176196846452,0.12120894358567061,-0.0056744265308682285,0.005613451908122099
3.12,0.06199553126538411,9.303261946018382e-05,0.0016991398602424494,0.12120894358567061,0.0015337545437954557,0.005658899427011664
3.13,0.06320306575700796,9.158091543244468e-05,0.0016440050615455684,0.11501073930593854,-0.0006152634876907849,0.00568404847120487
3.14,0.06435533152565928,9.183963994067256e-05,0.0015958894779333525,0.11794407125678044,-0.0025899773196010225,0.005695524102811729
3.14,0.06435534657406738,8.213535880057502e-05,0.001496181455204683,0.11794407125678044,0.008362922698574977,0.005764190724913343
3.15,0.06553291591502726,8.599319877171369e-05,0.0016205372876992856,0.11540584420089824,0.009604389822167847,0.005749743422871806
3.16,0.06668690970969585,8.331171909159969e-05,0.0016037131945178481,0.11531040378144813,0.004294407032042664,0.005780428383085572
3.16,0.06668691468776358,8.010269329850762e-05,0.0015718407323461593,0.11531040378144813,0.007793439004067263,0.00580224128648461
3.17,0.06784053609529926,8.791910570767589e-05,0.0017626425475132743,0.1160284568474931,0.011232685406663325,0.005762439609493502
3.18,0.06900910201510385,9.407478807877796e-05,0.001973302288801945,0.12729944690695796,0.015857631244765462,0.005735862013670623
3.18,0.06900908783224652,0.00010319322888959562,0.0020609919665377932,0.12729944690695796,0.006236694582390345,0.00567622049867012
3.19,0.07027326762649252,0.00011098857951502996,0.0022176845788105964,0.11532915876263092,0.009109883500252092,0.005643152716226224
3.2,0.07143235047554865,0.00010878983762210941,0.002198019479292326,0.1231969563798543,0.0039016176061669877,0.005672916981172703
3.2,0.07143233277031434,0.00012001981413113571,0.0023025290289261004,0.1231969563798543,-0.007557856527471809,0.005602272490777684
3.21,0.07266506538647359,0.00013874896248540798,0.0025067568466974693,0.1242733173942681,0.000962023307405812,0.005504752590956747
3.22,0.07391121296225067,0.00014139747476371294,0.002505694869732185,0.1289200375383089,0.0004598609599547963,0.005507606599902379
3.22,0.0739111990756145,0.00015003659146506146,0.002583538973834582,0.1289200375383089,-0.008070697301196902,0.005455308041017937
3.23,0.07519798593033361,0.00015014872838133006,0.002448098802213301,0.12563717903397154,-0.009736678605462503,0.005474273558090133
3.24,0.07645206049599121,0.00012935039182242506,0.0018313845433602309,0.122465370984097,-0.0341445910133628,0.005612237948915619
3.24,0.07645211419422449,9.664593992876037e-05,0.0015460383200291282,0.122465370984097,-0.002893153419653134,0.0058027827521574945
3.25,0.07768118896021091,9.78351605021884e-05,0.0015053562235655166,0.12847693048167794,-0.003250692272097586,0.00580683101141068
3.26,0.07895610485021202,9.651335553517108e-05,0.0014044656587323151,0.11507433446051787,-0.00646372922000674,0.005824894146005918
3.26,0.07895609896611305,0.00010010051094654418,0.001434821294840526,0.11507433446051787,-0.009786393178086007,0.005804745569506095
3.27,0.08011799922011267,0.00012110042160187409,0.0016471906358130229,0.13028862969850216,-0.0003501289920612542,0.005698475435380564
3.28,0.0814171430446723,0.00013244727630770908,0.001832424758745605,0.12522301259968333,0.00851548955103223,0.005648902671757132
3.28,0.08141712842906351,0.0001413746417727265,0.0019058307284615748,0.12522301259968333,0.00048520958474872894,0.005600470349224069
3.29,0.08267295553700332,0.00015862958024865232,0.0021421389869264395,0.13014997799282088,0.00752288738696902,0.005521634824776242
3.3000000000000003,0.08397569254363456,0.00014206128177478335,0.0018320076513525638,0.1317927746858079,-0.010574501596368852,0.005622286775316938
3.3000000000000003,0.0839757129122927,0.00012971328099904673,0.0017333859970866299,0.1317927746858079,0.00020817976001297547,0.0056869703017277985
3.31,0.08529116353429048,0.0001094530773079596,0.0013947148617244165,0.12837676475360155,-0.010149224057000108,0.005802379426620891
3.3200000000000003,0.0865764519912661,0.00012162924178582663,0.0014940113718176244,0.1304695127884579,-0.0007220165642287217,0.005750226720375405
3.3200000000000003,0.08657643926436957,0.0001293517204785755,0.0015539393748958785,0.1304695127884579,-0.007270524843288665,0.005711152791448364
3.33,0.08788058927564796,0.00014537143027712268,0.0016868728767242096,0.12976179554463835,-0.0010221271112426551,0.0056418948444521165
3.34,0.08918012734846528,0.00014404681859211146,0.001610528024065401,0.13236714943998276,-0.0041259426512954694,0.005658975020934158
3.34,0.08918012134928509,0.0001476896607504935,0.0016380209361691305,0.13236714943998276,-0.007128520363756003,0.005641154021803599
3.35,0.09050312934143671,0.00016765738609470437,0.001821149926994696,0.13150727641616689,0.0005993379584877511,0.005555944780801165
3.36,0.09182574684273923,0.00019599701669324534,0.0023014222068227647,0.14182673557641629,0.022856529975653614,0.00543410629702356
3.36,0.09182570864403913,0.0002191580288561056,0.0024714989485416037,0.14182673557641629,0.004292076010623522,0.00532450184254332
3.37,0.09324312668087896,0.0002262051323950091,0.0025636536362476244,0.14068585500617173,0.00578706525675772,0.005308103236117522
3.38,0.09465289093201625,0.00022682665118975353,0.0025683641271047725,0.14463608688996946,0.0032929239006330687,0.0053216853595964755
3.38,0.09465289338755001,0.00022536267977134073,0.0025579176090375338,0.14463608688996946,0.0044325838956904545,0.005328378725078987
3.39,0.09609851444713942,0.00022933086941917652,0.0026058930620881777,0.14363724865041896,0.0045433681260168834,0.0053271697907162205
3.4,0.09753059387452337,0.00026171405295552833,0.003145831772680416,0.13787348036746178,0.027738926565373745,0.005201509338442319
3.4,0.09753056030318458,0.00028136932473623065,0.003282145235363145,0.13787348036746178,0.012875748242161072,0.005114669510620372
3.41,0.09891169837035375,0.00027280016532188033,0.0032388474262639855,0.14112027462378554,0.007654695743120727,0.005171352554288518
3.42,0.10031926548056884,0.00025671859300696966,0.0029685253668942217,0.1361375448684314,-0.008612028593652364,0.005259023479498273
3.42,0.10031929280756247,0.00024116252673300046,0.0028634745662690446,0.1361375448684314,0.0028363545313920113,0.0053255667451438116
3.43,0.10168586488306597,0.00023612663013415714,0.0027773459965676835,0.14318918290396013,-0.0006368168732601436,0.005363081828334433
3.44,0.10312354407107868,0.00023353895327222056,0.002663222044679432,0.1510495074945531,-0.005688973107450122,0.005390171785714367
3.44,0.10312355793784628,0.00022579707447890372,0.0026122706201042903,0.1510495074945531,-0.00013919552219165097,0.005422264225116354
3.45,0.1046233507167368,0.00024342952623618907,0.0027816140737196046,0.13653866541855858,0.005038498812322139,0.005366620676045829
3.46,0.10599355935214616,0.00024876097161547064,0.0028562494405167727,0.1431059182451419,0.006175228982293779,0.005360556396366574
3.46,0.10599353518632353,0.00026203915280266195,0.0029414012387146728,0.1431059182451419,-0.0030949921564429952,0.00530722305482849
3.47,0.10742706558059739,0.00025174839345348636,0.0027342636471364558,0.14643805742213628,-0.008436354312205975,0.00536433712783751
3.48,0.10889228153657508,0.0002869790507625872,0.003135439519648463,0.1476601562930545,0.014318135541745011,0.005243557608508649
3.48,0.10889223301901231,0.000313185144083755,0.003299304757213865,0.1476601562930545,-0.003512328488375892,0.00514149489777496
3.49,0.11037454786929866,0.00031074507038686953,0.0031774083747888866,0.15542056034371657,-0.006142153331762731,0.005169474688148259
3.5,0.11192721708392535,0.00032097996440229125,0.0031962830377704485,0.1533559488503041,-0.002379948914429186,0.005149605191408391
3.5,0.11192721511083911,0.00032202162133712506,0.003202630064264104,0.1533559488503041,-0.003070233450950604,0.005145673835103989
3.51,0.11346231465186334,0.0003258818343850453,0.0031597515024326716,0.15545785036371168,-0.0034391440750989296,0.0051495793564103704
3.52,0.11501319468997646,0.00033737109312176203,0.003222593554058851,0.1504570988211763,0.0011156541432200823,0.005125643680891472
3.52,0.11501320202739539,0.00033357844519906095,0.003200072103574543,0.1504570988211763,0.0035638076465321095,0.005139516880227227
3.53,0.11652170532452483,0.0003275368667113705,0.0031135318960479126,0.15578528048825993,-0.00013677906964931416,0.0051785005035808575
3.54,0.118078119344891,0.00031062766295872666,0.0027990253844847246,0.15378076266934138,-0.014802279656295613,0.005255187044692058
3.54,0.11807816539511325,0.00028727468348543466,0.002663745635470487,0.15378076266934138,-0.00010415508062330131,0.00533806468789631
3.5500000000000003,0.1196126662319647,0.00025714079940053844,0.0022874864912973817,0.1491996291388141,-0.011465489428591245,0.0054571636948377725
3.56,0.1211101358315461,0.0002651591380072723,0.002237380214630687,0.15665924886404248,-0.008443068634395694,0.005441437038281446
3.56,0.12111011549119108,0.000275388111490363,0.0022952414520849835,0.15665924886404248,-0.014726632780651321,0.005406181070838596
3.5700000000000003,0.12267819454326853,0.0002899758111928584,0.002265620096951962,0.15871589256100904,-0.01116548076447794,0.00536903184436154
3.58,0.12426555050342306,0.000320060222175026,0.0025172190507888868,0.15906133135336362,0.005839923237484066,0.005280979481918177
3.58,0.12426551986697555,0.00033539666863903077,0.002601901295133422,0.15906133135336362,-0.003351911532361475,0.0052296586844019196
3.59,0.12585909404913279,0.00036750313554222104,0.0028605377641926816,0.16317078186659834,0.005489135713398473,0.005137876881645657
3.6,0.12749164294419363,0.00038738913607597734,0.0031190624451380247,0.16436527961165256,0.015020070680067062,0.005088766265434053
3.6,0.12749163050292198,0.00039355303394809617,0.003152285599514328,0.16436527961165256,0.011415575058513292,0.0050687393692181
3.61,0.12913170667922208,0.0003693357690914877,0.002966813303389743,0.15943192042563648,0.0023510359576554268,0.005162388818045634
3.62,0.13072920402263075,0.0003584478555052575,0.002786105816587145,0.16371905859324742,-0.007205293757284249,0.005211392636665641
3.62,0.13072922897148181,0.00034626746555382735,0.0027219894049256023,0.16371905859324742,-0.00025234749576610264,0.005249836692034804
3.63,0.13236462650354444,0.0003749439582395779,0.0029607445857137886,0.16135723215341638,0.007044869398826625,0.005174806463610087
3.64,0.13398512993123962,0.00040509511816113947,0.0033548794700201984,0.17086240327821955,0.02218861558589235,0.0050975234562502265
3.64,0.13398503226410605,0.0004522499156598701,0.0035974307961721902,0.17086240327821955,-0.004102047762914271,0.004952857570985235
3.65,0.13569599650091077,0.00046151631206734915,0.003586676838085488,0.17406821866241104,-0.003186929461260603,0.004943492986098008
3.66,0.13743190102939218,0.0004903098186299603,0.003835948184666174,0.16765249926766693,0.009963666189503199,0.004876701538885553
3.66,0.1374319323757843,0.00047548684360305943,0.0037615145217495876,0.16765249926766693,0.018027984705891682,0.004920863614671972
3.67,0.13910540914856537,0.000474796630464827,0.00387543958860675,0.16350368860918335,0.016022290678801683,0.004941291381111667
3.68,0.1407420946399954,0.0004599421084834457,0.003777442441534527,0.1656994194656907,0.003946229245095641,0.005002334708584495
3.68,0.14074208422044124,0.000464762269148704,0.0038011097157334764,0.1656994194656907,0.0013832266632538806,0.004988365850661496
3.69,0.14240484734227754,0.0004690467131624566,0.0037960226667583864,0.1735534933362398,0.0008115152321368703,0.004994161345254651
3.7,0.14413562089017595,0.00046212933605238273,0.003643521015500014,0.1670559456293683,-0.0066984992422394135,0.005031944977858251
3.7,0.14413565765594755,0.00044547265975338157,0.003563543660195027,0.1670559456293683,0.0019586011642750882,0.0050789048672482155
3.71,0.14581131909816883,0.0004229797918473017,0.0033244844477569504,0.1739210696305731,-0.00585508860327446,0.005157743596007651
3.72,0.1475508197379007,0.0004204693710030857,0.0031693348027672396,0.1743030205511158,-0.010370909126785233,0.005180356801590506
3.72,0.14755087089023092,0.0003976535393952953,0.0030621633424349182,0.1743030205511158,0.0012246378486543922,0.00524296067207317
3.73,0.14929821301858676,0.00041514655266300604,0.003182293621673347,0.18021418478560508,0.004482928541880347,0.005210237501965913
3.74,0.15109654896792238,0.0004071009318550055,0.0030703534019094793,0.175009300566471,-0.0028443535689471914,0.005246758551104144
3.74,0.1510965513840189,0.00040603519133881476,0.003065458191180183,0.175009300566471,-0.002314943512981218,0.00524960347021384
3.75,0.15284658004698065,0.0003279015267663434,0.002316850368296785,0.17467406490920143,-0.02421919415464472,0.005468575272079152
3.76,0.15459481517779572,0.0003553371414624313,0.0023352279816334755,0.17678497295066514,-0.012042706010480277,0.005408165181102871
3.76,0.15459484094377235,0.0003440353198082997,0.0022844219108921907,0.17678497295066514,-0.006550496429582729,0.0054375420135665455
3.77,0.15635694918560702,0.00037769900007991134,0.002470944302235782,0.16907663670275183,0.0010571003296824264,0.005361838930449212
3.78,0.1580574153140616,0.0003612693908457505,0.0022563594973044688,0.182208058625987,-0.009462504585827841,0.005413788995132309
3.78,0.1580575198104278,0.0003154913195308978,0.0020547862576132813,0.182208058625987,0.012318456098360176,0.0055297540783451945
3.79,0.15987623631339032,0.00031516316321779765,0.0021441203896485567,0.17762665515214757,0.0112969309341317,0.005539872979867314
3.8,0.16165379526846252,0.0003069305498109115,0.002128437942980436,0.179352144378888,0.005287259657236709,0.005569415572475872
3.8,0.16165380776665275,0.0003014450472117475,0.002104788178928072,0.179352144378888,0.007841639995886326,0.005582953127212609
3.81,0.1634530125669167,0.00028814805845835996,0.002043882100525365,0.18703215660489042,0.0036383210990339693,0.005624401422398644
3.82,0.16531313830079544,0.0002905559274757098,0.0020656898615331286,0.17317022759373946,0.002957588560062024,0.00562773259788514
3.82,0.16531315434279426,0.0002834988130693164,0.00203589828654868,0.17317022759373946,0.006173978623841055,0.005644700955636384
3.83,0.16704776117022394,0.00029561577454068836,0.002166229330698154,0.17715082302527382,0.008242820599042763,0.005624392196570153
3.84,0.16882192491075504,0.00032523992302951833,0.0025130099645841587,0.18084659068353007,0.020586885205964467,0.005564259029569208
3.84,0.16882186129242485,0.00035328063283683706,0.0026290924063883158,0.18084659068353007,0.00805950802049683,0.005498469078207778
3.85,0.17063014480254052,0.0003539566032663192,0.0026777490579862136,0.18059448482417212,0.007096431869272981,0.0055078808205231075
3.86,0.17243734571072458,0.0003255994178994999,0.002415059729318815,0.18220825489706757,-0.008480857750272852,0.005583423840305555
3.86,0.17243734936235727,0.00032399602297383324,0.002408551737491629,0.18220825489706757,-0.007778819408128112,0.005587094129772313
3.87,0.17426525259472694,0.0003388790447692675,0.0024112319562246158,0.19016212525434367,-0.005352979348129286,0.005563492804936854
3.88,0.17616836318501491,0.0003591145121359432,0.002511804438914403,0.19224318951638275,0.001840300990666936,0.0055287641833047735
3.88,0.17616840112457735,0.0003424827583285064,0.00244563318058901,0.19224318951638275,0.008975486287635448,0.005565900298275454
3.89,0.17808542341139072,0.00036665858407422503,0.002681951829461542,0.18495624560927745,0.013392758302169122,0.0055231140148771386
3.9,0.17992925203834198,0.00036740076315711296,0.002775306474129211,0.1771560997948231,0.011499206998662264,0.005532215393914823
3.9,0.17992917404798767,0.00040148933000713175,0.002908259879869629,0.1771560997948231,-0.0028312205000986003,0.005457962458295291
3.91,0.18171181003399484,0.00042331108963937925,0.003002752629387625,0.1922765533150496,0.0008690645160422169,0.005422278495726118
3.92,0.18362983140313496,0.00041091572522792907,0.0028395026700032936,0.18578091856978865,-0.007154040995926736,0.005460671627456866
3.92,0.18362987625340482,0.00039144412549847496,0.0027649811607275347,0.18578091856978865,0.0008750595874929181,0.005502090291659432
3.93,0.1854942869549961,0.0003924507651275459,0.002743700110017427,0.19475341876158042,-2.961276042657342e-05,0.005510776452505145
3.94,0.18744095377773937,0.0003738821611513267,0.0025213108491950785,0.1935087452567544,-0.010391130374276471,0.0055601422954174706
3.94,0.18744094323691446,0.00037843601109457665,0.002538408621797065,0.1935087452567544,-0.012232547184121034,0.00555068499177555
3.95,0.1893748837641388,0.0003676380053592044,0.00230458931530304,0.1919082670024324,-0.01559036365048157,0.0055827848587122276
3.96,0.19129746572121978,0.00036504321403050074,0.002084668651047031,0.19665091680210142,-0.018576493326572366,0.005596949811853964
3.96,0.1912974782213558,0.0003596506259563757,0.0020648039560468455,0.19665091680210142,-0.016437923252586646,0.005607885244824773
3.97,0.19326430183559778,0.0003720630940899209,0.001958578452991839,0.19711044529991212,-0.014686953530508362,0.005591218698504506
3.98,0.19523578336930003,0.00036851987597896833,0.0017455320370269385,0.19760503183197062,-0.017773302938978098,0.005605795622853208
3.98,0.195235882614134,0.00032558140196272393,0.001590351679070384,0.19760503183197062,-0.0010735890038112011,0.005690817350092283
3.99,0.1972125657424524,0.0003594729151560682,0.0017896691093582616,0.1985650616696166,0.005249460687519678,0.005630889989992423
4.0,0.1991978685403333,0.0003547746600311284,0.001769808578182812,0.19807072321987096,0.001875542630512325,0.005646756470696765
4.0,0.19919782973283193,0.0003716699222472928,0.0018297291500659122,0.19807072321987096,-0.0045703131855044585,0.005614081071822691
4.01,0.20118302015304426,0.0003986463003498372,0.0019405291607423,0.20424355397098945,0.00013964539625916598,0.0055696324814934845
4.0200000000000005,0.20322630626747296,0.00039373014587314474,0.0018655115423433027,0.2053776851684429,-0.003422942244480698,0.00558631446716886
4.0200000000000005,0.2032262467768747,0.0004197441737518095,0.0019560588741986975,0.2053776851684429,-0.013159698109901606,0.005537168833750528
4.03,0.20527602441521467,0.00043146476899598636,0.0018751770132465749,0.19996935468971966,-0.011633786232641998,0.0055228296842988744
4.04,0.20727776513030638,0.00042143426894257144,0.001642436413364157,0.20271493410213348,-0.017059828290217877,0.005548129199347984
4.04,0.20727787433459133,0.00037349729154822136,0.0014786475935370164,0.20271493410213348,0.000546081422677043,0.0056366143305411915
4.05,0.2093025461852061,0.00034241552264312896,0.0012640623550166925,0.19924433474455172,-0.006073103581806837,0.005698553029488121
4.0600000000000005,0.21129996234971082,0.0003567266269269561,0.0013010788092762278,0.2060439968613841,-0.0015174152145108668,0.005677401559673392
4.0600000000000005,0.21130005727450743,0.00031469040648733843,0.0011600057891389382,0.2060439968613841,0.013641054404682051,0.005753262651721311
4.07,0.21336227446978387,0.00027183526901770693,0.0010094590813104704,0.20832432841062712,0.005011109094889218,0.005833678142619191
4.08,0.21543592296997321,0.00026329389690978066,0.0009729871310036152,0.19524788500293888,0.000976417576528766,0.005852331840391377
4.08,0.21543597525945485,0.00023986044180538974,0.0008957617531421469,0.19524788500293888,0.009271298824868763,0.005893668601504209
4.09,0.21739391371553773,0.0002495963668356164,0.0010382155878335434,0.20269620796454915,0.010766862325554176,0.005879790787942466
4.1,0.21942074653688304,0.00025287407837684244,0.001155276454486108,0.2025254539062496,0.011204461612452837,0.005877776091008877
4.1,0.21942067942059462,0.0002833308173342491,0.0012539565187010741,0.2025254539062496,0.0006090012982095626,0.005825196260411601
4.11,0.22144988986763792,0.00038496554194141126,0.0018669387639211198,0.20820141280539037,0.01885237038134461,0.005656612372971121
4.12,0.22352945301274404,0.00035457713502203394,0.0017859071398414511,0.20477196057783098,0.00629537862872293,0.0057141838826965455
4.12,0.2235294223565468,0.0003685863314166618,0.0018305213534347893,0.20477196057783098,0.0015068130677998153,0.005690519873715701
4.13,0.2255814146514431,0.0003135344456930138,0.0014916133484063508,0.21041150412700133,-0.009131435844176247,0.005788420668577431
4.14,0.2276896894588908,0.00034985497224024087,0.0016567554468301302,0.21616865800724802,0.0028134607044847763,0.005733882120539934
4.14,0.22768971325598428,0.0003389218708073152,0.0016225290189783642,0.21616865800724802,0.006485751412341371,0.005751954437103029
4.15,0.2298538934337271,0.0003649062024868067,0.0018202751882730051,0.21962925451204637,0.010478644431349465,0.005715359674952274
4.16,0.23204853010962428,0.0003258188029619677,0.0015980048458425957,0.21725599245728017,-0.004752187370527957,0.005784615157811042
4.16,0.23204860394643823,0.0002917291490214594,0.0014931693481378204,0.21725599245728017,0.006492013487590573,0.0058397225071083
4.17,0.23422261510870251,0.00023382093751098956,0.0012028781303057242,0.21905311853449033,-0.004178642106697739,0.005937119957445544
4.18,0.23641356507032205,0.0002530802538049179,0.0012850793048914415,0.21967315516825467,0.0015944837173822645,0.005910976620147174
4.18,0.2364135423270097,0.0002636668933443006,0.0013170708790964888,0.21967315516825467,-0.0018355789123688567,0.0058942350066972455
4.19,0.23860792611845005,0.00016801081255768852,0.0007363013411668714,0.21619725959451794,-0.018726976027076604,0.006047787633063548
4.2,0.2407687387538577,0.0001493541988516151,0.00040060227115219354,0.21456254159258709,-0.025637092988620838,0.006078952471642867
4.2,0.24076887773186453,8.392948711582472e-05,0.00020625660998794922,0.21456254159258709,-0.004807109592901551,0.006180205636814684
4.21,0.24291646074908285,0.0001063049367031942,0.000281269652740471,0.21728691482339516,-0.001111228581560274,0.006146743418761581
4.22,0.2450945263828319,0.0001496372331305375,0.0005781314795265326,0.22447322524184593,0.013224292977869275,0.006082351347831974
4.22,0.24509446783396274,0.00017772041915784477,0.00066018138377339,0.22447322524184593,0.00443323391084849,0.00603979196607684
4.23,0.2473340171555712,0.0002028453545698792,0.0008349724755398788,0.21749323254866915,0.008349716629093059,0.0060044746397243986
4.24,0.2495116882381448,0.000216339279251914,0.0010012304070842692,0.22125060203198646,0.012201465282525687,0.005987243020403643
4.24,0.24951164646081828,0.00023666756099528847,0.0010596384771105498,0.22125060203198646,0.005945614078589239,0.005957079302583404
4.25,0.2517283184166157,0.00027387798800247476,0.001308275989989274,0.22701332693764154,0.011623796112128496,0.005906079853502725
4.26,0.2540039890460249,0.0002919077215731168,0.0015294240100444175,0.2345865202920173,0.016505656117529993,0.005884327187358543
4.26,0.2540038943445265,0.00033843067899841736,0.0016608876071743722,0.2345865202920173,0.00242992796344137,0.005816730796235089
4.2700000000000005,0.2563471647753085,0.0002714320877643592,0.001307100162953909,0.230867276353872,-0.008915768188282283,0.005918229739287455
4.28,0.25865078607484066,0.0003111075883684496,0.0014690764324526149,0.2241023952622659,0.0027687000730689786,0.00586637304498267
4.28,0.2586507663432063,0.00032086063256684104,0.0014961683756121477,0.2241023952622659,-0.00013103733437851844,0.005852503083911403
4.29,0.26089982366395065,0.0003671009660383945,0.001719762010385092,0.23514602673348575,0.006616518986589088,0.005792377316144878
4.3,0.26324227267592853,0.00035452546434348034,0.0016740788750838763,0.22285302534117757,0.0014133381728018788,0.005815378124284666
4.3,0.263242327173589,0.0003274642420214275,0.0016001405822314255,0.22285302534117757,0.009324539242787134,0.005853068684609412
4.3100000000000005,0.2654796627092711,0.0003343141651125162,0.001710258203401199,0.23483807457029315,0.009830634410148434,0.0058485766869507275
4.32,0.2678236794321243,0.00030961357150291225,0.0016182928615043983,0.22883086250140805,0.0009804956971003614,0.005887545042283908
4.32,0.26782372899034285,0.00028491212076607543,0.001551882177280969,0.22883086250140805,0.008083903702423807,0.005921253596027856
4.33,0.27011107544603535,0.00033623928085293607,0.0018752473071127172,0.22765634879357052,0.015357168815579744,0.005856949394013935
4.34,0.2723935385186226,0.0002995715257002936,0.0017617125188455038,0.23557194759602554,0.0029350016597716813,0.005911431844221411
4.34,0.2723935440640613,0.00029679891465096746,0.0017543749697402323,0.23557194759602554,0.0037195811011483545,0.005915140384317331
4.3500000000000005,0.27474553730984824,0.0002842742337677717,0.001708393073280514,0.23046523815800038,0.0012256187384457923,0.005937104400108068
4.36,0.2770507352551088,0.0002771161353589137,0.001649419236955664,0.23118151658907946,-0.002086558989132705,0.005951574766233776
4.36,0.27705082704563816,0.0002310966355099257,0.001529546951255853,0.23118151658907946,0.010726802104414124,0.006011904477169518
4.37,0.27936486531679555,0.00026122510667009536,0.0017675753081627852,0.23427978486246293,0.014646672927851496,0.0059775158561484335
4.38,0.28171090072837424,0.00028647658530660047,0.0020474084926363624,0.23874377201806413,0.020847295411146848,0.005950531187524347
4.38,0.2817107609924919,0.00035677979272664723,0.0022277127860260448,0.23874377201806413,0.0015804779487288458,0.0058601683963511375
4.39,0.28409905084297515,0.000341590095278452,0.0021442400309513564,0.23985495438010682,-0.001395024132267656,0.005886172002434023
4.4,0.28649742319177113,0.00035408819916882484,0.0021760328604632107,0.2396414416960082,0.0007314136350372391,0.005876953516513366
4.4,0.2864974968801056,0.0003170775250019957,0.002082598396125161,0.2396414416960082,0.010712363952087616,0.005923584255389207
4.41,0.2888967911583785,0.00031322011048483316,0.002147536985913535,0.2435401758880591,0.00944826187531767,0.00593458937750846
4.42,0.29132990151100946,0.00027752489684443706,0.0019915427466192064,0.24032131974234486,-0.002193914578843154,0.005984867071782563
4.42,0.2913299411874643,0.0002576223285708242,0.0019420799852119482,0.24032131974234486,0.0030881688638902003,0.006009450112898988
4.43,0.29373946797788636,0.00023793897062921484,0.0018586955555926648,0.2488458359061696,-0.00033521899117102544,0.006039140594426436
4.44,0.29622557322518656,0.0002700075835241876,0.002020715922255706,0.24572656281222016,0.007350238864839548,0.0060060766823615
4.44,0.2962256889356928,0.00021191968875978903,0.0018785916849802932,0.24572656281222016,0.022522781321903825,0.006076420799090649
4.45,0.29868467426540174,0.0003186732443852209,0.002575306569438509,0.2483471124789498,0.036645691907209184,0.005954397517641726
4.46,0.301168167593528,0.0002494918682130262,0.002493505826498311,0.2481832626977349,0.015816410902122754,0.006043668656381592
4.46,0.3011680085336737,0.0003291774598366573,0.0026854657627242745,0.2481832626977349,-0.004669973635231597,0.005949048675084759
4.47,0.30364731554221697,0.0003391634746614682,0.0026538903724316293,0.24477049369780596,-0.004217026471170245,0.0059451498634011226
4.48,0.3061012852407541,0.0003422078438883584,0.0025914627907704752,0.25329073013326436,-0.0051581990036655865,0.0059491683938060575
4.48,0.3061012832835845,0.0003431820270649773,0.0025937741059031106,0.25329073013326436,-0.005404791338481687,0.0059480337639585094
4.49,0.3086337815385402,0.0003740819431995902,0.002648615017846542,0.2528128530672673,-0.0021443868073456615,0.005920074146586243
4.5,0.3111585551628321,0.00037340487835535273,0.0025848250300294145,0.24824308858207877,-0.004111558245345795,0.00592844192723753
4.5,0.31115860445419025,0.00034901940272699726,0.0025278537826661615,0.24824308858207877,0.0019647946283919103,0.005956295673507066
4.51,0.3136428601514482,0.00032517877925109016,0.0024147403117074483,0.2506519713650133,-0.002009664183629953,0.005990252061429671
4.5200000000000005,0.3161557260165355,0.00029867121789878395,0.0022101156787462427,0.2592005705451211,-0.010580686158219551,0.006026574878342835
4.5200000000000005,0.31615581765131984,0.00025354020426841004,0.002106235913878011,0.2592005705451211,0.0004953971017214436,0.006077157538938329
4.53,0.3187464739162988,0.0001530855656752363,0.0016514579244283865,0.257080984631409,-0.013264952348297296,0.006194286787718787
4.54,0.32131442742298766,0.00016119024141590655,0.0015403601780100298,0.2532127369860761,-0.012264040804412941,0.006190060781315732
4.54,0.3213146148098634,6.880851167381536e-05,0.0013309372438336236,0.2532127369860761,0.010058756747895721,0.006291626622211518
4.55,0.3238485428546287,5.1951902458830373e-05,0.0013450240450776265,0.2556085139545301,0.00747016205005838,0.006313579979828035
4.5600000000000005,0.32640937626384303,4.422662481021859e-05,0.0013583414988413971,0.2620371324463681,0.004619723258723067,0.006325570619342577
4.5600000000000005,0.32640930596016776,7.910367505526904e-05,0.0014362497674826834,0.2620371324463681,-0.003682189724995532,0.006287937561543737
4.57,0.3290230711305598,9.840083630050867e-05,0.0014648986739754942,0.2531010986679294,-0.0017232918555881768,0.006271385266760464
4.58,0.3315542959109056,4.779916756651974e-05,0.0011535907267176387,0.25324757682933885,-0.015377192066241363,0.006328611095748317
4.58,0.33155444960864744,-2.8867709667489013e-05,0.0009848280706406876,0.25324757682933885,0.00260084706118892,0.006409807081285225
4.59,0.3340868363360283,-0.00010259532489084009,0.000694339489430011,0.2529215587837788,-0.006867070815920201,0.006489518195735436
4.6000000000000005,0.3366189306073674,-0.00013361771083891366,0.00045067212260662575,0.25674817080973755,-0.014991110336244867,0.006523443256692984
4.6000000000000005,0.33661909515417565,-0.00021656017773037369,0.0002706516955554291,0.25674817080973755,0.004180570490743302,0.006609713671764487
4.61,0.3391849209569453,-0.00024193876796220568,0.00020572120229870867,0.2544271612769373,0.0009881660971991961,0.006636493554463106
4.62,0.34173055450279627,-0.00020436265155221158,0.0004106222440988386,0.2563770898730118,0.01004057588730644,0.006598828856468538
4.62,0.34173051993242753,-0.00018665432184851777,0.00044852200623499866,0.2563770898730118,0.006005530782954522,0.006580737628739498
4.63,0.3442917624554674,-0.0001622542161190469,0.000602438746410075,0.2530008664013754,0.008812355942991058,0.0065572769361237435
4.64,0.34682538893343123,-0.0001608938664089291,0.0006897007951809327,0.25792006897805686,0.00877237143927249,0.006557442700817812
4.64,0.3468252712820167,-9.979851050995507e-05,0.0008186766165676706,0.25792006897805686,-0.004955233693253028,0.006496117243340172
4.65,0.34940667420485405,-0.00010079600211568954,0.0007567382735469,0.26090745176762026,-0.005325557927965674,0.006499201500365393
4.66,0.3520176521217162,-9.588313387108592e-05,0.000718517077228413,0.2635040422406031,-0.0046278691443237124,0.006496319457648846
4.66,0.3520177588647155,-0.00015193161367133055,0.0006018155085138684,0.2635040422406031,0.007789762785767656,0.0065515932839025045
4.67,0.35466228433570346,-0.0001898387347139386,0.0005246336294765188,0.27629967328563454,0.003153921512935474,0.0065900655834021426
4.68,0.3574234308314743,-0.00020495898791483196,0.0004725809674318497,0.27374224314692036,-0.0007247744473635738,0.006606030659592312
4.68,0.35742349994392464,-0.00024173029863114065,0.0003971005180736893,0.27374224314692036,0.0073044428505914544,0.006641642709858199
4.69,0.3601555896982743,-0.00021506983933832643,0.0005690961760507203,0.2665566562508443,0.010261905539671842,0.006617185992963616
4.7,0.3628233388226287,-0.00025026015845281416,0.0004891259139842191,0.26943249084683735,0.0017907433631562369,0.006651930248878928
4.7,0.3628233551757774,-0.0002590827613462581,0.000471269225703372,0.26943249084683735,0.0036897099240287314,0.006660322767843725
4.71,0.3655169604154073,-0.00026615045728616135,0.00047635586348863414,0.26843355480771847,0.0027391213138370585,0.006668155961381408
4.72,0.36820380719508433,-0.0002510738849542501,0.0005714263449298804,0.27188262012429776,0.005878687878990664,0.006655324604341086
4.72,0.3682037731472496,-0.0002324522168474745,0.0006086012045194598,0.27188262012429776,0.0019264378720193773,0.006637919411649108
4.73,0.37092499724420785,-0.00021797330787050252,0.0006761192634725859,0.2751752723407892,0.0033681490076619544,0.006626080824241899
4.74,0.373675411803449,-0.0002651737638449198,0.0004724794668452645,0.27323641707073204,-0.007639576151841178,0.006670911098840074
4.74,0.3736754729272135,-0.0002990100574670252,0.0004058570957498016,0.27323641707073204,-0.0005585724176640572,0.006701985070508099
4.75,0.37640836287967133,-0.00028084814471700676,0.0004635590944865905,0.27399314052842505,0.001331998895269693,0.006686514795658284
4.76,0.37914775151525093,-0.000372694537296735,3.2580875873899873e-05,0.27303046920165525,-0.019273480107425328,0.006770139665443998
4.76,0.37914787600483135,-0.00044255789311929217,-0.00010311968578956279,0.27303046920165525,-0.004854417380172876,0.006833193939376386
4.7700000000000005,0.3818787780462725,-0.00037472523857872233,9.771784799310907e-05,0.2740058749846681,0.0025940097259331716,0.006772455900663816
4.78,0.3846231941497944,-0.00035557463174159095,0.00021254758126374853,0.2799752444851434,0.0067160001089660755,0.006755785479844125
4.78,0.3846231778793675,-0.00034628058634271264,0.00023036044549212454,0.2799752444851434,0.004823783890197554,0.006747539698875571
4.79,0.387427484916608,-0.00048101246246791103,-0.00021035859053902128,0.2858489726207629,-0.009777717436603762,0.006866196534992268
4.8,0.39028625031323055,-0.0004191832266504773,-1.830537862461439e-05,0.2863693416592873,0.003660692098989969,0.006812036095316828
4.8,0.39028622113506406,-0.0004022114359413198,1.3780110344060495e-05,0.2863693416592873,0.0002532519261261301,0.006797238854945587
4.8100000000000005,0.3931475987919136,-0.0005049483338318986,-0.00034975079800851286,0.28298313151925475,-0.010676514016202891,0.006885753054888821
4.82,0.39597738856522663,-0.00048640681573498986,-0.0003670814432075824,0.2829714849106786,-0.006530244415261257,0.006869099982130354
4.82,0.3959773808255849,-0.00048181459542723525,-0.00035851721205568723,0.2829714849106786,-0.007439511515268898,0.006865164995308666
4.83,0.3988083073826582,-0.0004945352876517581,-0.0004740461896397673,0.2845927762298441,-0.008667465676533658,0.0068750755689638
4.84,0.4016534717011535,-0.0004843504006172184,-0.0005086139436491076,0.2835809344410087,-0.006252023375845013,0.006865407409689053
4.84,0.4016534512621151,-0.0004719504757297639,-0.00048579518003279143,0.2835809344410087,-0.008674054163665932,0.006854961684857654
4.8500000000000005,0.4044895849505275,-0.000451983525058556,-0.0004985255028501226,0.2840695580258564,-0.006465016763802795,0.006837193546836921
4.86,0.40733009502804524,-0.00041567319364299154,-0.00039497644906606115,0.28390012555385696,0.0013310351299198348,0.006806095018788625
4.86,0.4073300400469629,-0.00038154208151195177,-0.000332986017546209,0.28390012555385696,-0.005247021150110389,0.00677782205307531
4.87,0.4101738671341226,-0.0003517543037466658,-0.0002802770445234585,0.2905282872447469,-0.0021081718735068457,0.006752660402434249
4.88,0.41307843319474613,-0.0002780389767120178,2.6546787884834102e-05,0.28971306098536287,0.013088526319538456,0.006692246070984351
4.88,0.41307835288092504,-0.00022711386994996242,0.00011783609258235156,0.28971306098536287,0.003403983785333452,0.006650762566500145
4.89,0.41597648305447116,-0.000265483863519738,2.1149353482138698e-05,0.29099001169313315,-0.0004966429495082861,0.006681925649959711
4.9,0.4188898078772521,-0.00027340518535343947,-1.8478231763076607e-05,0.29562968396050576,-0.0021028207957968278,0.006688289465365554
4.9,0.4188898158683975,-0.00027855975201774007,-2.7598342234942028e-05,0.29562968396050576,-0.0011355535167862983,0.0066924187326743104
4.91,0.4218422929102719,-0.0003265558901098969,-0.0001986259714473745,0.2903361529303627,-0.005899094628952004,0.0067303485546028686
4.92,0.42474776026673916,-0.0002833156086887222,-6.985333113206847e-05,0.29328980883828104,0.00280076958462723,0.006695994567279168
4.92,0.4247477485057609,-0.00027558619188540625,-5.635446714795647e-05,0.29328980883828104,0.0013694662146210303,0.006689904866668027
4.93,0.427679877390396,-0.00033709224955498154,-0.00024444241744234733,0.29211845798504144,-0.004649412278820361,0.006737670853714323
4.94,0.430603953659429,-0.0002838478293849249,-6.268373005689288e-05,0.29615947703654616,0.005925289502454294,0.006696052872196943
4.94,0.43060393642634487,-0.00027230502862306846,-4.278151127607811e-05,0.29615947703654616,0.0038155690097587585,0.00668710675809259
4.95,0.433571430033131,-0.00021942557086379212,0.00016750723234466587,0.3042863306395473,0.00894923473368569,0.006646500736099898
4.96,0.4366043486919153,-0.0001756789422456474,0.0004375045483192474,0.29085106186151233,0.017310893282855816,0.0066137017106691716
4.96,0.4366041980462041,-7.304764783617822e-05,0.0006121775509785111,0.29085106186151233,-0.0012004967597396554,0.006535466677844341
4.97,0.43951160836366726,-0.00015969302165924718,0.00031669521233261035,0.2891804493541164,-0.009653552263131375,0.006602107997602797
4.98,0.44240389641398054,-9.377096447778325e-05,0.0004882167631364079,0.289966076760274,0.0027624615471046037,0.006553566442168188
4.98,0.4424039516762222,-0.00013186323513778033,0.0004241777362789025,0.289966076760274,0.009547442720827217,0.006582147020845581
4.99,0.44530907205859127,-1.765293459100223e-05,0.0008774438362927392,0.2976109181123052,0.02021483067376094,0.006498324204973506
5.0,0.44829103072279547,-7.644586917695329e-05,0.0008294891430779081,0.3054459908354495,0.00863170326361572,0.006543460679807167
5.0,0.4482909561260357,-2.4537345667316933e-05,0.0009156930113656688,0.3054459908354495,-0.0004993778810088376,0.00650512421513635
5.01,0.45134419106796864,-5.310607444852048e-05,0.0008126269970984627,0.3037211496072217,-0.0034229041019609384,0.0065280219574213785
5.0200000000000005,0.45437938020196267,1.5619032074180003e-05,0.0010448090871195597,0.3011012021003771,0.008914156034266006,0.006480104799891452
5.0200000000000005,0.45437929491039153,7.537963123900418e-05,0.0011428058585901018,0.3011012021003771,-0.0014635072788546956,0.006436677360483239
5.03,0.4573872099676899,0.00018378641128418148,0.0014522976328296693,0.2970962556928809,0.00819721271935885,0.006361257825138385
5.04,0.46035620766692026,0.00032253916866065136,0.0020682321030829854,0.29468928162100233,0.03292143787707393,0.006265541321823803
5.04,0.46035601112970204,0.0004605169342589784,0.0022917473332610865,0.29468928162100233,0.009257440009938538,0.0061668373110153555
5.05,0.46330726811536876,0.0005200177492937261,0.0025452235513096673,0.3007362716447936,0.014052450054153346,0.006129524352109927
5.0600000000000005,0.4663226823892422,0.0004713452275217974,0.0024646297334434608,0.3115865119829581,0.0038150450554247893,0.006169028795217439
5.0600000000000005,0.46632255439058745,0.0005602864527938788,0.0026070018907410016,0.3115865119829581,-0.011254497428610215,0.00610637664464305
5.07,0.4694321443588831,0.0005925221465757245,0.0025671664112432765,0.30311637827439847,-0.00908801944703415,0.006089572077433384
5.08,0.47246180634767293,0.0006693177681687942,0.0027437893025126212,0.3012251065733729,0.003295594734778067,0.006041939673349098
5.08,0.472461738427758,0.0007159082477983428,0.00281746198779842,0.3012251065733729,-0.00450048574169012,0.006009631782482954
5.09,0.4754735215929214,0.0006948855332907301,0.0026845958565570945,0.3005461593437949,-0.007118040205427651,0.006029870299485508
5.1000000000000005,0.4784738732765743,0.0007507373649747835,0.0027964921830353606,0.29370938788614276,0.0013562935470313748,0.005997379025762197
5.1000000000000005,0.478473920134416,0.0007190400896448922,0.0027469550678053283,0.29370938788614276,0.00659707604829001,0.006019027729737585
5.11,0.4814182111940946,0.0008176086981300323,0.0030792449132817767,0.3036935860963409,0.014530051149834758,0.005957886252083839
5.12,0.4844533139709535,0.0008054795922310011,0.0031432348716434098,0.30117684496032604,0.010766710896089878,0.005972269194682531
5.12,0.48445313142270163,0.0009271369675448685,0.0033312003323329,0.30117684496032604,-0.009114364707329941,0.005890406477009059
5.13,0.4874655148346146,0.0010090532462978556,0.0034491780382232134,0.3021840371422957,-0.002886083163399389,0.005842555382035051
5.14,0.4904878398978331,0.0009995497368651845,0.003345730045996075,0.3028259223164858,-0.006337879278144855,0.005855705796512421
5.14,0.49048795774704945,0.0009225021154666134,0.0032280408591511996,0.3028259223164858,0.0061071397268142895,0.005906786792361589
5.15,0.49351384828848816,0.0008652187683414195,0.0030962718410742296,0.2994857996174016,0.00036459417077677487,0.005950767151760002
5.16,0.49651054632089947,0.0008487990660313134,0.003004818646050277,0.3019526788657943,-0.004036011596127735,0.005967479355452847
5.16,0.4965106732948749,0.0007671474995029727,0.0028814914389740406,0.3019526788657943,0.009002134630978407,0.006020825629738053
5.17,0.49953031150851435,0.0008698321154790644,0.0032387934365223385,0.3023215903987508,0.016960262643048684,0.00596006772971476
5.18,0.5025551186548907,0.000835239379409861,0.0032459659647645638,0.3044112211304463,0.009444768212708433,0.005988519718169715
5.18,0.5025550187218941,0.0008985618025179663,0.003340550799989425,0.3044112211304463,-0.000552404000912856,0.005947744455198811
5.19,0.5055962106552547,0.0007228209610024959,0.0028122377465810253,0.3000606768768637,-0.016115906153529133,0.0060661967433812535
5.2,0.5085941174270217,0.0007906315350443503,0.002865966269573135,0.29653526083755005,-0.006174269972033658,0.006028677544799107
5.2,0.5085941876078556,0.0007467988294209346,0.0028012081984773655,0.29653526083755005,0.0006687692566745545,0.006056500728680527
5.21,0.5115635864345282,0.000904722095781779,0.0032241021263389683,0.3023805556062062,0.013057516762484685,0.005962503607944587
5.22,0.51458829931765,0.0008289001709783849,0.003048322250473931,0.3034464347663449,-0.0011143608643805567,0.006015821192391486
5.22,0.5145883845123466,0.0007763754297259233,0.0029715476741883247,0.3034464347663449,0.006996608509023979,0.006048696933928236
5.23,0.5176163695537357,0.000673953298597992,0.0027348970922609363,0.2944073103041436,-0.002128813925283468,0.006117720570933504
5.24,0.520571320205105,0.0007055539276164421,0.0027969181537764996,0.30926469839211895,0.0017246515024711973,0.006103267882491353
5.24,0.5205712720074369,0.0007349351621513723,0.002839414448960771,0.30926469839211895,-0.0027639117218781414,0.006085131031050834
5.25,0.5236579553288739,0.0008165511253191873,0.00301012515086511,0.3013366231615519,0.003138477999118059,0.006040623131668103
5.26,0.5266734852115371,0.0007582288376685598,0.002805335484307417,0.3041446826118233,-0.007784671153084409,0.006081465019695883
5.26,0.5266736149831784,0.0006800200185342435,0.002693415758880528,0.3041446826118233,0.004033889379282352,0.00612907276263807
5.2700000000000005,0.5297117629170949,0.0006474566477641415,0.0026239834981558567,0.2995818192385592,0.0007678335347048194,0.006153625717953804
5.28,0.5327106888772143,0.0006873504706796994,0.002742710102574406,0.3038943801912072,0.005903342893496347,0.00613448276775208
5.28,0.5327105858080555,0.0007489159233845266,0.0028299026924875734,0.3038943801912072,-0.0033019988470973163,0.006097515441153305
5.29,0.5357492449922844,0.0006421236083007318,0.0024892298448480833,0.3032596951285271,-0.012454421654323835,0.0061661106440190966
5.3,0.5387811458560595,0.0007361703729614189,0.0026615166462836833,0.3025248635624299,0.0012713920077510252,0.006115102746657403
5.3,0.5387810978993846,0.0007645729561250569,0.0027013294627146467,0.3025248635624299,-0.0029309010991084633,0.006098278477631737
5.3100000000000005,0.5418035823320607,0.0008698490688911574,0.0029282799386967625,0.2990055700141818,0.004691560666986365,0.006041322811561911
5.32,0.5447938344190874,0.0008980890711204326,0.0030413804092801985,0.2993352385904868,0.007751726004526676,0.006029985117652945
5.32,0.5447937012857783,0.0009762123469652818,0.0031497921201749045,0.2993352385904868,-0.00368873281225692,0.005984321363835682
5.33,0.5477887945228773,0.000977747917248245,0.0030922697952908075,0.3017039819034935,-0.004302438748351742,0.005988893219153394
5.34,0.5508007904231715,0.001054013238521337,0.0032744073919332736,0.2950227341565452,0.006107279561000104,0.005950442380347304
5.34,0.550800758598162,0.001072476258164659,0.00329977597268052,0.2950227341565452,0.0034307754509160316,0.005939791612657337
5.3500000000000005,0.5537579763190391,0.0010971497020226511,0.003372669781864441,0.3045844109623891,0.004578208461030483,0.005931269321109281
5.36,0.5567976807800997,0.0010843066635154149,0.0033415440347952605,0.2962051218054906,0.001022939359709507,0.005944362128262791
5.36,0.5567977622183822,0.0010376577211440416,0.0032780691098455716,0.2962051218054906,0.007718379423459961,0.005970925514336421
5.37,0.5597617171611083,0.0008539089986132503,0.0028596449496347733,0.29835259060960817,-0.007017521814064471,0.0060800466858577686
5.38,0.5627422761062586,0.0010054656125661487,0.003261225812975539,0.2946787333313868,0.014788564052187207,0.0059999825784618245
5.38,0.5627421132248167,0.0010977959648270314,0.0033856680717797624,0.2946787333313868,0.001665033603018836,0.005948072374177011
5.39,0.5656920468598098,0.0011910840090388936,0.0036136942055440165,0.2991809008720318,0.007949025012740332,0.0059016766984097664
5.4,0.5686816631501245,0.0012790717965018845,0.003945350956992979,0.29641402329327454,0.019603861840887776,0.005859011618584313
5.4,0.5686813595911824,0.0014489473351109784,0.004172170432720452,0.29641402329327454,-0.004311099289798361,0.005764697681496667
5.41,0.5716468666207346,0.0015517999860800926,0.004356492074053657,0.29852964141953536,0.0024493476507203606,0.005714931625167323
5.42,0.5746330396867071,0.001534936812324504,0.004284302965921251,0.2996860099611271,-0.0020187838161864887,0.005731239780629598
5.42,0.5746329725749562,0.001571826828401299,0.004333103393070715,0.2996860099611271,-0.007163011293736329,0.005711012530207802
5.43,0.5776311760192476,0.0016678477312133517,0.004468224480217337,0.30175846850299054,-0.0010181316584164865,0.00566591078523678
5.44,0.5806468615142497,0.0016926100020624652,0.004494231634694013,0.2992456756657316,0.0006541410452067669,0.00565982516549644
5.44,0.5806468923022433,0.0016759995626161792,0.004472461984090295,0.2992456756657316,0.0029484709311001075,0.005668819920691486
5.45,0.5836385011864277,0.0016593603939362548,0.004427891675500114,0.2980570166001099,0.0007477602415394747,0.005684925311673041
5.46,0.5866201860603651,0.0016480835907618102,0.004357605975646311,0.2995493686538953,-0.002845353967239393,0.005697962795381753
5.46,0.5866203853488615,0.0015425109656990535,0.004220499637685816,0.2995493686538953,0.011601405671970794,0.005754433992988852
5.47,0.5896180342869889,0.001715171229979726,0.004727643793731168,0.30293091298514835,0.02322320097833784,0.0056696300463387065
5.48,0.5926433957745,0.0015702443331273666,0.004458708143083337,0.29719211991165845,6.850361626920334e-05,0.005753400931705926
5.48,0.5926434338431308,0.001550432995440517,0.004433212753631664,0.29719211991165845,0.0027543657860845186,0.005763869072684606
5.49,0.5956197886515915,0.0015444213259606797,0.0044142327720062945,0.30320940069574615,0.0013721699358273975,0.005773925716690678
5.5,0.5986470581276296,0.0014613997955534703,0.004127330272264383,0.2964329434546657,-0.012515840362117952,0.005824024989060518
5.5,0.5986471708016599,0.0014037424020485836,0.00405379326621485,0.2964329434546657,-0.00477054813035577,0.005854124478009983
5.51,0.6016149411775077,0.0013870022434284916,0.003937020473447716,0.301067514774663,-0.006822242971102369,0.005869009277730596
5.5200000000000005,0.6046246029995168,0.0013803879326206242,0.0038117209446704528,0.2996716091808772,-0.009458806770894647,0.005878492876629079
5.5200000000000005,0.6046247916535843,0.0012851463396360595,0.0036913141954516356,0.2996716091808772,0.0032204301606822954,0.0059276239266747525
5.53,0.6076221711287152,0.0010122712224651072,0.003047947519791619,0.2998313157268263,-0.016845343113265854,0.006072781237597743
5.54,0.6106211176655256,0.0010804103935842437,0.003060272229035561,0.30087204043641214,-0.008495412225961623,0.006042833270324979
5.54,0.6106211976049625,0.0010404251162905247,0.003010162146453866,0.30087204043641214,-0.0032197321784117276,0.006063217255516995
5.55,0.6136278172213676,0.0010548900949632672,0.0029907345418729524,0.29804897452063184,-0.002840494671712118,0.006060481652410114
5.5600000000000005,0.6166036037318552,0.001007540368125984,0.002791473830140432,0.29151819513396154,-0.010731411172483208,0.00608870233576216
5.5600000000000005,0.616603698313103,0.0009605353202357255,0.002733073159933183,0.29151819513396154,-0.004584133615078605,0.006112385910145949
5.57,0.6195239801854804,0.0011098678065956356,0.003017784095952221,0.2988550259190418,0.005231438470450874,0.0060417830680574765
5.58,0.6225134806650509,0.0012328030069738605,0.0034131923990842884,0.3004791323324347,0.02107569782341442,0.005985279792778359
5.58,0.6225131189131832,0.0014116304212634487,0.00363352247500785,0.3004791323324347,-0.0021116483434737085,0.00589620080515234
5.59,0.6255185122992295,0.0015916705692368505,0.004004510655708102,0.3017925275287044,0.009530237116488852,0.005812698093172518
5.6000000000000005,0.6285358082487024,0.0016025522377282248,0.0040962262407586185,0.3009664052498098,0.009364612158926684,0.005813287065671937
5.6000000000000005,0.6285358350748536,0.0015894307058736056,0.004080196292430255,0.3009664052498098,0.011051251620989765,0.005819748252054367
5.61,0.6315457462276468,0.0015455823841643529,0.004061682878208751,0.301179260071009,0.007220848083030076,0.005847144959499214
5.62,0.6345595824890473,0.001602294710107618,0.004265554373447269,0.3041171219450096,0.013300038320709024,0.005825587953438967
5.62,0.6345591442407641,0.0018140848602164682,0.004522119565163288,0.3041171219450096,-0.013689865676221732,0.005722486905190691
5.63,0.6375989878344259,0.002043053412849128,0.004875756193632659,0.30296509286801243,0.0008709052111966313,0.005618633522055095
5.64,0.6406309291188392,0.00206706521827541,0.004911556052666995,0.3061546407689376,0.0021216415867410148,0.005614210818391249
5.64,0.6406309914942334,0.0020373779741098986,0.004875894070714197,0.3061546407689376,0.005872434964920103,0.005628498524777822
5.65,0.6436881413566441,0.0019150064182000197,0.004624384475598292,0.2998301563748451,-0.0033352485093580807,0.005693988513668542
5.66,0.6466865629645677,0.001954117704998475,0.004664518754352128,0.30011038353066083,5.721448501086555e-05,0.0056820260021149885
5.66,0.6466865155499137,0.0019763412990160714,0.00469099392161803,0.30011038353066083,-0.0027267969932491397,0.0056714506727860775
5.67,0.6496868657183182,0.0020767059346397535,0.004857135324324057,0.2993830758517566,0.003012859405496129,0.00563074035764302
5.68,0.6526786351178812,0.0019688215983222333,0.004533827784989152,0.29626703503647767,-0.01330185045136529,0.005688109399886637
5.68,0.6526787804401768,0.0019017027865762257,0.00445451334874075,0.29626703503647767,-0.004963123125618916,0.005719696662062252
5.69,0.6556453130469961,0.0019518015317248256,0.004486890872462281,0.3016678588772763,-0.0025297076467125134,0.005702484532213194
5.7,0.6586621774953549,0.002154858779005146,0.0050043728276321165,0.30252811844652194,0.022522968933932814,0.005614633041292274
5.7,0.6586620539839606,0.0022111841536221867,0.005070404085258335,0.30252811844652194,0.015582115176553099,0.0055884137932457655
5.71,0.6616868010323781,0.0022239328013581787,0.005220517296369272,0.30184695072696144,0.015412765832030216,0.005589608351549633
5.72,0.6647076463939063,0.002263351538460134,0.0054418244145016835,0.30520509042130484,0.018513256933790214,0.0055787658877128115
5.72,0.6647072962188381,0.0024205645481493133,0.005624657479215225,0.30520509042130484,-0.0007014791696199688,0.0055063818768464135
5.73,0.6677540084728544,0.002518437605905557,0.005794256922991961,0.29825903468336323,0.0045378797450754595,0.005469525457866338
5.74,0.6707380471681856,0.002511674221591756,0.0057718492672319665,0.30022201592478115,0.0014096398429054111,0.005480434979952997
5.74,0.6707379515761183,0.002553823692978261,0.0058204809346412215,0.30022201592478115,-0.003700299741125051,0.00546123810278128
5.75,0.673737321690455,0.0027180438003071143,0.006102015879830516,0.2968736071534712,0.005748188685577254,0.005394953278275342
5.76,0.6767095484452157,0.0026135537384907306,0.0058166070424590065,0.30130857616031037,-0.010074354144629148,0.005449982806915431
5.76,0.6767096970039191,0.002549254840491611,0.005742989792852328,0.30130857616031037,-0.0023405411354837516,0.005478957628588924
5.7700000000000005,0.6797228085955526,0.0024122278608013125,0.005387211385759891,0.3009212484741025,-0.012198249365327454,0.005547926024252125
5.78,0.6827332761548691,0.0025354808311151664,0.005562184970633478,0.30302982572187886,0.0015035122332576999,0.005500401762482017
5.78,0.6827333128024824,0.002519876540752391,0.005544456672739471,0.30302982572187886,0.003365595695714877,0.00550735911771033
5.79,0.6857650756736163,0.0025995166963489313,0.005712374114463343,0.3052871456641033,0.007347135638770204,0.0054795777774498495
5.8,0.6888068241740654,0.002671730546770433,0.005936793433470755,0.29040956472361085,0.01431140125091257,0.005455487636300424
5.8,0.6888065426395572,0.0027896987822689534,0.006069783707930256,0.29040956472361085,0.00034544907667254793,0.0054034474158689
5.8100000000000005,0.6917163702224649,0.002964702760333715,0.0064069270481612525,0.2987917920222934,0.010239885566244028,0.005334593813964236
5.82,0.6947042706489134,0.002969252958871638,0.0064694522574058975,0.2988030457943634,0.008400392545107244,0.005340939707173104
5.82,0.69470393135023,0.003108933316451614,0.006625766837084047,0.2988030457943634,-0.008011900339046956,0.005279948538724133
5.83,0.6976908083630361,0.0032637011806502447,0.006829756676564344,0.2977749489408273,0.0004114370092587194,0.00522148854415904
5.84,0.7006725762248982,0.0032697933853273226,0.006795164326091206,0.30328491735390206,-0.0013740756059112042,0.005227631729961373
5.84,0.7006724942829785,0.0033028755822108228,0.006831913635514866,0.30328491735390206,-0.00523186565807119,0.005213333873165547
5.8500000000000005,0.7037096040651113,0.003266541589746516,0.00666034259734949,0.3089796987969126,-0.008767089403882964,0.0052378039831043775
5.86,0.7067906031177384,0.0033752093226999172,0.006809877178289444,0.29741404842050334,0.002174132880249778,0.005200260188573781
5.86,0.7067907595123104,0.003313286028871516,0.006741609698852345,0.29741404842050334,0.00933925235049241,0.005226744943332844
5.87,0.7097674850684343,0.0034709606011141675,0.007120312881660417,0.30149876466145303,0.017796295956542647,0.00516836180311562
5.88,0.7127826482202525,0.0034513728993365556,0.007188601869913181,0.3016971418079446,0.012737938471278094,0.005185673071319343
5.88,0.7127824432919728,0.0035309764582180806,0.007275722212305428,0.3016971418079446,0.0035957572841378415,0.0051519701162240404
5.89,0.7158032153953012,0.0034637975762970862,0.007128188046076187,0.3066575754531697,-0.0018426050611034563,0.005189414982170167
5.9,0.7188606611222041,0.0035110342921971164,0.00717721744234302,0.29444055833971355,0.0012683090202245282,0.005178796563604717
5.9,0.7188607199196128,0.003488643326130029,0.0071528923413981095,0.29444055833971355,0.0038204584584775048,0.005188180289947286
5.91,0.7218136850406526,0.0036436644514876272,0.007464664658412287,0.30666492468748857,0.011927602041461505,0.0051325062643696896
5.92,0.7248808910767736,0.0035633619539981853,0.00731231451505201,0.3071612724373233,-0.0005982668678678991,0.005175148260356137
5.92,0.724880878312454,0.0035681296874604824,0.00731745696942606,0.3071612724373233,-0.0011377074379555104,0.005173170064354129
5.93,0.727944970523254,0.003779511448902929,0.007689268509847493,0.297743451107088,0.010216773310599161,0.005095399010156894
5.94,0.7309177654189609,0.0037582679349959618,0.007676196126571936,0.29139038998047784,0.0049029703971717005,0.005113441575715601
5.94,0.7309175830849995,0.0038250571244150405,0.00774771817148259,0.29139038998047784,-0.002598308215645266,0.005086005445061302
5.95,0.7338346751519879,0.0038260230856347254,0.007678164466494151,0.2957630102901878,-0.0038892315473537994,0.005094824507160081
5.96,0.7367963687253245,0.003954712971240841,0.00791421917791919,0.30180879657069154,0.008787768596139316,0.005051892830817048
5.96,0.7367964811292901,0.003914318375726881,0.007871255928625642,0.30180879657069154,0.013292980346224411,0.0050683278404949125
5.97,0.7398158616824067,0.0038461496591943797,0.007820338755563249,0.30334143537857483,0.007846505714466942,0.0051054398047689345
5.98,0.7428436907155095,0.0037309466796551496,0.007540969590555887,0.2953356837629531,-0.008650885445355938,0.0051611648472055655
5.98,0.7428438558659073,0.0036727380522188335,0.007479493754346443,0.2953356837629531,-0.002205546743756534,0.005184616475166203
5.99,0.7457980722317628,0.003927707116535117,0.007919881147025059,0.2975246807952906,0.011492848411354579,0.005091516431843659
6.0,0.7487751179236808,0.003862408440152479,0.0078073794740920795,0.2997473905329575,0.001008351443420645,0.005126839772511371
6.0,0.7487750398400995,0.003889440938885907,0.007835736147600926,0.2997473905329575,-0.0019641377469623842,0.005116052160855666
6.01,0.7517739005140043,0.00408028097885787,0.008146118244074579,0.302422633483834,0.00781069569029216,0.005049788336873976
6.0200000000000005,0.7547992057586923,0.004008334581593244,0.007978774309635665,0.30363843110918654,-0.0035036781252639117,0.005087809810809014
6.0200000000000005,0.7547994925957077,0.003910852131674,0.007877216435632769,0.30363843110918654,0.007140270978298703,0.005126339084151934
6.03,0.757832261718508,0.003974505361063988,0.00802649139387131,0.29901176104844346,0.0094464895911537,0.005110745006028676
6.04,0.7608238974560533,0.004075007860157357,0.008313987158792495,0.30151937983422045,0.018343810406901646,0.005080922295236863
6.04,0.7608233799746305,0.004247768402103077,0.0084927461247795,0.30151937983422045,-0.00038808354834547407,0.005013289406431641
6.05,0.7638370078542357,0.004157646712579333,0.008263788110174362,0.2990612474742497,-0.007053123306577284,0.0050582424620517034
6.0600000000000005,0.7668279116159835,0.004102270218779902,0.007992504829196992,0.2992628561618977,-0.016305626721412208,0.005089176863514777
6.0600000000000005,0.7668281966207604,0.004008867695334617,0.00789650710421815,0.2992628561618977,-0.006247897432206072,0.005125398626548928
6.07,0.7698218659438103,0.004004097777117719,0.007779139069579533,0.30068577539868147,-0.007873112704641534,0.005136332391020991
6.08,0.7728258049305696,0.004191627421087316,0.008109108548163815,0.2975349178153657,0.010962144036935222,0.005073518784525616
6.08,0.7728255719130157,0.004266761856056701,0.008185818664464621,0.2975349178153657,0.0029265634948696106,0.005044652861905311
6.09,0.7758013235910757,0.00412520839606111,0.00789666533643145,0.297510972001089,-0.006500536925595327,0.00510791507409762
6.1000000000000005,0.7787722881673034,0.004130171029534283,0.007785908232479191,0.29192143699379663,-0.008608878768138602,0.00511492846472656
6.1000000000000005,0.7787725156033461,0.004058009117647431,0.00771271148229298,0.29192143699379663,-0.0009426372017110867,0.005142398191598622
6.11,0.7816992892244425,0.0041332495546997665,0.007803712054962155,0.3025455587886648,0.0020302871653374074,0.005122497756656856
6.12,0.7847184132504263,0.004198493950630063,0.007926437575263644,0.2942434911655834,0.006749796714374733,0.005106837684848375
6.12,0.7847183207689079,0.004227407246188377,0.007955577291449144,0.2942434911655834,0.003698372673763387,0.0050959312415476766
6.13,0.7876649968104368,0.004165888948594833,0.007831607981748721,0.29976393285084046,-0.0010657997654386535,0.005127742705941961
6.140000000000001,0.7906571622006348,0.004131395908791467,0.007679532253345023,0.29218971811179295,-0.007581668654415538,0.005149309427409702
6.140000000000001,0.7906577911473724,0.003937623264722522,0.007485484473585744,0.29218971811179295,0.012735020107652283,0.0052217442340137185
6.15,0.7935807364629194,0.0039591329568791815,0.0076121374363862255,0.29372452652352715,0.012714384156523125,0.005221881683508124
6.16,0.7965239711643856,0.0039040429026251933,0.007551273845789501,0.3016368280442673,0.004052521419947061,0.005250480167100468
6.16,0.7965239555428474,0.003908793228736786,0.007556001514088836,0.3016368280442673,0.003557619994399337,0.005248720089156406
6.17,0.7995414929801807,0.003975587913396477,0.007673861505628741,0.30354190321379043,0.0059926976726345695,0.005232540820074575
6.18,0.8025715018853292,0.003972803345423672,0.007671034943526211,0.2961890300497331,0.003101734852726249,0.005242062182668251
6.18,0.8025709464639914,0.00413948618946227,0.007835858588323173,0.2961890300497331,-0.014149457853132562,0.0051808615185730605
6.19,0.805541794063137,0.00423801795608669,0.007834212541586366,0.30883568266405315,-0.010011253167461383,0.005153433755130687
6.2,0.8086215345539643,0.004275983402890116,0.007767235040008326,0.29731255188326977,-0.00848488304787104,0.0051484190397669315
6.2,0.8086218513636237,0.004182178155240708,0.007675067146276251,0.29731255188326977,0.0011602367672306386,0.005182551957304627
6.21,0.8115955546407313,0.00413880594203236,0.0075644439576264,0.29791086831679364,-0.0024561251622123308,0.005206462396954515
6.22,0.8145796143483786,0.004243808435847368,0.00773603466977991,0.30514268502967234,0.006578986893138478,0.005176851284491769
6.22,0.8145794670179148,0.004286896819965598,0.007778109277242048,0.30514268502967234,0.002176715336235825,0.00516131037882576
6.23,0.8176261832853003,0.004373467262530461,0.007915228425888656,0.29915776047746534,0.005589359917392008,0.005138801759947323
6.24,0.82061833809599,0.004319917633944873,0.007788501638867859,0.29970558994889773,-0.002821854982290038,0.005166300927333309
6.24,0.8206184483488974,0.004288079907851509,0.007757607428037535,0.29970558994889773,0.000410083532617957,0.005177682471864963
6.25,0.823614024885228,0.0043425316329107335,0.007818618637348434,0.2979647774775436,0.002093585942571456,0.005166605565489791
6.26,0.8265966497625598,0.0044661467104962355,0.008075236842176065,0.30261555277825886,0.012947973000435323,0.0051312049663728735
6.26,0.826596366098256,0.004547073585315809,0.008153286017803584,0.30261555277825886,0.004784330745476297,0.005102525862974783
6.2700000000000005,0.8296267560830657,0.004560847989455741,0.00818131743432616,0.3084574245386091,0.004198320979133752,0.005106372324237915
6.28,0.8327014307149191,0.004587418599901725,0.008226604852326652,0.29514403847768583,0.004350485929400726,0.005105877251219536
6.28,0.8327013252878568,0.004617107763551075,0.008255059434668083,0.29514403847768583,0.001374725607554421,0.005095448605969995
6.29,0.8356499809820853,0.004844517746089254,0.008634490232907428,0.2924824692849007,0.012190091818469622,0.005024628872344128
6.3,0.8385839701293826,0.004741579608296258,0.008458651031113791,0.3044630044008098,-0.0015204222600897592,0.00506912912643235
6.3,0.8385840293189345,0.004725125416640467,0.008442973585522642,0.3044630044008098,0.00011885173098655417,0.00507486018246156
6.3100000000000005,0.8416299958457475,0.004436900715636118,0.00788223078211341,0.30487992199812797,-0.016499050747933397,0.005183415367515965
6.32,0.8446741104273757,0.004530715042957662,0.007878290692383539,0.29898539736710894,-0.00908342883650081,0.005159404092288614
6.32,0.8446745508424495,0.004409787694419293,0.007763776195786481,0.29898539736710894,0.0028885970554526127,0.005201159113147454
6.33,0.8476602626797901,0.0045939144462236155,0.008078987523297687,0.2942781712264806,0.011355219453056495,0.005145983064987636
6.34,0.8506084469325087,0.004673839775057829,0.008321195593802979,0.3020360837902529,0.01727880789285714,0.005126848607027759
6.34,0.8506078202386328,0.00484401950117218,0.008481407828372846,0.3020360837902529,0.0005319164099917457,0.0050685795515086176
6.3500000000000005,0.8536281713271519,0.005001403794265342,0.00871975238155359,0.3028352639121912,0.007421790644177375,0.005023785284803135
6.36,0.856653463852771,0.004997110303012933,0.008724059833853213,0.2986750672567545,0.004203190072963557,0.005034157385613987
6.36,0.8566531308097944,0.005086419494035082,0.008807637606655714,0.2986750672567545,-0.004531773208405496,0.005003837168498347
6.37,0.8596374379865388,0.005213451580843884,0.008939424972100497,0.2960249447957156,0.0007041955063562273,0.0049698759245011374
6.38,0.8626029572243388,0.005243156840852123,0.008953705333729568,0.30336764309715086,0.0010374206962835344,0.004968804625949297
6.38,0.8626037157753278,0.005042326547941457,0.008766848145311012,0.30336764309715086,0.020563375054794556,0.005036421587574089
6.390000000000001,0.8656355610469968,0.004878929244571202,0.008640480026843676,0.300053138594967,0.010748953843644079,0.005099930005972656
6.4,0.8686336164357511,0.005003550579416118,0.008970315921063777,0.29735303962504006,0.02098412093310212,0.00506710193659791
6.4,0.8686327929692681,0.005218911294907728,0.0091695219222946,0.29735303962504006,0.00017098827013163273,0.004995197171106579
6.41,0.8716096073080833,0.0051735443471459565,0.00904498290127058,0.3016075182980143,-0.0035607417348837347,0.0050192885410551835
6.42,0.8746274894028393,0.00502043153500412,0.00860538760871314,0.3032802213360227,-0.02215605500749928,0.005078791183604497
6.42,0.8746282665314894,0.0048197582394451126,0.008420831958419294,0.3032802213360227,-0.0028765732198309593,0.005145241502876269
6.43,0.8776573801859766,0.004754134433795778,0.008234659828880822,0.29792788924257807,-0.007528829832705355,0.005175205808364308
6.44,0.8806398310434493,0.004915106539748941,0.00846306278097987,0.30310552788618644,0.00644893956063065,0.005130582929656843
6.44,0.88063925044239,0.005063425582058027,0.008598687949614017,0.30310552788618644,-0.007716878986539059,0.0050818716530993445
6.45,0.8836672949117769,0.005122197212008241,0.008577731882544066,0.2993394566305631,-0.006055629591524496,0.005071196620009325
6.46,0.8866655528847163,0.005232031655787961,0.008703356886667412,0.30655548875524985,0.002513017321198383,0.005043905365311134
6.46,0.8866655318450039,0.00523734785116801,0.008708190400486695,0.30655548875524985,0.0020082419991930135,0.005042173649298628
6.47,0.8897212339010497,0.005368231892684283,0.008906300407434406,0.29388144429025304,0.007268980265788934,0.005008446512729239
6.48,0.8926651607522126,0.0053802732462510695,0.008947785877865518,0.3009140644949909,0.005832955757650345,0.005013009709612588
6.48,0.8926647393311633,0.005485576242487011,0.009042988856175337,0.3009140644949909,-0.004107810026145363,0.004978985057329449
6.49,0.8956763168583886,0.005791479628196409,0.00947502996953659,0.30592182801434953,0.009871617725830839,0.004889567033425224
6.5,0.8987339294406017,0.005601810293450308,0.009095345354636405,0.30271880935232226,-0.012142931140896204,0.004959360983284757
6.5,0.8987342654588256,0.005518843788706688,0.009020761269185697,0.30271880935232226,-0.004356292542751816,0.00498595131263386
6.51,0.9017555900715735,0.005403499678785343,0.008736488842650747,0.29412287068048476,-0.011467964253793105,0.005031336565888053
6.5200000000000005,0.9047070469296626,0.005440112299275483,0.008645366617501819,0.3082432460283077,-0.01038399568952009,0.005027907863323126
6.5200000000000005,0.904707745322229,0.00526952349345899,0.008492856434336473,0.3082432460283077,0.0055358046989376596,0.005082147363999827
6.53,0.9077802596292474,0.005296812176177611,0.00855021833818324,0.29491524150107173,0.005595002429866595,0.005081770434631249
6.54,0.910734244280391,0.005264758972602365,0.008482164572553394,0.30130958927030393,-0.0001105177838955345,0.00509977646553993
6.54,0.9107344164867535,0.005223106289606165,0.008445132217353142,0.30130958927030393,0.003754534864113611,0.005112914861367299
6.55,0.9137463633017568,0.005145342336439623,0.00831039931878524,0.2993097896168585,-0.001334424037008665,0.005145244448178082
6.5600000000000005,0.9167382069542093,0.005249298270606332,0.008467238126630111,0.2981943068402944,0.0064953284474801145,0.00512059059247838
6.5600000000000005,0.9167381679354107,0.005258649556710385,0.008475506771542385,0.2981943068402944,0.005632460962359154,0.0051176641205257925
6.57,0.9197201377569956,0.0051502690188348285,0.00830993201986528,0.29761380339316595,-0.0009216670404284663,0.005159207979835244
6.58,0.922700406526519,0.0050857377635531885,0.008109614193346975,0.3028582271001025,-0.0097132415276668,0.005186827872091187
6.58,0.9227002715683564,0.005117794647691104,0.008137808063628243,0.3028582271001025,-0.012654955973730281,0.005176873392616812
6.59,0.9257265057374571,0.005274991266969098,0.008230153171538922,0.3005646052404779,-0.006190162599231706,0.005135987670910453
6.6000000000000005,0.9287255744627697,0.005364883381852652,0.008307032932763688,0.29213669895697864,0.00019403534543283463,0.005115975943755857
6.6000000000000005,0.9287261524077847,0.005228751434529429,0.008187953438278498,0.29213669895697864,0.012616827568689072,0.005157918941266403
6.61,0.9316517941240677,0.0051284080470551646,0.008109970538644158,0.29736119670341,0.006588009466275291,0.005195962283659119
6.62,0.9346243572375609,0.005168616046185524,0.008209936217112914,0.29616182944539277,0.00815590741877256,0.0051910585902251736
6.62,0.9346237145641546,0.005318794134349211,0.008340621212773118,0.29616182944539277,-0.005475627366557606,0.00514513756281355
6.63,0.9375843924585959,0.005263248046820236,0.00815477238132041,0.29455400011876887,-0.009346593672370004,0.005169510040608998
6.640000000000001,0.9405324497545493,0.00529437606812481,0.008076231297443757,0.29815157689023664,-0.008660111582500539,0.005167367809236497
6.640000000000001,0.9405332877182049,0.005100118302762908,0.007908060103722516,0.29815157689023664,0.008879007919525419,0.005226320766471943
6.65,0.9435119679870334,0.005260611158662313,0.008219399778512325,0.2952296467765318,0.015449977351300472,0.005185039989414597
6.66,0.9464629547463341,0.0053172388065570834,0.008441718285478433,0.2937759551248861,0.018569161998443044,0.005175327865247355
6.66,0.9464625807125219,0.005403301127269439,0.008515839338551505,0.2937759551248861,0.010839949055517271,0.005149405871851435
6.67,0.9494054966726723,0.005303435730754886,0.008422250817672549,0.30019015435304314,0.004876606761587864,0.00518678684242126
6.68,0.9524059130909328,0.005347070783360903,0.008509289253278809,0.2984251217323419,0.006636754645463049,0.005181318413334353
6.68,0.9524058655932519,0.005357911755472952,0.008518578183160878,0.2984251217323419,0.005668259956005283,0.0051780774806960495
6.69,0.9553834435014462,0.00554517296659402,0.00883564787835657,0.290467782292471,0.013355055535007165,0.005129998765412806
6.7,0.9582979357612907,0.005520913832217152,0.008865502052519353,0.303666000248794,0.008586355601907512,0.005144781609334435
6.7,0.958297350932042,0.0056533007890221644,0.0089783651806969,0.303666000248794,-0.003179455268032892,0.005105495541711221
6.71,0.9613344734374669,0.005811236202517101,0.00915564789090344,0.3052504040709634,0.002992100098280234,0.00506697848562579
6.72,0.9643806841492597,0.005846457750584371,0.009200687087570473,0.29691169407247625,0.0036872990100489797,0.005064828102175819
6.72,0.9643806214623551,0.00586052010699263,0.009212612691634954,0.29691169407247625,0.0024442486121734972,0.005060686640522864
6.73,0.9673491838810978,0.00605617139526601,0.009504947806669627,0.29735476433362723,0.010351230702664086,0.005011445923519729
6.74,0.9703261812020348,0.0059760003195163105,0.009385902239571822,0.30156344978955635,0.00011771252010009739,0.005043031212655007
6.74,0.9703260602316317,0.006002887785700232,0.009408589319282472,0.30156344978955635,-0.0022467142344637023,0.0050351708382266325
6.75,0.9733419726032403,0.006043652818749898,0.009405740376333597,0.30219898744606866,-0.0016677236265119264,0.005031572976338051
6.76,0.9763710528891859,0.00602093230894078,0.009284532109814649,0.31170505869261284,-0.006473906202193671,0.00504637487529468
6.76,0.9763713739843869,0.005950223631250748,0.009225174806024165,0.31170505869261284,-0.00028860725072777076,0.005066892862434981
6.7700000000000005,0.9794822251912457,0.005989242863371812,0.009238544646791606,0.3035200501322634,0.0001911111157641527,0.005063918301651808
6.78,0.9825125979452836,0.005865658322460368,0.008932706753704327,0.29618605677235293,-0.013957860455029962,0.005107399701168086
6.78,0.98251314444902,0.005746383003495996,0.008833104205323813,0.29618605677235293,-0.003580268699693261,0.005141750080186258
6.79,0.985477750223054,0.005852907951853683,0.008923202896563375,0.3005787758877895,0.00013481213017369712,0.005118763601042328
6.8,0.9884873000452297,0.0059085216042191364,0.008982644546108084,0.30603764601422073,0.0028055379488275698,0.005110573795657128
6.8,0.9884865148901848,0.006078537487366778,0.00912391374770134,0.30603764601422073,-0.011911267972369327,0.0050619651424612805
6.8100000000000005,0.991543627769423,0.006078083319833771,0.008960604063124409,0.30159438900999846,-0.013215316169193322,0.005070016509921251
6.82,0.9945630717332004,0.006131596130118035,0.008881618624212094,0.3066858261638454,-0.010771192971554863,0.005062537619828753
6.82,0.994563974709994,0.00593764092824672,0.00872127393824151,0.3066858261638454,0.005930516258324952,0.00511758417885272
6.83,0.9976237455760879,0.005917993167411949,0.008708710844445567,0.2969129269921077,0.0038101975653796324,0.005130647484036827
6.84,1.0005911531841747,0.005856444970472546,0.008572072159437137,0.2941671159496081,-0.0042221526649553,0.005155173702790449
6.84,1.0005913484907116,0.005814800308177192,0.008537815709776252,0.2941671159496081,-0.0006544446423222463,0.00516690732038429
6.8500000000000005,1.0035358649512063,0.0059070631532788,0.008634881587542264,0.2986114765499769,0.0024020983102274475,0.005148115777224959
6.86,1.0065216382700999,0.005743095003794039,0.00828133746325359,0.29707895572517096,-0.014952489018485877,0.0052009944144940975
6.86,1.0065221693396567,0.005630624841107357,0.008189264891315032,0.29707895572517096,-0.005364706693988209,0.005232460177752874
6.87,1.009498296382011,0.005501555253503931,0.007899919761257444,0.3034830160907631,-0.012317304809065878,0.005275114509738828
6.88,1.0125316329131837,0.005692713257409178,0.008107782774068747,0.3026616535123706,0.0028976849725874543,0.005228853010010404
6.88,1.0125313340580915,0.0057556345646512545,0.008159042219164721,0.3026616535123706,-0.002439386931043748,0.005211374487044432
6.890000000000001,1.0155516809071428,0.005637863505785184,0.007916982466824226,0.2933506394822901,-0.008859539093720076,0.005250679637013724
6.9,1.0184879757400607,0.005576838236049796,0.007662339523580309,0.29671928892495353,-0.0164909159699917,0.0052738342261489796
6.9,1.018488893607131,0.005384678287598729,0.0075065437680232935,0.29671928892495353,-0.00027183053723347714,0.005326838840054466
6.91,1.0214558876848585,0.005326089343881937,0.007380822491097853,0.2960359504534318,-0.003899557635545616,0.005349001959323309
6.92,1.0244210829957554,0.005287990392805552,0.007224198289805186,0.30232918717737306,-0.009305328714998359,0.005365369445977032
6.92,1.024421211700631,0.0052611682754870066,0.007202554179163861,0.30232918717737306,-0.007052374364799831,0.005372716773336846
6.93,1.0274360724575369,0.005516458084463964,0.007485621954071725,0.29249982566573607,0.003375243138696577,0.005309143071085116
6.94,1.0303666351260796,0.005688483516973398,0.007812288749604979,0.3011613144697191,0.016835695259044194,0.005268472696581402
6.94,1.0303650454731688,0.006018353884420345,0.008077226962546754,0.3011613144697191,-0.010738285894939435,0.005178735978767467
6.95,1.0333749865223396,0.006280186728524449,0.008327708025469938,0.30058269626583833,-0.00018553670884554653,0.005114532561972986
6.96,1.0363753813598273,0.006511505724698598,0.008726581550410721,0.2946990597207057,0.0182282929619471,0.005059011110098741
6.96,1.0363747213007837,0.006647713543511133,0.008835458562909211,0.2946990597207057,0.0068981964855962564,0.005022214990241147
6.97,1.0393230653043442,0.006756509753596448,0.009028522452807991,0.2972430475038743,0.010556846476648825,0.005000001466376363
6.98,1.0422958517479288,0.006842386452366547,0.009248213410145251,0.29828377691091656,0.01580056463797485,0.00498422324042459
6.98,1.042295345856881,0.00694609471706038,0.009330730435149811,0.29828377691091656,0.00721470415115219,0.0049563970383050375
6.99,1.0452774666271087,0.006866744932396574,0.00924291509626735,0.2967714422273602,0.00249847348969058,0.0049849729198016435
7.0,1.0482516422474064,0.006866577099510066,0.009214683268190086,0.30554427083777874,5.3412599592382766e-05,0.004992314923399426
7.0,1.0482516112971259,0.006872876929596277,0.009219672725337004,0.30554427083777874,-0.0004656703041446852,0.00499063607112281
7.01,1.0513006517447403,0.0068104976039885185,0.009080597914973475,0.2964084470021588,-0.004428450521347282,0.005014597709129159
7.0200000000000005,1.0542658913884984,0.006991382540670042,0.009331129886274336,0.2991820272779763,0.009116253191655,0.004974009075307903
7.0200000000000005,1.0542650498652981,0.007161494753196774,0.009465229831032233,0.2991820272779763,-0.004833145845901174,0.004928985410251578
7.03,1.0572589385625515,0.007348461845336482,0.009651438904456902,0.30324837829498363,0.0020807898948317265,0.004887264126208658
7.04,1.0602921159364038,0.0073079204499498255,0.009539185558622633,0.30390987531618735,-0.004032069074342032,0.0049055448427936105
7.04,1.0602924038234036,0.0072501509306275155,0.009493856975208907,0.30390987531618735,0.0006825088813393635,0.004920730782583554
7.05,1.063325792165755,0.0073619182497933955,0.009622771119756563,0.29689618528346434,0.004281241505923308,0.004899058652886434
7.0600000000000005,1.0662952286872511,0.0074732697952841634,0.00982260892554294,0.2982941391656624,0.011494605498877252,0.004877530613144178
7.0600000000000005,1.0662941263138712,0.007692883298128312,0.009994134963718485,0.2982941391656624,-0.006343339006506099,0.0048201901677107
7.07,1.0692748389976812,0.007383980912056216,0.009434581955015973,0.29314380301646,-0.020965947392841945,0.004908072261115174
7.08,1.072210437119416,0.007526275859813761,0.009441333329678616,0.29976651171689284,-0.011025125409091296,0.004878464157043525
7.08,1.072210635531219,0.007487033753746203,0.00941082026723299,0.29976651171689284,-0.007852309116326468,0.004888642626025453
7.09,1.0752096912615672,0.007473134250413127,0.009270871693592128,0.3015470656168908,-0.009662618544234124,0.004899500773179853
7.1000000000000005,1.0782236708987585,0.007533120544841488,0.009234477367223408,0.2999178959312302,-0.006896027462803829,0.004891277233719246
7.1000000000000005,1.0782237730106141,0.00751305873031583,0.009218948816726956,0.2999178959312302,-0.0052815398307708905,0.004896446124839985
7.11,1.0812257674320989,0.007568923030508203,0.009207049162223504,0.3041152718418182,-0.004075780415808411,0.004889228492625166
7.12,1.0842611342132535,0.007684484556875599,0.009330217925724069,0.2970341147291807,0.003453329148018564,0.004866893451615899
7.12,1.0842613630640308,0.0076398072090818675,0.009295793269930592,0.2970341147291807,0.007031972177645168,0.004878327762783797
7.13,1.0872319570061508,0.007506142941826942,0.009133080095327694,0.29642478425206015,0.00016518476185901996,0.004919350313106456
7.140000000000001,1.0901977485551109,0.007537909506760523,0.009143447474076399,0.2987247139276089,0.0005654647024924671,0.00491816525377188
7.140000000000001,1.0901976240873723,0.007562060132711245,0.009161974136533598,0.2987247139276089,-0.0013602467967773323,0.004912024585593807
7.15,1.0931823761757733,0.007738637655311525,0.00936303613259724,0.29655218227941277,0.004964787238518447,0.004874313358949459
7.16,1.0961464397741334,0.007876726251331949,0.009617290126158126,0.2955248243914306,0.014361250416672796,0.004846549642563171
7.16,1.0961455539816312,0.008047555118272433,0.00974776389233922,0.2955248243914306,0.0008011537676500483,0.00480339537358014
7.17,1.0991058771962092,0.008013926946861141,0.009666285729677093,0.30217399813777646,-0.0018354343231217025,0.004819084276218952
7.18,1.102126874446463,0.00815677931197346,0.009857743492916685,0.30216349705914886,0.007799578376640763,0.004790671991929728
7.18,1.1021273570801275,0.0080643152766539,0.009787431614030395,0.30216349705914886,0.015106158124470487,0.004813878802357197
7.19,1.1051432872387896,0.008006163338606318,0.009813500689047346,0.2939785189948615,0.011423851833781836,0.004835747172332535
7.2,1.1080873382165777,0.008013925102630368,0.00988890102455322,0.2998201838622553,0.009640419116624784,0.0048409959117207205
7.2,1.1080870328070072,0.008072048335922493,0.009932907291540819,0.2998201838622553,0.005067999503602042,0.004826501803318255
7.21,1.1110904611381447,0.008092900327790295,0.009970837779760494,0.3070634822944403,0.004692424916355367,0.004828727892887722
7.22,1.1141473303899547,0.008148373076534302,0.010063489502569859,0.2887335316544733,0.006792095877022888,0.004822560556098626
7.22,1.1141471720119465,0.008178308766023903,0.010086053952241611,0.2887335316544733,0.004447852473442808,0.004815144107976501
7.23,1.117038368062698,0.00837241438929443,0.010363651821725755,0.29537414638582155,0.011314554198906163,0.0047745233292412785
7.24,1.11999195808146,0.008387228104694649,0.010448014242981118,0.295269353217407,0.009992990064840085,0.004778397569186607
7.24,1.119991310945346,0.008508709773924216,0.010539202520730352,0.295269353217407,0.0005205109216654888,0.0047484881164166085
7.25,1.1229505522704,0.008329784160675693,0.010248713350580634,0.3028670178666708,-0.008188724358010277,0.004799908745370908
7.26,1.1259760950328848,0.008298456549013074,0.010053743324261993,0.2983755716206299,-0.01338058833773613,0.004815099421647816
7.26,1.12597664170702,0.008196562592533605,0.00997758512696831,0.2983755716206299,-0.005470373740597454,0.004840027472335676
7.27,1.1289630618990094,0.008149558646808231,0.009815269673644454,0.30163799551563786,-0.008639678933239659,0.004858703408344678
7.28,1.1319782411472008,0.008445977454934271,0.010210803010986919,0.30216387665507266,0.013485534667264031,0.004794093299546035
7.28,1.1319765614546011,0.008757060035784376,0.010442318737927834,0.30216387665507266,-0.010558057353892312,0.004718469529691203
7.29,1.134991200064831,0.008829554535413358,0.010393952477996217,0.29317188824052737,-0.008873147091993175,0.004708559848574773
7.3,1.1379263977710599,0.008765806834272557,0.010135700978503422,0.2974199736570952,-0.01665532423058408,0.004731241619300449
7.3,1.1379278626223102,0.008496365871612468,0.00993601970542353,0.2974199736570952,0.004079659762871179,0.004796333265292573
7.31,1.1409019794248023,0.008347620243216664,0.00972912645114866,0.29618384072402404,-0.0032140427395664223,0.004839148581446161
7.32,1.1438706123169637,0.008482137244658138,0.009886165781227254,0.30639942673434556,0.005470192502148523,0.004813886222894918
7.32,1.1438705721027316,0.00848948980270571,0.009891592101106062,0.30639942673434556,0.004906788994776707,0.004812120968467042
7.33,1.1469289553438717,0.008461129875948107,0.0098595858015352,0.2985362489294704,0.0025195804203261996,0.004826107604692274
7.34,1.1499159049400425,0.008456804208179652,0.009824553543966566,0.3006386409432931,-0.000245022367637804,0.004834134454510833
7.34,1.1499159036329194,0.008457041762600847,0.009824728116538848,0.3006386409432931,-0.0002631457069808433,0.004834077778951079
7.35,1.15292153109056,0.008423150138037176,0.009734742494388233,0.29932777672746697,-0.0028350775382097334,0.004849118122298246
7.36,1.15591547195112,0.008325366335854473,0.009481020731874843,0.29946625182939235,-0.013179563626420709,0.004879095592923791
7.36,1.1559162487813954,0.008184996111791049,0.009378297711125262,0.29946625182939235,-0.0025165904461691077,0.00491237758747878
7.37,1.1589129705488281,0.008106002984999666,0.009206240854709214,0.3016368979596974,-0.006841122645444625,0.004937619158203601
7.38,1.1619279249173953,0.008487612429217606,0.009763452097463278,0.30256552389768404,0.02187332240926656,0.004854564549655016
7.38,1.1619270436176814,0.008646057315103834,0.009878918879246764,0.30256552389768404,0.009888925468486978,0.004817228855755435
7.390000000000001,1.164946890996472,0.009045381707881446,0.010482428247306415,0.29767314039835513,0.024744076293644453,0.004730684889625683
7.4,1.1679267450624446,0.00883167232109416,0.010298616242559209,0.30027605472994157,0.004951730129426204,0.004787825040367146
7.4,1.16792577436247,0.009005148618512962,0.010424514002072277,0.30027605472994157,-0.008113768133294133,0.004747198055205925
7.41,1.1709322330045475,0.009018595367929183,0.010319037858824357,0.3053896685146718,-0.008830198888811059,0.004751364061882071
7.42,1.1739780098836585,0.009099509214054818,0.010317485864682346,0.2949491847778316,-0.004849014894100823,0.004739892021063236
7.42,1.1739780941791025,0.00908453856882705,0.010306666438759084,0.2949491847778316,-0.0037263211430084093,0.004743376469527401
7.43,1.1769228899811128,0.00914564332514427,0.010311054785126426,0.28901311484858594,-0.0025003476300156768,0.004736260790562444
7.44,1.1798223218076702,0.009260132537467129,0.01043376792158464,0.30252057403773747,0.004278402993174219,0.004716763873736577
7.44,1.1798215816071795,0.00939081769647117,0.010527845817488855,0.30252057403773747,-0.005482591201470325,0.0046865257776852924
7.45,1.1828490631897253,0.009480699545781136,0.010551269681505967,0.3062915104239877,-0.003179549246262758,0.00467318349569396
7.46,1.1859138973027195,0.00946403987894178,0.010434275694364715,0.3087525744881954,-0.0070891272036090825,0.004684407233313006
7.46,1.1859152947165132,0.009218864489390688,0.010258509785261672,0.3087525744881954,0.011145241478949242,0.004740789466721707
7.47,1.188997792452448,0.009070337635149557,0.010127990987966518,0.3007355073889971,0.0040240688310961125,0.004781968510594778
7.48,1.192003324472574,0.00910182938951989,0.01017005097907724,0.2984745631318016,0.004107548495800796,0.004781729298490334
7.48,1.1920035818167696,0.009056939769132195,0.010138003302312971,0.2984745631318016,0.007431866189622989,0.004791989330381108
7.49,1.1949880278241065,0.009240659370818362,0.010417610189868023,0.29947595537231747,0.013473036563509871,0.004757119827270207
7.5,1.1979839762298512,0.009250182759550238,0.010514939913856705,0.3011432694411434,0.01175697594047175,0.0047620281529637655
7.5,1.1979821994872786,0.009558357819388987,0.010734073688687748,0.3011432694411434,-0.010971244080292495,0.004692010147888976
7.51,1.2009908869515704,0.009642034549498135,0.01069281335129486,0.2980506391164234,-0.008956994757057427,0.004680405251475823
7.52,1.2039669740037755,0.00965927052327658,0.010578188807351799,0.29215799569668865,-0.010106521184639406,0.0046836871220028685
7.52,1.2039669301667082,0.009666827882498275,0.010583541213249236,0.29215799569668865,-0.010661601123230864,0.004681980248201094
7.53,1.2068993698497745,0.00952660285261662,0.0102496498218377,0.3057914010974868,-0.017348863512827453,0.004720437937930481
7.54,1.2099592607235863,0.009568116274896775,0.010093522805773681,0.3087783945319513,-0.016552337690408845,0.004718168033834846
7.54,1.2099603412101545,0.009382896133013833,0.009962859635185551,0.3087783945319513,-0.003003241744113679,0.004759755380196152
7.55,1.2130433718734421,0.009149411020154768,0.009583682826114432,0.3004213109631399,-0.013275613768772386,0.004818723292618875
7.56,1.2160454779175354,0.009361143534449775,0.009762609743411558,0.29920336213422427,0.0010232334480332252,0.004778049258300177
7.56,1.2160452451727024,0.009400845369420176,0.009790503826948299,0.29920336213422427,-0.0018689118310488964,0.004769188325848383
7.57,1.2190405440160996,0.009377578016878572,0.00970258806367929,0.3034177344637193,-0.0039055262102796707,0.004780858232709697
7.58,1.222075081618524,0.009431895791892372,0.009705736784275089,0.3043011339974286,-0.001969462804645979,0.004775360953808837
7.58,1.2220745963282318,0.009514288675997769,0.00976339621529795,0.3043011339974286,-0.007947099092937084,0.0047570799247104965
7.59,1.2251167641391403,0.009642364208523494,0.009812883297775852,0.3041414353557399,-0.004153477022464396,0.0047353814310886295
7.6,1.2281572593016548,0.009525382313331304,0.00952325210178389,0.3019084434853203,-0.015534074472175795,0.004767637289449536
7.6,1.2281593976700178,0.009164035656325247,0.009271388380925177,0.3019084434853203,0.010574076706640496,0.00484733805432391
7.61,1.231176929767574,0.008855321220993913,0.008937524289377574,0.2972582593657601,-0.002357103622684117,0.004921168242772036
7.62,1.2341522989710951,0.00878388953557204,0.008748958204485678,0.3004164453086897,-0.009925327800043859,0.00494258019350505
7.62,1.2341531979411746,0.00863256184119031,0.008643889700122916,0.3004164453086897,0.0009648423336573436,0.004975765025271293
7.63,1.2371600987538935,0.008683827705377378,0.00868640890386753,0.3044942623441978,0.0019316854460367796,0.00497025472282256
7.640000000000001,1.2402019074755584,0.008627594202020148,0.008567152628196835,0.29971907575601475,-0.0044242683501734634,0.004988204746595764
7.640000000000001,1.2402025276902422,0.00852353081592496,0.008495182553164254,0.29971907575601475,0.0030344794010520463,0.005010892568881972
7.65,1.2431937760818255,0.00866522390129548,0.008676164482410664,0.29273023159823985,0.0074649361203553794,0.004985687095140207
7.66,1.246123359543826,0.008498196013004552,0.00842940382395597,0.2944167249883753,-0.0072765018701303275,0.0050272446054619915
7.66,1.2461235430298891,0.00846750304824311,0.008408256471600999,0.2944167249883753,-0.005085099871726387,0.0050338984739878015
7.67,1.2490721182170104,0.008807570648293085,0.008764308817155283,0.30311876226141654,0.006881707935948834,0.0049659382316156455
7.68,1.252099164783686,0.008985915813305542,0.009085697659514681,0.29888472051566134,0.018465321835322627,0.004933340871596964
7.68,1.2520983734582654,0.009117888604287265,0.009176282938818628,0.29888472051566134,0.00907942011152172,0.00490489254323313
7.69,1.255094138263581,0.008978482013550759,0.009052511436007276,0.3070982006455637,0.0027695834610992785,0.004940663309163928
7.7,1.2581663970235573,0.008929653360863713,0.00895320212972816,0.3083778806496524,-0.003054928232170938,0.004957025062990195
7.7,1.258166469373414,0.008917630434187323,0.00894498148642893,0.3083778806496524,-0.0022032476693628154,0.004959601914384075
7.71,1.2612490606373412,0.00886084192634621,0.00881492617565892,0.3062391953488343,-0.005379714156464982,0.004977577836926181
7.72,1.2643072090597638,0.008866899307294725,0.008726632412875223,0.300459292751435,-0.006961668071333641,0.004982013917374486
7.72,1.264307603967757,0.008801494853477495,0.008682088325544178,0.300459292751435,-0.002347283512016413,0.00499595067013663
7.73,1.2673153840792042,0.008652252621809032,0.008434951356682926,0.30350465481802796,-0.008923802870722438,0.005033102743116157
7.74,1.270347034573134,0.008676654543300133,0.008343788924494468,0.29902416251677966,-0.009012048367152484,0.005033349765694128
7.74,1.270348069291577,0.008505783242435243,0.008227858662035382,0.29902416251677966,0.002996031244350845,0.0050695540368528086
7.75,1.273343242605211,0.008817762858598246,0.008622910926536925,0.308236819907264,0.013730318285247085,0.005009019471934153
7.76,1.2764181725203019,0.008930542776071953,0.00890149561762528,0.2989912005300162,0.020208617310599326,0.004990916626366057
7.76,1.27641591427939,0.00930245572700326,0.009152864400854542,0.2989912005300162,-0.005825408430200383,0.004912561165037309
7.77,1.2794066951051495,0.009256400476639443,0.009001668888120798,0.2997353802810624,-0.008557854630328054,0.004927943714915701
7.78,1.282404808397673,0.009354290270915656,0.009031775092393099,0.30152079620135985,-0.00325351731062278,0.004913147113489552
7.78,1.2824060162361657,0.009156028496722151,0.008898270401884227,0.30152079620135985,0.010571955283400958,0.004954685809070178
7.79,1.2854152483270354,0.009155860334132179,0.008970012713907311,0.29333397990218274,0.009573101637844557,0.004960299238473491
7.8,1.288355577072626,0.009278319454898196,0.009221939696343735,0.30379623328701544,0.016734606413145645,0.004940356567535722
7.8,1.288354566983594,0.009443601886050208,0.009332831727507625,0.30379623328701544,0.0052520787849521505,0.004905916934614942
7.81,1.2913888491693353,0.00936625265877262,0.009252602998866781,0.29809222818756853,0.0013497998143746697,0.004927809547636463
7.82,1.2943766309949154,0.009274419428179286,0.009072603721771632,0.30659598078091405,-0.007521533116545249,0.004952471037380258
7.82,1.29437797778067,0.009054811627578657,0.00892580673550262,0.30659598078091405,0.0076772291891705645,0.004997978286862355
7.83,1.2974436680704164,0.009057344216120164,0.00897150056222825,0.30618811878029895,0.006763712085928637,0.00500309453997278
7.84,1.300502012189283,0.009089223202016423,0.009046301020772635,0.3015834082873908,0.007092116586133904,0.005002183171288498
7.84,1.3005009527501081,0.009261429381400907,0.009160976777923486,0.3015834082873908,-0.004779690864693393,0.004966698258319568
7.85,1.3035162560155786,0.009298509540288331,0.009124970184753242,0.3011129739292169,-0.004433150012410772,0.004964760725866616
7.86,1.3065265189557014,0.009341749169905822,0.009105985667415637,0.3002372410717038,-0.003271167227480094,0.004961541566832615
7.86,1.306526295684959,0.009377922465138718,0.009129985843431093,0.3002372410717038,-0.005755524315803749,0.004954128487850556
7.87,1.309527487626636,0.009459436312638621,0.0091396506234531,0.2992572853592892,-0.0037799212009306782,0.004943101507617415
7.88,1.3125164960701392,0.009547689770886434,0.009199429812227001,0.295093909204802,0.0006931618988050372,0.004930730342876478
7.88,1.3125158441153246,0.009652979000776126,0.009269034622484582,0.295093909204802,-0.006511165303638157,0.004909269889089858
7.890000000000001,1.315468714989153,0.00968195552547663,0.009205910216903309,0.29790650318785356,-0.006452763647693137,0.0049089444666271425
7.9,1.3184492631319882,0.009935207925663388,0.009501702005454317,0.3020030428375997,0.010063845399170447,0.004863341979292986
7.9,1.318448753467001,0.01001725250825572,0.009555749217120971,0.3020030428375997,0.0044703630986698,0.004846708169003919
7.91,1.3214636015492034,0.010166184798504297,0.009748596596228499,0.29616072815136496,0.008823765811881722,0.004822491199720027
7.92,1.3244280660723458,0.010041384033963879,0.009592467935151347,0.29893347040603824,-0.0023771775010883144,0.004853364949366678
7.92,1.324428366456719,0.009993203569389658,0.009560841688559942,0.29893347040603824,0.0008955635384608105,0.004863080965942851
7.930000000000001,1.3274187971242908,0.009898381989935548,0.009418136182073817,0.2995610411310355,-0.0035609196721047612,0.004887829808765915
7.94,1.3304113803924857,0.010201019717683562,0.009817302732612472,0.2979614549589457,0.016366850064948,0.004832994068042289
7.94,1.3304099680619779,0.010426771805461307,0.00996496477603897,0.2979614549589457,0.0010880906591910072,0.004787711094756659
7.95,1.3333914112171996,0.010553758760416015,0.01009496001375103,0.3014783933456262,0.0045879818377466165,0.004768307065604388
7.96,1.3364087481549252,0.010525253067473999,0.010047763514620693,0.30465479733823125,0.00032206085105652895,0.004780026081726918
7.96,1.336408205372549,0.01061167418214115,0.010104091021983038,0.30465479733823125,-0.005505612370504884,0.004762782980944336
7.97,1.3394540024395898,0.010504580201810667,0.009880829442265895,0.30266496982338564,-0.01044761881980739,0.0047901368336225655
7.98,1.3424820940279296,0.010538694229590723,0.00978294744910394,0.3048624159519555,-0.010145404022154263,0.004789307994067668
7.98,1.3424821867679095,0.010523986065481303,0.009773395450020393,0.3048624159519555,-0.00915725013997094,0.004792226907182702
7.99,1.345526236490078,0.010521534742276073,0.0096426774289896,0.2985636980491882,-0.010307303861093908,0.004798581887222004
8.0,1.3485097219511697,0.010648113614089233,0.009692874294973595,0.29666896343222243,-0.0032831948998307287,0.004779349843405462
8.0,1.3485100362440245,0.010598445576307175,0.009660732452222476,0.29666896343222243,4.153937638047339e-05,0.004789154513898463
8.01,1.3514769101401878,0.01089744588152608,0.009988621874130662,0.2994384978063628,0.00966177909118267,0.004736082464446632
8.02,1.3544741140727794,0.010933611435228145,0.010094962931053823,0.30352842806647845,0.010107360465249701,0.004734864474434016
8.02,1.354473147616847,0.011085798679819703,0.010193108980019355,0.30352842806647845,-4.378512889008715e-05,0.004704978071786585
8.03,1.3575057042227545,0.010936966765422601,0.00997571274234308,0.2984782136948396,-0.006417000143308937,0.004740079554106078
8.040000000000001,1.360493380503863,0.010798883530816258,0.009650307158630338,0.30115936232954443,-0.01838792740051673,0.004772748116024552
8.040000000000001,1.3604944752762156,0.010627146295006482,0.009539939528745529,0.30115936232954443,-0.006973865464457631,0.004806297486069262
8.05,1.3635082969808832,0.01056852683253588,0.009365108040241318,0.3036164714268173,-0.010060807373945935,0.0048232715279508094
8.06,1.3665439085447495,0.010811534000146726,0.009597195664601026,0.30491210545433384,0.005184049006301606,0.004781736538712032
8.06,1.366544564639065,0.010708939740114429,0.009531493594312872,0.30491210545433384,0.01197818194295341,0.004801673857960613
8.07,1.3695844428613524,0.010572300881049199,0.009452784551897488,0.2910898779882403,0.006148172950173126,0.004833678940654705
8.08,1.372501048232407,0.010627850430548024,0.009557497361450638,0.2992702585235397,0.008129029470369326,0.004828290844686179
8.08,1.3725004502091591,0.01072107420437473,0.009616995435376183,0.2992702585235397,0.0019770543185785366,0.004810267355174092
8.09,1.3754924701777982,0.010524266685732898,0.009367311737812006,0.2965588983072038,-0.00593678468008342,0.00485364169043876
8.1,1.3784585747902194,0.010538305444982665,0.009286776409527365,0.29731660003731836,-0.006906640092032396,0.004856275496657346
8.1,1.378460014123073,0.010314618155985177,0.009144493736948587,0.29731660003731836,0.007803627103958847,0.004899302335459748
8.11,1.3814330036133802,0.010320461886607691,0.00919712186561294,0.29705858300485066,0.007057438334574984,0.004903385465238256
8.120000000000001,1.384405722698632,0.010254133779664696,0.009123949366581787,0.2993079589780313,0.0004715069754920795,0.0049212417670051675
8.120000000000001,1.3844054317308345,0.010299230666475017,0.009152538737926614,0.2993079589780313,-0.0024839880595357933,0.004912611054293352
8.13,1.3873965494111746,0.01033855450599972,0.009141872408346102,0.296915742416373,-0.0020677630261333392,0.004910337137999737
8.14,1.3903659175609573,0.01043398411403909,0.009225627565048643,0.2979718403947811,0.0027167383398128534,0.004897385895163584
8.14,1.390365945092265,0.010429728352395275,0.009222938622335025,0.2979718403947811,0.002994686918847714,0.004898196261504723
8.15,1.3933473105590446,0.010323565209129755,0.00909484485778114,0.2992061243714089,-0.001646105511291531,0.00492350923446874
8.16,1.3963363740044012,0.010259094114507258,0.008938678975423081,0.2944895503294122,-0.008046288109347375,0.0049408062237399596
8.16,1.3963370712706642,0.010151594485905963,0.008870983339465654,0.2944895503294122,-0.001049462371398073,0.004961172960493096
8.17,1.3992873140201796,0.01025715947142718,0.008954049718877755,0.30261900725541174,0.001697749979510224,0.004946212295604988
8.18,1.4023135540692113,0.010321594564708565,0.009027745118904208,0.30318209935502366,0.0042960082646323556,0.0049392015083758335
8.18,1.4023121924940884,0.01053101538364198,0.009159186027604503,0.30318209935502366,-0.009288021059511417,0.004899723485711898
8.19,1.4053389205269755,0.010888656928669969,0.009453758220138385,0.29935105267978296,0.0020879851781519607,0.004837870731222555
8.2,1.4083291008036873,0.01080796889046514,0.009309690046886658,0.2940385015644451,-0.005467991479339966,0.004858226349643958
8.2,1.4083305702217568,0.010582571210161573,0.009168696735252715,0.2940385015644451,0.009101836880854516,0.004900502022150321
8.21,1.4112800550148765,0.01039492604466157,0.009008417946473326,0.3046737888231232,0.0017239284226319334,0.004940553259285342
8.22,1.4143213386527016,0.01058791740083306,0.009275503634713222,0.2988976880264547,0.013168459108322688,0.004909770764976694
8.22,1.4143202602179639,0.01075292961516634,0.00937838309794438,0.2988976880264547,0.0025382288058410866,0.004878975001518944
8.23,1.4173022218475144,0.010912921015720988,0.009557777587219091,0.290712702993807,0.007059652005109992,0.004854468903937328
8.24,1.4202106395569558,0.01108586979217823,0.00984666648809746,0.293942142098213,0.017058384399153016,0.004827617575528186
8.24,1.4202098221067945,0.011210606353848252,0.009924186147382002,0.293942142098213,0.00904927750226345,0.004804451765282394
8.25,1.423153581933914,0.011160502518416281,0.009922443821461001,0.29932993032884,0.006341638746013335,0.0048191041702300335
8.26,1.4261502821601726,0.011333450205067423,0.010200532069960884,0.3054353756918063,0.01617411839928553,0.004792740748918296
8.26,1.4261485409244787,0.011598315654211462,0.010364608783293185,0.3054353756918063,-0.0007761907744533586,0.0047437900374691444
8.27,1.4292010078021258,0.011916535965408044,0.010688967458266245,0.30565997823699437,0.008972916941926406,0.0046911149700071065
8.28,1.4322546670007945,0.011634110605705586,0.010308050712460591,0.29907040708941673,-0.012582869915763517,0.004748821283988551
8.28,1.4322557130948301,0.011475582039029094,0.010210177982802701,0.29907040708941673,-0.0024728733731493747,0.004777972268971247
8.290000000000001,1.4352462612800172,0.011506117129344703,0.010185449249071204,0.29907040708941673,-0.0024728733731493747,0.004777972268971247
8.3,1.4382339847452779,0.011395861119916573,0.009951249417421168,0.298394339929202,-0.010982719152362399,0.004803614657077339
8.3,1.4382343060951583,0.011347320447073938,0.009933120933672917,0.298394339929202,-0.0066732519374155825,0.00481250644535853
8.31,1.4412281776945604,0.011339587063351884,0.009823079928867455,0.3073305751546045,-0.007905918396572426,0.0048193265581891334
8.32,1.4442941672659784,0.01161423255907997,0.010105771695402593,0.3000419374074912,0.008247472046838233,0.0047749808109775315
8.32,1.4442944036113596,0.011578646775621268,0.010084611093107477,0.3000419374074912,0.010562838631022253,0.0047814613835889495
8.33,1.44729271670879,0.011452249967454389,0.010010411207693711,0.2959776668315917,0.00530998261492529,0.004809828090661921
8.34,1.4502539028141723,0.011577815538677476,0.010205322723292144,0.29896467920705705,0.011780288730762346,0.004792515362555352
8.34,1.450253214981474,0.011681053258514816,0.010268328960858946,0.29896467920705705,0.005251826055717755,0.0047738078833801404
8.35,1.4532407565324827,0.011786729916267256,0.010406642424771295,0.29699720480663533,0.007765324327865024,0.004760290586399743
8.36,1.4562127859657443,0.011866956268268372,0.010556962968322574,0.3004616920715836,0.011088491747504545,0.004751435778585123
8.36,1.4562121930113046,0.01195565601912543,0.010611079517454452,0.3004616920715836,0.005511690915843354,0.004735440104189913
8.370000000000001,1.459221265595188,0.011782709942963734,0.010432590276120033,0.30488400522682413,-0.00133389786352994,0.004772188585310178
8.38,1.4622734988471922,0.011758555173569865,0.01033697506089226,0.3092123895918271,-0.005097252982536004,0.004782198206989934
8.38,1.4622749850703396,0.011537015810418747,0.010202211373690552,0.3092123895918271,0.008781607621175557,0.004821955229542204
8.39,1.4653600838700358,0.011567371906263056,0.010288755038818542,0.2998686965328837,0.008744321720657158,0.004822155076727891
8.4,1.4683640727774756,0.01135592188913065,0.010021294167166173,0.30507464619150465,-0.007488942967098289,0.0048652644627331714
8.4,1.4683656293881486,0.011124650665282716,0.00988106742485089,0.30507464619150465,0.006950508039442336,0.004906565164493128
8.41,1.4714144919497416,0.011257713408669203,0.010067164409947617,0.30365925290300405,0.010366871617394718,0.0048882818166176515
8.42,1.474454547293079,0.011125426489411857,0.009933085232688994,0.3070810831833276,-0.0005072997144168669,0.004917115433136132
8.42,1.474455223255916,0.011025296410098716,0.009872570766200746,0.3070810831833276,0.005723442387114805,0.004934909941158241
8.43,1.4775218787179902,0.011133795923348271,0.010018112303123435,0.3023536449113513,0.00831087305771533,0.004921083753787441
8.44,1.4805432941151775,0.011047243495037993,0.00993127632971154,0.29859994525076367,0.0005381917837944091,0.004941662297345728
8.44,1.4805423369199096,0.011188618921384714,0.010016440210727184,0.29859994525076367,-0.008229779316020602,0.004916659619451017
8.45,1.483528664331463,0.011073791743129108,0.009771263661888907,0.2979147746853761,-0.013001937202809587,0.004942121674230958
8.46,1.4865168044959065,0.010795790292928535,0.009195754510696175,0.3074982687802355,-0.03337632996579255,0.0049959823919047824
8.46,1.4865193609805532,0.010419254710119046,0.008969636971567546,0.3074982687802355,-0.010098558454813215,0.005062260892265239
8.47,1.4895905393197915,0.010305562348971502,0.008710223420548493,0.3011881207671716,-0.014740072038019726,0.005086988718342019
8.48,1.4926001880251611,0.010548436055244503,0.008875988564646308,0.300312388770902,-0.0004180243734771029,0.0050491846090362415
8.48,1.492599593853477,0.010635781974276053,0.008928273531819799,0.300312388770902,-0.005800073533339976,0.005033883408100319
8.49,1.4956062932536296,0.010703266317588759,0.008915712924452642,0.30571312946395574,-0.0044688688332033145,0.005026801968782136
8.5,1.498657993300586,0.010772031592763128,0.008930898067500756,0.2988785781434745,-0.0017307544476386017,0.005019585335459211
8.5,1.4986587581016078,0.010659814672288909,0.008863938133398483,0.2988785781434745,0.005161315415080021,0.005039150199795681
8.51,1.5016485800156751,0.010926736827692213,0.00918351803305512,0.30267737663593436,0.01301120989874235,0.004997454275892642
8.52,1.5046784020410542,0.01093854700362879,0.009290628839858832,0.306846965545902,0.011959367474664608,0.005000222400285033
8.52,1.5046775375183061,0.011065150186044686,0.009365937871738433,0.306846965545902,0.004208582105607684,0.004978252660838815
8.53,1.5077417615537956,0.011095488265503701,0.009409843315462801,0.30127232021731265,0.004261883918235593,0.004977969959713486
8.540000000000001,1.510753199274551,0.010993996495439343,0.009266594360835607,0.2984972244909265,-0.004237482945934396,0.005000304450636832
8.540000000000001,1.5107526658954473,0.011071930658130452,0.009312806503360232,0.2984972244909265,-0.008993231683044282,0.0049868442099978
8.55,1.5137399871525907,0.01138747335638334,0.009541535229736914,0.3045481002630424,0.00034076058159066003,0.004937411838088231
8.56,1.5167830905263728,0.011375171377889673,0.009485947135385272,0.3011179916311186,-0.002356897136476443,0.0049444902132219064
8.56,1.5167832638365806,0.01134990531898714,0.009471011654484104,0.3011179916311186,-0.000819994639079181,0.004948833691514505
8.57,1.519794987519458,0.011340783625678592,0.00942124837672113,0.301689403435906,-0.0020373762473466697,0.004955271408321498
8.58,1.5228045230131015,0.011538940323756344,0.009642447487417034,0.2934536575054339,0.009008464420827037,0.004926330948706993
8.58,1.52280270142623,0.011803903340980087,0.009798592032075273,0.2934536575054339,-0.00705792856244275,0.004880992170034308
8.59,1.5257423222834265,0.011655365125907306,0.009532812799155884,0.29889830067607065,-0.012775006407460057,0.004911180772541274
8.6,1.5287265645130388,0.011696210568518942,0.009422645836429353,0.29275300018588113,-0.011971054104466137,0.004909077480822834
8.6,1.528727728248357,0.01152733632024616,0.009323422481666978,0.29275300018588113,-0.001762362219749394,0.004937843799261385
8.61,1.5316561802707176,0.011869640539957888,0.009651482568728,0.2971348254314544,0.008361621659567694,0.004884462792555021
8.620000000000001,1.534628324149613,0.01178499632346553,0.00957482772243571,0.2973402594902416,0.001033811907433728,0.004903605732595114
8.620000000000001,1.5346271040098454,0.011961668275461208,0.009678328766021833,0.2973402594902416,-0.009614130472159105,0.004873645492668124
8.63,1.5376054792050267,0.012493064905785426,0.010132054376077098,0.3090168498811878,0.006488926921989584,0.004788861728326089
8.64,1.5406859741112058,0.012453246455356967,0.010096806662562002,0.2954100338345241,0.0019106938008155447,0.00480080436489586
8.64,1.5406863017470165,0.012405926863435232,0.010069169899048587,0.2954100338345241,0.004753669011019351,0.004808792045915611
8.65,1.5436448359487072,0.012095851994859807,0.009746004379490194,0.29843788861795734,-0.006101941279907933,0.004865864986997276
8.66,1.5466268427343808,0.012342353213804223,0.009990608213186359,0.29745813864566634,0.00787056096811241,0.004829469546203379
8.66,1.5466264985578275,0.012391936993992145,0.010019482005365375,0.29745813864566634,0.004900572276482357,0.004821137088672534
8.67,1.54960334517533,0.01267239374439368,0.010341040225588157,0.3031103239084111,0.012881578504493485,0.004779237677739946
8.68,1.5526310114974693,0.012707205616113193,0.01047476256782867,0.2986905423755072,0.013105888764752955,0.004778654239316878
8.68,1.552631329675926,0.0126614911100955,0.010448221419149611,0.2986905423755072,0.015835720726035635,0.00478630188069018
8.69,1.5556202417473837,0.012672447982835091,0.010584599173338025,0.30144854958064227,0.015192140227372385,0.004789675763497861
8.700000000000001,1.558632228340575,0.012413692136761148,0.010330482497415444,0.2955204037866796,-0.0033698087627275428,0.00483788665387465
8.700000000000001,1.558633300210988,0.012260145442030353,0.010241600668668712,0.2955204037866796,0.00577120917174357,0.004863458498064267
8.71,1.5615877339833768,0.012298526254591505,0.010308091854579244,0.29476099807711625,0.006028257219334149,0.004862112882951729
8.72,1.564539519479816,0.012115464550089583,0.0100709806702114,0.2986188054272641,-0.007566556563479448,0.004897372136701224
8.72,1.5645400230641775,0.012043521130496409,0.010029455207430552,0.2986188054272641,-0.003296225068731182,0.004909301233338586
8.73,1.567524939694814,0.011805926538004231,0.009708148612232308,0.2945441469577184,-0.011738407635835425,0.004953432183990565
8.74,1.5704683085556688,0.012098278318414318,0.009957134428000919,0.2944320260180611,0.0050089334276490274,0.004910058474348585
8.74,1.570468560034126,0.012062436822202354,0.009936506421515732,0.2944320260180611,0.007130076898829023,0.004915975413029785
8.75,1.5734081611579462,0.011998566035512316,0.009907772720699922,0.28732365619238714,0.004201397904593263,0.004931263208637639
8.76,1.576288162574768,0.011871594688472589,0.00973440037632463,0.2952262779038069,-0.005643901991865821,0.004956725240910186
8.76,1.5762877298913796,0.01193311910887642,0.009769711831617088,0.2952262779038069,-0.009274634266774367,0.004946611661879785
8.77,1.579241357135408,0.011980894921817333,0.009697240733508007,0.2974543009042003,-0.008681070901872768,0.004943517612220841
8.78,1.5822157207193308,0.011977381336911013,0.0095657428934792,0.2970903056300075,-0.010723646334211145,0.004948792681654435
8.78,1.582216115070973,0.011921430293540662,0.009533721479055839,0.2970903056300075,-0.007431454824015152,0.004957950286805466
8.790000000000001,1.5851888452609493,0.012066555891626989,0.009584200840029216,0.300878809256273,-0.0037782555854486977,0.0049389341112409165
8.8,1.5881978457063803,0.012122365355300502,0.009583555095324521,0.3016145161532791,-0.0020808520209202857,0.004934556636119244
8.8,1.5881984109182872,0.0120423365925488,0.009537885834450104,0.3016145161532791,0.002614138041331526,0.004947597916132138
8.81,1.5912174658791218,0.01204427477580864,0.009535411964191835,0.30549935975173725,0.0017764996028428633,0.004951952017815528
8.82,1.5942664732353184,0.012258116184042616,0.009806830711285843,0.2993270059453741,0.013369790271313523,0.004922095694275709
8.82,1.594263583852525,0.012666395591030733,0.01003913067425887,0.2993270059453741,-0.010509757298111218,0.004855858353834092
8.83,1.5972540896194685,0.01312080259245798,0.010384836617509547,0.299862711854446,0.0026857321941257915,0.004787362839458317
8.84,1.6002495797759357,0.013252261367695311,0.010549055230967424,0.2967855153482077,0.008963638078964043,0.0047712178432855155
8.84,1.6002487903142926,0.013363537959619332,0.010612186178633421,0.2967855153482077,0.002474520182144638,0.004753243367833722
8.85,1.6032200666624348,0.013379404253203497,0.010620337490555373,0.301513309975892,0.0019888229010599796,0.0047557610415935965
8.86,1.6062383892741532,0.013324899428679926,0.010522081772907263,0.30524372239309083,-0.0034105953913712754,0.0047696275195253796
8.86,1.6062380411988144,0.013373824566085574,0.010549759408179744,0.30524372239309083,-0.006255311176706229,0.004761758770041402
8.870000000000001,1.6092851507389763,0.013538185410660137,0.0106268299989099,0.2995115241795633,-0.0021687691769184956,0.004740604921577307
8.88,1.6122725409907863,0.013801350333684712,0.010920061697274613,0.29148331112471,0.01222319363945688,0.004703695455980686
8.88,1.6122715351547803,0.013942335484456862,0.0109995875037666,0.29148331112471,0.004050133988316933,0.004681119285478096
8.89,1.6151863627957264,0.014153611905699243,0.011228816704083891,0.29345717648219755,0.009573607444681366,0.004652566544275184
8.9,1.6181220116768884,0.014140163310488275,0.011261564516613434,0.2947215135520546,0.00669511269082409,0.004659938524973133
8.9,1.618120613849306,0.014335495420012096,0.01137144675889333,0.2947215135520546,-0.00459688877715185,0.004628789978218654
8.91,1.6210696503687674,0.014551901325090608,0.011517523345676262,0.2992400629521281,0.0010234159138676653,0.004599776487944986
8.92,1.6240610908547295,0.014614341154070476,0.011565627602153223,0.2984777203666404,0.0027539792281588817,0.0045953505050859355
8.92,1.624061296607564,0.01458568474942341,0.011549551899038266,0.2984777203666404,0.004405866304913201,0.004599900919468911
8.93,1.6270465772487726,0.014480627238850038,0.011447488400812939,0.2980679239288637,0.00012973052807522742,0.004621945337282201
8.94,1.6300265603386013,0.014477039027116567,0.011397908249073071,0.29701738142484785,-0.002195156125125315,0.004627883197427563
8.94,1.6300269372141625,0.014424725625860363,0.011368643282644305,0.29701738142484785,0.0008117890720887515,0.0046361550406547785
8.950000000000001,1.63300116094448,0.014105907948765227,0.011008524775598915,0.2993243461689468,-0.009963819765997356,0.004691630184433945
8.96,1.6359937047778907,0.014364703890795754,0.011212797435181991,0.3008398855035065,0.003923165750365533,0.00465621051082087
8.96,1.6359945832148657,0.014243147759384615,0.011144985742268933,0.3008398855035065,0.010890221909329367,0.004675350193501234
8.97,1.6390000643353035,0.014341415881138506,0.011321332600539509,0.29776414613690755,0.01286374554747375,0.004665203819830351
8.98,1.6419797282721087,0.01416722587652384,0.01117097285103637,0.29872332069591645,0.00011559862629108818,0.004697674729850525
8.98,1.6419798554011915,0.014149688308188786,0.011161216547124889,0.29872332069591645,0.0011178979180243485,0.004700424484370928
8.99,1.6449636454957457,0.014536464289812551,0.01153943133965296,0.2977847923225324,0.011857377068203232,0.004645284573605778
9.0,1.647943621181592,0.014409201844483776,0.011441706076940693,0.29934854080647305,0.001974411367283777,0.00467042357028524
9.0,1.647942920809982,0.014505516674929058,0.011495139199018378,0.29934854080647305,-0.0035145499264414353,0.0046553852206931735
9.01,1.6509353604904025,0.014332374711503146,0.01124508940593477,0.29613954238399826,-0.00980236609308719,0.0046876255451085685
9.02,1.653899816850134,0.014540689950438326,0.011380547924031757,0.30229252329589734,0.0008653637854709063,0.0046605268531342645
9.02,1.6538996611971195,0.01456202859129084,0.01139235369682889,0.30229252329589734,-0.0003473035739599067,0.004657208920071756
9.03,1.6569254734466186,0.014269264241069862,0.01105098094588846,0.30323319263296283,-0.010233349444774331,0.0047078311547250765
9.04,1.6599526353781096,0.014377977972511795,0.011048782127953616,0.2972041079189701,-0.005658377922132085,0.0046962251489713865
9.04,1.6599522398393325,0.014432039187443582,0.011078607938659437,0.2972041079189701,-0.008721803315265876,0.004687854645718575
9.05,1.6629323643407306,0.014215648860865444,0.010734575306142994,0.3059581497853568,-0.016235170991870312,0.004726276192387337
9.06,1.6659879704288887,0.014478901811640597,0.010877979594085286,0.30309212530970897,-0.002266195197400095,0.004690886286230766
9.06,1.665988686327543,0.014381323081419118,0.010824294673810162,0.30309212530970897,0.003247405111184317,0.004705931565931159
9.07,1.6690132968951532,0.014592298344410871,0.011039771030290487,0.29653345770384415,0.008601076578575392,0.0046785904772708295
9.08,1.6719797282386555,0.01444392628481841,0.010886140857966943,0.29645806615429626,-0.0023469623822095272,0.004706290110651895
9.08,1.6719806100290668,0.014324060263129088,0.010820375115768754,0.29645806615429626,0.004406877223166582,0.0047246952384165574
9.09,1.6749446723752583,0.01457675520285641,0.011090354725921616,0.2981994419937462,0.011015523839847031,0.004690989576120971
9.1,1.677925262021609,0.014581787304132315,0.011163531152258774,0.296257476102831,0.00932619544602096,0.0046952580927612985
9.1,1.6779265063114626,0.014413095790057121,0.01107122507595732,0.296257476102831,0.018804910944043435,0.00472105472804028
9.11,1.6808956933193964,0.014539034342069497,0.011354311923548476,0.30643022391732605,0.021584956712020306,0.004706894479234095
9.12,1.6839578600118756,0.014401687369115276,0.01134368909249798,0.30206308726326636,0.011239199861224253,0.004733001224649468
9.12,1.6839562657563718,0.014617208897405068,0.011461297369148887,0.30206308726326636,-0.0008368638402227006,0.0047001790906541305
9.13,1.6869709702687932,0.014404210915959684,0.011200843990510433,0.29178011893638245,-0.008210520046870156,0.00473768785602805
9.14,1.6898973056143574,0.014411110728323549,0.011084778214994196,0.3033721537270727,-0.009761863454524383,0.004741597420051086
9.14,1.6898982578904933,0.014282747320072618,0.011014917868043376,0.3033721537270727,-0.0025890970294211568,0.004761067077144384
9.15,1.6929350935680842,0.014459923062458614,0.011134989036568422,0.3093089173639513,0.0016802072007003612,0.004739378040315253
9.16,1.696028048466047,0.014500841149134287,0.011160265870013586,0.309452606647714,0.002067327878897895,0.004738403726162529
9.16,1.6960274647021722,0.014579314300251002,0.011202854587673757,0.309452606647714,-0.002305064057010107,0.0047265508639814
9.17,1.6991187361064586,0.014837375438793689,0.011406054074502838,0.3075548865483481,0.004312320242630395,0.004692976706799473
9.18,1.7021917624156382,0.014589277282641328,0.011079739904521489,0.3015232768604778,-0.012562756318886143,0.004735393025794504
9.18,1.702193446760307,0.01436351200928792,0.010957560841999118,0.3015232768604778,-2.008597130765885e-05,0.0047693500031073975
9.19,1.7052020567163564,0.014839956339928899,0.011405183581812013,0.29726974569763437,0.013077317958534592,0.004702984575704288
9.2,1.7081750372216398,0.014761080137474965,0.011389197705042525,0.29676982252374257,0.006373905681596194,0.004719812093383953
9.2,1.7081748146528888,0.014790831915990807,0.011405255629955499,0.29676982252374257,0.004725547953590602,0.0047153552469406555
9.21,1.7111421170954824,0.01496245322963149,0.011591270483796252,0.2978978824960016,0.008783635201782117,0.0046948191329329245
9.22,1.7141213478851056,0.014797794241749122,0.011420598397286846,0.29647976053970493,-0.0030237000906120273,0.004724420735811658
9.22,1.714121772677601,0.014741173086610618,0.011390118233716467,0.29647976053970493,0.00010488730848320828,0.004732868931982753
9.23,1.717086266255643,0.014762490555952267,0.011378661507460612,0.29620064975912924,-0.00026082909518673075,0.004734717280358822
9.24,1.7200492836676307,0.014741343370825563,0.011305039088059967,0.29727452700701307,-0.003504286073307467,0.004742838345175002
9.24,1.7200507674114898,0.01454412008184136,0.011199145080203582,0.29727452700701307,0.0073642603010984405,0.004772149231774471
9.25,1.7230327876359421,0.014363866285202628,0.011058743025949128,0.3079507136698494,0.0011049672539122056,0.004803743584203614
9.26,1.7261072523297158,0.014499321589647516,0.0112007525893755,0.3023912294939041,0.007086162096736999,0.004788786856954014
9.26,1.72610605349494,0.014658257947869072,0.011285860930020245,0.3023912294939041,-0.0016484053731639393,0.004765261133948797
9.27,1.7291296920334527,0.014683034231423439,0.011260036037833517,0.3021848038406413,-0.0019215469402059091,0.00476663808665535
9.28,1.7321473065273152,0.014603228023746893,0.011094340509752717,0.2955181469078165,-0.008611367552159351,0.004783345497811279
9.28,1.7321492819383162,0.014342035239859519,0.010954849168516979,0.2955181469078165,0.005703451370279644,0.004821851975606681
9.29,1.7351076524411206,0.014268310550401684,0.010906126889162428,0.2990025469367015,0.0026110822342052054,0.004837421375423578
9.3,1.7380973296624724,0.014203459753110142,0.010807103858643748,0.29776586301644475,-0.003103666773391374,0.004851675487809207
9.3,1.7380982888809977,0.014076932048592535,0.010739705202185559,0.29776586301644475,0.003812401936663644,0.0048702559222850925
9.31,1.7410798497518056,0.014147561554157705,0.010816198271366784,0.3037038909321918,0.004934279084921566,0.004864614645521295
9.32,1.7441194058630836,0.014155617021564685,0.010833754812776528,0.3071116649155642,0.0034826753931032502,0.004868230755801611
9.32,1.7441191302755716,0.014191886660231854,0.010853024307786053,0.3071116649155642,0.0015054873863148935,0.004862925633255847
9.33,1.7471918290336037,0.014118002069302592,0.010761798305538181,0.30839945986505024,-0.001601937660539435,0.004878531452441707
9.34,1.7502697735380852,0.014040662928158747,0.010604716815798372,0.2992714513969955,-0.008043714121139738,0.004894558446747419
9.34,1.7502705239705536,0.013942127349472533,0.010552509232966361,0.2992714513969955,-0.0026872165002458414,0.004908912729738779
9.35,1.7532629027053375,0.013454508574677879,0.010012438518631013,0.2936584423120765,-0.01769139812222718,0.0049841710039185355
9.36,1.7561972091117677,0.013509505239777495,0.009868152979075482,0.2910269201043455,-0.016201426010426824,0.004980468635461261
9.36,1.7562013745510572,0.0129635890593368,0.009579642528737038,0.2910269201043455,0.013397686947363072,0.005059688602268568
9.37,1.759119447654067,0.013132990605025801,0.00985308656825421,0.3032883046858423,0.01747505874438684,0.0050392627347652375
9.38,1.7621529592092438,0.01291842408953165,0.009717262258788618,0.30180269026244416,0.0032931477943774906,0.005074458753626665
9.38,1.7621519427137506,0.013051449988560865,0.009787387498826924,0.30180269026244416,-0.0039007033312884343,0.005055228943060401
9.39,1.7651706219428829,0.012847751874341137,0.009519010931129866,0.3004607464939116,-0.010606116903866213,0.005088778456691919
9.4,1.7681770980513245,0.013094617631796996,0.009689496427538262,0.3054578371309511,0.0020215605901509025,0.005057478641401441
9.4,1.768177247579792,0.013075076834494282,0.009679222044003085,0.3054578371309511,0.0030754933792991246,0.005060292396492527
9.41,1.7712322840602572,0.013142566367048867,0.009747166619963922,0.306670143717118,0.004162653272651567,0.00505485968370705
9.42,1.7742959550012716,0.013097306160646669,0.009693860249876965,0.30196467303018504,-0.00017204149050654375,0.005065590642439251
9.42,1.7742953914968447,0.013170840283640841,0.009732421121705064,0.30196467303018504,-0.004127293531793257,0.0050550441130704695
9.43,1.777317131377428,0.012987680701216668,0.009483217870700172,0.3027885277969719,-0.010205436313886878,0.005085380166130192
9.44,1.7803432514427182,0.013023832616388427,0.00939055805324478,0.3006512332592219,-0.00977648865548084,0.00508431957446194
9.44,1.780346138184239,0.012647639668237029,0.00919379616011936,0.3006512332592219,0.010404321924034454,0.005138064594896172
9.45,1.7833516920356665,0.012689423820548336,0.00931164552204748,0.29966847338164804,0.010807881056851156,0.0051360528987107945
9.46,1.7863519876468492,0.012802317500684852,0.009526524883189622,0.30564240495444844,0.015684163151928793,0.005124010893152754
9.46,1.78635109283105,0.012918799822260086,0.00958729419100936,0.30564240495444844,0.009451806253343999,0.005107433419243288
9.47,1.78939443667623,0.01342621428733784,0.010147175868666139,0.2930468588263938,0.023054003228220318,0.00503971084190628
9.48,1.7923325678845794,0.013369779128111166,0.010269565173411262,0.30276873775148094,0.01811622432457472,0.005051889793636959
9.48,1.7923299361260667,0.013711870606618668,0.010447585934485274,0.30276873775148094,-0.0001399262111946714,0.005003389559464904
9.49,1.7953574582659397,0.013743502055231095,0.010446186672373329,0.30276873775148094,-0.0001399262111946714,0.005003389559464904
9.5,1.7983208859129514,0.013853374828249011,0.010543482451233639,0.29134589509002434,0.0038571182459815083,0.004992289299586786
9.5,1.798320992524379,0.013839541404004596,0.01053910504956187,0.29134589509002434,0.004885565217015244,0.004994245151549873
9.51,1.8012469472745907,0.013882293374832823,0.010599540619221593,0.30294001347374766,0.005213800309935394,0.004992570696075284
9.52,1.8042754309626536,0.013794089354610213,0.010502046310769321,0.30073682504009197,-0.00144738173581476,0.005009429000352473
9.52,1.8042759458501005,0.01372741167493506,0.010468571917247869,0.30073682504009197,0.002188968628045898,0.0050188121585567225
9.53,1.8072765879498693,0.013515652597005583,0.010255487008596551,0.28928577328930805,-0.0046465991989512005,0.0050528584057452286
9.54,1.8101715852087183,0.013407784149834671,0.010037909654039022,0.2909543070267875,-0.012430105191931438,0.005072064203060679
9.54,1.8101726721584135,0.013267275039187272,0.009965469677465512,0.2909543070267875,-0.004976388769765308,0.0050917615635420015
9.55,1.8130918026166711,0.012937749423803446,0.009570121693602253,0.30041160895098057,-0.015059451770306664,0.005141791400280567
9.56,1.8160940532697207,0.013166216905549647,0.009667444413100192,0.3001663031376831,-0.003756049828562638,0.005114007238659763
9.56,1.8160953229225842,0.013002315214682677,0.009582908262386003,0.3001663031376831,0.0048953208010860845,0.005136898927716137
9.57,1.8191048668963132,0.012636326039618022,0.009252355045528304,0.3069080170594466,-0.0061804916081125896,0.005191773800007654
9.58,1.8221690449441592,0.012720247676217551,0.009259349228474847,0.3010071669838725,-0.003043035034579757,0.0051840731784128045
9.58,1.8221698751505484,0.012613197641638537,0.009204259800988388,0.3010071669838725,0.0025913763478835486,0.00519896777095532
9.59,1.825182361439081,0.01287868236141682,0.009458113123464675,0.3069722366824426,0.00924370258186603,0.005166049298462206
9.6,1.8282509086251595,0.01252261346144175,0.009075010743511174,0.30149540581886164,-0.01244234509697191,0.005219210613623188
9.6,1.828252694911276,0.012292527631247715,0.00895690289939161,0.30149540581886164,-0.00036395624014235253,0.0052511024649371345
9.61,1.8312669105965274,0.012295829048723153,0.008930602810927992,0.3004056018542127,-0.0010252721828578272,0.0052543710222715725
9.62,1.8342678446121208,0.012479935308733833,0.009114115460777889,0.29798545209239785,0.007810804898563426,0.005232736123345359
9.62,1.8342669599062371,0.01259379940639687,0.009172419110803584,0.29798545209239785,0.0018487268741750763,0.005217012554558254
9.63,1.8372471841032094,0.012500768649411709,0.009076089906108762,0.29738627859516553,-0.0015019086917924802,0.005233553429423047
9.64,1.8402225765737512,0.012543552560608774,0.009080458571984565,0.2997996211445582,-0.0006178129248693989,0.005231391318608248
9.64,1.8402231582137978,0.012468759999341675,0.009042254015767403,0.2997996211445582,0.003288715716866328,0.005241681625358479
9.65,1.8432153037201646,0.012429604107942086,0.00901213724069748,0.2913105027554456,0.0014501694204487423,0.005250747135008874
9.66,1.8461352781504135,0.012642071133795247,0.009254826647612157,0.30278193471216136,0.011855420092605177,0.00522533058158048
9.66,1.846134162258084,0.012785445633449997,0.009327889369656474,0.30278193471216136,0.004384983779701337,0.0052056757596926195
9.67,1.8491570758788332,0.012788465077417335,0.009347838412764672,0.29602400865744444,0.0036875495928666703,0.005209110622180077
9.68,1.8521254238337896,0.012925036113835442,0.00951778165481828,0.30837723721436133,0.009755214423819243,0.0051943068201431575
9.68,1.8521243971624757,0.013056814802871491,0.009584772566178859,0.30837723721436133,0.0029060058247975945,0.0051763076925095556
9.69,1.8552025658366142,0.013051398103279946,0.009580766918500466,0.30058017074143395,0.0019411715369863874,0.005181053929268837
9.7,1.858208322403068,0.013222955990919999,0.009774299929308623,0.30222064365527734,0.009880599375220202,0.005161706175634763
9.7,1.8582065997122545,0.013443812570285773,0.009886294014088347,0.30222064365527734,-0.001569099928092496,0.005131652669534578
9.71,1.861226624286298,0.013495406404907092,0.00989113312029548,0.299685423082279,-0.0009700676642933377,0.005128709335869597
9.72,1.8642241519328109,0.01350067246043684,0.009851765269011435,0.3005414175669819,-0.0023227695121943847,0.005132001906919017
9.72,1.864226194967785,0.013239099940946505,0.009719447759770149,0.3005414175669819,0.011203900664880027,0.005167465606436628
9.73,1.8672334800366517,0.012972373914971325,0.009552631872468745,0.300133032436771,0.0030677033713791685,0.005207396168844812
9.74,1.8702317914507671,0.013115537589436056,0.009722302961325167,0.2974321906648113,0.009405097897822031,0.005191988476136718
9.74,1.870229709095108,0.013381824849690584,0.009856680103076368,0.2974321906648113,-0.004331325478217114,0.005156016777638022
9.75,1.8732019932221844,0.013678849978049686,0.010065015988594245,0.29770659642577474,0.003010818252097722,0.005120024978257831
9.76,1.8761830485803437,0.013468872933517876,0.009804554697479179,0.3007805495043243,-0.010237268811850497,0.005152196816995824
9.76,1.8761848321508745,0.013241103128857148,0.009689886230648943,0.3007805495043243,0.0014837957091854113,0.005182855290534071
9.77,1.8791905145859236,0.013307314232264908,0.009739498570760173,0.29848090052772863,0.0024983403425991196,0.0051778876450259215
9.78,1.882171222412591,0.013417706335379254,0.009862754883910191,0.29396435798333503,0.006978832425151576,0.005167019727992635
9.78,1.8821701478308306,0.013554767261448315,0.009931592392642513,0.29396435798333503,-5.712291137024376e-05,0.005148637219032361
9.79,1.8851171811697993,0.01390324230867263,0.010229630860493005,0.3076149205485342,0.008654518441488204,0.005106030291280174
9.8,1.8881896572078514,0.013820026915118432,0.010178035268115051,0.3016150943907255,0.0023565199964752986,0.005121289185963047
9.8,1.8881912179734806,0.013621237669875223,0.010078433921789339,0.3016150943907255,0.012536293441623693,0.0051478548150014946
9.81,1.8912027888124119,0.014078148209465149,0.010601839905289555,0.30015313011455286,0.024148387474940008,0.00509112732193068
9.82,1.8942055956237749,0.013922295863224902,0.010617720292911964,0.3001095757150981,0.013863127744618184,0.005116018058186355
9.82,1.89420308216726,0.014241919971026135,0.010777481767876886,0.3001095757150981,-0.0024643851362215422,0.0050734577921811245
9.83,1.897206556943708,0.014212391319882778,0.010695214777549936,0.3029188623353732,-0.004145362606261969,0.005081660358852708
9.84,1.9002329418844712,0.01406618229777316,0.010439629241377174,0.2974287654477056,-0.013907382520646864,0.005105257866765589
9.84,1.9002340561591138,0.013924743776724693,0.01036910119665238,0.2974287654477056,-0.0066998770264768736,0.0051240239486926775
9.85,1.9032113790187912,0.01382426829153375,0.010180120115062771,0.3003649585006675,-0.010258208325270234,0.005141367622259413
9.86,1.9062100689316588,0.014106317141598932,0.010378422733543485,0.29653169963496084,0.003458417492299786,0.005108248430996412
9.86,1.9062087740314517,0.014270430623906843,0.010460066098146655,0.29653169963496084,-0.004884525789773102,0.005086550703267774
9.87,1.909178392257877,0.014559592956585488,0.010650350987011913,0.3053723619193404,0.0020908635994293387,0.005052590365858931
9.88,1.912227686532041,0.014642958259074959,0.010731988695007392,0.3001320814379875,0.004859288574258333,0.005045913492002604
9.88,1.9122275206264336,0.014663949661572424,0.010742406887027427,0.3001320814379875,0.0037947384689964486,0.005043148019072933
9.89,1.9152281986131903,0.014989192998805627,0.011051170982771393,0.3026454998450735,0.011694141090245438,0.005004732331816194
9.9,1.9182566586817167,0.014928008603533903,0.011055424352271161,0.3046038118490451,0.006557219742714739,0.005017107562462137
9.9,1.9182545645170528,0.015192478736403723,0.011186372865063727,0.3046038118490451,-0.0068225846876807375,0.004982388866579929
9.91,1.9213032894728996,0.015309175302576656,0.011194297894832162,0.3094066713016954,-0.0046014319576138645,0.004971599260835453
9.92,1.9243960140753882,0.015147109381744817,0.010914702586828232,0.3057226444711508,-0.015249028626208805,0.004997221314317664
9.92,1.924397592489562,0.014948187776902737,0.010816449587710027,0.3057226444711508,-0.0052104887359412325,0.00502324066806916
9.93,1.9274568557438931,0.015212648596186292,0.01097714471504093,0.3112343259798096,0.0009961998212663142,0.00499312435014738
9.94,1.930560440834614,0.015195636163126249,0.010926594044264775,0.29902808251605323,-0.0017621507679909448,0.004999754536524215
9.94,1.9305585959800706,0.01542769244994013,0.011040931533584781,0.29902808251605323,-0.013443392598560876,0.0049695112303579595
9.95,1.93354913528939,0.015377109704468397,0.010829791400809707,0.2987226556169709,-0.01568058662849509,0.004980354550964542
9.96,1.936537291524832,0.015260886962834938,0.010497376743242219,0.2986154375851482,-0.023685165866009213,0.004999573546082648
9.96,1.9365407015660303,0.014832747812976126,0.010286912687301374,0.2986154375851482,-0.002184395500791695,0.005055178122111471
9.97,1.9395296853433701,0.015269777213740673,0.010636977373502774,0.30708118634083514,0.008662221823155325,0.0050026645397356975
9.98,1.9425972513295142,0.01533576912799369,0.010762934005351776,0.30326579138114995,0.010455113596936344,0.004998364582894553
9.98,1.9425955201165985,0.015552784994469248,0.010869364321777616,0.30326579138114995,-0.0004170818566195181,0.004970278447517793
9.99,1.9456284146851948,0.015385477020205724,0.010682305094352139,0.30165657921852534,-0.005750789338550296,0.004996072949478361
10.0,1.9486448083663785,0.015417700283485292,0.010624797200966637,0.30165657921852534,-0.005750789338550296,0.004996072949478361
10.0,1.948660970708688,0.013394765360460364,0.01064606568245998,0.30165657921852534,0.24779648216464736,0.00525772343524512
10.01,1.9516773655556432,0.013426879311385755,0.0131240305041064,0.30165657921852534,0.24779648216464736,0.00525772343524512
10.02,1.9546936715646446,0.013466467676386037,0.015601995325752821,0.30165657921852534,0.24779648216464736,0.00525772343524512
10.02,1.954694085456774,0.013414535208712138,0.015970681229259417,0.30165657921852534,0.301821613223149,0.005264703860032728
10.03,1.9577102665504902,0.013462709771403266,0.018988897361490842,0.30165657921852534,0.301821613223149,0.005264703860032728
10.04,1.9607262885050505,0.0135199875872816,0.022007113493722266,0.30165657921852534,0.301821613223149,0.005264703860032728
10.04,1.9607262805722614,0.013521096089411523,0.021929296730373873,0.30165657921852534,0.29169511160780626,0.005264498516109935
10.05,1.9637421210692356,0.013587241953952101,0.024846247846452393,0.30165657921852534,0.29169511160780626,0.005264498516109935
10.06,1.9667577557919427,0.013662184583916841,0.02776319896253039,0.30165657921852534,0.29169511160780626,0.005264498516109935
10.06,1.9667577540449224,0.013662129756282233,0.027868527968584748,0.30165657921852534,0.30521407402069917,0.0052645915247114365
10.07,1.9697731484976928,0.013746186122980704,0.030920668708791673,0.30165657921852534,0.30521407402069917,0.0052645915247114365
10.08,1.9727882723539627,0.013839445492131232,0.0339728094489986,0.30165657921852534,0.30521407402069917,0.0052645915247114365
10.08,1.9727882750133816,0.013839365948039948,0.033903773660079656,0.30165657921852534,0.29636830098913636,0.005264545249723486
10.09,1.9758031072519224,0.013941619319801455,0.036867456669970954,0.30165657921852534,0.29636830098913636,0.005264545249723486
10.1,1.9788176232040717,0.01405280723649935,0.03983113967986225,0.30165657921852534,0.29636830098913636,0.005264545249723486
10.1,1.9788176174975465,0.014052967020020077,0.039948742937024745,0.30165657921852534,0.31143403863316316,0.005264621007213692
10.11,1.9818317765380513,0.014173442980798314,0.04306308332335631,0.30165657921852534,0.31143403863316316,0.005264621007213692
10.12,1.984845545758685,0.014303305459378081,0.04617742370968787,0.30165657921852534,0.31143403863316316,0.005264621007213692
10.12,1.9848455476013325,0.014303260910874124,0.046145233743370956,0.30165657921852534,0.30731040174257523,0.0052646003745875705
10.13,1.9878589022520405,0.01444241164799262,0.04921833776079719,0.30165657921852534,0.30731040174257523,0.0052646003745875705
10.14,1.9908718150497302,0.014590822065751314,0.052291441778222876,0.30165657921852534,0.30731040174257523,0.0052646003745875705
10.14,1.990871821646003,0.014590683094466499,0.052191225440648734,0.30165657921852534,0.29447241138461366,0.005264536179103495
10.15,1.9938842799226961,0.014748049894538397,0.05513594955449481,0.30165657921852534,0.29447241138461366,0.005264536179103495
10.16,1.996896261737142,0.014914286858024425,0.05808067366834088,0.30165657921852534,0.29447241138461366,0.005264536179103495
10.16,1.996896262281897,0.014914276666481803,0.05807332410404141,0.30165657921852534,0.2935309122137526,0.0052645314715577185
10.17,1.9999077428028844,0.01508936021881078,0.061008633226178874,0.30165657921852534,0.2935309122137526,0.0052645314715577185
10.18,2.002918696426753,0.015273282630427522,0.06394394234831634,0.30165657921852534,0.2935309122137526,0.0052645314715577185
10.18,2.002918689639663,0.015273396972877705,0.06402642415465319,0.30165657921852534,0.304097055371215,0.005264584302342445
10.19,2.005929074514528,0.015466404961739066,0.06706739470836527,0.30165657921852534,0.304097055371215,0.005264584302342445
10.2,2.0089388585394277,0.01566856653583069,0.07010836526207735,0.30165657921852534,0.304097055371215,0.005264584302342445
10.2,2.008938861926804,0.015668514733445514,0.07007098335979742,0.30165657921852534,0.2993083323038999,0.0052645603587232635
10.21,2.011948025165967,0.01587971553518078,0.07306406668283688,0.30165657921852534,0.2993083323038999,0.0052645603587232635
10.22,2.0149565427856198,0.01609992205375014,0.07605715000587582,0.30165657921852534,0.2993083323038999,0.0052645603587232635
10.22,2.014956542736603,0.01609992273997769,0.07605764540831772,0.30165657921852534,0.2993717947002651,0.005264560676035252
10.23,2.0179643876712654,0.01632913449274578,0.0790513633553203,0.30165657921852534,0.2993717947002651,0.005264560676035252
10.24,2.0209715329329496,0.016567349844289245,0.08204508130232288,0.30165657921852534,0.2993717947002651,0.005264560676035252
10.24,2.020971524460019,0.01656745923907496,0.08212409096928953,0.30165657921852534,0.3094931473162705,0.0052646112827984546
10.25,2.0239779235557633,0.016814913589790162,0.08521902244245218,0.30165657921852534,0.3094931473162705,0.0052646112827984546
10.26,2.0269835423999356,0.01707167133970123,0.08831395391561482,0.30165657921852534,0.3094931473162705,0.0052646112827984546
10.26,2.026983554081325,0.01707153162894967,0.08821299899174273,0.30165657921852534,0.29656054777435426,0.005264546619800726
10.27,2.0299883907289464,0.017337286966978352,0.09117860446948621,0.30165657921852534,0.29656054777435426,0.005264546619800726
10.28,2.0329924260387546,0.017611952283333173,0.09414420994722969,0.30165657921852534,0.29656054777435426,0.005264546619800726
10.28,2.0329924218738844,0.01761199872990335,0.09417778970389466,0.30165657921852534,0.30086220567281174,0.005264568128090219
10.29,2.0359956199019593,0.017895672455774125,0.09718641176062272,0.30165657921852534,0.30086220567281174,0.005264568128090219
10.3,2.0392640708484278,0.017969740569690133,0.09993166313280474,0.30341296099188336,0.29132445017378383,0.005293438375690941
10.3,2.0392660914275695,0.017788780640186255,0.09989632125632722,0.30341296099188336,0.3053311446381781,0.005315655145386345
10.31,2.0422741784267053,0.018113261524506673,0.10296970503052987,0.30250037928956025,0.30586971174716376,0.005312895158884229
10.32,2.0452738187819306,0.018285568016288903,0.10587394045379989,0.29510905933538356,0.2992838914778167,0.005329640865904803
10.32,2.045275349822787,0.01815394188305961,0.10581210343892158,0.29510905933538356,0.30563592372063003,0.005345716022028561
10.33,2.048216333799533,0.01839036190380061,0.10880161297345158,0.3021297747834552,0.3037743212686169,0.005354932641178904
10.34,2.0512172123371686,0.018908206006852578,0.11205271254632548,0.3017954012733037,0.31315515312326253,0.005331924303454985
10.34,2.0512143177086615,0.019147655638374,0.11216926206876392,0.3017954012733037,0.3020338136436385,0.005302782753889162
10.35,2.0542121987872344,0.019560000565949292,0.11525515195578437,0.3015435346130623,0.30386706791677337,0.005293751028077627
10.36,2.057210701584562,0.019771115334978478,0.11814140814618632,0.3033986330162067,0.297143154614213,0.005310161321564397
10.36,2.0572109733548327,0.019749499243698163,0.11813087252744908,0.3033986330162067,0.2981413851465843,0.005312783264744334
10.37,2.0602187514508943,0.020211781650149134,0.1212045287887412,0.29832000337398834,0.3007223827064534,0.005300087480788966
10.38,2.0631840530931873,0.020351710816624638,0.1239643894044728,0.29979953580479163,0.28980538363384883,0.005326689822438291
10.38,2.0631833550565393,0.020405078670746122,0.12399035164165932,0.29979953580479163,0.2873469665820861,0.005320237810208415
10.39,2.066160136583677,0.02074823160463561,0.12683948969875106,0.30175789622950516,0.2866660746787263,0.005323583039696475
10.4,2.0691477708913517,0.02150665925186258,0.13012716130893415,0.30101272149847363,0.3052484738180308,0.005278356511560559
10.4,2.0691446663821647,0.021734763048048496,0.13023788435419661,0.30101272149847363,0.29476320535356254,0.00525086950895879
10.41,2.0721326909118867,0.021964212593970196,0.13304434348396701,0.3025710297444923,0.2908123428950537,0.00527025749866204
10.42,2.0751316786586274,0.022213042011808386,0.1357827097860437,0.29961650722623484,0.28331921250030545,0.005288473245969573
10.42,2.0751366548029595,0.021861813032559532,0.13561260267760364,0.29961650722623484,0.2994301542331894,0.005330658890922574
10.43,2.0781063202211127,0.022157864580045858,0.13851195166869631,0.29883150481476534,0.2967726226160775,0.005343685039611964
10.44,2.0810634114381292,0.022718663695159295,0.14164463787116277,0.29827687195203595,0.3040544300754752,0.005326003554492978
10.44,2.081062244675464,0.02279780353814365,0.14168288270888113,0.29827687195203595,0.30043174185789534,0.005316528728121221
10.45,2.084012315103305,0.023308339384956696,0.14476508326538662,0.2962745609950222,0.3026116904623614,0.0053058558201606685
10.46,2.0869446406299614,0.02385553531137781,0.14792381748960493,0.2995915517584775,0.3084661384564016,0.005291656630877565
10.46,2.0869426985531034,0.023982146255096964,0.14798487127369295,0.2995915517584775,0.30268210924691535,0.005276546465688156
10.47,2.0899088623518423,0.024395740643787106,0.15098694124806042,0.303089879343117,0.3019892763209959,0.005279934641935311
10.48,2.092899298662553,0.025084414135885205,0.15426512834286257,0.3000166654883395,0.3133924457481145,0.005252309579253246
10.48,2.092898073080415,0.025161170458599932,0.15430206012693998,0.3000166654883395,0.30989317337756483,0.005243178608801518
10.49,2.0958649171188184,0.02572219299072782,0.15748700164863716,0.30544731786490187,0.3123009286571481,0.005231417377068714
10.5,2.0988736950054108,0.026420924653563344,0.16085362569997233,0.2996536059405416,0.3230566417841579,0.005205390681508197
10.5,2.098864317436285,0.026985009845255523,0.16112443918194702,0.2996536059405416,0.2973936610605845,0.005138502595511389
10.51,2.1018218555000097,0.027348033856780748,0.1639969619501676,0.2966451646527417,0.2945544847307087,0.005152355404000001
10.52,2.1047508408206705,0.027731677556369433,0.1668313295154399,0.29744696119892805,0.28964567194679885,0.005164220204354318
10.52,2.104753704092992,0.027566161483158106,0.1667520360523023,0.29744696119892805,0.297160747402268,0.005183785189242389
10.53,2.1077018719309923,0.02759796508565784,0.1693243080546321,0.3067587035974916,0.28598018708434886,0.0052382750927728264
10.54,2.1107132708309835,0.028327358615785447,0.17241961486649993,0.29511219842614655,0.2963790334480273,0.0052131692224989985
10.54,2.110715170487405,0.02822183497337629,0.17236917165160015,0.29511219842614655,0.3011604617410872,0.005225603207202678
10.55,2.113636123203289,0.028210183455668402,0.17493452931710313,0.3006416345758198,0.2886656019710304,0.005286429711369705
10.56,2.1165957313565404,0.02872648151335834,0.177813753023153,0.29918989972716536,0.2883374055801803,0.0052872211770212535
10.56,2.116597986256387,0.02860601520037273,0.17775628810309144,0.29918989972716536,0.2937851461100549,0.005301371866726806
10.57,2.1195453532591086,0.02902033650214739,0.1805955569132078,0.29975914193926667,0.29102465119009124,0.00531479517025675
10.58,2.122494137735872,0.029509891390882108,0.1834524286008982,0.2983637562619978,0.2886675904576575,0.00532047295844823
10.58,2.122502311469251,0.029089813026582093,0.18325246629177339,0.2983637562619978,0.3076268013868516,0.0053696646725843135
10.59,2.125441740234978,0.029414142268240358,0.18614049215158152,0.300265220469776,0.3023553091370117,0.0053952693315750455
10.6,2.128391167907813,0.030134688597352646,0.18934404132634738,0.3030170091222514,0.3103044798849514,0.005376142529404145
10.6,2.1283902931795864,0.030177955245038673,0.18936459350348978,0.3030170091222514,0.3083555857542804,0.005371091586793707
10.61,2.1313744569873077,0.030425020353555324,0.1921713702642009,0.3050448177053768,0.3006041866462976,0.005408699605765944
10.62,2.1343613358992624,0.03139959293407921,0.1956052762265794,0.3062432304731556,0.31950101778725326,0.00536328206422826
10.62,2.1343550880841207,0.031696957535858494,0.19574622358121666,0.3062432304731556,0.3061336643151808,0.005328676647601399
10.63,2.137362881612947,0.032046315801883274,0.1985976036370977,0.30424001848760573,0.30025327158381665,0.0053571752515807905
10.64,2.140339643890211,0.03269193276965422,0.20165063256794616,0.2975559868841486,0.3024835867850694,0.005351820775919582
10.64,2.140344566538006,0.03246645509003512,0.20154399009115867,0.2975559868841486,0.3125988365018322,0.005377978002181202
10.65,2.1432637756654667,0.03295688834395447,0.20458008975455502,0.2996683386959104,0.31008109090259933,0.005390166437241566
10.66,2.146193852154741,0.03368029560498806,0.20780589407297123,0.29759091326480164,0.31560210333916344,0.005376926453523377
10.66,2.1461828239633944,0.03416701158900542,0.20803561854451022,0.29759091326480164,0.29380938913199184,0.005320634698076961
10.67,2.1490968001628503,0.03483667624690543,0.21101986287684985,0.30244023397197567,0.2951021327424405,0.005314383413151822
10.68,2.152057110285509,0.03558903134224504,0.2140985740062474,0.3104733610197231,0.30074255907242403,0.005300872004600525
10.68,2.1520570655463884,0.035590934246746066,0.21409947030579143,0.3104733610197231,0.30065752074500507,0.005300652588487912
10.69,2.1550857522963667,0.03609098207693771,0.2169723010045315,0.29801742954218696,0.2969108786688839,0.005318750223586729
10.7,2.157994749140246,0.036897035767743794,0.22011895688518218,0.3018018994862033,0.3047540789794412,0.005299982832221565
10.7,2.1579942525944618,0.03691738807513854,0.2201285229210159,0.3018018994862033,0.3038463612761158,0.005297643311525378
10.71,2.1609307232196797,0.03780071881865506,0.22335749708606129,0.29746962371981356,0.30918357852240824,0.0052718908257372975
10.72,2.163835616438394,0.03821622724449414,0.22618669342038789,0.29455804625640675,0.29758075637166614,0.005299623904140659
10.72,2.1638336895813466,0.038292407181595364,0.2262224268871325,0.29455804625640675,0.29418957498543735,0.005290893158870563
10.73,2.166692618771207,0.03947637580267017,0.2296061242673195,0.2972214257503707,0.3065676369977354,0.005231233124047658
10.74,2.1695827043033855,0.04040865560783354,0.23294720501606248,0.30084775809384523,0.3187350532243465,0.005202182292246794
10.74,2.1695753042716697,0.04069109960431956,0.23307942981408286,0.30084775809384523,0.3061849977965352,0.005169906859240933
10.75,2.172507869695468,0.04111195730972475,0.23591055637743844,0.29821332638058656,0.29972032716112945,0.005201031599431759
10.76,2.1754162488169597,0.04162986336053494,0.2387138442205635,0.30371136790759695,0.29115263895054067,0.00522146551235068
10.76,2.1754166311621037,0.04161577552245069,0.23870726226060157,0.30371136790759695,0.29177744414465956,0.005223070601344228
10.77,2.178390242926324,0.0415107313375076,0.24093222252118443,0.3034260224031372,0.272364080397316,0.005316436978874615
10.78,2.1813282142006942,0.04232204854815322,0.24375134057961362,0.2948344228970506,0.27658274396855487,0.005306386370258401
10.78,2.181343421298788,0.04178107494989673,0.24349910998389396,0.2948344228970506,0.3005293310093962,0.005367837245059815
10.79,2.1842157687847252,0.04241192650927595,0.24643540316116605,0.3069132424134611,0.29859574658223476,0.005377126590994463
10.8,2.1871897049234925,0.04307094860239702,0.24932650457629862,0.29982202245390027,0.29440430316625243,0.005387101583040166
10.8,2.187197510345266,0.04280263201713107,0.2492016510972009,0.29982202245390027,0.3062593363451526,0.005417490769757712
10.81,2.1901080454878414,0.043290826213424415,0.2520541172103968,0.2963004382466378,0.30037056517113414,0.005445751334781372
10.82,2.192982179624117,0.044000352798820044,0.25502525410985827,0.30168396140580855,0.2989313583660855,0.005449172747976631
10.82,2.1929842729391056,0.04393076336486047,0.25499293582036875,0.30168396140580855,0.3020004267165407,0.005457031554813545
10.83,2.195905657911987,0.044555329023975986,0.2578992490303007,0.2987677869124597,0.29881404651584687,0.005472306856609167
10.84,2.198796855782737,0.04524496788494826,0.26081002417280774,0.2988608443866223,0.2953951035475833,0.005480425985425496
10.84,2.1987913202603306,0.04542297982903055,0.2608925331649931,0.2988608443866223,0.28755872605170996,0.005460381217366768
10.85,2.201669177458264,0.046542937708887434,0.2640593648581695,0.3008905637813835,0.29572187668411914,0.005421289214008483
10.86,2.204565914671697,0.04738758250827306,0.26708156458252796,0.29256997519565703,0.2985936818437072,0.005414476664460724
10.86,2.2045625216511233,0.04749318232902433,0.26713041518634195,0.29256997519565703,0.2939534500013884,0.0054026199905941735
10.87,2.2073781902963043,0.048451320252802695,0.2702249451752808,0.2923243358818282,0.2982980322748348,0.00538183652740308
10.88,2.210204022817223,0.049175674499164115,0.2731463013203123,0.3018366762141158,0.29557443262271427,0.005388290646349168
10.88,2.21020985963941,0.04899966643209369,0.2730650289870828,0.3018366762141158,0.3032953331151607,0.005407998100453265
10.89,2.21310922030225,0.050032474941944155,0.2762800207181306,0.30215295049621255,0.308398275529869,0.005383612571212958
10.9,2.2160092316982083,0.05105548458877737,0.27957534185099103,0.3020264319341066,0.3177392823290302,0.005361500560656441
10.9,2.2159985324236002,0.05136793499128448,0.27971933682834754,0.3020264319341066,0.3040579667195439,0.005326616128086925
10.91,2.2189048093560344,0.052026447272134006,0.282614913535891,0.2982175055465935,0.2999929426905678,0.0053460213274115305
10.92,2.2217727288538196,0.05287930146433726,0.28563589537703027,0.3049472532129565,0.3009234940145933,0.005343820846651729
10.92,2.221758472922173,0.05328267901909814,0.2858214395158016,0.3049472532129565,0.2832922540614653,0.0052989122234093095
10.93,2.224680942003751,0.05410751702156028,0.28862648253846884,0.29857205483112026,0.28251062624706025,0.005302639574539623
10.94,2.2275295898418026,0.05542019154521933,0.29194068389002314,0.30332647254564765,0.30413057956118644,0.005251568318740742
10.94,2.2275340204205962,0.055298688580752625,0.2918849026107874,0.30332647254564765,0.3094318382042805,0.005265057040768138
10.95,2.2304580892497192,0.055603255181224887,0.2945094292475312,0.3004986460342846,0.29625993518997723,0.0053278044741064505
10.96,2.233339737211765,0.0564671700737754,0.29746139429956064,0.3085430503186904,0.29578983189289976,0.00532891380589149
10.96,2.2333439059690106,0.056356322159244424,0.2974106017287515,0.3085430503186904,0.3006175892699517,0.0053411849203919524
10.97,2.2362971068169686,0.057019785127168425,0.30021945154957963,0.3001114104000645,0.2950846498602519,0.0053675150088363915
10.98,2.2391631175339812,0.05808722357009396,0.3033581526066073,0.30874842296833693,0.30338944641387544,0.005347938044138359
10.98,2.23915642167586,0.05825989674107331,0.303437122132798,0.30874842296833693,0.29588256937171725,0.005328877009851127
10.99,2.2421045363928225,0.059089785449140515,0.3063200590009559,0.3059641945436069,0.2937545406732739,0.0053389933788071985
11.0,2.245028479310116,0.059752602587175775,0.30898519742462904,0.30074244847200415,0.28171116365303944,0.0053673539295491166
11.0,2.245048490357442,0.05925204571695604,0.30875672234777773,0.30074244847200415,0.3034328202259515,0.005422451254008409
11.01,2.247924150646646,0.05990177197822237,0.3115737442101958,0.3003196823230055,0.2973388524284529,0.005451391346648396
11.02,2.250783571173092,0.060866718331198874,0.3145928127802226,0.3040589050144907,0.2993585171673663,0.005446640210348382
11.02,2.250780326218773,0.06094553797477722,0.3146287226652876,0.3040589050144907,0.2959440551969969,0.005437988298922007
11.03,2.25366603569617,0.06203450229473749,0.317709596663537,0.30487921033165943,0.29934965876948605,0.005421831763549886
11.04,2.2565503550720885,0.06313365881766181,0.32085899143365876,0.29691611862435974,0.30624278821114087,0.005405632761107018
11.04,2.2565415176128387,0.06334212504260375,0.32095378857763684,0.29691611862435974,0.29722795935684343,0.0053828135150107365
11.05,2.2593671887171336,0.06417325859131026,0.32383855374261,0.30196998515774964,0.2947734575651056,0.00539444603127202
11.06,2.26221285744272,0.06546589344309289,0.32713467507315624,0.2983865724637706,0.31017838186082497,0.005358281167731841
11.06,2.26220741200302,0.06559073945343846,0.32719134439743325,0.2983865724637706,0.3047886885900564,0.005344652177731033
11.07,2.26502635655676,0.06669203778041032,0.33035582163686766,0.29794986773832216,0.3080588872537574,0.0053291696307459484
11.08,2.2678650272446705,0.06723874328134544,0.33299694008216324,0.2998889874967761,0.28862543031911475,0.00537474545553735
11.08,2.2678871020442357,0.06674661670811093,0.33277395371800655,0.2998889874967761,0.30983578452935145,0.005428325756523303
11.09,2.270741399696073,0.06729224676221228,0.3355176261023421,0.30007212681230266,0.29988671110358595,0.005475381282974683
11.1,2.2735864076797356,0.06810544246544833,0.33833273728384927,0.3050456593091098,0.2917605736413313,0.0054944195595149755
11.1,2.2736052308689203,0.06769727805791728,0.3381481247242257,0.3050456593091098,0.30932299023461796,0.00553873967542122
11.11,2.2764715879798927,0.06892218711789098,0.34141544557452286,0.3031075999711528,0.31420662389579795,0.005515665160614228
11.12,2.279312577397857,0.07023221369910097,0.3448654944685721,0.3015699522943766,0.32782707152892454,0.0054837868270619355
11.12,2.279290785417911,0.07069185842622479,0.3450730121016782,0.3015699522943766,0.30808324756301186,0.005434012082407949
11.13,2.2821225219559085,0.07184206874140826,0.3482597639529182,0.30168513663891966,0.31105470727727424,0.005419986445069622
11.14,2.2849603421213187,0.07282297668992628,0.3513198313518038,0.30125474554484455,0.3088221433366073,0.00542520644699489
11.14,2.2849561668157854,0.07290868251994405,0.3513584563885068,0.30125474554484455,0.305146797398114,0.005415950115143384
11.15,2.287781216363589,0.07403298716159896,0.3544807670697838,0.3025084142641597,0.30713434271030343,0.005406578060562372
11.16,2.290632817883526,0.0747789845734236,0.3572366221369774,0.3015382555255792,0.2931805305295169,0.005439171028884561
11.16,2.2906457696602236,0.07452016847476188,0.35712018774205473,0.3015382555255792,0.3042611357238774,0.005467049493700321
11.17,2.2934688309892146,0.07557446727588894,0.3601635650044898,0.29859976510903774,0.3042826251227685,0.005466948263803123
11.18,2.2962733132829594,0.07643059547451611,0.3630029627332773,0.2985225452267252,0.29528467732647246,0.005487944456216989
11.18,2.2962686233484866,0.07652187933013001,0.3630439577468626,0.2985225452267252,0.2913828691128144,0.005478137421275216
11.19,2.299054088552865,0.0776118438274866,0.36598306130120295,0.2933514194258541,0.2920920635763765,0.005474799943665832
11.2,2.301797187738711,0.07870100495081897,0.36894240817622287,0.30183839220347886,0.293791799775594,0.005470837652613426
11.2,2.3018090553063155,0.0784758631183994,0.36884146662620326,0.30183839220347886,0.30340033902330266,0.005494964320464794
11.21,2.304623421997917,0.07956792887838841,0.3718788187706505,0.3006779227670366,0.3034943085363635,0.005494522536216497
11.22,2.3074142836977454,0.08084140600425047,0.37510096023913964,0.29986453837801835,0.3117752111351293,0.00547523787401536
11.22,2.3073967210822595,0.08116614035402665,0.37524630436180245,0.29986453837801835,0.29793836181384303,0.005440528474794506
11.23,2.3101774212756174,0.08244749750593422,0.37837271519824983,0.30089871959093917,0.30206435526531594,0.005421149815153671
11.24,2.3129705083790655,0.08360573022219195,0.3814417172520143,0.3002326705855552,0.30420364832402236,0.005416172720754376
11.24,2.312969378865595,0.08362609242343755,0.38145081552288546,0.3002326705855552,0.30333738333833704,0.005414001858430695
11.25,2.31574855318559,0.08488217668428498,0.38459564499463805,0.3008542311761365,0.30646533359547956,0.005399325148715159
11.26,2.3185575619426064,0.08570856081318239,0.3873475945815691,0.30511720806604364,0.2926311883045384,0.005431478843461476
11.26,2.3185641815730347,0.08559217755020165,0.38729567932990383,0.30511720806604364,0.29757473735554263,0.005443855226001828
11.27,2.321379231791183,0.08687360113813261,0.3903761476120813,0.30127075656495034,0.3005138626975574,0.005430077982042511
11.28,2.324166794384964,0.08794633563383467,0.3933066344323873,0.2972483650437536,0.2972110702166957,0.005437746907342257
11.28,2.3241749731758654,0.08780607832904395,0.39324417593243693,0.2972483650437536,0.30315929325658625,0.005452623969952475
11.29,2.326890396062401,0.08942567300946665,0.3966625284147357,0.29475547495257015,0.31401486180446747,0.005401787674910325
11.3,2.3296042714594845,0.09069379276410656,0.39993428227303995,0.29897996014707345,0.3198377143689221,0.005388280473138021
11.3,2.329583433247695,0.09104264722230755,0.40008938407563605,0.29897996014707345,0.3050648681226257,0.005351368190845441
11.31,2.332344089523147,0.09207173633927744,0.40303176874015495,0.2972005365225471,0.30202592621628777,0.005365585666263979
11.32,2.335072821155788,0.09332967325310673,0.40614643421129315,0.2979528358144441,0.3062031211619676,0.005355905286199794
11.32,2.3350375771315686,0.0939057441031436,0.4064021471790554,0.2979528358144441,0.2818445645799988,0.005295100643085811
11.33,2.337791931833768,0.09484752765904134,0.40903052763469483,0.30207824357333896,0.2765091583348872,0.0053200378631870415
11.34,2.3405539720642126,0.09615713826710738,0.41190755940413354,0.29811895895859686,0.28146242502844365,0.005308570088848127
11.34,2.340578746785616,0.09576170957247991,0.41173231454406223,0.29811895895859686,0.2981577692849691,0.00535020529672064
11.35,2.343343139924341,0.0964701103783123,0.4143256880961755,0.3003496362565104,0.28725964816240007,0.005401093171476225
11.36,2.346078091379741,0.09794141087515953,0.4174652029622305,0.30390864362493103,0.2990711631275615,0.005373773562675819
11.36,2.346086318700595,0.09781313340074403,0.41740844374102165,0.30390864362493103,0.30447917503229,0.00538724719979176
11.37,2.3488531225244182,0.09921529771245997,0.42058921470435456,0.3034953035767419,0.3082967753828494,0.005369438305515779
11.38,2.351620082400182,0.10048708179659793,0.42370606709904646,0.3015523365201734,0.3097962922732613,0.005365973304588557
11.38,2.3516130304894296,0.10059448615889853,0.4237535130804459,0.3015523365201734,0.30527511436827914,0.005354719941550949
11.39,2.35434081994824,0.10219505559314344,0.4270927850335277,0.3058888243703585,0.3133196409831053,0.005317228472066741
11.4,2.3571490590598816,0.10309417932967213,0.42985134971477307,0.30487945737223165,0.29674003070225063,0.005355503110939384
11.4,2.357153043067866,0.10303489083868499,0.4298252013101767,0.30487945737223165,0.29923203128958975,0.00536169986227264
11.41,2.359924515031832,0.10430535984881802,0.4328175216230725,0.30487945737223165,0.29923203128958975,0.00536169986227264
11.42,2.3626121070043116,0.1058806856891789,0.4361387185221315,0.29343301315824544,0.31214376853936476,0.0053281301847091156
11.42,2.362613711065907,0.10585733334894913,0.4361321675826825,0.29343301315824544,0.3135126576097957,0.005330567602627119
11.43,2.3652763183602703,0.10713247117224312,0.439293723890498,0.29870821944492526,0.3142325748320988,0.005327128190410075
11.44,2.3679913338296856,0.10823998693489233,0.4422710075812477,0.29878997188606365,0.3071099222092282,0.005344007945698502
11.44,2.3679861049645092,0.10831438696616841,0.442302791043595,0.29878997188606365,0.30390673740801466,0.005336267756227012
11.45,2.370696881043852,0.10948815542676638,0.4452573097045626,0.30302616077782346,0.30154318319445267,0.005347295411771937
11.46,2.373429327319823,0.11083566936684015,0.44831542316120904,0.30403705980015516,0.30342565596823623,0.005342944702380584
11.46,2.3734303424178718,0.11082154457420246,0.44830923384311655,0.30403705980015516,0.3040178265893907,0.005344410518814808
11.47,2.376165602886668,0.11215425613470095,0.45136253084614775,0.29881876961383336,0.30438567897240876,0.005342700317816658
11.48,2.378854795796382,0.11354044986956242,0.45448720823740824,0.30810050123066607,0.3079588502831498,0.005334471626621941
11.48,2.3788563063949857,0.11351988708341502,0.4544781878446918,0.30810050123066607,0.30881755347824125,0.005336600490140922
11.49,2.381641075435821,0.11461535804460529,0.45736386431178666,0.3042695231424487,0.30313733178927404,0.005362976803871971
11.5,2.384369990493738,0.115948872241797,0.4603858992226154,0.30162266002908467,0.3027243497213227,0.0053639267133753785
11.5,2.3843711731906176,0.1159331231506711,0.46037899949465405,0.30162266002908467,0.3033809099484718,0.0053655533129883986
11.51,2.3871051641675,0.11684302809372718,0.46307317235706524,0.30026819510597713,0.29385301355638516,0.005409753844280555
11.52,2.389787847556355,0.11824901094247278,0.4660764427359092,0.30204091472346933,0.29671630299187696,0.00540317427855734
11.52,2.3897829276598648,0.11831313940537051,0.4661044962905166,0.30204091472346933,0.2940466217017983,0.00539656628030773
11.53,2.3924668439633643,0.11981987742296693,0.4691638487654235,0.29810450365354885,0.2973819846780296,0.005381107774786688
11.54,2.3951406721090414,0.12099584939584417,0.4719636443100625,0.3001322769551706,0.28968494536544526,0.005398778279389322
11.54,2.395127588917448,0.12116282944126501,0.47203658398645876,0.3001322769551706,0.2827429411970827,0.005381611398600714
11.55,2.397800403611027,0.12251346337953695,0.4748534696947478,0.2980605086386322,0.2824471183257383,0.005382981184811288
11.56,2.4004163404594494,0.12439273238783766,0.4781948810111327,0.30768960467474715,0.30531236480954727,0.005330537027538139
11.56,2.4004031687500857,0.12455739302378002,0.4782667038159407,0.30768960467474715,0.2984758483952677,0.0053136467025620086
11.57,2.4031610582747613,0.12561920780511776,0.4809735954062358,0.3040661763406303,0.2906793021718266,0.005349714669356182
11.58,2.405829538580973,0.12723156934320212,0.4840923860583847,0.28884274973331164,0.3000568288025979,0.005328226113388155
11.58,2.405840209661237,0.1271009319558819,0.4840354895612031,0.28884274973331164,0.3054732139380832,0.005341595479532461
11.59,2.408391513933702,0.12854386472275448,0.487166735379808,0.29304371551847375,0.3076202104279252,0.0053316723030678494
11.6,2.410973428457246,0.13002983693134862,0.49035662207275016,0.295898724127835,0.31264919699252086,0.005320159032208078
11.6,2.4109493755022586,0.13031853403574986,0.49048219238251123,0.295898724127835,0.30069384590365,0.005290676597398394
11.61,2.4135466121782443,0.1319004223821919,0.4936355563375605,0.3002557401355134,0.3048028413634841,0.00527170269696267
11.62,2.4161838634491337,0.1334085390867255,0.49676904094163893,0.30089598132617185,0.3085832950189943,0.005263055744171266
11.62,2.416181477105756,0.133436615080202,0.49678123592056905,0.30089598132617185,0.3074220934364667,0.005260194796169751
11.63,2.4187910745094143,0.13525929025185715,0.500160974102916,0.2976304183989227,0.31599605069145187,0.00522063942748053
11.64,2.421406558715258,0.13662345667981923,0.5032585555107603,0.29506763304163497,0.3132363567078973,0.005226945843452705
11.64,2.4213874366022115,0.13684400786825207,0.5033542209477847,0.29506763304163497,0.30412605722214386,0.005204520560744994
11.65,2.42395532616165,0.1384826079730992,0.5065631744023198,0.2981392046232553,0.30883243460045073,0.005182827760259303
11.66,2.4266154253162253,0.13937852457091074,0.5090983515140719,0.30450016985075573,0.2843596187289362,0.005238701756483405
11.66,2.426661672997632,0.1388554143629229,0.5088717517718047,0.30450016985075573,0.3059414289414124,0.005291777691930871
11.67,2.4293720753155816,0.1397609529151472,0.5114795064245972,0.30376755544554485,0.29326462270904297,0.005350155133124696
11.68,2.4320187048851833,0.1412179562034606,0.5143849961609435,0.2963676299502443,0.29206308295459654,0.005352895884379058
11.68,2.4320297088462546,0.14109591904859173,0.51433220667535,0.2963676299502443,0.2970914455355708,0.005365250876434851
11.69,2.434622586503271,0.1424068207270657,0.5171885996801545,0.29520951245862287,0.2938769577494255,0.0053800404238069045
11.7,2.437157191396513,0.1442377983934805,0.5204964359529977,0.29942308386503363,0.3102071230946303,0.005342824455878959
11.7,2.4371467087469223,0.1443518656858643,0.5205457137437227,0.29942308386503363,0.30551271416054265,0.005331300423381418
11.71,2.43969597134496,0.14633951354882557,0.5239904160880839,0.2963917185766956,0.31644831197152895,0.005281032019399701
11.72,2.44226168375341,0.14787017869774796,0.5272002902607832,0.30226884625386397,0.31845683651973516,0.005276458771873661
11.72,2.4422364847800035,0.14813924404501114,0.5273163767112317,0.30226884625386397,0.3073966718655433,0.005249332232865097
11.73,2.4448315572936035,0.14980509698255806,0.5305045278003532,0.29735040096507387,0.31060208554880814,0.0052346108815811525
11.74,2.4473941762142264,0.15136385200262234,0.5336628959902469,0.301843398428673,0.3129185335189474,0.005229341246976715
11.74,2.4473939225062056,0.1513665104005959,0.5336640414369467,0.301843398428673,0.3128093881901582,0.005229073793191741
11.75,2.4500013290149325,0.15273182812942576,0.5366631540361798,0.29028932540356117,0.30918837394290827,0.005245689024697103
11.76,2.452484906840901,0.1543952096003568,0.539929745537317,0.2996306259273441,0.3169198283890241,0.005228116624046839
11.76,2.452427817772071,0.1549824566572446,0.5401824605899744,0.2996306259273441,0.2928367818477009,0.005169155279991177
11.77,2.4549904878027227,0.1566035221181082,0.5431726723662704,0.3009279491538658,0.2945730901902531,0.005161195205466643
11.78,2.457560279153331,0.15823676584410842,0.5461949796389967,0.30297038785562025,0.29796203687913336,0.005153499505576853
11.78,2.457558749777423,0.1582522094227369,0.5462016171133238,0.30297038785562025,0.2973294312484549,0.005151952104458161
11.79,2.4601454308747632,0.15984518020054955,0.549189943136921,0.30253726070051706,0.29775148129203827,0.005150018935164124
11.8,2.4627135754547584,0.1614863532922884,0.5522323649092353,0.29342110737133514,0.3006241272851323,0.0051435014428462935
11.8,2.4627275637576616,0.16134768488013007,0.5521728439697442,0.29342110737133514,0.30629760954081686,0.005157366925740551
11.81,2.465286632612968,0.1623170815962708,0.554792980225929,0.2976665980595909,0.2938631165090739,0.005214272028402653
11.82,2.4678095851265014,0.16394086764825427,0.5577877364465192,0.295414698458326,0.2963472129269264,0.005208641055540486
11.82,2.4678437226987273,0.16360844983489653,0.5576452233543628,0.295414698458326,0.3099329827243717,0.005241814191631965
11.83,2.4703673125949215,0.16505790182023755,0.5606540677553341,0.30319099398015803,0.3073920929585064,0.005253432092502709
11.84,2.472929021952399,0.1667214490517023,0.5637791950127392,0.30220693862902503,0.30965859466632917,0.00524829888131178
11.84,2.4729145636056766,0.16685974636455517,0.5638384129123291,0.30220693862902503,0.3040127114107559,0.005234525115903116
11.85,2.475466752807848,0.16843135644383847,0.5668479775172192,0.2921202829286684,0.30315444542343023,0.005238445999764434
11.86,2.477946231102965,0.1698799082627746,0.5697594544627265,0.2956638036484757,0.2978397472616229,0.00525047227958828
11.86,2.477947429057428,0.16986864940712867,0.56975463923481,0.2956638036484757,0.29829888711448954,0.005251591423176251
11.87,2.480462269803669,0.1712471004039862,0.5725695338011216,0.298655667743649,0.293578131478043,0.0052731388464846915
11.88,2.4829844842966504,0.17276704670772042,0.5754076114973443,0.3006560567948589,0.28925314878535363,0.005282917030547434
11.88,2.4830221150927763,0.1724194718609251,0.5752591329524793,0.3006560567948589,0.303412421160075,0.005317399892550992
11.89,2.4855744305760212,0.17375388973878655,0.5780623335646264,0.2956465050209079,0.29692678793113036,0.005346977256260976
11.9,2.4880995095853486,0.1749520979520623,0.5806183555307962,0.30002284842812227,0.27863303342475176,0.005388300968125486
11.9,2.4881627894005645,0.17437761926951853,0.5803732334875001,0.30002284842812227,0.30201109703975243,0.00544518547031285
11.91,2.490718469546688,0.17560614603924923,0.5830721105528325,0.3005449196294883,0.2929885135420601,0.005486296915175258
11.92,2.493215348647962,0.17736176644405152,0.5861017556492149,0.29953867835023673,0.29740494036134296,0.005476329290799333
11.92,2.4932158865012193,0.1773569667084028,0.5860997100743769,0.29953867835023673,0.29760005520917177,0.005476803642330131
11.93,2.495755408819935,0.17861984214270168,0.5887727214484152,0.2987086753854077,0.2890894188252485,0.005515549039228281
11.94,2.4982696568638985,0.18005271970651868,0.5914385966575585,0.3052316359379763,0.2791272398200734,0.005538013738546094
11.94,2.4983240402319575,0.17957555988299162,0.5912354720952306,0.3052316359379763,0.298504216335982,0.005585081339000162
11.95,2.5008814023373995,0.18109832868097542,0.5940819660289012,0.30919322076307887,0.29461232051463787,0.005602784345162799
11.96,2.503430645196347,0.18284993214855866,0.597055093793811,0.29322675777124235,0.2958079390818239,0.005600090540783783
11.96,2.503463068012231,0.18257029357362584,0.5969361982924396,0.29322675777124235,0.30715118800177066,0.00562762021404988
11.97,2.5058804260797047,0.18430202174480384,0.6000708725089485,0.2962204621702457,0.30892555577270325,0.005619556062667305
11.98,2.5083474134150228,0.18584645247519027,0.6030296727935803,0.3070852958700649,0.3031494188369931,0.005632558941146598
11.98,2.5083764206828847,0.18560033446546448,0.6029251421786526,0.3070852958700649,0.313123292462303,0.005656744520196456
11.99,2.510898857993279,0.18734003939346588,0.6060586138549895,0.2961644825936546,0.3131861875220796,0.00565645891752955
12.0,2.5133296878456166,0.18904415598921995,0.60920803092203,0.29418822684772905,0.31396351075858997,0.005654710545817072
12.0,2.513311323692868,0.18919741464694653,0.6092730490553638,0.29418822684772905,0.3077590646601796,0.005639678220805162
12.01,2.515694637032611,0.19116243933818983,0.6125640037530363,0.30158387398780473,0.31375361929304335,0.005612480356096966
12.02,2.51818679849584,0.19268825633002867,0.6154979831996014,0.30044218724706034,0.30473994758852824,0.005632736903619497
12.02,2.5181770173092963,0.1927685738205917,0.6155320204220509,0.30044218724706034,0.30149153904980514,0.005624873224758606
12.03,2.5206011183112866,0.19475174301524936,0.618736346136193,0.30296279974727824,0.3068134096865026,0.0056007477523809706
12.04,2.523052978013291,0.19662086822848066,0.6219154744362717,0.29955450079640833,0.31172855808157274,0.005589711201711054
12.04,2.523023886361341,0.19685590151002,0.6220149684940446,0.29955450079640833,0.302232102660739,0.00556674177737711
12.05,2.5254507269272533,0.19864924113248963,0.6250747786572879,0.29699319844907046,0.30328549710189084,0.0055619704675677895
12.06,2.527840729007451,0.20054378470075024,0.6282599659730689,0.2991131984712043,0.31003153071222367,0.005546835561705984
12.06,2.5278278395303353,0.20064627159683274,0.6283033052592163,0.2991131984712043,0.3058944513380573,0.005536837464804129
12.07,2.5302218076559253,0.20260447489806535,0.63151542398724,0.29830323193513025,0.3101986874270879,0.0055173579016542925
12.08,2.5326699048597163,0.20410723896762387,0.634360233380637,0.30954812434670786,0.29880906609048774,0.005542889409202907
12.08,2.5326717551541815,0.2040927578328608,0.6343541159579879,0.30954812434670786,0.29939308666322245,0.0055442996328713915
12.09,2.5351823450800617,0.2057446826912875,0.63721183062742,0.29992009836615496,0.29556515711467063,0.005561609153623551
12.1,2.5376070612526567,0.20743475341637224,0.6400742210151606,0.30271009116761805,0.2914347089083572,0.0055708604320645816
12.1,2.537634434818873,0.20722391187832448,0.6399852489357415,0.30271009116761805,0.2999296585820084,0.005591355930151071
12.11,2.5400476965221017,0.20912404864188155,0.643056398104122,0.29857442861569694,0.3019489651256577,0.005582232402800214
12.12,2.542422864069067,0.21103594917417912,0.646193163967472,0.30141875328051426,0.30714325326633246,0.005570608032154519
12.12,2.5423826821131037,0.21134064669638444,0.6463216105529208,0.30141875328051426,0.294877989419186,0.005541040585831325
12.13,2.544787111435924,0.21313843808799737,0.6492592081776166,0.2950090284281914,0.2945637110905904,0.00554245936829467
12.14,2.5470572379596805,0.2155152166836905,0.6527828135272288,0.29487425263371514,0.32016370526171356,0.005485216214367131
12.14,2.547032286398396,0.21570153718804985,0.6528612809024402,0.29487425263371514,0.31267010416376995,0.005467166589340757
12.15,2.549339161741954,0.21776517457242228,0.6561946152146756,0.29698093017326027,0.3184778722255081,0.005440969507331926
12.16,2.5516965082864225,0.21951550299756478,0.6593222272901353,0.29064083055197415,0.3159456702919403,0.005446626996481468
12.16,2.5516294824643384,0.22000848971745054,0.6595296508004416,0.29064083055197415,0.29613467055500503,0.005398948107528728
12.17,2.5538201243597807,0.2225903614340766,0.6630982651727256,0.29631094238088196,0.31320388880990063,0.005322017176757744
12.18,2.5561005091204243,0.22484063811601757,0.6666420882659733,0.3027869823232375,0.33144473427499976,0.005281296640591162
12.18,2.556005568650594,0.22552861658106896,0.6669312967009009,0.3027869823232375,0.30381948608987447,0.005214865842795532
12.19,2.558402517500737,0.22729261336192594,0.6698852251785975,0.30699997017459635,0.30145077435666473,0.005225532901421758
12.2,2.5607778233582232,0.22940990848127973,0.6731060046825796,0.3045254029715559,0.3105884272281537,0.00520515085776036
12.2,2.560752382012327,0.22959146372428346,0.6731822506890837,0.3045254029715559,0.30330461049679563,0.005187649680922426
12.21,2.5631755054622527,0.23119075378466522,0.675988098208951,0.30433651965242164,0.29691774472140353,0.005216388358818214
12.22,2.5655867897469777,0.2327996206021635,0.6786740530191923,0.2966376048082929,0.28437067294520724,0.005244352495410546
12.22,2.5656794797087987,0.2321481438458697,0.6784007240974085,0.2966376048082929,0.31048471061713073,0.005307046880214226
12.23,2.5680877007675607,0.2333224823715991,0.6809843046254234,0.2966631285840159,0.2958303699808781,0.005372932890028328
12.24,2.5703635950152224,0.23539619118960284,0.6841419347647273,0.2978815039258402,0.30466114475644407,0.005353267380297666
12.24,2.5703420492661064,0.23554541872704016,0.6842044886165626,0.2978815039258402,0.2986840673411964,0.005338929290964783
12.25,2.572685145995774,0.23719742902672566,0.6870158055503036,0.2996557897528494,0.2937493028989828,0.005361098116092436
12.26,2.57503175406387,0.2388937546960891,0.6897554848598098,0.29943251824776573,0.2849851544193788,0.0053805994758264345
12.26,2.575062244022445,0.2386856459383064,0.6896683254807265,0.29943251824776573,0.29331419913100276,0.0054005634397905145
12.27,2.5773443734274446,0.2407736111583065,0.692740319211694,0.2980900219459358,0.29721816468068546,0.005383039451824343
12.28,2.5796368526975706,0.2427084912941812,0.6957402802902014,0.3033079966818814,0.2984489888974052,0.005380302914588202
12.28,2.5796301364285252,0.24275367306805726,0.6957591868202779,0.3033079966818814,0.2966420686073052,0.005375975373938095
12.29,2.582016418665516,0.24428573347357696,0.698415861176048,0.2976322000186604,0.2879327368173638,0.005415038222560199
12.3,2.5842799168183057,0.24630205517734363,0.7013947370297526,0.29691601273539614,0.2923436309162554,0.005405239182977195
12.3,2.5843455594622906,0.24586679975453263,0.7012127597268263,0.29691601273539614,0.30973726564460213,0.005446863246292579
12.31,2.586543746755846,0.24826203531415988,0.7046713712405354,0.30092152204103273,0.31989500506306223,0.005401340376931436
12.32,2.588851667965104,0.25007987421785016,0.7077466235538705,0.2934512533002033,0.31441383890824653,0.00541350735662921
12.32,2.5887392014699926,0.25081504923635994,0.7080537395010437,0.2934512533002033,0.2850561878325865,0.005343308703059275
12.33,2.590922381143657,0.25305792467703514,0.7111537158450352,0.30234973841755125,0.29206990284516565,0.005311901046221206
12.34,2.5932217844264067,0.2549641955142602,0.7140107204728476,0.29969942906144725,0.28924741782295843,0.005318161355288418
12.34,2.5932325072231652,0.2548950839756875,0.7139818726405055,0.29969942906144725,0.2920053132567838,0.005324750666218181
12.35,2.595437860130972,0.2572371090639814,0.7171885280509843,0.2992573799828889,0.30006521805217756,0.005288686693641076
12.36,2.597669797010297,0.2593685635972419,0.7203461829721632,0.30323810372052334,0.30702277458624,0.005273266971176142
12.36,2.597719398438643,0.25905333216633264,0.7202147079710928,0.30323810372052334,0.31959329701005196,0.005303277360647356
12.37,2.6000259941866632,0.26088480081960547,0.7232832185969272,0.30406070031934607,0.3160096964971003,0.00531929951223672
12.38,2.6023172655474256,0.26282539936359706,0.7263736960944164,0.304747779517473,0.31292438321960425,0.005326131957044014
12.38,2.60229291487345,0.26297798416385026,0.7264372828225132,0.304747779517473,0.306844125096703,0.005311627623220452
12.39,2.604677068104706,0.26433074144540747,0.7290008634158659,0.3014966501239297,0.2926447516412696,0.005375062686890401
12.4,2.60692417749683,0.2663704831286476,0.7319549355859295,0.3070984219505347,0.29386904195894786,0.005372353620237344
12.4,2.6069173151184284,0.26641288598949414,0.7319725919007803,0.3070984219505347,0.2921805427656015,0.005368328902259981
12.41,2.6091762579012956,0.2685748823080693,0.7349813526767082,0.29506086876323206,0.294626323582545,0.005357411029276901
12.42,2.611400061732083,0.2703803698881242,0.7377559536155381,0.30534792816908696,0.2870181320637263,0.005374232984730314
12.42,2.611444290615127,0.270110821901915,0.737643801897393,0.30534792816908696,0.2977444790182951,0.005399780379421974
12.43,2.6136680378195636,0.27236009585664056,0.7407706618337151,0.29956827219204935,0.3019472852841904,0.005381033822029397
12.44,2.6158979659843387,0.2742844862792124,0.7436941634856254,0.3044477485070024,0.2976935904285768,0.0053904315417897
12.44,2.6159096483465785,0.2742142594210211,0.743664966294388,0.3044477485070024,0.3004863397972759,0.005397077969257976
12.45,2.618139628883937,0.2763282975781468,0.7467107661474703,0.30148972257435247,0.3016378781857358,0.005391945532954974
12.46,2.620362778073433,0.2782956530379439,0.749652182338695,0.2964266631195304,0.29831519588993294,0.005399280656544725
12.46,2.6203938289522504,0.27811152219168556,0.7495756865807721,0.2964266631195304,0.30563287028434233,0.005416682380005524
12.47,2.6225533077174843,0.28017005867766853,0.7526634767730697,0.2905150073034491,0.3065179264630356,0.0054127407095251965
12.48,2.6246603541114815,0.28227348257697366,0.7558363771291828,0.30140094401577977,0.3112928205852726,0.005402207853137742
12.48,2.6246743333270737,0.2821916678149978,0.7558024098778234,0.30140094401577977,0.31454250239374604,0.005409929754203278
12.49,2.626824703896869,0.2844892321554156,0.7591228664566428,0.2960764717198074,0.31946665167813043,0.005388016526744469
12.5,2.6289976561969794,0.2864177223598689,0.7622076582684643,0.30592537121481694,0.31459608564485797,0.005398752143111082
12.5,2.628959282869254,0.2866393546720263,0.7622996119405925,0.30592537121481694,0.3057978805730564,0.005377861922840242
12.51,2.6312424411132516,0.2883435356848513,0.765051412371723,0.3047137256216389,0.29718372710916874,0.005416166857391051
12.52,2.6334474889158783,0.29037585462145404,0.7679536004827515,0.29387885486375914,0.2940961610853775,0.005422967191646105
12.52,2.633455219362683,0.2903318006272547,0.7679353359180388,0.29387885486375914,0.29584390888188694,0.005427113814857293
12.53,2.6355403405893245,0.29256953609455233,0.7710374328868145,0.30329157231362813,0.29988585673761187,0.005409154029988001
12.54,2.637702365872979,0.2947351127956335,0.7740892803212853,0.29701890154008853,0.3022349680887401,0.0054039840913210615
12.54,2.6377192433768686,0.2946401779605696,0.7740499461326814,0.29701890154008853,0.3059992655227175,0.005412908263418446
12.55,2.6398169783073184,0.29686938477483205,0.7772238538922981,0.29895741923809277,0.3092045432006175,0.00539867692649849
12.56,2.6420003189619616,0.2986814104656455,0.780042281537775,0.30030032556706865,0.2970739556376992,0.005425353664396098
12.56,2.64199266046309,0.2987239362597725,0.7800598902671614,0.30030032556706865,0.29538862188008275,0.005421361214860417
12.57,2.644052958619561,0.3012612149026755,0.7833306716978748,0.30471962578321554,0.3043057097933229,0.005381799599499492
12.58,2.6462902293920387,0.3029778042693262,0.7859589636382246,0.3028490334497673,0.28591670336844444,0.005422208734838022
12.58,2.646314033054951,0.30284733407883097,0.7859049742140494,0.3028490334497673,0.29108456203238403,0.005434441790853095
12.59,2.648428461296335,0.3051141068310996,0.7889108129495523,0.29779655290621077,0.29375770666465273,0.005422591045812367
12.6,2.6505464033972403,0.30713889030127084,0.7917611074561816,0.303087901790185,0.28988778740226145,0.005431088618960326
12.6,2.6505335838025585,0.30720826092155795,0.791789796011351,0.303087901790185,0.2871414461070767,0.005424592544852446
12.61,2.6526838561538755,0.3092339806985628,0.7945653631770508,0.29730049136258635,0.2844441223493436,0.005436541496475422
12.62,2.654761736109989,0.3114010331131887,0.7974505866222804,0.3031110178653806,0.28625239404774666,0.0054325738798000536
12.62,2.654768593906334,0.3113643919225736,0.7974354423966173,0.3031110178653806,0.2877022894385057,0.005436000820265462
12.63,2.656775132835672,0.3141226031190577,0.8007530512000576,0.3036216249814114,0.300101859842288,0.0053811127219345
12.64,2.658899309098178,0.3162311764248818,0.8036885566791917,0.2986678147881297,0.2971969048981542,0.005387481846344685
12.64,2.658884760446295,0.31630792710459726,0.80372025965802,0.2986678147881297,0.29416138347636617,0.0053803125271887865
12.65,2.6609250908011117,0.3186350398996183,0.8067932999956303,0.3007270738132068,0.29786036140758104,0.0053639507907192905
12.66,2.6630534035924813,0.3205223208742657,0.8095057252674553,0.2895573493852327,0.28605709790112777,0.005389810166273512
12.66,2.663073536685872,0.3204174290516009,0.8094624220114144,0.2895573493852327,0.29020374701922436,0.005399596452441739
12.67,2.6650870667665933,0.32246776571564634,0.8123256247442033,0.30110815677672276,0.2891106924425072,0.005404427784525197
12.68,2.667171367967609,0.3245853114528488,0.815151577083529,0.3010627087462047,0.2862213928291069,0.005410753146651582
12.68,2.6672384210838977,0.3242402141073745,0.8150091782240176,0.3010627087462047,0.29985863707178956,0.005442913775910868
12.69,2.669363774548182,0.3261170722253378,0.8177738269563388,0.2994145398598099,0.2932738127245504,0.005471997358563614
12.7,2.6714195131758522,0.32828542122258464,0.8206868205939958,0.30762233344062273,0.2923982008117317,0.005473912860692342
12.7,2.671413607538239,0.32831544328204165,0.8206992022782161,0.30762233344062273,0.2912123144501201,0.005471118261252651
12.71,2.6735687122012726,0.330261688990197,0.8233856061034591,0.30380880224609763,0.28485848757483484,0.005499160909528477
12.72,2.6756029909433403,0.33262877581825573,0.8263694396765184,0.29864434771883763,0.2908566323065983,0.005486048957394288
12.72,2.6755398306517386,0.3329458916482143,0.8265001523859343,0.29864434771883763,0.2783360570989859,0.005456565349797042
12.73,2.6775509170130394,0.33520666711008296,0.8293308066437552,0.2998950089426905,0.27966740728361683,0.005450693740425344
12.74,2.6795826922083616,0.33736474103935493,0.8320801077691984,0.29255861972339375,0.27756637705129855,0.005455283219791526
12.74,2.6796430757237872,0.3370652158602547,0.8319567051706651,0.29255861972339375,0.2893879088346928,0.005483100278806637
12.75,2.681644468677537,0.33908522921677386,0.834742622147314,0.29624593915650876,0.2863485433841455,0.005496494893962718
12.76,2.683566009746403,0.3416238521559564,0.8379312120151643,0.3008002380736296,0.30076779698129724,0.005465020609235887
12.76,2.6835492629661397,0.3417059462647936,0.837965020066972,0.3008002380736296,0.2975287857702307,0.005457404515358168
12.77,2.685726138755295,0.34313432877451,0.8403391512033247,0.2986212545139753,0.2806040610553781,0.005531938210594031
12.78,2.6877251172095242,0.34532732422204926,0.8431152303293072,0.29872733854033695,0.2792751339681658,0.005534836871882334
12.78,2.687794267079571,0.3449923646810241,0.8429773486853708,0.29872733854033695,0.2924863102576511,0.005565878533686928
12.79,2.689773004395796,0.34726193647901454,0.8459316788555111,0.2981050514172274,0.2933159568129663,0.005562227556436341
12.8,2.691726577996912,0.3496330982683158,0.8489925306489927,0.3084656182863596,0.29897991664936324,0.0055498822759142445
12.8,2.691784924283759,0.34935378481947943,0.8488776035095705,0.3084656182863596,0.3099927795848945,0.005575739898961672
12.81,2.693701796361586,0.35221225864777833,0.8523872591973484,0.29647717183336664,0.32152927635372486,0.0055250085769397925
12.82,2.69563711947671,0.3545080497623663,0.8556655746716029,0.2922341698125024,0.32432484795094757,0.005518919700708594
12.82,2.695512494493647,0.3550976114296381,0.8559080510247304,0.2922341698125024,0.3010873425337166,0.005464398676153979
12.83,2.697412917008206,0.3574139434552749,0.8589949313966306,0.30561437006989606,0.3032275400943131,0.0054549940062857
12.84,2.6994372586126762,0.3595767865356159,0.8618868994567939,0.29839456725090263,0.29700350959692245,0.005468540447317467
12.84,2.6994836481963658,0.35935987628445576,0.8617977225813183,0.29839456725090263,0.30555052946869626,0.0054885794728827385
12.85,2.7014051389789193,0.3617379462729321,0.8649353669833149,0.3035759058339919,0.3078635135944156,0.005478422810002709
12.86,2.7033826976489177,0.36397916579885675,0.8679540766723057,0.2923868900885177,0.3052051136115124,0.005484204596283703
12.86,2.703361205937434,0.3640784920288926,0.8679948961630833,0.2923868900885177,0.30129245218648715,0.005475037690387132
12.87,2.7052055079246973,0.3665465263288215,0.871179995445364,0.3025511884412371,0.30614102800739385,0.005453762056788464
12.88,2.707246191850542,0.36844579523543186,0.87384437528264,0.30484928454377885,0.28852733087875665,0.005492042915916038
12.88,2.7072984844236285,0.3682068744384762,0.8737462209174274,0.30484928454377885,0.2979366111304407,0.005514072016190605
12.89,2.7093395358340557,0.37014913987159465,0.8764337279991767,0.29973434925424314,0.28971721702279973,0.005550113218226643
12.9,2.711254011867815,0.3724686052470049,0.8793461935273562,0.29984298235349205,0.2903957128640329,0.005548639654194224
12.9,2.711269340604988,0.37239937411266305,0.8793177620666414,0.29984298235349205,0.29312147486658674,0.0055550166975222425
12.91,2.7131291157224777,0.37494257761629896,0.8824228041154328,0.29951602110971814,0.2980170819930042,0.00553356516162445
12.92,2.7150310715872754,0.3772536106630723,0.8854021673525218,0.2973643639834628,0.2979812518132168,0.005533642922779589
12.92,2.7150403361886775,0.3772122414211898,0.8853851835901367,0.2973643639834628,0.2996096646472372,0.005537449969902733
12.93,2.7167853397564596,0.3801174973602801,0.8888307532647725,0.2952096945564832,0.3122690916492907,0.005482018107470459
12.94,2.718697673008918,0.382191197929785,0.8917439360456656,0.29871971818167603,0.3029734298843888,0.005502177950231218
12.94,2.718657693067144,0.38236773337305024,0.8918163907903005,0.29871971818167603,0.29602576008703485,0.0054859465336435905
12.95,2.7205379879920293,0.38468763791789984,0.8947707670392128,0.30420191828539456,0.29586010325223455,0.005486671386039773
12.96,2.722359580600683,0.3873984205856126,0.898054756886509,0.2969711342037119,0.31029785285403977,0.0054553817394919196
12.96,2.72232009499667,0.3875708155127765,0.8981254911307103,0.2969711342037119,0.3035145116604915,0.005439545369194124
12.97,2.7241484504883164,0.3899908437768154,0.9012326113074883,0.29767866494957346,0.3055418953093099,0.005430680503437392
12.98,2.7259786565621678,0.39239316301934635,0.9043543353321644,0.29516215725469475,0.30848401981155754,0.005424308768057927
12.98,2.725932037900962,0.3925944544397258,0.904436905172469,0.29516215725469475,0.3005649007516222,0.005405833753153423
12.99,2.7277006106346198,0.3951598303103187,0.9076238463075942,0.297287057911792,0.3056717671883286,0.005383519213683972
13.0,2.7295245307689453,0.3975399551473495,0.9107137485060256,0.3015808896377685,0.30714430781780633,0.005380332370408319
13.0,2.7294567840400576,0.3978292779280678,0.910832402624367,0.3015808896377685,0.29576332923897436,0.00535379947332449
13.01,2.731075575537083,0.401184330245281,0.9145133052351624,0.3000421603976935,0.31613830894523615,0.005264832459393076
13.02,2.7329246969727503,0.40349531340681244,0.9176092813202268,0.30454955573865583,0.31323580224688063,0.0052711096394139475
13.02,2.732902454020961,0.40358925841598414,0.9176478000002937,0.30454955573865583,0.30954084492710354,0.0052625014298324415
13.03,2.7347659958532744,0.4059561384717848,0.9207043886683801,0.3053738439933015,0.3084472115603394,0.005267273459921538
13.04,2.7365070052426357,0.40884239487411606,0.924220040048507,0.30867145392108236,0.3275820191357973,0.005225919740278912
13.04,2.736391894273614,0.4093231767852536,0.9244171178300258,0.30867145392108236,0.3086752720670781,0.005181902809947648
13.05,2.7381054970118512,0.41235735477541124,0.9279333569962515,0.29484449518778605,0.3207753898012072,0.005129140743633881
13.06,2.7398561968759396,0.41479472742193463,0.9312129313612384,0.2981491608706907,0.3239627538227233,0.005122257035293111
13.06,2.7397234950485303,0.41534290726956624,0.9314375896568412,0.2981491608706907,0.30240802273782696,0.005072109884003764
13.07,2.74154087264324,0.4175956711648556,0.9343545951222646,0.3055413281723215,0.2993912079052084,0.0050852555566611776
13.08,2.7432816237540125,0.42032101759831614,0.9376125271718547,0.289297600459478,0.3111087731161144,0.005059966672152616
13.08,2.74323632098675,0.420506123588884,0.9376883746197926,0.289297600459478,0.3038309415210562,0.005043046391458246
13.09,2.7449666961719372,0.4227804112348426,0.940680239860791,0.2969507911676076,0.30252231980010563,0.005048744771624632
13.1,2.7466943579470167,0.4252638880049894,0.9437867171689341,0.29485675209545964,0.3061286297378732,0.005040966949261744
13.1,2.7466646631499176,0.42538394178922123,0.9438359044686406,0.29485675209545964,0.3014084909128014,0.005030000566126245
13.11,2.748410947811239,0.427726908263291,0.9468127073914241,0.30389726364693037,0.30035797362619027,0.005034571919627759
13.12,2.7501651900654878,0.43026429840799024,0.9498873262421109,0.29778166869758094,0.3035110341588769,0.0050277762676192266
13.12,2.7501164696364144,0.43045917081728197,0.9499671577120166,0.29778166869758094,0.2958494855862605,0.00500998817191891
13.13,2.751854065302973,0.4328683713421214,0.9529144193097879,0.301434633903573,0.29553294374972444,0.005011364678195694
13.14,2.753573048204371,0.4354410645269259,0.955977699284406,0.30493531881448377,0.30032449995540295,0.0050010446607710235
13.14,2.753579481596896,0.4354156055777591,0.9559672709047387,0.30493531881448377,0.3013254209350826,0.005003366959658998
13.15,2.7553988446333366,0.43767641730638884,0.9588082127630952,0.30823747593787465,0.29646959681196483,0.005024468621745002
13.16,2.757157669278608,0.44022651062879115,0.9618037072294728,0.29949720351684056,0.2978366905067606,0.005021526177047182
13.16,2.7571480780105944,0.44026405688904197,0.9618190845944371,0.29949720351684056,0.29636062617023595,0.005018103781540463
13.17,2.758911349962238,0.4425250387005876,0.9646376681228006,0.2991053466797758,0.29227363474671897,0.005035852427944984
13.18,2.7604959077167828,0.4454448585575674,0.9679992358419728,0.29891512194379544,0.31175338201391845,0.0049939537140945445
13.18,2.7603987471031664,0.4458212130334782,0.9681533633517119,0.29891512194379544,0.29695739923993825,0.004959670899191684
13.19,2.7621116648897677,0.44822714313483775,0.9710778421640587,0.30567394986536167,0.29568647751062166,0.004965186454755584
13.2,2.763857677829294,0.45064422274986504,0.9739407866843689,0.29346269472645625,0.2915171906723253,0.0049741480979469364
13.2,2.7638390472777328,0.4507156296620614,0.9739700277021247,0.29346269472645625,0.28870984226885027,0.004967647731016589
13.21,2.7654435761331655,0.4533212469018437,0.9769879028359947,0.2969947617173919,0.29239571275629067,0.004951662437080404
13.22,2.7670841860653344,0.45586982884122157,0.9799927191708749,0.3002133679285017,0.2959853354761771,0.004943951905339382
13.22,2.767096117220988,0.4558245675338821,0.9799741848350072,0.3002133679285017,0.2977649294058645,0.004948069774332025
13.23,2.7686219741711398,0.45886453954965867,0.9833588452897171,0.2977201871701316,0.3092368702386131,0.004898350052098957
13.24,2.7702643521741495,0.46138310709608427,0.9864864872757383,0.30317656685041156,0.31080283498548283,0.004894988589365384
13.24,2.770236092062109,0.4614892097671074,0.9865299355084186,0.30317656685041156,0.3066307231185209,0.00488534100130496
13.25,2.771968687299759,0.46379454327470526,0.9894299919905954,0.30387959585587554,0.3019445853517034,0.004905637411261599
13.26,2.773628765439473,0.4663642674547874,0.9924787156912945,0.30283566657326644,0.3032444314837237,0.004902849042536075
13.26,2.773586146686728,0.46652261856129523,0.9925435578644362,0.30283566657326644,0.2970173977600979,0.004888459189395489
13.27,2.7751295992120273,0.4694562340041031,0.9958121647587553,0.2957322611264021,0.30542977941140353,0.004852047849989687
13.28,2.7767725470930573,0.4718140682675625,0.9987476782657682,0.29737337420912485,0.30015592095036564,0.004863353610986704
13.28,2.776890713722002,0.47137949755155917,0.9985697244910622,0.29737337420912485,0.31724704291605627,0.004902822889748445
13.29,2.7786144253025666,0.47347294851871025,1.0014385685745621,0.3012269453945872,0.30868785738773435,0.0049398453069672225
13.3,2.7801727393758795,0.4762347825823709,1.0047429834434545,0.2946439502720073,0.3183465383727034,0.004919153264676497
13.3,2.7801152776958524,0.47644396340677925,1.0048286454893733,0.2946439502720073,0.3101185928022645,0.004900164590984325
13.31,2.781661489938467,0.47905670747385093,1.0080223982834107,0.2963864204328286,0.3127281644974954,0.004888884377165567
13.32,2.7833875378629127,0.481043555896009,1.0106551100061154,0.2967996489985982,0.2907682640215102,0.004935898813663017
13.32,2.783505706712429,0.4806176666758742,1.0104806875952164,0.2967996489985982,0.30752327579904903,0.004974541177912864
13.33,2.7851482220509767,0.48290366616533587,1.0133852761598139,0.29940796384250795,0.30271238150392316,0.004995323343568276
13.34,2.7867538345150105,0.4853708288313437,1.0163411824014448,0.30132949796368397,0.29955005751005076,0.005002089214142222
13.34,2.786798792877391,0.48521041257247827,1.016275478078276,0.30132949796368397,0.3058621851183074,0.005016637491623298
13.35,2.7885394400699854,0.4872326556912555,1.0189318079595475,0.3047092525323947,0.29452001302211817,0.0050656017549787925
13.36,2.7901553695902948,0.48975504743616904,1.0218104227312481,0.30097148586533035,0.29156326434580926,0.005071923679503804
13.36,2.7902960043236322,0.4892583042911222,1.0216069479223868,0.30097148586533035,0.311112587816055,0.005116951975168457
13.37,2.79191263892954,0.4916702684831267,1.0246016704124823,0.30341981737023616,0.3078305694932864,0.005131111318429087
13.38,2.7936733219016157,0.49362165051399476,1.0270689843837157,0.3050094971489551,0.28069821853318605,0.0051890863519330165
13.38,2.7937544527766565,0.4933379502380434,1.026952764452035,0.3050094971489551,0.29186532987704933,0.005214791121005444
13.39,2.7953948491797047,0.4957122254201642,1.0297009570890188,0.29495327834503215,0.28705892884663675,0.005235513629998019
13.4,2.7968669538264055,0.4984059258766572,1.0327282075113966,0.2963004858521868,0.294016052898759,0.005220657587770823
13.4,2.796785589016024,0.4986876339589156,1.0328436259490814,0.2963004858521868,0.2829249570785794,0.005195144236420224
13.41,2.798231568807896,0.5014940239829053,1.0358642233093587,0.3032345169643489,0.2883205562576912,0.0051718963572984855
13.42,2.799697236926692,0.5043833263266381,1.0390124642827603,0.3064446385275319,0.30009088847413107,0.005146778476271061
13.42,2.799680434781114,0.5044409300119428,1.0390360686178026,0.3064446385275319,0.2978224345598402,0.005141563596389123
13.43,2.8011396167148526,0.5073947399195611,1.0422490340574035,0.30118894658744483,0.3044419422984563,0.005113060517324269
13.44,2.802684800315714,0.5098903811075396,1.0451983794037507,0.2927636059449623,0.3002195048574383,0.005122065429930485
13.44,2.8027157752929575,0.5097852375888582,1.0451552884475108,0.2927636059449623,0.30436105701695204,0.005131580234666565
13.45,2.80437164705571,0.5117111012309271,1.0477419324129111,0.30558370006057384,0.2914743689681964,0.00518703398425506
13.46,2.8058813713737627,0.5144080593785008,1.0507061015603594,0.30209000274124914,0.2936695384243511,0.0051823554757245375
13.46,2.805932387951498,0.5142365627880944,1.0506358036188579,0.30209000274124914,0.3004266068171602,0.005197869288661455
13.47,2.80737305329639,0.5170543860844352,1.0537878482232084,0.2985199456595745,0.30459422994279167,0.005179946621156599
13.48,2.808878260727289,0.5195611972453893,1.0567463486044995,0.3041571521894983,0.3007104624372839,0.005188218740385723
13.48,2.808892460398348,0.5195139256182317,1.0567269676368238,0.3041571521894983,0.3025735349450601,0.00519249352831782
13.49,2.810448412925304,0.5219500657916293,1.0595980749419818,0.2972817829795494,0.298212540717822,0.005211235937402176
13.5,2.8118846311400847,0.5246062091937628,1.0626393505443554,0.29926380154850185,0.3008398178226329,0.0052056435826018516
13.5,2.8119500570780507,0.5243905001179043,1.0625508922351057,0.29926380154850185,0.30934397773707273,0.00522514391002574
13.51,2.8134477471434103,0.5268758379951176,1.0655466386282195,0.3028249980279497,0.3065885912954149,0.00523697839032229
13.52,2.8148269221224207,0.5298007796664304,1.0688770338634679,0.29882923284752283,0.31833775045870055,0.005211985183716157
13.52,2.814735958431629,0.5300978115310568,1.068998870119868,0.29882923284752283,0.3066236834197911,0.0051851413252541195
13.53,2.816274638346713,0.532388394384848,1.0718201588856016,0.2985938822303164,0.29971474312503826,0.005214796873853266
13.54,2.8178125463008854,0.5346685812312224,1.0744880350309776,0.3044916182367482,0.28508840113963535,0.005245890999584957
13.54,2.8179522569414637,0.5342166964298836,1.074302631085478,0.3044916182367482,0.3029158170818693,0.005286718562787984
13.55,2.8196285664603713,0.5361486043815609,1.0767821178707468,0.2937595633081423,0.28741121759436283,0.005353228110684962
13.56,2.8210053634406957,0.5387915949491903,1.079708427605769,0.296652915400358,0.28972993633782523,0.005348301829381176
13.56,2.8210271299793153,0.5387218568992146,1.0796798065947675,0.296652915400358,0.2924822159593099,0.005354601045624345
13.57,2.8224022918018936,0.5414140290176238,1.08266137324218,0.29675208976588563,0.29408288317534836,0.005347738986084992
13.58,2.823809454071474,0.5439839647863179,1.0855542747638596,0.2955930074610118,0.2919537790474746,0.005352259602050132
13.58,2.8238090078443028,0.5439853811508987,1.0855548562361361,0.2955930074610118,0.29189785808365915,0.005352131693793393
13.59,2.8251320734710563,0.5467823841331172,1.0886077716020757,0.29943953575437404,0.29567616411647774,0.005335944125448371
13.6,2.826494509344312,0.5495161022075273,1.0916420285103143,0.29869228640113765,0.29911890986238426,0.005328638854883846
13.6,2.8265886380208545,0.5492201033596766,1.0915204689423443,0.29869228640113765,0.3108104769604606,0.005355364468913352
13.61,2.828228215974314,0.5510459830792801,1.094015460135417,0.2959805865530389,0.2935139849233175,0.005429422920049459
13.62,2.8294747384713332,0.5540223069868099,1.0972818623657046,0.29528328603806087,0.3082309333908302,0.005398213850017402
13.62,2.829429952619233,0.5541618403056721,1.0973391855239207,0.29528328603806087,0.3027171268358861,0.005385617677944205
13.63,2.8309158015256912,0.5563648929135011,1.1000474897539168,0.2994827745101749,0.2937211877029894,0.005424111963795506
13.64,2.8322163173879447,0.5592134638873136,1.1031556019687039,0.3002747673083855,0.3013140304485541,0.0054080203269151386
13.64,2.8321785149963614,0.5593301573560983,1.1032035599075865,0.3002747673083855,0.2967006459058642,0.005397487623256874
13.65,2.8336399032710764,0.5616744031618799,1.1059212604014326,0.2973707457139905,0.2896668578496959,0.0054275673060413575
13.66,2.834889832031469,0.5645854174474664,1.10905998671932,0.29660970415252413,0.30042150700565456,0.005404788766386491
13.66,2.8348577794684435,0.5646834519435195,1.1091002917157287,0.29660970415252413,0.29654397261838933,0.0053959414803497795
13.67,2.8362869736110854,0.5670211083673808,1.1118254848234395,0.30282715523704135,0.28976547317607226,0.005424911767520153
13.68,2.8376522115645035,0.569667582645361,1.114656573218618,0.304725855473097,0.2868078170692824,0.005431172312886047
13.68,2.837709957951155,0.5694925820651372,1.114584596498005,0.304725855473097,0.2937329218070356,0.005446963544568328
13.69,2.839091572231931,0.5721082245201142,1.1174329799889795,0.3034967857133304,0.29122322654995425,0.005457683093941331
13.7,2.840332259979651,0.57508849913919,1.1205914004001765,0.29506013121238617,0.30216218211423124,0.005434542406695428
13.7,2.8402828385195416,0.5752368845603897,1.1206524542488838,0.29506013121238617,0.2962874948606708,0.005421154560870947
13.71,2.8417303623225103,0.5774087495621125,1.1232520106010526,0.29759219189527264,0.2860356247904725,0.005464916441141021
13.72,2.843080622942508,0.5799046779050188,1.1259341375427256,0.29669694717286976,0.2781160202691151,0.005481659732431354
13.72,2.8431638542193607,0.5796570291417091,1.1258321953601411,0.29669694717286976,0.28792588327978014,0.005504001947318007
13.73,2.8443198734141095,0.5826879461713125,1.1289767545063691,0.2933674343597989,0.2954122783252425,0.0054720642209718584
13.74,2.8455639519952522,0.5853799738712309,1.1319653490220631,0.29945027708696076,0.29694408198277944,0.00546882770004863
13.74,2.8455057507181123,0.585551604783229,1.1320360329690033,0.29945027708696076,0.2901416060619425,0.005453344217089318
13.75,2.846815824222221,0.5881508284310777,1.1348540914690903,0.2992491444131832,0.287789269644298,0.005463373504826464
13.76,2.848046518444502,0.5909660740643139,1.1378276178124471,0.30340543784777846,0.2920390479919906,0.0054543996176256975
13.76,2.8480949641873026,0.5908244948370462,1.1377692824983672,0.30340543784777846,0.2976535968254834,0.005467171529314703
13.77,2.8493933495664545,0.5934997348354276,1.1406886338976439,0.29993493195566434,0.29603978574579826,0.0054740479712689
13.78,2.850699872605416,0.5960613091498882,1.1434925470002606,0.2980238118650944,0.2890856506663525,0.0054887236260143
13.78,2.8507468725268668,0.5959251936083517,1.143436435919314,0.2980238118650944,0.29448658574711517,0.005501002270443611
13.79,2.852098348316076,0.5983107904730606,1.1461342030972625,0.303363127657309,0.28751288001674463,0.005530699515082687
13.8,2.8533701398668403,0.6010139306157133,1.148950098880369,0.3044791760593571,0.28488048884282496,0.005536251468962643
13.8,2.853543493931401,0.6005163744581961,1.148744887108727,0.3044791760593571,0.3046346907144721,0.00558113452277463
13.81,2.8545565163887834,0.6039447863748357,1.1522843671087128,0.2928675441782972,0.31855268456016816,0.005521900442872687
13.82,2.855679598434073,0.6068284745581102,1.1556619732925388,0.30407924584008916,0.3270892399537521,0.005503906755719753
13.82,2.8555061759392717,0.6073218180672376,1.1558655559554898,0.30407924584008916,0.30749019982404874,0.005459402640031407
13.83,2.8567976433024334,0.609909424391761,1.1587973894400885,0.2978401624080698,0.30345211158954893,0.005476578333928379
13.84,2.857907205524265,0.6128676013092533,1.1620538645506548,0.2945097255673042,0.31331673192782916,0.005455797595724409
13.84,2.857830404350289,0.6130841420918937,1.1621432708804278,0.2945097255673042,0.30470879710956494,0.0054362628473937835
13.85,2.8589941931526424,0.6158149254228635,1.1652081380617398,0.3011464757028963,0.3052106349416864,0.0054341295746962405
13.86,2.8602663205737295,0.6183515867819714,1.1680372462087432,0.303664321372492,0.29529925496456483,0.005454996517531927
13.86,2.860261237114496,0.6183657940847493,1.1680431156080116,0.303664321372492,0.2947341085897506,0.005453714735191334
13.87,2.861382478584391,0.6213392923163712,1.1711294436850863,0.2956063522916135,0.29865734274178296,0.005437047149368569
13.88,2.8626333211431363,0.6237848761611504,1.173848958613977,0.29614973524833055,0.28678723997308886,0.005462023230114302
13.88,2.862727012298675,0.6235253246875909,1.1737416676293508,0.29614973524833055,0.2971188263748383,0.0054854420950949815
13.89,2.8638285346792127,0.6263759937201996,1.1768029044268031,0.29556129961508576,0.29966076939666325,0.005474649129876588
13.9,2.8649842898345685,0.6290457156791947,1.1797429821118885,0.2945876035101583,0.297148059215885,0.005479933075301136
13.9,2.865030539757907,0.6289186955753261,1.179690442517281,0.2945876035101583,0.30220778390204633,0.005491395386936701
13.91,2.8664223861272835,0.6309138503375863,1.1821632775804747,0.2988999140830197,0.28670275578703597,0.005557190708808786
13.92,2.8675327936447905,0.6337361419779967,1.1850862734569945,0.2960084646639374,0.28919058654911667,0.005551962127462285
13.92,2.867659293636098,0.6333917151625902,1.1849437151294155,0.2960084646639374,0.30292053946550646,0.005583047914403243
13.93,2.86890827011867,0.6357715176275408,1.1876993002867522,0.2980149737961638,0.29519595000873977,0.00561580809968562
13.94,2.8698701265900977,0.6389429403788888,1.1910447761595535,0.29609651262617703,0.3126886386071974,0.005579065683960106
13.94,2.8697724108564646,0.6392067120063224,1.191154023794085,0.29609651262617703,0.30216599926011917,0.005555255322399353
13.95,2.870984780062174,0.6416631924674491,1.193949222820475,0.3069414126368474,0.29577248727778305,0.005582354736359581
13.96,2.8721865684166357,0.6443137532437785,1.1967156947231719,0.2995940488440715,0.2872705657839224,0.005600202233817765
13.96,2.872351214242732,0.6438731630156548,1.1965330919149635,0.2995940488440715,0.3048601746863874,0.005639980602077564
13.97,2.873471898755578,0.6465927954422733,1.1995302875671623,0.2986766033815168,0.30340879973415313,0.005646128837625499
13.98,2.8747037650966956,0.6489797059298058,1.2021837621224072,0.29615569772152217,0.2864884971156448,0.005681628027946262
13.98,2.874809708601699,0.6486986346085061,1.2020671914128067,0.29615569772152217,0.2977183523980934,0.005707009417958019
13.99,2.8757911190193317,0.651685423923758,1.2052143607611994,0.2941643646283154,0.30251785853894797,0.005686689644370409
14.0,2.876897625766361,0.6543023369834172,1.2081070657308468,0.3042282909934466,0.2966284937653394,0.005699038588949097
14.0,2.876974581284164,0.6540998929362681,1.20802304336484,0.3042282909934466,0.30472346883893986,0.0057173241463155345
14.01,2.8779758811659346,0.6571457111543094,1.2112234932923673,0.30175564758101314,0.30904964890770553,0.00569901874220053
14.02,2.879091391464366,0.6598245161968282,1.2141760537931479,0.2974364591281691,0.3029172319766699,0.005711869984310103
14.02,2.879040682532487,0.6599567676198719,1.2142309827559818,0.2974364591281691,0.2976247693620323,0.00569992177264228
14.03,2.8799395046317757,0.6631112101671054,1.2174821445385837,0.3014637223406146,0.30538756867278755,0.005667093617561724
14.04,2.881050685905269,0.6657536988829712,1.2203612692603285,0.29396561119891806,0.2976181478817825,0.005683366148049285
14.04,2.8809585811442906,0.6659918753716936,1.2204602673029088,0.29396561119891806,0.2880787996950175,0.005661842434399696
14.05,2.882085789839882,0.6684540222943384,1.223113241865973,0.29796843567804154,0.28164571345257344,0.0056890319737288855
14.06,2.8830235341620414,0.6714601627092415,1.2261246447028826,0.30268642672427837,0.29031328954436086,0.005670888597633705
14.06,2.8831191686821684,0.6712149248935981,1.226022631227896,0.30268642672427837,0.3001440073606051,0.0056930571891420775
14.07,2.8840561345373095,0.6742889214550882,1.2291920486405672,0.3069816090497202,0.30488762169293837,0.0056730195213701715
14.08,2.8850672390504197,0.6772185274596387,1.2322803286312434,0.3018965283922103,0.3066396322143597,0.005669354199596695
14.08,2.885063226401299,0.6772287292426152,1.2322845756212684,0.3018965283922103,0.30623032968582853,0.005668431728791071
14.09,2.886139485269894,0.679889430629108,1.2352056978190877,0.3015136827821707,0.30224326009766384,0.0056852642007398264
14.1,2.887243386135627,0.6824452727447935,1.23795210501122,0.292454086204427,0.28996991883431705,0.005710926414989375
14.1,2.887362529392484,0.6821449219550797,1.2378269688124832,0.292454086204427,0.3020308696400596,0.00573809368777259
14.11,2.888700229668893,0.6839610289091081,1.2401258008987834,0.30008962863345456,0.2816549112246099,0.005824068130897458
14.12,2.8895178223747946,0.6871851201605722,1.243319456607584,0.2957965024469728,0.2984233524154429,0.005789026776226287
14.12,2.8895593681112093,0.6870812522658716,1.2432761451332164,0.2957965024469728,0.3025981638109572,0.0057984252776294735
14.13,2.89066590226545,0.6895049132945352,1.2460129857383124,0.3023541641795539,0.2944318888138404,0.005832862928771495
14.14,2.8917649786955466,0.6920361455215027,1.2486337534504752,0.3009282005020873,0.28004435625660673,0.005862912089638016
14.14,2.8919051977198627,0.6916884951349027,1.2484886640328825,0.3009282005020873,0.2940307206296155,0.0058943812239633546
14.15,2.892751019371374,0.6948036920041123,1.251628469223978,0.2977616341463421,0.2996654260819565,0.00587063252152054
14.16,2.89381623493895,0.6973207941383575,1.254317661282595,0.3067072378819991,0.285992867146931,0.005899172564242671
14.16,2.8938787154960304,0.6971671662547422,1.2542534898683975,0.3067072378819991,0.29217937863750354,0.00591308441596447
14.17,2.8948045166604883,0.7001518994691511,1.2572287481269326,0.3061363801250319,0.29368951572436436,0.005906723126877597
14.18,2.895781237968766,0.7029819275204863,1.2600875067944366,0.30366205271043084,0.29021474094181154,0.0059139723456943065
14.18,2.895898728973177,0.7026954728088138,1.2599677492594634,0.30366205271043084,0.30176102078241707,0.005939922581020638
14.19,2.8967270622651946,0.7058304779528979,1.2631705073283226,0.3039276173794201,0.3069908574320473,0.005917904578495115
14.2,2.8976531606353473,0.70870774274473,1.2662245075118759,0.2996567871425254,0.30628337824459934,0.005919379737699498
14.2,2.8976300334986647,0.708763658919773,1.266247905168756,0.2996567871425254,0.30402733967029294,0.0059143120856162456
14.21,2.8985373570099893,0.711600467857482,1.2692718889222638,0.2990261677313541,0.3035671898219566,0.005916248289329564
14.22,2.8993949150222673,0.7145351440253636,1.2723813295951993,0.3041906855698499,0.30684795088563166,0.005909411354435045
14.22,2.8993010703294075,0.7147601802718907,1.2724755820473725,0.3041906855698499,0.29775925359780137,0.005889006951243022
14.23,2.9004020987079797,0.7171706838646864,1.2750762674043805,0.301524206900675,0.287111932320816,0.005933783955208891
14.24,2.901076974906097,0.7205481113943306,1.2784233506444014,0.30887111545746243,0.3082804591904748,0.0058896939619966495
14.24,2.901082903573124,0.7205340118937273,1.2784174397487715,0.30887111545746243,0.3088504882616708,0.0058909729962821475
14.25,2.9018915876610283,0.723672802479821,1.2816492491087945,0.2990386739023192,0.31289889275686256,0.005873956803026889
14.26,2.902812664891986,0.7263832082202089,1.2846230108301884,0.30346116111969385,0.3059949213761819,0.005888328626168216
14.26,2.902703039920052,0.7266417655773808,1.284731509249955,0.30346116111969385,0.2955308241466854,0.0058648619920079175
14.27,2.9035764776059017,0.729514049855243,1.287656525552685,0.3044693669643359,0.29467502992523037,0.0058684571056744645
14.28,2.9043330038564226,0.7326611317120157,1.290819628570368,0.3077151520621432,0.30429797470018116,0.005848436127597324
14.28,2.9042578251676643,0.7328369875579834,1.290893495560227,0.3077151520621432,0.2971733285331928,0.005832467149668039
14.29,2.9050903976554605,0.7358320089765005,1.2938954041903188,0.30502932542054795,0.2980258643107901,0.005828887656160509
14.3,2.906002350108662,0.7385732832643669,1.2966940176173827,0.2948547384319506,0.28994637226150827,0.005845688329763282
14.3,2.9062025072062596,0.7381089486585087,1.2964987826710634,0.2948547384319506,0.308778739269309,0.005887875892587859
14.31,2.9068226077138877,0.7413667464719664,1.2999038283593227,0.30103600915759876,0.3177425237260296,0.0058502603804470605
14.32,2.9076480794616733,0.744216303473043,1.30303439659484,0.29653273654371226,0.3156582775818876,0.005854592075796546
14.32,2.907573995642378,0.7443867884374499,1.3031061541357116,0.29653273654371226,0.30873599604462426,0.005839093370696212
14.33,2.9082326651612127,0.7475328721470516,1.3064132957324504,0.2952900731572899,0.3149459419664471,0.005813047977537229
14.34,2.909150636263225,0.7500510484846538,1.3092361010053821,0.2966271615132959,0.3004155588509651,0.005843230333907204
14.34,2.9091234375330424,0.7501131424109035,1.309262264710721,0.2966271615132959,0.29789140845305134,0.005837581888572908
14.35,2.9098235745332657,0.7531354514935356,1.3123589531254802,0.30106458827663873,0.3012192681569525,0.005823631813462367
14.36,2.9106100019436876,0.7560029157814127,1.315331652116676,0.2968792096746168,0.29946243327226285,0.005827279143951551
14.36,2.9106363918033678,0.7559431492359096,1.3153064415385143,0.2968792096746168,0.30189482187324657,0.005832719347134946
14.37,2.911101201060023,0.7594527972588043,1.3188170260375172,0.2914301099524583,0.31578718711483655,0.005774514778327135
14.38,2.911814533975882,0.7623087700078851,1.3220055768547772,0.29493140169158527,0.3171519524008949,0.005771682922483919
14.38,2.911676063057424,0.7626199105793252,1.3221369696820349,0.29493140169158527,0.3044738021337253,0.005743342427951082
14.39,2.9123473483823514,0.7656157554519266,1.3252796163518683,0.30856603634604285,0.3072405601692217,0.005731756726976851
14.4,2.9129427491455635,0.7689484381808502,1.3286890954955202,0.30444272950800993,0.3222359050383031,0.00570065821972593
14.4,2.91255253032384,0.7698182352840915,1.329056821611769,0.30444272950800993,0.28675107707316844,0.005621378061529059
14.41,2.9132498514100282,0.7728407303242036,1.3319771355669787,0.30149570420114524,0.288243280550828,0.005615132804217504
14.42,2.9138264257786806,0.7760660310398247,1.3351548607224983,0.2962200373476677,0.3013803414872668,0.005587902523854408
14.42,2.9137528604561256,0.7762286906199183,1.3352237078189522,0.2962200373476677,0.29473621703029246,0.005573066048478606
14.43,2.9145981634607323,0.7787776173429877,1.3379123258715797,0.30285838634055795,0.28742388033889416,0.005603654008939557
14.44,2.915171735251535,0.78199928657921,1.3410576057437835,0.3030109260721969,0.29948243638124766,0.005578672370541129
14.44,2.9151765294222445,0.7819887701907083,1.341053149316932,0.3030109260721969,0.2999125396293248,0.00557963229659512
14.45,2.9159266675146256,0.7848049131902254,1.3439503635613177,0.30009249974634816,0.2970323232195198,0.005591674124230747
14.46,2.9167802501375006,0.7873465710535457,1.346539085650126,0.30557943199153287,0.2800544212843083,0.005626828730774727
14.46,2.916938668530653,0.787001829190848,1.3463928223919541,0.30557943199153287,0.2941718272357179,0.005658320200605611
14.47,2.9176447570628583,0.7899267436138444,1.3492915138457193,0.3076836193285317,0.29295575236489174,0.0056634018118470065
14.48,2.9183119889418667,0.7929369877065651,1.3522363916990847,0.2980540134916076,0.29363739473253453,0.005661991132530653
14.48,2.918391231007504,0.7927659315338084,1.3521637303444212,0.2980540134916076,0.30065124967296325,0.005677628681062001
14.49,2.9189853163953696,0.7957880126379633,1.355257158966154,0.298020218431531,0.30310787574766035,0.0056673685028502665
14.5,2.9197191932692244,0.7984889164396274,1.3580825925774154,0.294284210238876,0.29395787771456283,0.005686294863587393
14.5,2.919860669149739,0.7981859060765262,1.3579537185967527,0.294284210238876,0.306398785538883,0.00571401776714552
14.51,2.9204948739862404,0.8010448878644513,1.3609992709115428,0.30316128441603923,0.30587769623945876,0.005716192989260792
14.52,2.921003766006305,0.8042725073895451,1.3643165979828376,0.305588338013581,0.3173820253640191,0.005692409110284943
14.52,2.9208220060144976,0.8046587640298766,1.3644810867032002,0.305588338013581,0.3015018094960875,0.005657040444362569
14.53,2.921341657548603,0.8078703570701952,1.3676692633016307,0.30133679123915796,0.30639641429921943,0.005636619041389916
14.54,2.921972410338408,0.8107812119236404,1.3706877140311806,0.3086628494562307,0.30437120469093787,0.005640803772185781
14.54,2.9218562547798226,0.8110261043021346,1.3707921361864082,0.3086628494562307,0.294289213960267,0.005618360556283695
14.55,2.9225146701153104,0.8139452227965105,1.3736589202569194,0.29778325845939996,0.2921378098358856,0.005627332102631502
14.56,2.923218280986403,0.8166236272263762,1.3763331258253468,0.3072691429117934,0.28113902427994686,0.005650047446528093
14.56,2.923422710478046,0.8161960190529555,1.376150555231611,0.3072691429117934,0.2987676209667421,0.005689269825298466
14.57,2.9241156710614256,0.8189959154637635,1.3789766388995655,0.29800351636215394,0.294199579428377,0.005708309239887716
14.58,2.924807892125459,0.8216705862142276,1.3816644030366592,0.30442119202412365,0.28288631120011276,0.005731662126780233
14.58,2.924947223663877,0.8213814264211908,1.3815407798782062,0.30442119202412365,0.2948239912167254,0.005758209061930438
14.59,2.9254515062090785,0.8245117766864772,1.38459873027751,0.3036083113874515,0.29792550895661196,0.005745288633222846
14.6,2.926067948339212,0.8273832803693896,1.3874663919302404,0.3033631404814084,0.2929594600122934,0.005755534348172077
14.6,2.9261252649441443,0.827265261050277,1.387415867671742,0.3033631404814084,0.29783871082747937,0.005766379277766537
14.61,2.9267379296850016,0.8301167868752662,1.3902973405108847,0.2939760243321096,0.2950988329885582,0.005777787391138873
14.62,2.9272819106933095,0.8329749292065753,1.3932150525998956,0.29324063652063387,0.29361795099737753,0.005780841126334585
14.62,2.927322680759699,0.8328916262654097,1.3931793412035016,0.29324063652063387,0.29706694973975856,0.005788503205500662
14.63,2.9280189495419493,0.8354191073560949,1.3958681751162487,0.2968404004385252,0.2890988161865561,0.005821663629175854
14.64,2.92853480364835,0.8383509042398751,1.3987625884422477,0.3041145772912679,0.2892512500276773,0.005821349453303346
14.64,2.928812262638762,0.8377882805796961,1.3985210546875715,0.3041145772912679,0.3125802948514251,0.005873149651960402
14.65,2.9291842904787244,0.8410880024587484,1.4018826417253842,0.306439400316883,0.31924671271311145,0.005845420429296697
14.66,2.929572863588468,0.8443575309971381,1.40532839316362,0.3006637500992126,0.3305192601630278,0.005822198682621624
14.66,2.929105911327384,0.8452970293236044,1.4057322882836034,0.3006637500992126,0.2915052524786949,0.005735614858774875
14.67,2.9296124866392876,0.8482278704592547,1.4086257789718213,0.29051651388090083,0.2908956018855385,0.005738149454604755
14.68,2.9298422903239145,0.8515805862452006,1.4120153926229706,0.2993325614591606,0.31228819177723033,0.005694102244241872
14.68,2.9296954270013416,0.8518738370882202,1.4121416464664671,0.2993325614591606,0.30009185761435897,0.005667048455320412
14.69,2.9298808243429133,0.855399281999882,1.415589853240829,0.2975218159877091,0.31273921699641505,0.005614493825666678
14.7,2.9305071980214814,0.8580074960347251,1.4183859204852356,0.2956285039754685,0.2979925003371666,0.0056448420625122425
14.7,2.9305300451954372,0.857962222213747,1.4183663998150229,0.2956285039754685,0.29987837181620847,0.005649023198701142
14.71,2.9311319459917864,0.8605885352778672,1.4211295170710934,0.30210552451263223,0.29321448937383093,0.005676700433753083
14.72,2.931476372195537,0.8637852306022611,1.4242714453311254,0.3033108867383053,0.3025518889661275,0.005657493943500076
14.72,2.9313930405459407,0.8639491068313183,1.4243422098083511,0.3033108867383053,0.29571489422474034,0.005642343276397184
14.73,2.931509961143386,0.8675796823969699,1.427798931063034,0.29522279510612526,0.3098417329217136,0.005583699023009242
14.74,2.9320490801747305,0.8702710516431884,1.4306648331717027,0.295283593373864,0.29949221993435543,0.005604976825001285
14.74,2.932129375789851,0.8701143446638728,1.4305970613247951,0.295283593373864,0.30604056797307905,0.005619480678314408
14.75,2.9324900259130757,0.8731444871534257,1.433737834957017,0.3009877294877036,0.30831329128340806,0.005610050650270697
14.76,2.9332483734483152,0.8754536761694551,1.436143104751916,0.2999462187110064,0.27813989980215703,0.005672054207227077
14.76,2.9335344650269537,0.8748995416909596,1.4359030836322981,0.2999462187110064,0.3013332931668589,0.005723399651633865
14.77,2.9338097518541897,0.8781142463011451,1.4391103445834563,0.2950801382089428,0.3068175933406147,0.005700655255179754
14.78,2.9341071162356194,0.8812186751279576,1.442354643183497,0.3018497575679706,0.31465750077999066,0.005684552882263752
14.78,2.933959443559109,0.8815025562266766,1.442477798545346,0.3018497575679706,0.3027560342408937,0.005658218391709994
14.79,2.934545488855121,0.8841169848765381,1.4452040317032173,0.30517250157591197,0.2942341443674983,0.005693542949586207
14.8,2.9349784129322907,0.8870436596669891,1.4480477665539786,0.30021108996483087,0.28984464328218923,0.005702554124318312
14.8,2.9350620299110273,0.8868841430251501,1.447978453985805,0.30021108996483087,0.2965433564172681,0.005717369186399237
14.81,2.9353760123178834,0.889969465430481,1.4510252314123313,0.30426547372605334,0.2988439467939244,0.005707837525879028
14.82,2.935669621877788,0.8931218722017934,1.454147661294273,0.3034800190625653,0.3048087542025173,0.005695598388344552
14.82,2.935614813511832,0.8932256370220969,1.4541928214725115,0.3034800190625653,0.30044392568382733,0.00568594971131985
14.83,2.9358616070224857,0.8964414882863125,1.4573560906286491,0.305037602749549,0.30493617272796625,0.005667346745932564
14.84,2.9362175823855394,0.8994523397855999,1.4603851133089234,0.3051793359990351,0.3040307179795523,0.005669203738260713
14.84,2.936171246379458,0.8995393960823412,1.4604230635657027,0.3051793359990351,0.30036247307456154,0.00566109882776585
14.85,2.9362979286033632,0.902960791008673,1.4637370068035227,0.3011504757851852,0.3091396704965043,0.005624768901348062
14.86,2.9366649273503875,0.9058740676017333,1.4667432838907608,0.304793096550959,0.3053501938604782,0.0056325369580940525
14.86,2.9366073134165287,0.9059814921914383,1.4667901910242167,0.304793096550959,0.30081584971123104,0.005622523259322982
14.87,2.936743549742945,0.9093406551766536,1.4700632784320582,0.2970874950624428,0.3083095154821631,0.005591520960510609
14.88,2.9370919788670675,0.9122080835493379,1.4730533423639578,0.30102332819521205,0.3041676910778604,0.005600007203424755
14.88,2.93703752266194,0.9123088574709881,1.4730974198243514,0.30102332819521205,0.2999065683042732,0.005590601418197397
14.89,2.9373775438657974,0.9152183036817492,1.4760283272696113,0.29989885984137177,0.2979785992848141,0.005598573860347339
14.9,2.937699991413117,0.9181283834687405,1.4789349971501888,0.294641739367202,0.2947233114709565,0.005605240463602788
14.9,2.937779895195881,0.9179816235316155,1.478870695750779,0.294641739367202,0.3009400087928854,0.005618956307061046
14.91,2.93816151565346,0.9207141842063193,1.4817182096291688,0.2967709352658799,0.29636061235703276,0.005637883758046469
14.92,2.9383851419951257,0.9237439719578933,1.4847570858862946,0.2971317227556678,0.2997119046038017,0.005631023826562394
14.92,2.938454958079975,0.9236166831350241,1.4847012182523525,0.2971317227556678,0.30511361515404134,0.0056429358820771994
14.93,2.938588399787976,0.9267987397223648,1.4879293850091964,0.2973738848757554,0.3101216044123051,0.005622246827148334
14.94,2.9387313004268876,0.9299536423667902,1.491222491136974,0.30300162601441205,0.3186654900472285,0.005604766241627242
14.94,2.938435968638517,0.9304881239401196,1.4914574920811685,0.30300162601441205,0.2959421437916384,0.005554679693436577
14.95,2.9385315255710482,0.9337639338692004,1.4946248945582203,0.2968526499080885,0.30182590966078826,0.005530384138026452
14.96,2.9387106553665037,0.936813446948397,1.4977300104726832,0.30366554023717435,0.3056933182102235,0.005522475267141037
14.96,2.9385667580291455,0.9370719345039835,1.4978438659219222,0.30366554023717435,0.29468329924658526,0.005498218601059669
14.97,2.9385011321545234,0.9406106373648099,1.5012019045683507,0.30004402379536665,0.306316715788413,0.005450203956408808
14.98,2.9388093152533115,0.9434276834328165,1.5040828713823293,0.301409223109527,0.2982037706126098,0.005466787130695344
14.98,2.9386854579625163,0.9436485135884601,1.5041803166187275,0.301409223109527,0.2887799644631583,0.005446034917519067
14.99,2.9386174855559473,0.9471301834742129,1.507450929700776,0.2983793856732016,0.29961054896061173,0.005401354818181084
15.0,2.938806368783444,0.9501079928881684,1.5104470351903823,0.2983793856732016,0.29961054896061173,0.005401354818181084
15.0,2.9374829646740235,0.9524521074113461,1.5104810708188996,0.2983793856732016,0.048408451720953594,0.005180148913342811
15.01,2.937708893283293,0.9553659425240073,1.5109011139446151,0.30108821572350325,0.046682760128833725,0.005187620292702751
15.02,2.938138969225455,0.9579365184918744,1.5109203942169152,0.30395060202761426,0.027599672663397863,0.005228750249558085
15.02,2.9378872237869524,0.9583787874803856,1.5111064234167007,0.30395060202761426,0.00751777687459268,0.00518705862357044
15.03,2.938290419940843,0.9610173378982312,1.5108680655341422,0.2949589299858908,-0.0012894502653503018,0.005223614961359318
15.04,2.9384315463565875,0.9640241880470103,1.5109191668453494,0.2957817470919413,0.001544130678689634,0.005217789746127472
15.04,2.9384668034631702,0.9639627058318155,1.5108919968440921,0.2957817470919413,0.004195600527365049,0.005223592968488466
15.05,2.938531923527482,0.9671140999186305,1.5110913592503943,0.3013359706488052,0.008641750621629054,0.005205245783803982
15.06,2.9385873644043023,0.9703261695189227,1.5113995177964574,0.28780581613886425,0.018503176897254,0.005185092387595491
15.06,2.9382710002629806,0.9708738396184561,1.5116430911910737,0.28780581613886425,-0.005038215376246331,0.005133323918899068
15.07,2.9383545338969235,0.9739010365856599,1.5117139402085693,0.2938281052456493,-0.0016117774719853037,0.005119199101113604
15.08,2.938641223979518,0.9766444900009119,1.511496497162944,0.2995681391654465,-0.010569574877971614,0.005137486973413788
15.08,2.938922105844691,0.9761616767724566,1.5112812683463854,0.2995681391654465,0.010213395557499925,0.005183192223206479
15.09,2.9392976210735413,0.9788057441759705,1.5111088430028414,0.288940750710712,0.0024525771810239615,0.00521516797600126
15.1,2.9394432023630546,0.9817378251152232,1.5111810636085794,0.2916206888683866,0.004574883277202408,0.005210837427914386
15.1,2.939348140180294,0.9819000710442093,1.5112535280356747,0.2916206888683866,-0.002422269890661486,0.005195455845346262
15.11,2.9397406204923158,0.9844350462433132,1.5109266376005466,0.2867046934223292,-0.010978006052173694,0.0052306902458998834
15.12,2.9399950036221547,0.9871583274121585,1.5106708511170426,0.28870132343558613,-0.017475179368812113,0.005243941446864042
15.12,2.9402110706567353,0.9867921150723851,1.5105069821367378,0.28870132343558613,-0.00165098481625639,0.005278711264106688
15.13,2.9400047098606206,0.990312310578876,1.511012823477817,0.28441919676975064,0.013115304179823237,0.005217928540494773
15.14,2.9400567057717466,0.9933477877201605,1.5113508649102614,0.28201259796123807,0.022321973934825986,0.005199159920166507
15.14,2.9398938193901065,0.9936219779831755,1.511473786035302,0.28201259796123807,0.010451074375530172,0.005173088526190015
15.15,2.940183973314488,0.9962330388675906,1.5114103019347167,0.2845197121321559,0.005701857851322631,0.005192628818933267
15.16,2.9402782779740657,0.9991967273067165,1.511597507228762,0.2832501229322377,0.011495435693995387,0.005180823529427859
15.16,2.9400712997820615,0.9995427967184652,1.511752942691836,0.2832501229322377,-0.0035166065429241226,0.005147868568705491
15.17,2.9403852153777157,1.0021287235835667,1.5115182314649662,0.28668074927002646,-0.00915797402310439,0.005171068921798249
15.18,2.940490409971436,1.0050935092308413,1.5115386662916197,0.2814351669106562,-0.0041729373435218575,0.005160915814597867
15.18,2.9404975928044887,1.0050815801913549,1.5115332983962477,0.2814351669106562,-0.003654464244242958,0.005162053463908696
15.19,2.9403257295456835,1.0084476412728267,1.5119550509247168,0.2772907598519095,0.009302626261895465,0.005108791204470037
15.2,2.940480492012473,1.0112267664853916,1.5120622032723625,0.2739751767800102,0.009931305779210472,0.005107511347243049
15.2,2.9403949279476294,1.0113679349656053,1.51212584610446,0.2739751767800102,0.003783726705589129,0.005094028294301613
15.21,2.940234764124426,1.0146275857468834,1.5125960336354245,0.2707272367277582,0.016007720695652313,0.005043802375927777
15.22,2.940464041408143,1.017216850221668,1.51263276507814,0.2759028030487076,0.010518062043616631,0.005054973064201725
15.22,2.940614188526097,1.016970709378281,1.5125215888937713,0.2759028030487076,0.021257925208999794,0.005078517353019356
15.23,2.9410724660678778,1.0192357615326257,1.5123344991043262,0.2717334963463823,0.009957495754964553,0.005124927521537475
15.24,2.9413141437355215,1.0218135757915356,1.5122918495110702,0.27177198339766456,0.0036274151249220937,0.005137802514063565
15.24,2.9413101003550612,1.0218201619979845,1.5122948299419878,0.27177198339766456,0.0033394775665845726,0.005137171573235473
15.25,2.941428563751849,1.024607492076344,1.5123828787940894,0.28252519178127117,0.004884852972843568,0.005130827672175013
15.26,2.9416831219279205,1.027280373355813,1.5122784388166297,0.2792171998766389,-0.001937871004011233,0.005144698406961637
15.26,2.9418614922342554,1.0269916903062606,1.5121475571404208,0.2792171998766389,0.010707462785376194,0.005172394905433364
15.27,2.942232023516805,1.0294374005109876,1.511978879357545,0.2690540116713952,0.002910100577440203,0.005204389387770443
15.28,2.942350625103439,1.0321804033399498,1.5120746490566108,0.2610436396064256,0.005877552222019288,0.005198359211498118
15.28,2.9424029551717283,1.0320962458865703,1.512036422622689,0.2610436396064256,0.009571130806924424,0.005206445457236837
15.29,2.9427051040694727,1.0344723158532916,1.5119355825476704,0.27179605945357493,0.004013094149772902,0.005229241240731099
15.3,2.9427947874923777,1.0373013032339653,1.512094909539926,0.27631683557947934,0.009318725130448968,0.005218464464818815
15.3,2.942730465955791,1.037404112468545,1.5121416959004326,0.27631683557947934,0.004797721581157079,0.005208571186517093
15.31,2.942983264485269,1.040012739285862,1.5120695331420217,0.2698601387733569,0.0014002979274096074,0.005222499204576076
15.32,2.943119406219318,1.0427459758126942,1.512121401226763,0.2748243630458859,0.0030857941232096957,0.005219077158872751
15.32,2.943001385475393,1.042933440093259,1.5122068722460615,0.2748243630458859,-0.005173946570744232,0.00520101047943743
15.33,2.9429393903898142,1.0460219547246399,1.5124473100784441,0.2651572039628622,0.0030888196822046916,0.005167151618949706
15.34,2.9432413016712906,1.0484431857781833,1.5122315423469925,0.27319966456504113,-0.007890958370079224,0.005189433844483981
15.34,2.9434405603847713,1.0481286280462199,1.5120878562400675,0.27319966456504113,0.005995585531413276,0.005219794657852242
15.35,2.9436841727730627,1.0507133774005029,1.5120380616188445,0.25884530741902356,0.0028917250060912507,0.005232507922238478
15.36,2.943832200636512,1.0533114074471623,1.5120743315825278,0.2685828924777014,0.003219037827427589,0.005231843971660425
15.36,2.9436640780001007,1.053575211991521,1.5121950604962393,0.2685828924777014,-0.008449662015767839,0.005206343409222384
15.37,2.943597576425086,1.056597403580243,1.5124014028144066,0.2574645482473564,-0.0002241095637022933,0.005172666771973706
15.38,2.9435894151555497,1.0594177617297287,1.5126632315534414,0.2614927105821426,0.01153156321916241,0.005148831028171096
15.38,2.9436142814733537,1.059378975039533,1.512645447638818,0.2614927105821426,0.013250540913883845,0.0051525859970691186
15.39,2.9441446819207275,1.0614025976415304,1.512287149340795,0.2630886450373993,-0.0006309802763659559,0.005209394090434689
15.4,2.944257079155385,1.064090687948622,1.512349352308625,0.25996622259985686,0.0024191158092106845,0.005203212446664509
15.4,2.9442568175364086,1.0640910936220085,1.512349538661874,0.25996622259985686,0.0024011017549906495,0.005203173113659331
15.41,2.9444860251012135,1.0665688694714985,1.5122737493606286,0.2625542047371279,-0.0004216833250786211,0.005214719902453951
15.42,2.9446722779706738,1.0691363733519172,1.5122152518343013,0.2585546639490237,-0.0028382603154424304,0.005219615447712132
15.42,2.9444650560489767,1.069455820096557,1.5123622711123528,0.2585546639490237,-0.017051082499952356,0.005188595840572917
15.43,2.9444456976184394,1.0722981905375266,1.5124109797782985,0.25798320952883197,-0.010850368982280967,0.00516324244842066
15.44,2.9446952140619183,1.0747231561918886,1.5121396952392923,0.25934741690553853,-0.01809759471815734,0.005177917611868528
15.44,2.9448868147493776,1.0744294908839642,1.5120042871909942,0.25934741690553853,-0.005006318839927233,0.00520647700636226
15.45,2.9450613106188253,1.0769794034189313,1.5119255121929833,0.2527059005303785,-0.00581847518745194,0.00520979630087589
15.46,2.944882921497541,1.0800006398094493,1.5124035858061307,0.25339848325552883,0.018057204984881035,0.005161470576139515
15.46,2.944740576826707,1.080217571001042,1.5125038000699371,0.25339848325552883,0.008367770806116477,0.00514034165962309
15.47,2.9446998831023468,1.0830335516847642,1.512828048021501,0.2537463450511058,0.015172917939383038,0.005112540933499981
15.48,2.9450292715891138,1.0852888285764022,1.5126817280642753,0.2515060603289751,0.00190255804236838,0.005139389278966552
15.48,2.944994253521341,1.0853418965120634,1.5127062896820553,0.2515060603289751,-0.0004724065839051923,0.005134212632781413
15.49,2.9451149341071816,1.0878928590189094,1.5127339389305479,0.2538555496833675,0.0004433905264118568,0.005130472981580587
15.5,2.945189574609212,1.090528290225718,1.5128559212084736,0.24350500450716367,0.005677280408346479,0.005119888432887274
15.5,2.9452006138281113,1.090511653955029,1.5128482068821558,0.24350500450716367,0.006423264220386625,0.005121513734632718
15.51,2.9454417800394572,1.0927918260854885,1.512785424208291,0.24303703250109163,0.0028300372566835747,0.0051361803673938096
15.52,2.9454493660078502,1.095422525946052,1.513030373098294,0.24898296745733384,0.012476692880570604,0.005116680205855917
15.52,2.945228596543763,1.095753448802299,1.513184113866421,0.24898296745733384,-0.0023912740379999787,0.005084300702960838
15.53,2.945532066968146,1.0979936468451033,1.5129574471213616,0.24107953493840026,-0.008127343590079298,0.0051077038813981
15.54,2.9454279457853807,1.1007657191197757,1.5132699471147384,0.24434879734403184,0.009406637008367623,0.005072275088553479
15.54,2.9452000000058924,1.101105568849409,1.5134281334376005,0.24434879734403184,-0.005892344981680318,0.00503897113094736
15.55,2.9452536451192945,1.103671948266283,1.5134779944354257,0.24237698539446084,-0.0028146317688717533,0.005026419389728374
15.56,2.9453332644515173,1.106178516186056,1.5135451784603682,0.24113756572474618,0.0014303741007629048,0.005017845670564431
15.56,2.9453209413449075,1.1061967915944293,1.5135537010101032,0.24113756572474618,0.0006060573377383652,0.005016051999138978
15.57,2.9455106553718027,1.1085318424729171,1.513495068550587,0.24632927681610056,-0.0012242970286658408,0.005023513515956394
15.58,2.945667175592357,1.1109683523186944,1.513458027429474,0.24636517896785587,-0.0023285776034234614,0.005025742906939806
15.58,2.9457102825898493,1.1109047618046002,1.5134283165971743,0.24636517896785587,0.0005453135247114839,0.005031993701687307
15.59,2.9459447256894227,1.1132210955768203,1.5133167845370643,0.23852268573984528,-0.0027646626023650435,0.005045481269406743
15.6,2.945968295572316,1.1157705878536783,1.5134708411046345,0.2408518665290565,0.0053269607204393795,0.005029152290250561
15.6,2.94588140120813,1.115898099747606,1.5135305299023254,0.2408518665290565,-0.0004470708368938016,0.005016598901775666
15.61,2.9460199016356436,1.1183009364332894,1.513525196997262,0.23986810269675932,-0.00047146672086343636,0.005016698268937759
15.62,2.9461951266250463,1.1206341563435687,1.5134594707257099,0.23206270900742634,-0.0031885219795726536,0.005022179008120438
15.62,2.946365796716272,1.1203850066946117,1.5133426223561386,0.23206270900742634,0.008115675342819447,0.005046745274166851
15.63,2.9464205698749883,1.1228166196441365,1.5135213676434087,0.23280858681289968,0.010877049190420044,0.005035502595464811
15.64,2.9463881831387666,1.1253847029620374,1.513893825306225,0.23707205608544746,0.02262028881184884,0.005011824509711833
15.64,2.9460401140225496,1.1258902827153492,1.51413138597055,0.23707205608544746,-0.0003635346590776384,0.0049618969869911975
15.65,2.94586328550132,1.1287085651983169,1.5145132747583923,0.2381905881909035,0.010545696729595024,0.004917499568282266
15.66,2.945869921510255,1.1312664572050515,1.514820248890903,0.23298156685525914,0.019520477133514375,0.004899411124213198
15.66,2.945674493322212,1.1315488788967671,1.5149532038484395,0.23298156685525914,0.0066562743280674085,0.0048714779911890665
15.67,2.9460282497178993,1.1335503634145347,1.5147432749507077,0.22998960252137396,-0.0011679396161911274,0.004903307062556867
15.68,2.9461742975363023,1.1358262546629152,1.5147047707914287,0.23543337975752987,-0.0023626441523108216,0.004905713958507337
15.68,2.946223572936108,1.1357553974596006,1.5146713501688072,0.23543337975752987,0.000871232108737905,0.004912733033928102
15.69,2.946033253223746,1.1385632146625937,1.515076746600032,0.22914922632720566,0.01209709165625658,0.004867084877376931
15.7,2.946149569964563,1.1408696747190694,1.5152157108393716,0.23213893703360455,0.012898490639230755,0.004865471017887563
15.7,2.945850393066778,1.1412977579711117,1.5154180044893357,0.23213893703360455,-0.006677401118609766,0.004822999428808813
15.71,2.9458003668708472,1.1438692481914992,1.5155703442545045,0.2308684958334946,-0.0004764182334490554,0.0047977945122865346
15.72,2.945923631951972,1.1461798625701123,1.51557209066196,0.23025893735432992,-0.00018643658390762305,0.0047972107873017695
15.72,2.94581009964089,1.1463415140546416,1.5156486252871835,0.23025893735432992,-0.007593185640545742,0.004781147821528446
15.73,2.9458959040920356,1.1486963665705032,1.5156228593367413,0.22697349774672967,-0.006173423738750761,0.004775379332914956
15.74,2.9459143069992675,1.1511083105750912,1.5157279006472166,0.22003262478692046,0.001254976479726045,0.00476043231363444
15.74,2.9459152995887723,1.1511069041365758,1.5157272334963763,0.22003262478692046,0.001319545470539018,0.004760572286530854
15.75,2.9461309370582156,1.153166676084137,1.515624806961761,0.21541142487596351,-0.0019528310331805368,0.004773862509748357
15.76,2.946212307120488,1.1553774314444563,1.515664301133553,0.22449162607519466,0.0006761841265619951,0.0047685747145858135
15.76,2.94641669586926,1.155089161087505,1.5155272976062049,0.22449162607519466,0.013936745947632051,0.0047973092659145304
15.77,2.9467458320327458,1.157043883166859,1.515417048375449,0.22665723734212345,0.0068717424763035505,0.004825990944933037
15.78,2.9466414262559453,1.1596221280950851,1.5158432413078786,0.21747121143773174,0.022795097708704713,0.004793977011017115
15.78,2.946429596604715,1.1599194784838578,1.5159848290230118,0.21747121143773174,0.009089881599325826,0.004764291015111252
15.79,2.9468373789865416,1.1616871851978836,1.5157253081379272,0.2178558270892403,-0.000828553722287094,0.004804540398442228
15.8,2.9470051445702103,1.163801454060375,1.5156431433813902,0.225221928459377,-0.004119518462860641,0.004811154202276897
15.8,2.9468987111667855,1.1639501729910495,1.515714093189012,0.225221928459377,-0.010987697386464348,0.004796283507258169
15.81,2.9466492431276063,1.1667191409187694,1.5160563901339734,0.22499079790213036,0.0018113018239333083,0.004744365664379976
15.82,2.9468248596479807,1.1688890031730348,1.515992845442071,0.22031859940234153,-0.0018262629604274055,0.004751673068520537
15.82,2.946550916255974,1.1692699834758677,1.5161749465447634,0.22031859940234153,-0.019455476666954807,0.004713518440050318
15.83,2.946455761903961,1.171764444545019,1.516240269860903,0.2149894612794566,-0.012099235285221412,0.004683690597141525
15.84,2.946477821182941,1.1740439818239037,1.5162664384966127,0.21648571379422693,-0.005543539191832516,0.004670526344768045
15.84,2.946638229387777,1.1738219140011485,1.516160091999441,0.21648571379422693,0.004752577838678127,0.004692801106302661
15.85,2.9462856598927205,1.1766333685886678,1.516774627693586,0.21630576021672712,0.020803232324348737,0.004627745526269805
15.86,2.946370906833121,1.1788272448712502,1.517030550795628,0.20430199217778677,0.022936722073354454,0.004623463063175661
15.86,2.946088980799284,1.1792157819823819,1.5172169732089202,0.20430199217778677,0.004886678877786144,0.004584428993893074
15.87,2.946332839578831,1.181080097531359,1.5171048478975155,0.2157576439708579,0.00032922382197373475,0.0046028936325864765
15.88,2.9464321481736904,1.1832502821860402,1.5171329494064305,0.20703488701875544,0.0014344856528803198,0.004600675974421472
15.88,2.9465472523854457,1.1830923441806653,1.5170570246963828,0.20703488701875544,0.008786274529414868,0.004616568220487774
15.89,2.9467290375368522,1.1850637127209707,1.5170603319672453,0.20779457764340276,0.0063925440091073815,0.004626262621193343
15.9,2.946742197905151,1.1872713718566097,1.5172751448106128,0.205646552707637,0.013114824685893138,0.004612780037801992
15.9,2.946504050764456,1.1875967337375943,1.51743185398902,0.205646552707637,-0.002060360842299257,0.004579989116984638
15.91,2.946218681263307,1.1901909287695285,1.5178837705918558,0.208586932496833,0.011316973310458247,0.004525833532124646
15.92,2.946192074838141,1.1924633351333631,1.5182067432341344,0.21280185427051793,0.020664304153925925,0.00450709343634193
15.92,2.9459839386443614,1.192746477245632,1.518343378899206,0.21280185427051793,0.00743206724548158,0.0044785122076104284
15.93,2.9459811260503477,1.1950218564779835,1.5185538518083201,0.20657389695225453,0.011286758401908636,0.0044629133820907685
15.94,2.946212878795821,1.1969166794085355,1.5184775462130264,0.20604334454497442,0.0028583010818260778,0.004479804588757235
15.94,2.946282098838951,1.1968229220533644,1.5184322150811884,0.20604334454497442,0.007248612216556064,0.00448928378739961
15.95,2.946154707422897,1.199204343243336,1.5187849996931277,0.21369043633052034,0.015184602881944516,0.004457181737242738
15.96,2.9464069159485855,1.2011408374465133,1.5187213610872055,0.204351623992488,0.0055835861441741325,0.0044764152616682045
15.96,2.94630932160307,1.2012724566625275,1.5187851201568041,0.204351623992488,-0.0005918861509140675,0.004463086927574042
15.97,2.946524374630654,1.2031650798422997,1.5186499067363437,0.2021194789799488,-0.00425268768473187,0.0044778895199659085
15.98,2.9469327795698335,1.2047762618072795,1.5181467604087997,0.2014311797222252,-0.024776382628064753,0.00451898811054313
15.98,2.947225308890418,1.2043833982673384,1.5179560836828532,0.2014311797222252,-0.006306876180974693,0.004558834687404117
15.99,2.946945601734624,1.20691255525047,1.5183504345563943,0.2019908442965385,0.0066448080164242095,0.004506484470934825
16.0,2.9469834466260045,1.209021271191982,1.518520115506502,0.20280907162190945,0.011244657354985007,0.004497276893459113
16.0,2.9468610453231916,1.2091849750538395,1.5185997218569376,0.20280907162190945,0.003533232293889471,0.004480646555677105
16.01,2.946810869926843,1.2114237754626456,1.5188197506995098,0.20965100261047492,0.008763038842138018,0.00445951608545427
16.02,2.9472163190197485,1.213113994122679,1.5184580764686004,0.19843245009353028,-0.011257639463638931,0.0044995761479030266
16.02,2.9474362057139576,1.212821147373334,1.518315397213158,0.19843245009353028,0.0025645555082297322,0.00452937330322543
16.03,2.9471534760513514,1.2153156700312922,1.5187972161525614,0.19720467626379345,0.015481871606647218,0.004477202468485964
16.04,2.947290451682117,1.2172379124410555,1.5188998720239644,0.19537370703791998,0.013157468547252282,0.004481851644551502
16.04,2.9471389907062933,1.2174388127008677,1.518997941674184,0.19537370703791998,0.003656235157192985,0.004461377309864548
16.05,2.9473424937827475,1.2192592004764768,1.518914307442409,0.20135890491185426,0.0002525462278188152,0.0044751189312420584
16.06,2.947656919460124,1.2209848367669571,1.5185998244078889,0.19116897759478518,-0.013873912691160055,0.004503363194059196
16.06,2.9479560047390407,1.2205897265461163,1.5184065803026272,0.19116897759478518,0.004849315165740633,0.00454369458623762
16.07,2.947909722513624,1.2226968844425494,1.5186273209428278,0.19774211367284986,0.009727137691234348,0.004524009043941709
16.080000000000002,2.947960208458704,1.2247379282146622,1.5188035184810504,0.19405799654155242,0.013244325794906923,0.004516979525701377
16.080000000000002,2.9477602287246296,1.2250010693608675,1.5189324653938392,0.19405799654155242,0.0007499532218128782,0.004490075933194085
16.09,2.947817058965759,1.2269932916928397,1.518991091257505,0.18997249326213547,0.0021978348173479,0.004484234917680155
16.1,2.9478909892928504,1.2289246458460867,1.5190499101972958,0.19272938540520598,0.003839608868669866,0.004480954893540336
16.1,2.9477231502018064,1.2291446339664438,1.5191579183576607,0.19272938540520598,-0.006626591301965351,0.004458427090215106
16.11,2.947850195736193,1.2310282519277382,1.5190591128312323,0.18627683817160154,-0.007548135328405789,0.004462143349208122
16.12,2.947963742554888,1.2328658952117129,1.5189578297242214,0.18606169394007624,-0.00869800379330284,0.004464439741881278
16.12,2.9483020430419695,1.2324241839740837,1.518740543751543,0.18606169394007624,0.01235882911034867,0.00450974592694854
16.13,2.948559187258092,1.234073220031989,1.5186768761509994,0.1858095178660866,0.007055428477597796,0.004531124540666931
16.14,2.9488035000148396,1.235731357355806,1.51852642867228,0.17858090617915187,-0.002793903907141202,0.00455078708733525
16.14,2.948795772723828,1.235741408802564,1.5185313826967406,0.17858090617915187,-0.003274022283380323,0.004549754449451539
16.15,2.948820511594443,1.2376216450311215,1.5185790164643598,0.18863926021223315,-0.0009976164739938548,0.004540581465099214
16.16,2.9490833210459004,1.2392986348377526,1.5183241414177338,0.19633301427213412,-0.011912269741334311,0.004562362501710806
16.16,2.9491980357644483,1.2391499690437844,1.5182507276982722,0.19633301427213412,-0.004796921491842361,0.004577660401481384
16.17,2.9491149504478797,1.241335894872399,1.5184185378510466,0.17666092864052754,0.0013147393085291437,0.004553042177719281
16.18,2.949211492191658,1.2431002941860643,1.5184260442099244,0.18360137436296245,0.0010633227184295253,0.004553543709899453
16.18,2.949209621447354,1.2431027094981475,1.518427239227195,0.18360137436296245,0.0009474925214553865,0.004553294770285231
16.19,2.94924153753826,1.2450146431029492,1.5185110389403087,0.17817655479050043,0.003052715689441375,0.004544817954284112
16.2,2.949373630357037,1.2467472741707137,1.5184838345060667,0.18252541834055416,0.00047959146623313773,0.004549948960449702
16.2,2.9493933491531306,1.2467219077969731,1.5184712598563532,0.18252541834055416,0.0016985028102915324,0.004552567635088852
16.21,2.9495963163025016,1.2484027700341072,1.5183633468099367,0.17754124638872462,-0.0018393137017117733,0.004566807560029255
16.22,2.9498426761974366,1.2499794017778394,1.5181172618954004,0.1776128119094688,-0.011987923890794422,0.004587037095166291
16.22,2.949977684317844,1.2498063529857917,1.5180313125509421,0.1776128119094688,-0.003655960917762385,0.004604930566307869
16.23,2.9500642866880593,1.2515937170804796,1.5180032079683299,0.18356070068721972,-0.003416458666146018,0.004603966913902085
16.240000000000002,2.9501700763886016,1.2534101454205209,1.5179554231506087,0.17689416129845964,-0.004023552284462149,0.004605176601372567
16.240000000000002,2.950239332582093,1.2533216952123531,1.5179114073766289,0.17689416129845964,0.000243633733792218,0.004614337273045636
16.25,2.9502074675903107,1.2552537896720624,1.5180591045074887,0.18435999567026823,0.004358522150796793,0.004597786895039008
16.26,2.950088477800121,1.2573569183962119,1.5184217417194075,0.16798499947116363,0.01857999543981571,0.004569459873017171
16.26,2.949858941683048,1.257649013381999,1.5185673776454027,0.16798499947116363,0.004460143135416242,0.004539159009539078
16.27,2.9503379512642116,1.2588348176874553,1.5181606329496178,0.1746006296470989,-0.008325846891865673,0.0045905662024375285
16.28,2.9503063379349945,1.2607366804082125,1.5182600157413002,0.17686621277157727,-0.00018454353363628676,0.004574355952421831
16.28,2.9503459317996756,1.2606864680312948,1.5182349319370085,0.17686621277157727,0.002247567324738844,0.004579573278188356
16.29,2.9505183784907816,1.2623516852567176,1.5181657428072033,0.17640200340847792,-0.0003492548146756874,0.004590010190481895
16.3,2.9504164190702755,1.2643534449855236,1.5184492599233694,0.16899588771306628,0.0124446596559964,0.004564545447839113
16.3,2.9500227534561088,1.2648509346938628,1.518698261834137,0.16899588771306628,-0.01169998977912835,0.004512769762544625
16.31,2.949740061492761,1.2670069273889342,1.5190078594944667,0.1700527147128978,0.0003857399801793053,0.004464213680994581
16.32,2.9499090076830696,1.2686006600163782,1.518892270410333,0.16665737749322362,-0.004938923240626887,0.004474807893748938
16.32,2.9501929110890113,1.2682430921815926,1.5187129557788144,0.16665737749322362,0.012449577763647059,0.004512082072571486
16.330000000000002,2.9503810590834476,1.2697798897236594,1.51872094527841,0.16655427851267193,0.009148781455807909,0.004525338638123658
16.34,2.950556267251986,1.271331974346891,1.5186821458040405,0.1663646103046332,0.0033407007282658004,0.004536890460701611
16.34,2.950515882379186,1.271382669556392,1.5187076178354224,0.1663646103046332,0.0008704665785686087,0.004531597170915621
16.35,2.95095063951677,1.2726064490178501,1.5183167346306294,0.1644899795908492,-0.010450839717032114,0.004577048962222993
16.36,2.9508377367603345,1.2744931685528624,1.5185046490513148,0.15809652696319598,0.0025854393428679356,0.004551130247919829
16.36,2.9508841614912282,1.2744350825323307,1.5184754070206445,0.15809652696319598,0.005421464790562277,0.004557205158662814
16.37,2.950952317742189,1.276040885587736,1.5185467671532202,0.16942455369112577,0.005907255070853344,0.004555255556193781
16.38,2.9510458392943124,1.2777216905819901,1.5185980939270187,0.16322742210853777,0.005561937131604802,0.00455594186805405
16.38,2.950845215464439,1.2779718961272126,1.5187242977059738,0.16322742210853777,-0.0066786694886460584,0.00452973135244138
16.39,2.951048849023448,1.2794490732384434,1.5185213834965945,0.1566171906037789,-0.010535759249944146,0.004545205273833519
16.4,2.9510887666231627,1.2810607254857567,1.5184771669099415,0.15091027164323292,-0.007809931103565525,0.004539789705901909
16.4,2.95116174952256,1.2809699941334582,1.518431313324473,0.15091027164323292,-0.0033622688454178666,0.004549309945619033
16.41,2.951050091091554,1.2827244618634026,1.5186162854560383,0.16478962898731148,0.0028316917454882864,0.0045244698601626335
16.42,2.9509171175142765,1.2846306137052308,1.518964472950192,0.15113628172457577,0.01709275459362306,0.004496146732140498
16.42,2.9506386855327538,1.2849756798879381,1.5191391996740162,0.15113628172457577,0.0001436919510693531,0.004459880215875132
16.43,2.95090548894213,1.2862557843709637,1.518925289345212,0.15660116195866516,-0.005958454178827795,0.004484343337129023
16.44,2.950836366540001,1.2880008449013483,1.519085311215237,0.1508729378196466,0.00383270916663765,0.004464904601507234
16.44,2.9509621215405986,1.2878454679823357,1.5190064822335403,0.1508729378196466,0.011479866937981774,0.004481261647930585
16.45,2.951341434942613,1.2889804351367864,1.5187776258266303,0.1505505543257497,0.0017416216233300807,0.004520287752008186
16.46,2.951274090466774,1.2906687023273131,1.5190082848969897,0.15757944720836603,0.011249320482416551,0.004501418523737391
16.46,2.9510819880741637,1.290905349367551,1.5191285788174476,0.15757944720836603,-0.0004210737905191199,0.004476464783342753
16.47,2.951387026112021,1.2922024819296745,1.5188693930098425,0.1555860125411909,-0.007646613657548529,0.00450541092062279
16.48,2.951276486283996,1.2939911652481613,1.5190722271853774,0.1557243802186738,0.004806672707024766,0.0044807045868361555
16.48,2.9513134804048216,1.2939457328893689,1.5190490879576253,0.1557243802186738,0.007051683113504454,0.004485503184910996
16.490000000000002,2.951334387322569,1.2955690936952502,1.5191872267697215,0.1494435108335124,0.008968034176553405,0.004477828831093244
16.5,2.951260512377376,1.297248809854651,1.5194972750632367,0.15266270395352155,0.018793939687407092,0.004458341914549927
16.5,2.950961094486192,1.2976154201158079,1.5196843562718374,0.15266270395352155,0.000641824201035486,0.0044195563820783115
16.51,2.9511912768883537,1.2989548835473173,1.5195177435483618,0.15372703008802913,-0.004261894843129464,0.004439187243422631
16.52,2.951217826404935,1.3005528893894367,1.5195511766727428,0.1524586242718358,-0.0008707466389825326,0.004432464227733652
16.52,2.951202041118419,1.300572159005211,1.5195610290415449,0.1524586242718358,-0.001826762843911224,0.004430422231855606
16.53,2.951106552564814,1.3023030316130833,1.519739771046281,0.1483497992797978,0.003756701432576469,0.004408078014608981
16.54,2.9511139190533924,1.303866914587053,1.5198767604606465,0.14729303105259028,0.00819004609598455,0.004399291912185233
16.54,2.9509996418149678,1.3040060046171145,1.519948013970868,0.14729303105259028,0.0012755855064263766,0.004384528198797328
16.55,2.950804288881649,1.3058008921459863,1.520267230445416,0.141589143529864,0.009961298027528272,0.00434978137780282
16.56,2.95098611593309,1.307083258312412,1.520206551300315,0.14429024602413634,0.0028135217400620666,0.004363942045259113
16.56,2.9511077030470845,1.3069356912657506,1.520130807943245,0.14429024602413634,0.010164141755000832,0.004379631561770415
16.57,2.9507158723505795,1.3089394340324862,1.5207596613321333,0.14354379139380072,0.02510689074038723,0.00431987454033248
16.580000000000002,2.9510749328023214,1.310024094579411,1.5205931854550239,0.14165176561599702,0.006487163700019727,0.0043567497657228385
16.580000000000002,2.9508077926550627,1.3103474020533066,1.5207594563267528,0.14165176561599702,-0.009649840500130919,0.004322318151756994
16.59,2.950829565901728,1.3118212701602316,1.520718559106764,0.1414336512900884,-0.008073885860167636,0.004316017992034267
16.6,2.9511004831995975,1.3129968517493475,1.5203475460681137,0.1471268728807103,-0.021018529787720334,0.004341645163470173
16.6,2.9512632194254804,1.3128004454969258,1.520246341109579,0.1471268728807103,-0.011195718987956219,0.004362596885267825
16.61,2.9510398522704513,1.3146210233592894,1.5204710436900601,0.13751505328417085,-0.00165315058296738,0.0043244619404587395
16.62,2.9511339505929386,1.3159635894329584,1.5204182935130077,0.13640955607269517,-0.003268348113933139,0.004327658523481942
16.62,2.9509913768208604,1.3161351828354528,1.5205068850286698,0.13640955607269517,-0.011867454131316724,0.004309323253782391
16.63,2.9511941225759326,1.3173415765329326,1.5202366852702807,0.14314305920067932,-0.016162554660262195,0.004326481849944012
16.64,2.951325641240199,1.3186973293783257,1.5199890695768685,0.1394817097365568,-0.01999744738035735,0.004334068742495904
16.64,2.951499509770565,1.3184886421693442,1.5198811169815554,0.1394817097365568,-0.009518410291195725,0.004356404774436402
16.65,2.9516331306369716,1.3197981498205873,1.5197146653793498,0.12864029483795564,-0.011538609811861847,0.00436447255071154
16.66,2.951665092300254,1.3211276500181623,1.5196484461364022,0.13431617642209756,-0.009345863790107718,0.004360135944394433
16.66,2.951725390091386,1.3210554671488641,1.5196110335195234,0.13431617642209756,-0.005713967578424753,0.004367874667409298
16.67,2.951915295092652,1.3222485675216857,1.519416783182915,0.12987536422251786,-0.009600732361416234,0.004383391375349964
16.68,2.9521391025347006,1.323356324072994,1.5190931560366048,0.1276041027163628,-0.01975239850400175,0.004403461521138379
16.68,2.95225234375332,1.3232211113303818,1.5190229380202465,0.1276041027163628,-0.012935436285170576,0.004417981920816264
16.69,2.9521058018980924,1.3247500648484722,1.5191337051656488,0.12912329776311454,-0.006128332764768437,0.004390815901510645
16.7,2.952084751482393,1.3261455676975165,1.51919950037655,0.1311062789217411,-0.00046058159530948904,0.004379614403924722
16.7,2.952033803835362,1.3262062482759587,1.5192310742791635,0.1311062789217411,-0.0035260547589094854,0.004373087043542552
16.71,2.951765472540367,1.3279110533507328,1.5195747121132848,0.12600912450811463,0.007215527708043919,0.004330233689758876
16.72,2.9518212952141583,1.3291828621974782,1.519659655287972,0.12991877668441187,0.0077858876342863925,0.004329106837421219
16.72,2.9515224559898723,1.3295379004390915,1.519844753051446,0.12991877668441187,-0.010186148490594838,0.004290851651107522
16.73,2.9518661051544597,1.3305007451399467,1.5194295767122012,0.12286142533721839,-0.019068760495118027,0.004326276720981027
16.740000000000002,2.9519516675530872,1.3316997632698395,1.5192062915262006,0.12113663428293543,-0.020522700516133766,0.004329148280110647
16.740000000000002,2.952140599680759,1.331475853365664,1.5190893287897516,0.12113663428293543,-0.009165522688981765,0.004353314960849525
16.75,2.9516134563966836,1.3333871530909116,1.5196628914439045,0.12578434083026593,0.00969430751489274,0.0042781246556674885
16.76,2.951930235414258,1.3343435250449807,1.5193948184459558,0.12395053321678189,-0.006586814913471512,0.00431026936137395
16.76,2.952170767973028,1.3340591456657536,1.5192459779541192,0.12395053321678189,0.007866608695890787,0.004341014143711834
16.77,2.9522536624973568,1.335276077396727,1.5193032836477265,0.12591939764815574,0.00726099284514239,0.004343427802739662
16.78,2.952349284779117,1.3364912110453753,1.5193309568103637,0.11813369757490735,0.0052565883180727396,0.004347383881208103
16.78,2.952344234334524,1.3364971676627593,1.5193340805190385,0.11813369757490735,0.0049532363449677295,0.004346738818110412
16.79,2.9523869309615325,1.3376998458105172,1.519404061696988,0.12021564479453942,0.00553302566737442,0.004344428860122731
16.8,2.952387424297285,1.3389674522552675,1.5195475122118536,0.11377013311381495,0.009463731164768445,0.004336673445751168
16.8,2.952302602446837,1.339067261078646,1.5195999554323927,0.11377013311381495,0.00437051327451052,0.004325846576810651
16.81,2.9521588011575837,1.3404436034723408,1.5198713597723317,0.11728425728638003,0.010826723350994279,0.004300132717091578
16.82,2.9522025336865156,1.3416332719937136,1.5200026555613049,0.11677738371575357,0.011853964947575549,0.0042981066088501165
16.82,2.951957808365707,1.3419205901566826,1.5201539191908573,0.11677738371575357,-0.002837461223660593,0.004266886788742001
16.830000000000002,2.9522431280076225,1.3428235950661145,1.5198709323346233,0.11926769737768511,-0.010056999834631642,0.00429563132935401
16.84,2.9522965050888006,1.3440170958754871,1.5197805169491196,0.11127925825498249,-0.00960401840324679,0.004294738174928099
16.84,2.9522833134345525,1.344032548024988,1.5197886679413197,0.11127925825498249,-0.010395728880001575,0.004293056317374647
16.85,2.952322095158084,1.3451696626972491,1.5197051816235116,0.11740220035988473,-0.009815255119483779,0.004290745926851436
16.86,2.952402566773061,1.3463117283077497,1.5195769741732477,0.10910891260895395,-0.011155991536833188,0.004293388616913593
16.86,2.952453077598946,1.3462526934525927,1.519545772278322,0.10910891260895395,-0.008125149544892287,0.00429982501731794
16.87,2.9524258954676976,1.347443680554202,1.51955826268165,0.11470997677954514,-0.005466923833800772,0.004289248271012932
16.88,2.9521781908792804,1.3489502357877647,1.5199460104323304,0.1194579375627238,0.014269615461412642,0.0042503588874194444
16.88,2.952004839576369,1.3491524010071951,1.520053071172943,0.1194579375627238,0.0038694818854540843,0.004228280051422096
16.89,2.952022459268032,1.3503944185555254,1.5201400591012104,0.1180854180166677,0.005238966642215908,0.0042228328250494595
16.9,2.951980419682435,1.351686758833055,1.520338950578326,0.11109101829874632,0.011774683806266461,0.004209958896536225
16.9,2.9519394576427422,1.3517344198098518,1.5203642398163852,0.11109101829874632,0.009317878712351868,0.004204744956703042
16.91,2.9518422013909618,1.3530167158474486,1.5206295389104365,0.1042909427001322,0.014198982457653043,0.004185336330228425
16.92,2.952019312008226,1.3539085739525882,1.5205911836291246,0.09802830962018368,0.0061532489920263465,0.004201179490946631
16.92,2.9520579224234007,1.3538637436885326,1.5205673496301633,0.09802830962018368,0.008468819971416873,0.004206092097903396
16.93,2.9522826690316317,1.3546415027016458,1.5204546945677633,0.10095939787501668,0.0028722480427968112,0.004228338406010763
16.94,2.9520911628733026,1.3559342539016621,1.5208331736329406,0.10575338853700628,0.018476328342414305,0.0041976217977645796
16.94,2.951934430250191,1.356115882164115,1.520929926721312,0.10575338853700628,0.009075801826047147,0.004177684547453774
16.95,2.952226881574294,1.3568932192720355,1.520750915160495,0.10394092916947782,0.0014250064080404967,0.004208086543040235
16.96,2.9523092865618716,1.3578935643717736,1.5207211278193917,0.10058667798326032,-0.0005397330565450921,0.004211952878188925
16.96,2.9522611349901964,1.3579492512442892,1.5207508505154856,0.10058667798326032,-0.003427762663005188,0.004205829734717374
16.97,2.952660692898393,1.3585572170658975,1.5203240489060976,0.1092988788211912,-0.01456028581776124,0.004250052846833351
16.98,2.95257646167484,1.359797963570905,1.5203786565009834,0.09430691466589203,-0.005627623011214916,0.004232480269440696
16.98,2.952678779304251,1.3596798743739795,1.5203155027838124,0.09430691466589203,0.0005091264593136569,0.0042454870989594995
16.990000000000002,2.952940047979613,1.3603779205928297,1.5200803382643846,0.09754739531949684,-0.006305075883241869,0.004272547327384814
17.0,2.9528498889392725,1.3615120144546615,1.520218610581866,0.09638346626553612,0.002677453952250523,0.004254882323611126
17.0,2.9528026823833478,1.3615663955784612,1.5202477508046663,0.09638346626553612,-0.0001543182743504964,0.004248882310801713
17.01,2.952908679783212,1.3624618125552892,1.5201816729519633,0.09476793035721714,-0.0019847266656757507,0.004256148818073106
17.02,2.9530364050063933,1.363317548153917,1.5200467946972305,0.09602392823798891,-0.00711724906146917,0.004266239186073751
17.02,2.953133972598343,1.3632053605224077,1.5199865601517266,0.09602392823798891,-0.0012634609259723597,0.004278638344488337
17.03,2.9529469605169463,1.3644288046969932,1.5202389038629136,0.08784219325330334,0.006252403661460093,0.004248810732553964
17.04,2.952993032680787,1.3653118086413247,1.5202995300003843,0.09766277416442858,0.006167719927454091,0.00424897716491728
17.04,2.953153062481105,1.3651281282542078,1.5202007155703678,0.09766277416442858,0.01577139776870032,0.004269312656818282
17.05,2.95362629355231,1.3656194550365093,1.519881492121989,0.10007174196938104,0.002243083779864907,0.004322984384340694
17.06,2.953659965833948,1.3666328049170375,1.5199284222015772,0.09256647543798002,0.003336260448646543,0.004320836601820877
17.06,2.953447794657232,1.3668758689182758,1.5200594406591232,0.09256647543798002,-0.009398051516637675,0.004293880628747747
17.07,2.9533795616848226,1.3679344082231213,1.5200952339806908,0.09547747435229131,-0.005716905445797999,0.004279280797037103
17.080000000000002,2.9535183689087794,1.3687840813509944,1.5199075162846944,0.09482187371701843,-0.011542240134839229,0.004290722312139456
17.080000000000002,2.953671530847363,1.3686089391399667,1.5198129234626985,0.09482187371701843,-0.0023477656234373676,0.004310179022284017
17.09,2.953719994539963,1.3695519913140477,1.5197890820710067,0.08996777234006688,-0.0023580836145240826,0.004310219931709608
17.1,2.9536481224935875,1.3705846299914486,1.5199354733106232,0.08967439995201995,0.005226589934101841,0.0042953275969084045
17.1,2.95373121542061,1.3704897829734903,1.5198841462124737,0.08967439995201995,0.01021590707416496,0.00430588232642383
17.11,2.9534165003797956,1.3717921091571192,1.5203918789162865,0.08434195698510374,0.021721070576009655,0.004260280210375297
17.12,2.95364371316062,1.3724277930239008,1.5203425777879989,0.08919477374393914,0.009828203173969567,0.004283624262862697
17.12,2.9533767167322877,1.3727320415530193,1.5205075493729767,0.08919477374393914,-0.006209019246762348,0.004249708687778401
17.13,2.953349614905448,1.3737030889000703,1.5205264066658115,0.08705507726523236,-0.003912659192046922,0.004240609624559844
17.14,2.9533509084462644,1.3746159761900492,1.520548272617208,0.08082099511272842,-0.0011908507258004061,0.004235268760272232
17.14,2.953321385378688,1.3746495609493214,1.5205665191460138,0.08082099511272842,-0.002964737145456372,0.004231518508647387
17.150000000000002,2.9534859446396786,1.375317205381523,1.5203972305032925,0.08256549594199346,-0.006926276046042805,0.0042472107742608615
17.16,2.9533575232202844,1.3763363194668172,1.5205737855832944,0.08444446833416194,0.004043681060773727,0.0042256916918502335
17.16,2.9532700894110544,1.376435623748845,1.5206278442562142,0.08444446833416194,-0.0012120897401633798,0.004214583685699286
17.17,2.9531613421355996,1.377449208423289,1.5207859907800618,0.08285465406748585,0.0036184445244041514,0.004195455118261997
17.18,2.9532355415728366,1.3782413514020095,1.5207749031077196,0.08516515062350151,0.0015088097504597463,0.00419959217483319
17.18,2.9532154490200724,1.378264134789313,1.5207873303375201,0.08516515062350151,0.0003005208311590078,0.0041970392612854695
17.19,2.9530228078828498,1.3793757544330458,1.5210553088937955,0.07819063630982721,0.007818121420003397,0.004167279283310741
17.2,2.9532005979326867,1.3800032581552841,1.520932819761438,0.08307607746910763,-0.0011375073226737344,0.0041848361154084605
17.2,2.953068720004656,1.380152559584092,1.5210144176923697,0.08307607746910763,-0.009071667718445002,0.004168077719844017
17.21,2.9527400295614106,1.3813962611760404,1.5213409448065929,0.07722706281544936,0.00276638726835347,0.004121228721345384
17.22,2.9526303801652265,1.3823358192257065,1.521582607715643,0.07874421039356437,0.012317090181449747,0.004102511049722078
17.22,2.9525544025084978,1.382421700752754,1.5216296376740386,0.07874421039356437,0.007743874017070284,0.004092854547160429
17.23,2.9527953902788826,1.3829849196629507,1.5214790062121042,0.08541332365198442,0.001272859096236055,0.004118455697559355
17.240000000000002,2.952967273997899,1.3836871218358122,1.5213035561875874,0.07964903574631288,-0.007125692594304501,0.0041349103162355355
17.240000000000002,2.9531595206053245,1.383470161004545,1.5211845100801398,0.07964903574631288,0.004451082099856635,0.004159347598243594
17.25,2.95304158995115,1.3844431818929317,1.5214067987180193,0.0796629730980512,0.009495310878314497,0.004139397295285779
17.26,2.9530085167351205,1.3853146960567009,1.5216062292155161,0.0723041884427215,0.014158328185593719,0.004130264201774442
17.26,2.952898202921697,1.385438997763038,1.5216745684769193,0.0723041884427215,0.0075122132215698235,0.004116239266144467
17.27,2.952816417952611,1.3862939490192874,1.521882246821144,0.07325405035799853,0.011273449478612547,0.004101367810171916
17.28,2.9528854187150246,1.3869881847934051,1.521946883728039,0.07312583627220784,0.009126713784852147,0.004105571178287784
17.28,2.9526950694780028,1.3872023645030371,1.522064870519182,0.07312583627220784,-0.0023483758419831306,0.004081363265960769
17.29,2.952683687753949,1.3879847070105555,1.52209447748331,0.07197827735838425,-0.0008418990128764208,0.004075408646633816
17.3,2.9527794513481704,1.3886321217392845,1.5219977821051136,0.06771652883067553,-0.004782027399275817,0.004083121191581112
17.3,2.952878497710518,1.3885208331952286,1.5219363539399564,0.06771652883067553,0.0011926616615996477,0.0040957216196228375
17.31,2.952813152870088,1.389310130131351,1.5220597439071024,0.07087425248462988,0.004355588704444231,0.004083223349581672
17.32,2.952560970808677,1.3903435619562403,1.5225196037905697,0.07589594344305947,0.022937351463206405,0.004046861727775729
17.32,2.952183595400918,1.3907670068543911,1.5227537984161252,0.07589594344305947,0.00015756234773390762,0.003998834342799651
17.330000000000002,2.9520650295639586,1.3916883413074295,1.5229302896014982,0.06229290724027613,0.005121185028930942,0.003979226528585162
17.34,2.952060429671847,1.392350766130838,1.5230315709009608,0.06444228832946874,0.007356092939543944,0.003974854474980698
17.34,2.9519534804144354,1.3924706090738235,1.5230979842852426,0.06444228832946874,0.0008957832485073803,0.003961238073746899
17.35,2.952188796706153,1.3928866831174551,1.5228752605939067,0.06633255637381069,-0.005678901163639095,0.003987202309032692
17.36,2.95210463375479,1.3936730827900017,1.5229865586523414,0.05872742998469905,0.0018240408445604206,0.003972529020583401
17.36,2.9523377275528477,1.3934122214682283,1.522841709054291,0.05872742998469905,0.01591497913458188,0.004002219635044894
17.37,2.9522243342288297,1.3941632645504949,1.5231616445182468,0.06667220583426926,0.020477911444490023,0.003984205419328351
17.38,2.952339181677304,1.3947296159554667,1.5232451246770733,0.05795182895633439,0.01506333133812576,0.003994791401927103
17.38,2.952174937371465,1.3949132002786024,1.523347267629068,0.05795182895633439,0.005126318340519241,0.0039738596342020925
17.39,2.9523232569392,1.395358475927767,1.523261505448375,0.05972969239191497,0.0012375615466198192,0.003989207688547268
17.400000000000002,2.9524775940435886,1.395810222018469,1.5230902582659764,0.054198614496624976,-0.0069592459685027825,0.004005228413391099
17.400000000000002,2.952470302684218,1.3958183624991327,1.5230947965252974,0.054198614496624976,-0.00740077731037805,0.00400429862768184
17.41,2.95276984707905,1.3960594480273978,1.5227102290226913,0.06077740731530446,-0.01621467624583472,0.0040390748438539365
17.42,2.952943195923422,1.3965010863486647,1.5223377753344274,0.05467332210414966,-0.025602871242466248,0.004057418717983432
17.42,2.953329811800201,1.3960699333235276,1.5220969304923333,0.05467332210414966,-0.00216952568143243,0.004106750568822031
17.43,2.953059176285104,1.3969474304742697,1.5224131081733294,0.05485067773425005,0.007419829679108231,0.004068925834277469
17.44,2.9529085251821177,1.3977013306612078,1.5227462737000323,0.06607845712648852,0.0189805182916399,0.004046343714816889
17.44,2.95253756696301,1.3981145761055236,1.522977576591398,0.06607845712648852,-0.003525707360906693,0.003998977567079749
17.45,2.95248506206632,1.3988576401920132,1.5230374323984464,0.05241902248070174,-0.0008261759298785233,0.003988332520204214
17.46,2.952614941064644,1.3992606418218128,1.5228758673244391,0.04732564368401969,-0.007670030607625714,0.00400169706933768
17.46,2.952615956128254,1.3992595123591438,1.5228752338772595,0.04732564368401969,-0.007608391461102881,0.004001826755845294
17.47,2.9525013425606077,1.3998917314335477,1.5229558400778342,0.05616333312410915,-0.0031610172721075252,0.003984294569762485
17.48,2.9525363555900466,1.400437899569565,1.52291193310676,0.04871894462324879,-0.0037099910528322903,0.003985366281948191
17.48,2.9525017215676637,1.4004763975975785,1.5229335675167122,0.04871894462324879,-0.005815299873482242,0.00398093808154596
17.490000000000002,2.9524262854221215,1.4010793339965202,1.5229883176998338,0.057258913906082065,-0.002610645174031486,0.003968308546959194
17.5,2.952391715773845,1.40171240539648,1.5230522828866235,0.04740548073500868,0.0014105755124889153,0.003960460564882106
17.5,2.9523528502900134,1.401755562031715,1.523076583742808,0.04740548073500868,-0.000954346470445522,0.003955487752794548
17.51,2.952370658319327,1.4022327273347606,1.5230724360798913,0.04523057369607399,-0.0008011869470945316,0.003954884326391225
17.52,2.9523407391576693,1.4027417461611538,1.5231398312354645,0.04536871957676032,0.002565416172559671,0.0039483158289068555
17.52,2.9524333903403894,1.4026389603644374,1.5230818380946605,0.04536871957676032,0.008209537018251825,0.003960180502634127
17.53,2.9523205516603843,1.4032428478541499,1.5233176363077159,0.047450508794037685,0.01257251325461084,0.003942995965498876
17.54,2.952534969348332,1.4035050847411539,1.5231621383569331,0.04865049317648798,1.6801840457490377e-05,0.00396748603146119
17.54,2.9526230196840375,1.4034074923599944,1.5231069650554787,0.04865049317648798,0.005386786186490775,0.003978771179804302
17.55,2.952845626283249,1.4036702163931263,1.5229326680203399,0.04563658110170882,-0.0010900464652125403,0.004004274272209648
17.56,2.953052223233699,1.4039237372852973,1.522650792762735,0.048534187500400214,-0.013188489230295777,0.0040278656392151975
17.56,2.9533083435483234,1.4036401251743635,1.5224901331298757,0.048534187500400214,0.0024492920658739543,0.004060719365368679
17.57,2.9538587129903213,1.4035400100794568,1.5219112889794804,0.04629318387803072,-0.014677922043861279,0.00412813995705159
17.580000000000002,2.9536696653374874,1.404231991817241,1.522075149765031,0.04043972620068005,-0.0008081869973908442,0.0041011024100206074
17.580000000000002,2.9535891998137296,1.404321011174718,1.522125678074926,0.04043972620068005,-0.005726627217061767,0.004090772117315947
17.59,2.953836703995628,1.4044695214364156,1.5218070957521956,0.03593907323966471,-0.013144948567305623,0.004119965715355549
17.6,2.9537193698500657,1.4049768830285057,1.5218740747258788,0.03498013651078871,-0.0042851282669879726,0.00410269938632721
17.6,2.953743829896655,1.4049498435389156,1.521858696007165,0.03498013651078871,-0.002788075932354,0.00410584277750583
17.61,2.9535209751133737,1.405567243526031,1.5221063778510904,0.038671283003402036,0.0050349117494160565,0.004075065424899763
17.62,2.953471104531287,1.406028144732302,1.5222578183793394,0.037088967185175924,0.009548743432688859,0.004066271213124376
17.62,2.9533993619806185,1.4061073951154857,1.5223029826432282,0.037088967185175924,0.005151951507385115,0.004057041800538653
17.63,2.953216071712191,1.4066989594011323,1.5225857357470864,0.035639967239456075,0.01171666941431991,0.004031222064639572
17.64,2.953190852441994,1.4070994675939787,1.5227652738642525,0.03270678047399195,0.014501680209026778,0.004025797618718945
17.64,2.9529596180947246,1.4073547160160844,1.5229110305827849,0.03270678047399195,0.00031131243552501645,0.003996018696184552
17.650000000000002,2.952789187195672,1.4078907121489597,1.5231284886741674,0.03784377007279162,0.006396741327253348,0.003972090800230483
17.66,2.952625646576085,1.4084655565229396,1.5234603732558312,0.03340877755895143,0.018360065688482866,0.003948796063812784
17.66,2.952381812560262,1.4087345247910092,1.523614273364949,0.03340877755895143,0.003376056436954253,0.003917360516807308
17.67,2.9524774647634984,1.4089827657616663,1.523556109372347,0.036797947869423094,0.0007661666345084635,0.003927619718309848
17.68,2.9523162093050725,1.4095437878055956,1.5238277014531851,0.03235735790797672,0.012551743726937195,0.0039046775386810074
17.68,2.9522252295301747,1.4096440756163464,1.5238852001997931,0.03235735790797672,0.006953246562108241,0.0038929355247865546
17.69,2.952582612764067,1.409597295362711,1.5235602507291766,0.041510830532379944,-0.004247073686496455,0.003936950491269832
17.7,2.9525805925863295,1.4100254512951813,1.5235491091114164,0.028181647813149295,-0.0028480674403371913,0.003934227903730903
17.7,2.9526084536327066,1.4099947622678193,1.523531478600379,0.028181647813149295,-0.0011313377814837085,0.003937827482247028
17.71,2.9528161286278456,1.4100599653101555,1.5232954904335525,0.02522194606979256,-0.007510598137541905,0.003962889687441371
17.72,2.9526240081739514,1.410536590954673,1.5235230560028332,0.02524916996552816,0.006005555029399458,0.003936593417206476
17.72,2.952596058242288,1.4105673609680442,1.5235407686824818,0.02524916996552816,0.0042807295999860665,0.003932977870514743
17.73,2.952802784241074,1.4106115382352662,1.5233584966108018,0.03347075733261361,-0.002110204035738701,0.003958078970454128
17.740000000000002,2.95281159198522,1.4109532607091613,1.5233478602070825,0.03297900137515046,-0.0016428379820799326,0.00395716994187444
17.740000000000002,2.953026463672563,1.41071684634327,1.5232114947289899,0.03297900137515046,0.01163688854678151,0.003984998936608736
17.75,2.9532964963652546,1.410759335556844,1.5230327703708912,0.02367549884612861,0.003257728316966026,0.0040178999216870835
17.76,2.953279637957886,1.411021921168474,1.5231069060155882,0.017383983617351034,0.005113651156578644,0.004014291144383335
17.76,2.953220829087415,1.4110865890989523,1.523144282067709,0.017383983617351034,0.0014736470162172869,0.0040066652586496915
17.77,2.953203939202999,1.4112934653955072,1.5231885247024122,0.024577577348534992,0.0023114975840059435,0.004003376322795363
17.78,2.953123378208618,1.411635806476877,1.5233487748569279,0.018686609265901894,0.008435852346975949,0.003991471011136849
17.78,2.953162591390703,1.4115927048944286,1.5233238131519107,0.018686609265901894,0.010866972376291941,0.003996562857770518
17.79,2.9537201950848924,1.4111770612846402,1.5227946171911475,0.019602470356696163,-0.00724624494712529,0.0040676457889652394
17.8,2.9537383503127335,1.4113662143015913,1.522709300308227,0.023438468841948175,-0.007820327494402283,0.004068761458316219
17.8,2.953923537599028,1.4111627428855504,1.5225912243384137,0.023438468841948175,0.003680188467828683,0.004092842052631532
17.81,2.954235334771443,1.4110595996331214,1.5222777480573928,0.014162497663651685,-0.006266807634829228,0.004131867063970806
17.82,2.9540672316439274,1.4113883301624512,1.5224762857757415,0.00784120490831993,0.005398981682688854,0.004109202024376002
17.82,2.953869107722981,1.4116059324914942,1.5226028172577404,0.00784120490831993,-0.006925764750314362,0.004083402642744743
17.830000000000002,2.9534962889538874,1.4121052612758442,1.522973259189405,0.017450219979567944,0.005560927973552425,0.00403442697824539
17.84,2.953419924382613,1.412377211089457,1.5231560302977365,0.02345225652598837,0.011240269436727943,0.0040233957977134725
17.84,2.953185391541758,1.4126347354778486,1.523306079147334,0.02345225652598837,-0.0033759686367590153,0.003992807958232246
17.85,2.953516319841435,1.412511852242979,1.52289834865973,0.015570941114497586,-0.01399638479436014,0.004034452369868338
17.86,2.9535987248969477,1.4125857556214056,1.5226460075552386,0.016389539742964105,-0.019015527153971964,0.004044198577173285
17.86,2.9537839372629007,1.4123824657656239,1.5225273196367453,0.016389539742964105,-0.0074535278911784224,0.004068388165791494
17.87,2.953511074189295,1.4128483335902184,1.522781085196012,0.008698130824124213,0.0018701716217344108,0.0040318382646481335
17.88,2.95338058660217,1.4130900686397614,1.523002626028008,0.017868765858545584,0.010929847203994597,0.0040142508761768685
17.88,2.95317657653829,1.4133139321732617,1.5231335903231504,0.017868765858545584,-0.0018287452615790203,0.003987565021248453
17.89,2.953384810780082,1.4132695418005072,1.5228809293136256,0.013000025766336673,-0.008485112844309608,0.0040136516786475574
17.900000000000002,2.9532369544768486,1.4135614181227492,1.5230275359083203,0.0039570955300569175,0.0018530279096678152,0.003993587832539288
17.900000000000002,2.95322961334974,1.4135694711790734,1.523032256625561,0.0039570955300569175,0.0013931090474512745,0.003992626125391635
17.91,2.953022623350726,1.4138452359251192,1.5232919416885826,0.013163521639001611,0.008372887108822953,0.003965279332215873
17.92,2.953130108516022,1.4138617485270473,1.523222728021415,0.008058340197106655,0.001541500538410184,0.003978533855188925
17.92,2.953199616921938,1.4137855129320043,1.5231779479143277,0.008058340197106655,0.0059044650946880745,0.003987654531229111
17.93,2.9530996162223526,1.4139800704259915,1.5233592049487417,0.008305784818149342,0.009375577146283745,0.003974058331533298
17.94,2.953110152210192,1.4140466100696076,1.5234423653541092,-0.0035847960295207707,0.00890231004416954,0.003974976337501983
17.94,2.9531508227489645,1.414002010915434,1.5234161150690988,-0.0035847960295207707,0.011460035055671594,0.003980321776428708
17.95,2.953204272172636,1.4139107838738056,1.5234659521447966,0.002957663559644782,0.009620557277885852,0.003987525018458675
17.96,2.953378112666719,1.4137474879494643,1.5233008038181792,-0.0018858116530237924,-0.0020536954959047265,0.004010163780829038
17.96,2.953461605947112,1.41365592993109,1.52324680466791,-0.0018858116530237924,0.0032080515978673025,0.004021157486852867
17.97,2.953608750346109,1.4134755457106196,1.5231039939893618,-0.00085662070248931,-0.0017595411591091355,0.004040605017186458
17.98,2.953465537057582,1.413626272917427,1.5233032625733145,0.0026111825576509633,0.007927637287105278,0.004021824578214674
17.98,2.9533437421330806,1.4137598353508747,1.5233821955292797,0.0026111825576509633,0.00023589766062491035,0.004005757984838953
17.990000000000002,2.9532916982138735,1.4138420709280402,1.523447521927925,-0.00033207653055280714,0.002024468819920692,0.003998757789569012
18.0,2.9533275944946493,1.4137986455021925,1.5234129115497859,-0.0010727653400803717,-0.0004259273421333373,0.004003507094372235
18.0,2.9531457492304614,1.4139980559312728,1.5235309991623307,-0.0010727653400803717,-0.011933763234026612,0.00397947573077584
18.01,2.9532316071360016,1.4138927117029025,1.52330919181608,-0.0009698251818581391,-0.01484446745398618,0.003990864791601235
18.02,2.9531552484671373,1.413965766404487,1.523276350684809,-0.001603025988625528,-0.009680299048785592,0.003980858344985233
18.02,2.953311582159195,1.4137943285665049,1.523174621353435,-0.001603025988625528,0.00023392125233849016,0.0040015563883483455
18.03,2.9532138384758446,1.4138855775705461,1.5232923194430847,-0.00042743689226163004,0.003510840851058418,0.003988737747695331
18.04,2.9531446930514886,1.4139596530628054,1.52343287541761,0.0031173505375116034,0.008221432741232531,0.003979612573593857
18.04,2.953068435850793,1.4140432795884184,1.5234825994629355,0.0031173505375116034,0.0033752271648891316,0.003969497734503421
18.05,2.953189114534948,1.4139311733728557,1.5233736586869349,-0.013089874589030097,-0.0006782689943823361,0.00398535005143769
18.06,2.9533049734009333,1.4136751675557777,1.5231807015412953,-0.0019348312688571272,-0.00899530651458864,0.004001457285746236
18.06,2.953463089737696,1.4135017553524798,1.5230773811249148,-0.0019348312688571272,0.0010750414862938061,0.004022470306279991
18.07,2.9534472872471667,1.4135005006104044,1.523105993486408,0.0003313727270470167,0.0015824618571844682,0.004020486413878797
18.08,2.9534677963385483,1.4134811175443707,1.5230905886774933,-0.0001504498584625579,0.00018730764105859667,0.004023187644162332
18.08,2.9537038816592367,1.4132221867624333,1.5229360017306852,-0.0001504498584625579,0.01525525345686968,0.00405462060983139
18.09,2.953881131590328,1.4130293972910257,1.5228765609646238,0.003981578933520084,0.009232801014185424,0.00407816087058806
18.1,2.9537137978560346,1.413248096197701,1.5232284343948104,-0.004658957700806137,0.020828079037391492,0.00405571646649816
18.1,2.9536005557519065,1.4133722922787,1.5233027325930388,-0.004658957700806137,0.013585681513241205,0.0040406121384620915
18.11,2.953457958319932,1.4134779275621396,1.5236068112785754,-0.006987494369125368,0.01836477806058146,0.004021936657011994
18.12,2.953613761104827,1.4132380770736384,1.52354579758612,-0.0012192206011269174,0.007434204175559688,0.004043088968554726
18.12,2.953623891224798,1.4132269658635976,1.523539136951597,-0.0012192206011269174,0.008083499798845034,0.004044442753578006
18.13,2.9537089982196045,1.4131211102257744,1.5235170360835395,-0.0008227811049486492,0.005159063629601751,0.004055867766438738
18.14,2.953639555687598,1.4131922104216044,1.5236754197888855,0.0038032721078365157,0.009930289812412837,0.004046637095496419
18.14,2.9534422931753275,1.413408583567106,1.5238053887692764,0.0038032721078365157,-0.002740081014935662,0.004020226075665395
18.15,2.9534628774369045,1.413420519527721,1.5237550630843724,-0.0032339174532720148,-0.0033914010616557483,0.004022769963623171
18.16,2.953514839395642,1.4133332395598663,1.523638714678151,0.0015387940640781807,-0.0070744283209472365,0.004029893522643414
18.16,2.9535768910978906,1.41326517672249,1.5235977482897085,0.0015387940640781807,-0.0030805026063377575,0.004038216618161932
18.17,2.9536599713859126,1.4131916325674394,1.5234676616027922,0.003371189617736036,-0.005901278154087359,0.004049231034289678
18.18,2.953533812997705,1.4133676249281868,1.5236067166683758,0.006213422840604537,0.0029482470821971217,0.0040321190123466044
18.18,2.9535120146700833,1.4133915338465046,1.52362113642327,0.006213422840604537,0.001542352292982233,0.004029189959549166
18.19,2.9535301143065245,1.413431220781761,1.5236179110905472,-0.0012164162458107135,0.0010124891884603763,0.004031258416452394
18.2,2.953245915718029,1.4137284163008752,1.5240681883855847,-0.003445386187464193,0.0206786036494265,0.003993240386073201
18.2,2.952934759143717,1.4140696816151015,1.5242744270391668,-0.003445386187464193,0.000569736972511229,0.003951356025704639
18.21,2.952874195982424,1.4141069342515393,1.5243519240559942,0.00562024868783661,0.0026098102677654775,0.003943394086734751
18.22,2.953008945076477,1.4140167285039789,1.5241723858861391,0.0037736935478060282,-0.006578267887082771,0.003961151751626453
18.22,2.9531664912882976,1.4138439409342343,1.524067752355782,0.0037736935478060282,0.003624334088744517,0.003982397184316677
18.23,2.953307842701541,1.4137268166564878,1.5239344788629499,0.001528104437032285,-0.0011923507988407661,0.004001190872317716
18.24,2.953251544940758,1.4138007744209053,1.5240111490366655,-0.0034323978127351502,0.0027662085338574036,0.003993542150130732
18.24,2.953277650588807,1.4137721448740637,1.523993776932097,-0.0034323978127351502,0.004460214691311865,0.003997068784143958
18.25,2.953431053895218,1.4135712716573507,1.5238500336597252,0.000987986812685449,-0.0008916161868928237,0.004017945264857986
18.26,2.95342827140038,1.4135878662550416,1.523846408289207,0.005085728466026025,-0.0006552069326945931,0.0040174885899176135
18.26,2.9533528266914737,1.4136706067872034,1.523896716305252,0.005085728466026025,-0.005561146266867762,0.004007277813239218
18.27,2.9534989137163294,1.4135642040876681,1.5236660005404044,0.005586103540244292,-0.010536867305218038,0.004026682314553303
18.28,2.95335085162399,1.4137797804366359,1.523796061502483,-0.0014925762575796128,-1.690035221644029e-05,0.004006365833479183
18.28,2.9534945901941323,1.413622158153192,1.5237000297646253,-0.0014925762575796128,0.009348409550298427,0.004025853075485929
18.29,2.9536753717409687,1.413406251710119,1.523571792733705,-0.004057758972658067,0.0030478641450405047,0.004050418065120749
18.3,2.953846545062022,1.413178324170113,1.5233310061851069,-0.0009224311323007871,-0.009073645162715485,0.004073821663656196
18.3,2.9539928660621335,1.41301786258546,1.523233046066647,-0.0009224311323007871,0.0004802175758301507,0.004093696303485807
18.31,2.9537147848853715,1.4133187699173384,1.5235779078504657,0.006377316992309502,0.010143795540325577,0.0040560286303837545
18.32,2.9536752174805625,1.413421642336466,1.523745716988185,-0.0033531889411879583,0.013109661721295122,0.0040503037061705325
18.32,2.9533664146594947,1.4137602720163271,1.5239528657243049,-0.0033531889411879583,-0.007094194256376696,0.004008284581733163
18.33,2.953479265318404,1.4136028991207386,1.523741713529632,-0.0012836706147605031,-0.011078700247519342,0.004023811960242676
18.34,2.9533509863225236,1.413735557791424,1.5238323530800149,0.005793351834548172,-0.0020775489395239693,0.004006441596141794
18.34,2.953396117316667,1.4136860656291468,1.5238020159642716,0.005793351834548172,0.0008814751061895732,0.004012594131431466
18.35,2.9533783311133646,1.413763090205373,1.523835843462755,0.0014789826971147169,0.0015923086181867452,0.004009824737185092
18.36,2.9533529466020507,1.413807199516556,1.5238929639793066,0.002435801890137279,0.0034333383104159687,0.0040062728043856796
18.36,2.9533629141414734,1.4137962695552693,1.523886250699829,0.002435801890137279,0.004088172147612475,0.004007634029752682
18.37,2.9533739170293116,1.4138071387335662,1.5239148475998558,-0.0009941700743084855,0.0037390422012118416,0.004008993900541311
18.38,2.9535557918801887,1.4136006017229321,1.5236642007896037,0.0033253210522552782,-0.009133033797841672,0.004033822146999747
18.38,2.9537876519634922,1.413346359013653,1.523507726242838,0.0033253210522552782,0.006130750366979099,0.004065543730286525
18.39,2.9537304369647464,1.4134392206600217,1.5236412840322344,-0.0029042121134515994,0.008184131428162966,0.004057547704952596
18.4,2.953838132940354,1.4132882533504265,1.5235501763893664,-0.005964076991195803,0.00045506225305102024,0.004072452244603444
18.4,2.9538230928676463,1.4133047452108949,1.5235603469291379,-0.005964076991195803,-0.000537104329309731,0.004070390801430518
18.41,2.953830229525414,1.4132383756226683,1.5235429008716301,-0.0006337525951868811,-0.0008802901515148794,0.004071726869011992
18.42,2.9538797444368767,1.4131805315409882,1.5234552361548193,0.0033950240529885545,-0.004404690827165204,0.004078521579890164
18.42,2.9540380940153064,1.413006884890831,1.5233479308441022,0.0033950240529885545,0.006063794243356667,0.004100266867466805
18.43,2.9536327428746856,1.4134854113071622,1.5239125827848388,0.0012658600279173492,0.020388838211217584,0.00404451108146009
18.44,2.953594420873599,1.4135370499861053,1.524178114174287,-0.003496019835957965,0.02314377451946607,0.004039201112111928
18.44,2.9533541886938743,1.413800477786617,1.5243412293984038,-0.003496019835957965,0.007229783905049494,0.0040061523367030056
18.45,2.9534374264951824,1.4136651325330263,1.5243077861081682,-0.013033302244744326,0.004224337683861842,0.004017847283226784
18.46,2.9534618068694356,1.4135107938279818,1.5243021540243273,-0.0010722550329683288,0.002084652259913716,0.004021970399053085
18.46,2.9533324118565156,1.4136527051995262,1.5243902045456887,-0.0010722550329683288,-0.006506243736478241,0.0040041338800101585
18.47,2.9527799237630483,1.414251830606855,1.525012072424728,0.004670759830644869,0.013018679113745366,0.003928175741363171
18.48,2.9527245301956357,1.4143593145801494,1.5252340082271738,0.001729958818544613,0.017119280478644743,0.003920275893580577
18.48,2.952404218022769,1.414710603334401,1.5254524105292357,0.001729958818544613,-0.004190826051923311,0.003876042217274426
18.49,2.952573119053803,1.4145419339348508,1.525200864144303,-0.0003190055032504368,-0.010149621927800358,0.003899218277487413
18.5,2.952416582903459,1.4147103742211555,1.5253497227635446,-0.00016944949869316913,0.0010398946532975944,0.0038776667296441516
18.5,2.9525386068681105,1.4145765519692919,1.5252663547577563,-0.00016944949869316913,0.009174746579785226,0.0038945483157246503
18.51,2.952724683763629,1.4143696748681782,1.5251255340589704,-0.0015061955720499795,0.0025640064879048855,0.0039202539133019266
18.52,2.952830839652854,1.4142348023526468,1.5249796015887624,-0.004940895626668851,-0.00510452593993903,0.003935020352380541
18.52,2.953033375391279,1.4140126802850141,1.5248409447288849,-0.004940895626668851,0.00842595956881352,0.003963092365710714
18.53,2.953218597964846,1.4137619707388096,1.5246907580372835,0.0006089006357920361,0.0017616567077332005,0.003989000090198919
18.54,2.95326133258744,1.4137223335595144,1.5246401905481188,0.0016999533406606903,-0.0012859327203448602,0.003994867099256756
18.54,2.953332266252247,1.4136445365761041,1.5245915283849727,0.0016999533406606903,0.0034628813039394996,0.004004717237631724
18.55,2.9535095191975773,1.413460964497122,1.5244044430380221,-0.007387000272850942,-0.002839668981727419,0.004029212843662829
18.56,2.9535826586819325,1.4133055297450166,1.5242528748978892,-0.004362472235171262,-0.008345118614661057,0.004039809046843823
18.56,2.9538510123991157,1.4130111945397248,1.5240683946461246,-0.004362472235171262,0.00965872850975263,0.004077144366726739
18.57,2.9540451408604893,1.4127579672358326,1.5239187204418534,0.0027857520670313283,0.002658199045026147,0.004104346344521041
18.58,2.9541302035022863,1.4126918875882337,1.5238099546013286,0.0001475494710607853,-0.0033916304146981878,0.004115987556557088
18.58,2.9542952787126646,1.4125108256036332,1.523696240791628,0.0001475494710607853,0.007706511585292991,0.004138996815299292
18.59,2.954108976637486,1.4127143477562005,1.5240079013311247,-0.002922551061236208,0.014375583396884188,0.004113088861666347
18.6,2.9543380488820565,1.4124332288400112,1.5237789660314185,-0.001836206249274159,-0.0022834564096465993,0.004145137015472122
18.6,2.9544533279701612,1.4123067821253696,1.5236993919526265,-0.001836206249274159,0.0054831316722963016,0.004161235344944358
18.61,2.9542518496175094,1.4125089778667408,1.5240074484125603,-0.0012100057902647158,0.012681998337490388,0.004133275782701052
18.62,2.9545392780617905,1.4121823726897758,1.5236675461537317,0.0005865215489404192,-0.008180602824995142,0.004173401229977522
18.62,2.954571807460629,1.412146690808679,1.5236450457699466,0.0005865215489404192,-0.0059844117895679685,0.004177952359966063
18.63,2.954454520437221,1.4122871135978723,1.5237342025505776,0.00784431053549944,-0.0017483955852770246,0.004161503993767516
18.64,2.954630332336822,1.4121678170762115,1.5234365325070167,-0.0036352197789344363,-0.014273044379643033,0.004185587280934931
18.64,2.9549881045497393,1.4117754042929382,1.523188584256618,-0.0036352197789344363,0.009929594700903452,0.004235730340684134
18.65,2.9552105199363985,1.4114937393955582,1.5230038656023037,-0.0029861373690261484,0.0018549989471296734,0.004267076566107313
18.66,2.955161044708386,1.4115192385231516,1.5231008117486868,0.00040509769116480257,0.005359472401952758,0.0042603394791411574
18.66,2.9551690413700364,1.4115104670770235,1.5230952582404726,0.00040509769116480257,0.005901586291241693,0.0042614623712149335
18.67,2.9550781357747233,1.4116194471420296,1.5232702448458622,0.0068835167264476365,0.009198745583718894,0.0042486654912894835
18.68,2.955059133306871,1.4117075508499988,1.5233981786438373,0.0003084809351760476,0.010805656112405193,0.004245577040830744
18.68,2.9549146813361924,1.411865987700743,1.523498692988527,0.0003084809351760476,0.0009933169190004115,0.004225257223383098
18.69,2.954878662040449,1.4119103186014808,1.5235547313274367,0.002357625260366314,0.0023041653001632453,0.00422017075064927
18.7,2.954965815303031,1.4118398170147193,1.5234372031764432,0.002764436422183978,-0.0039798611338531815,0.004232245744043201
18.7,2.954970583263867,1.4118345876248726,1.5234338788854769,0.002764436422183978,-0.0036553236390405412,0.004232917655872522
18.71,2.9550091227192774,1.4118157867667225,1.5233495409772626,-0.004458279799189653,-0.0050139585347261685,0.004238188346267557
18.72,2.954974509862741,1.4118076056947075,1.5233526675883382,-0.003542961101309488,-0.002632699716187497,0.004233613717618828
18.72,2.955050995156603,1.4117237173908948,1.5232992325269075,-0.003542961101309488,0.0025842116489995766,0.004244412167411588
18.73,2.9550673542100734,1.4116656475245537,1.5233018584005347,-0.0072843652442130796,0.0019241000092186556,0.004246972421109798
18.74,2.955091081062047,1.411563010148023,1.5232764841876378,-0.007356053129029938,-7.045866597687545e-05,0.004250803285642542
18.74,2.954954502953738,1.4117128245295891,1.5233721060329688,-0.007356053129029938,-0.009406559057393033,0.004231482961719282
18.75,2.9546064121673035,1.4120194524203356,1.5237193976869863,-0.004678844090935559,0.0031429571120326003,0.004182820525177574
18.76,2.954781838297692,1.411780321525226,1.5234588840728829,-0.001471626082581068,-0.009908863593015554,0.00420788289867586
18.76,2.9549859607519564,1.4115563869623442,1.52331566406345,-0.001471626082581068,0.00407519677647368,0.00423681523480842
18.77,2.955201709220619,1.4113100993158625,1.5230790282276772,0.0061278574739559825,-0.00381222980839439,0.004267392866069208
18.78,2.955429550441696,1.4111204375363833,1.522669966516969,0.000781237168245321,-0.020396051823895544,0.004299230239603963
18.78,2.9555999315449992,1.410933526149293,1.5225501839044118,0.000781237168245321,-0.008699858838947631,0.004323423613844362
18.79,2.955300608068681,1.4112665288390267,1.522848280136122,-0.0038376708248335665,0.002250462551225473,0.004280981461524024
18.8,2.955415508513446,1.4111034251092534,1.5226782615813097,0.00042821120996695133,-0.006356968380255337,0.004297502146166509
18.8,2.9555450619915065,1.4109612988257536,1.522586995595212,0.00042821120996695133,0.0025551469818000903,0.004315932548116906
18.81,2.9555631263030264,1.4109520793038663,1.5225899000987317,0.008307210498349638,0.0019111550616350446,0.004318428023894542
18.82,2.9555061246994043,1.411095686332319,1.522709466125845,0.00017964486943722324,0.006402419901437791,0.004309809647999518
18.82,2.9554019156834275,1.411209998884164,1.5227830195093432,0.00017964486943722324,-0.0007804096664648296,0.004294958773086519
18.83,2.955252633635254,1.4113785383792672,1.5229681924039025,0.003925531999209299,0.0047072489552056635,0.004273698794944736
18.84,2.9551637711411054,1.4115081992216338,1.5231650071370513,-0.007818193547569092,0.011402279114807016,0.004260854450075297
18.84,2.955025906234913,1.4116594232812574,1.5232625070810013,-0.007818193547569092,0.0018804960491143434,0.004241172070075138
18.85,2.955060727738688,1.4115454152797149,1.5232318369466895,0.00040924745350780743,0.00047354386642558394,0.0042466215898131505
18.86,2.9550554486295875,1.4115505878395789,1.5232452963131913,-0.0059553470681767,0.0008636017662065822,0.004245873434903022
18.86,2.9549951255145355,1.4116167612261938,1.5232880470761225,-0.0059553470681767,-0.003311612324665144,0.004237244815583914
18.87,2.9550502987862446,1.4114974476778577,1.5231799704293065,-0.0010341494958292282,-0.005443363130362738,0.004245499849672049
18.88,2.9549131915941076,1.4116336147948176,1.5233527294932427,-0.0054065116437906555,0.004714916628971026,0.004226019980670767
18.88,2.954863882973249,1.41168770961463,1.5233877476355988,-0.0054065116437906555,0.0012947371235597482,0.004218953306507974
18.89,2.9550301794532934,1.4114519220851265,1.5231815560860469,-0.0009059191632811939,-0.004937363267044642,0.004243081277076449
18.9,2.9552048212233784,1.4112510116604926,1.5228401061004855,-0.0006209706340442366,-0.017996996330242807,0.004268119334107031
18.9,2.955610051621777,1.410806415576817,1.5225517164235596,-0.0006209706340442366,0.010171027307635767,0.00432630640908267
18.91,2.9557507473424276,1.41064099437597,1.5224696317671733,-0.006470880948571731,0.004943942804274968,0.004346538937917464
18.92,2.9558728829859855,1.410435710811785,1.5223093919191144,-0.01061732235832376,-0.004431652200916356,0.004364509954719189
18.92,2.956071881065415,1.410217364793418,1.522167474412563,-0.01061732235832376,0.009430589316415971,0.004393139072673731
18.93,2.9559847557992898,1.4102016410855924,1.5223687306209115,-0.010127948693315526,0.012472308472383559,0.004381368043782073
18.94,2.9559542791839335,1.4101366645575337,1.5225369365972858,0.00036279828259173225,0.01441664072760727,0.00437764199250516
18.94,2.955838976483187,1.410263206115473,1.5226193510416313,0.00036279828259173225,0.006366163971610016,0.004361019320439006
18.95,2.956005300710503,1.4100792864847915,1.5224654832438904,-0.006354892523426596,0.0001793635655818679,0.004384956140526178
18.96,2.9559870103174966,1.4100304879662393,1.5224926802567087,-0.008977844112698592,0.0013152953022969194,0.004382779756714488
18.96,2.955988160720338,1.41002922533488,1.522491856264595,-0.008977844112698592,0.0013957890319519915,0.004382945924330404
18.97,2.9558245795635063,1.4101259026403177,1.522715164632255,0.005951459897417485,0.007350120732537088,0.004359913546190829
18.98,2.9558736711025895,1.4101278583690535,1.5227103487069364,-0.0027716698139031194,0.003848039221287742,0.004366621881793169
18.98,2.9559260019389257,1.4100704197901281,1.5226727886946023,-0.0027716698139031194,0.007517357681535724,0.004374195008362242
18.99,2.9557945013266993,1.4101859005465933,1.522918874491068,-0.0023983827630848476,0.012378553991600207,0.004355395144983168
19.0,2.9557410913305437,1.4102212370061882,1.5231309406897007,9.246256815165655e-05,0.016326250080349825,0.004347834864825918
19.0,2.95567626893459,1.4102923901450095,1.5231775627715745,9.246256815165655e-05,0.011771422097158346,0.004338436168249021
19.01,2.9557980062579268,1.4101635909855346,1.5231354076472248,0.005080156812198566,0.007224199716745983,0.004356017989908345
19.02,2.956013181612383,1.4099750773803517,1.5228477218163918,-0.0023423979349837653,-0.00887121708411686,0.004386835845781767
19.02,2.9560573388256834,1.4099266100421974,1.522815900352636,-0.0023423979349837653,-0.005762214649468717,0.004393249756615095
19.03,2.9560345079647674,1.4099279099601862,1.5227869458960333,-0.001217144023114873,-0.004946788521066975,0.004390097592585777
19.04,2.9562060643965746,1.4097254182369627,1.5224458995349028,-0.003007182138873292,-0.01798598710795752,0.0044150583335069915
19.04,2.956423206080003,1.4094870737680458,1.5222890977751975,-0.003007182138873292,-0.0026655065702934355,0.004446657877519936
19.05,2.9559564624172228,1.4099728527064281,1.522877386383783,0.003555548717857601,0.014826441040922563,0.004379054370434368
19.06,2.9561584230950806,1.4097824599883555,1.5226854110626253,-0.004328874439564583,-0.0003891589435806135,0.004408175110010724
19.06,2.9560144122631073,1.4099405324492134,1.5227896130745913,-0.004328874439564583,-0.010570806509429102,0.004387179261780926
19.07,2.9560982727869933,1.4098040403324559,1.5225702155471006,-0.002931811026300789,-0.013804761138321072,0.004399675296325337
19.08,2.9560892274471673,1.4097818276292033,1.5224450426631324,-0.004620947045113894,-0.01322898893315041,0.004398573576605548
19.08,2.956360955455593,1.409483544885777,1.5222480167104115,-0.004620947045113894,0.006023454069710549,0.0044382660818042315
19.09,2.956634287092406,1.4091357944355625,1.5219427586906156,-0.0034220414627136406,-0.004373427756268727,0.004478431195389798
19.1,2.956432545766347,1.4093250230466743,1.5222402248876739,0.0014399102621998503,0.010885740379699419,0.004449239537803378
19.1,2.956514351586878,1.4092352145987566,1.5221807836157972,0.0014399102621998503,0.016694332920679643,0.004461212489692398
19.11,2.9563771279224857,1.4094066133379708,1.522531402594431,0.008679536476934435,0.021919341200838036,0.0044410315756717444
19.12,2.956558053942392,1.409293220960747,1.5224483994712243,0.0008173503471579323,0.00840424092875466,0.004466881245552625
19.12,2.9564872567549614,1.4093709361368068,1.5224999399416816,0.0008173503471579323,0.0033674774011134357,0.004456501423539621
19.13,2.9563096561377358,1.4095643020583444,1.5227700424741617,-0.012344721105517134,0.010093288611211608,0.004430529337210414
19.14,2.9566369075750054,1.4090817374530689,1.5223014449581755,-0.003908515621365856,-0.015378253808154468,0.004479237210061534
19.14,2.95663576166468,1.4090829954744981,1.5223022809581082,-0.003908515621365856,-0.015459955254361125,0.004479068874268973
19.15,2.956196779901102,1.4095191992291685,1.5227308004908628,-0.009900606412727235,0.0011288171726516003,0.004415023895286305
19.16,2.95617136936953,1.4094480085841927,1.5227778969922092,-0.0034068653701829887,0.00273033182546572,0.004411962049000513
19.16,2.9562135545785444,1.4094016888704706,1.5227470537129983,-0.0034068653701829887,0.005744755698219632,0.00441817159402672
19.17,2.956452187892494,1.4091071273791698,1.5224832982102365,0.0008612119364427434,-0.0033931659268655427,0.004453443367440051
19.18,2.9563931561298964,1.4091801687845613,1.522551444793731,-0.00022167132225765795,0.001172336121842265,0.004444716670103179
19.18,2.9563158255842956,1.4092650819257302,1.5226081004943444,-0.00022167132225765795,-0.004365085831217492,0.004433312277233172
19.19,2.9560613900739523,1.4095398712846572,1.5229052100483982,-0.003149361517911415,0.005329463582896243,0.0043958997643815554
19.2,2.9559615581941983,1.4096169085789876,1.5231278403312372,-0.002470974087367521,0.012903235673761993,0.004381425954511
19.2,2.9557746406949637,1.4098221617560838,1.523265065061427,-0.002470974087367521,-0.0005094755049584593,0.00435380805973102
19.21,2.9559352488544275,1.4096232088295353,1.523042869050199,0.0019107208789326102,-0.00668610491131146,0.004377639513251889
19.22,2.955839604058953,1.4097401076581857,1.5231419552217214,-0.008715871341891335,0.0007362597759323084,0.004363458001376238
19.22,2.9559060804674,1.4096671094330102,1.5230930530744933,-0.008715871341891335,0.0055163077466515486,0.004373298476138589
19.23,2.9559912525165704,1.409492285564347,1.5230286069299102,0.004655196718262812,0.00211328724443968,0.004386425722638768
19.24,2.955996123382092,1.4095324273126466,1.5230448907641934,0.00019429345827915064,0.0018963988297543374,0.004386840033733554
19.24,2.9560157924194743,1.4095108275676334,1.5230303917669792,0.00019429345827915064,0.003313700787165135,0.004389757167432215
19.25,2.9557811810785197,1.409769682000272,1.5233800240087652,-0.0008764149184129577,0.012318576904742713,0.004355027769410251
19.26,2.9557148062284586,1.4098344613840155,1.5236175673623138,0.0005455997651894686,0.017433677199460464,0.004345258666639226
19.26,2.9554944288228335,1.410076472360659,1.523780345902527,0.0005455997651894686,0.001521059838184749,0.00431251358573663
19.27,2.9555525439776997,1.4100124768793783,1.52371700604448,-0.007099987303836279,-0.0007139010428020122,0.004321131461447118
19.28,2.955739534356034,1.409736347643489,1.52337972271753,-0.0021485793344235456,-0.015481211812357992,0.004349329091246242
19.28,2.9558728736329627,1.4095899088632304,1.5232810284279488,-0.0021485793344235456,-0.005832785130362726,0.004369179607159048
19.29,2.9560189271911614,1.4094084134830624,1.5230236023098227,-0.00021483367339248868,-0.01149777730505427,0.004391019009504128
19.3,2.9559170743754466,1.4095118930993427,1.5230851566661598,-0.008136630583483129,-0.003601366400855812,0.004375944196180541
19.3,2.9559865547308486,1.4094355842939965,1.5230336238839746,-0.008136630583483129,0.00143674802511406,0.004386307411493292
19.31,2.9558507432221437,1.4095058737952542,1.5232274581404202,0.00047165291219406283,0.006543285166720912,0.004366624949974867
19.32,2.955775529626348,1.4095919470705922,1.5234242927408104,-0.0014656238089855627,0.012421094533427244,0.004355406081415757
19.32,2.9556192004861535,1.4097636552106387,1.5235404840854057,-0.0014656238089855627,0.0010610997620112035,0.0043320437506230046
19.33,2.955648451056742,1.4097225924390333,1.5235107679473532,0.006901488824916579,-8.639413765204108e-05,0.0043364657138551576
19.34,2.9555054063408526,1.4099450942376412,1.5237649178728758,-0.0023178046072537878,0.011321001437016524,0.00431469705014203
19.34,2.955299900512671,1.4101708048459256,1.5239179582054465,-0.0023178046072537878,-0.003642393126351057,0.004283930411340159
19.35,2.9554466401691863,1.4099910556784214,1.5236804436230373,0.005146355401641862,-0.009364493109635802,0.00430597654078572
19.36,2.9553091967090803,1.4101950070675777,1.5238315291302909,0.003765986553864916,0.0015831095957543981,0.004285089527355653
19.36,2.9552811779150137,1.4102257795270823,1.5238524359223156,0.003765986553864916,-0.0004611283955152242,0.004280887163896693
19.37,2.9550833892211066,1.4104782793675887,1.5241200189885724,-0.001767647220712419,0.007284438298665999,0.004251051024997601
19.38,2.9550495418649105,1.4104967839617286,1.5242507722124017,-0.0019037631185920658,0.009874942067972278,0.004246109580312624
19.38,2.9549897814831105,1.4105624156474577,1.5242954518855303,-0.0019037631185920658,0.005506024719436849,0.004237130154675841
19.39,2.954746107126392,1.4108129511162606,1.524682859220313,0.0018560922241674814,0.014963527450724485,0.004200706900033938
19.4,2.954690816969551,1.4108892003489675,1.5249308613677781,-0.0032657791110035465,0.019363971674373308,0.00419231463939196
19.4,2.954481356157518,1.411119240514208,1.5250877790190702,-0.0032657791110035465,0.004019378367273261,0.00416078325596676
19.41,2.9545509084915507,1.4110104634371494,1.5250306864993455,-0.0008368488069489134,0.0012508639865209726,0.004171443379811209
19.42,2.954523025421859,1.4110282440599786,1.525091313817069,-0.006102438452494983,0.0034034951383423934,0.004167338833719514
19.42,2.9543812018018167,1.4111840087163503,1.5251977794466767,-0.006102438452494983,-0.007007990592013955,0.004145948694821467
19.43,2.953992949576793,1.4115474927426706,1.5256573405254945,-0.004741310521764585,0.008064573093159295,0.004087923564595766
19.44,2.9538893979610368,1.411616865382008,1.5259173780313642,0.002184167855397467,0.016089973758972573,0.004072624120484485
19.44,2.9538207213214758,1.4116923020526402,1.5259690430638788,0.002184167855397467,0.011037318781122275,0.004062245631444366
19.45,2.9536749710181205,1.4118695409292668,1.5262810758353085,-0.0052742184694837425,0.01677630058549211,0.004040156547237793
19.46,2.953569151754974,1.4119355540966563,1.5266322171747064,0.0012650105395533452,0.024980202551436587,0.0040245199179875304
19.46,2.953076649438068,1.4124765561424029,1.5270034830970598,0.0012650105395533452,-0.011329913411330782,0.0039499513073123875
19.47,2.953138923681086,1.412413999729465,1.5268046113381935,-0.008338686927622574,-0.013765262656682375,0.0039593230059772905
19.48,2.953014375163206,1.4124673866116702,1.5268814922607736,-0.0032830479750699543,-0.004167370114187536,0.0039410330506217455
19.48,2.9530434301257364,1.4124354678546833,1.5268595437658705,-0.0032830479750699543,-0.0020206923375017975,0.003945440725368857
19.49,2.9532737515660537,1.4121548241135842,1.52651930812403,0.005513298999339274,-0.011128749407935953,0.0039804834079549935
19.5,2.9532966315163574,1.4121819803199827,1.5263713123036655,-0.0015846602361126432,-0.012771053051133857,0.003983612401291231
19.5,2.953403925014182,1.4120641129566713,1.5262900997622635,-0.0015846602361126432,-0.004827683963743855,0.0039999189487584215
19.51,2.953122081672828,1.4123641987978792,1.5266316906888293,0.007585530665020978,0.006268266041339402,0.003957236339345689
19.52,2.9530095433078487,1.4125576793045662,1.5268998564208265,-0.004872418051993127,0.015461601578192506,0.0039397242063682995
19.52,2.9528764155406253,1.4127039170965108,1.5270008186185364,-0.004872418051993127,0.005586082800698711,0.003919455215550714
19.53,2.9528767569964,1.4126536237761642,1.527053308548502,-0.0034407085528331376,0.005490142046851495,0.003919824197226151
19.54,2.952912251079556,1.4125816153762325,1.5270424592960934,0.00047030959559320445,0.002548394261805138,0.003925426756443199
19.54,2.9529559613876435,1.412533596504916,1.5270092405378712,0.00047030959559320445,0.0057978001018164785,0.003932094692481762
19.55,2.9531043654295916,1.4123683287316777,1.5268606740363624,-0.008826890775220139,-8.090230581703651e-05,0.00395469938891224
19.56,2.9532363824620496,1.4121375054144027,1.5266175229208443,-0.00017104826853131527,-0.010923722106053555,0.0039753455198206595
19.56,2.9534747040924527,1.411875667281348,1.5264360229056142,-0.00017104826853131527,0.00683111227459603,0.0040117722078267
19.57,2.953255049756224,1.412114835362713,1.5268103766610082,-0.0006539286098491339,0.015541952911730909,0.0039782839054809125
19.58,2.9533429088610523,1.412009861502739,1.5268078386635273,-0.0027233359385118215,0.008474517523094399,0.003991738605795858
19.58,2.9532111701800874,1.412154602311395,1.5269083709543676,-0.0027233359385118215,-0.0013602679888529909,0.003971564984022577
19.59,2.9532308794791917,1.4121031917275972,1.5268654979738625,-0.004327165829603485,-0.0021934034182000393,0.003974767304960241
19.6,2.9531278105675884,1.4121775526569154,1.527025587610105,0.004016563529965316,0.005950966800235333,0.003959265375262041
19.6,2.9531362653258952,1.4121682626974819,1.5270191221386704,0.004016563529965316,0.00658349344221861,0.003960562596506792
19.61,2.952942047549121,1.4124224111645025,1.5273591658246,0.0023229366470197575,0.01438862074741698,0.003930567811250585
19.62,2.9529348393724435,1.412453535094949,1.5275177423078479,0.0008793112089345338,0.015045926885853336,0.003929316940767237
19.62,2.9528118028213868,1.412588716870865,1.527612012317921,0.0008793112089345338,0.0058229430366175915,0.003910405559395837
19.63,2.9528704091992326,1.4125313409249125,1.5275884598461054,-0.0019626019759252118,0.0034950333676451494,0.003919349908255967
19.64,2.9528430137759427,1.4125401153963468,1.5276711799732712,-0.002984322632929229,0.005632499219569082,0.003915283035653063
19.64,2.9526574704796,1.4127439756380051,1.5278136285636201,-0.002984322632929229,-0.008304692604635237,0.003886710815876697
19.65,2.9527607734050902,1.4126006661396961,1.52758369008089,-0.0011381274779320588,-0.012486037240392912,0.003902773411784591
19.66,2.9528116248798346,1.4125319929447473,1.5273660710658743,-0.002291430127987492,-0.016636612283208233,0.003910669040248173
19.66,2.95317602776772,1.412131596484252,1.5270857300340166,-0.002291430127987492,0.01079320874348549,0.003966891378304502
19.67,2.9533468811948977,1.4119189588326795,1.5269516019612608,-0.003472644610758753,0.003902678545997293,0.00399335625627662
19.68,2.9533754618818517,1.4118513151523742,1.5269361778305799,-0.0033062386769452164,0.001466174575795797,0.003997990329916504
19.68,2.9532578490772576,1.4119805537915677,1.5270268470461912,-0.0033062386769452164,-0.0074056982506356655,0.00397980928740736
19.69,2.95342876661433,1.4117599468206903,1.5267096614987736,-0.0009234996924307086,-0.014326803941797344,0.004006386568177864
19.7,2.9534799279610673,1.4116906574077495,1.5264726453106106,-0.005329377925455979,-0.018521810668730307,0.004014363688904254
19.7,2.9537351363080844,1.4114102069874983,1.5262754964592542,-0.005329377925455979,0.0007698138790364281,0.004053890351178915
19.71,2.9536759849964995,1.4114229948846042,1.5263637069986074,-0.0006205658959306656,0.0030618023001578033,0.004045090696894933
19.72,2.953677065889188,1.4114165151656621,1.5263919537929735,0.0009503594153973088,0.0029556935000507887,0.004045292432670812
19.72,2.9536996763297303,1.4113916665803752,1.526374450864297,0.0009503594153973088,0.004668484341753428,0.004048801113480254
19.73,2.953725787048374,1.41137990899492,1.5263851539647897,0.010007082183650722,0.0036441494487644806,0.004052733114341702
19.74,2.9536898926159605,1.411512491524844,1.5264941114038102,-0.005192600156482964,0.006889185115131654,0.004046564759776418
19.74,2.9536608073543595,1.4115444520781875,1.5265166688862746,-0.005192600156482964,0.004681672191457034,0.004042043480952845
19.75,2.9537395693382202,1.4114096289457634,1.5264487651081555,0.0027636417949610022,0.0014157118498631252,0.004054577816266999
19.76,2.9535698573024134,1.411619529028378,1.526774267854411,-0.004435665394434984,0.015348457665992032,0.004028098594136225
19.76,2.953385615948056,1.4118219879348102,1.5269174480332155,-0.004435665394434984,0.0013359939023513817,0.003999404576431159
19.77,2.953445655988384,1.4117126555229285,1.5268428065142707,-0.00041088346121242406,-0.0011693642918009992,0.0040090180272476855
19.78,2.953507439258321,1.4116459788832412,1.526718283235681,0.00675931106446738,-0.006218593520269376,0.00401861231118269
19.78,2.9536646151283836,1.4114732521567888,1.5265958848339054,0.00675931106446738,0.0057605642100731266,0.004043138060380376
19.79,2.953666188544022,1.411540330862506,1.526655384706153,0.004161699806254889,0.005814493259422916,0.004042931164595383
19.8,2.9536775543671197,1.4115695727960922,1.5266959360157881,0.0017425494568087995,0.005027148168742029,0.00404442695894877
19.8,2.9535128819205156,1.4117505153816525,1.5268244125501522,0.0017425494568087995,-0.007547424708881948,0.004018686949806675
19.81,2.9534368990987017,1.411849163262105,1.5268583670440237,-0.002268795042409532,-0.004431898113580794,0.004006736615600671
19.82,2.9534499822751568,1.4118119183112792,1.5267882817964313,-0.0011108410296588615,-0.005585004191267442,0.0040089268753759925
19.82,2.9535244611581284,1.4117300809213025,1.5267300575753113,-0.0011108410296588615,0.00011390803826476573,0.004020590329670559
19.83,2.9536527214635666,1.4115746564773368,1.5265467619643351,-0.004816278316174353,-0.0051372210194948805,0.0040407285599543905
19.84,2.9536327426953397,1.411546021493318,1.5265281984256214,-0.004988422891821026,-0.0036689226403839974,0.00403794012447979
19.84,2.9536445505814757,1.4115330461086733,1.5265189484152317,-0.004988422891821026,-0.0027635042493284034,0.004039792822411719
19.85,2.953665367449178,1.4114594317228968,1.526458382251155,-0.003010254858275377,-0.0037011236783229874,0.004043387960222799
19.86,2.953754553418839,1.4113299506498276,1.5262545757853057,-0.0029148457449717853,-0.011165906693759928,0.004057561675154726
19.86,2.953835454059406,1.4112410422023873,1.5261910667499976,-0.0029148457449717853,-0.004949185702594745,0.004070280209713138
19.87,2.953669003546063,1.4113947834504164,1.526379022193084,-0.001157472189767161,0.0018116018149616341,0.004044361888030457
19.88,2.953517462328716,1.4115509179799706,1.5266761467136456,0.0010629980484125584,0.014298623751213732,0.004020656562884301
19.88,2.953424140403612,1.4116534827415026,1.526749557560695,0.0010629980484125584,0.007112332341307663,0.004005957108153162
19.89,2.953411500938586,1.411672631533763,1.5268392018770922,-0.006565067256060133,0.007639688803508413,0.00400393578935727
19.9,2.9534460177181336,1.411572165196644,1.5268468744649593,0.0015230918161404225,0.0045638780001976955,0.0040097738352652505
19.9,2.9535093581494682,1.4115025469044256,1.5267969452142995,0.0015230918161404225,0.009451733122881592,0.0040197700537007875
19.91,2.9537413978218345,1.4112612696285916,1.5265574241745161,-0.001326026617794083,-5.970735937589795e-05,0.004056220101157843
19.92,2.9537827524031526,1.4112027105948985,1.526479124460101,-0.0003052352452615273,-0.003537413716817379,0.004062819767069289
19.92,2.953811278553058,1.4111713570099087,1.526456593105643,-0.0003052352452615273,-0.0013315980176015238,0.004067330093305121
19.93,2.953992252087452,1.4109700854925347,1.5261814242278702,0.000783373637762329,-0.008787792594433193,0.0040958988015663686
19.94,2.9539194866176577,1.4110592662173065,1.526229462825181,0.0020721675853120963,-0.0027045209775917794,0.004084356625062155
19.94,2.9540328520817027,1.4109346647227232,1.5261397423637937,0.0020721675853120963,0.006079472973791117,0.0041023143943158605
19.95,2.954188191938483,1.4107835163445865,1.5259766613375885,-0.000697253052453572,-0.000295477337617471,0.004126735878195425
19.96,2.9541315723180506,1.4108419062857633,1.5260788041205129,0.003801859475271608,0.004408501654016402,0.00411781232855521
19.96,2.9541094108292354,1.4108662638442877,1.5260963780863046,0.003801859475271608,0.002687866180766211,0.004114295338319422
19.97,2.9541429674288366,1.4108657408174583,1.526076788087317,-0.0007264870660822842,0.0013646226969004874,0.0041193635784836785
19.98,2.9541569066396693,1.4108406651607885,1.5260636574265085,-0.003504127448181365,0.00016611551446382884,0.00412163676453943
19.98,2.9541004847829777,1.4109026757394827,1.5261084874628088,-0.003504127448181365,-0.0042233001726148635,0.004112666376347225
19.99,2.9544683292162515,1.410466334082319,1.5255291032174316,0.00257172658056073,-0.019519587778130242,0.004171243216910251
