t,X,Y,yaw
0.0,0.0,0.0,0.0
0.01,-5.3591229534604e-05,0.0,7.835266017134202e-05
0.02,-1.6380289283226574e-05,2.9155761621386637e-09,1.2077334125570012e-05
0.03,2.108066255509436e-05,3.368004594173949e-09,-0.00013216581403279398
0.04,-8.434574273779884e-05,1.7301771351391203e-08,-1.7760813381298952e-05
0.05,-8.998494089222241e-05,1.7401928097442617e-08,0.0004901002085717872
0.06,-8.892792616424795e-05,1.7919971277564033e-08,0.0004435973114149552
0.07,-0.00013376390547519657,-1.969149904013658e-09,0.00027715814058059703
0.08,-9.694497641563876e-05,8.235516273598337e-09,0.0005296553294703069
0.09,-0.0001040879629816846,4.4521950167729605e-09,0.0008393576171577468
0.1,-0.00011618761486593767,-5.703742342256471e-09,0.00039033188052640233
0.11,-3.5920721126584995e-05,2.5626986826210595e-08,0.0005996438221713712
0.12,-1.3149579950194133e-05,3.9281562593029836e-08,0.0007237925833909571
0.13,2.194341738453555e-05,6.468161822835663e-08,0.00048556826761913987
0.14,8.658884608805002e-05,9.607138952040939e-08,0.0007207079877683461
0.15,6.459787038666065e-05,8.022231492948957e-08,0.0009340410301744387
0.16,7.530025743652303e-05,9.021878646195148e-08,0.0008509283410600327
0.17,2.4432150572007573e-05,4.693366222758063e-08,0.0009134633104440518
0.18,7.030883221935714e-05,8.88403393732135e-08,0.0008513435806096819
0.19,8.371328241813649e-05,1.002521347585827e-07,0.000961619531009835
0.2,7.836685265401364e-05,9.511090189150965e-08,0.001003411615201183
0.21,3.2156690116441974e-05,4.8743072499392135e-08,0.000980570810438851
0.22,7.464580532556763e-05,9.040667198828413e-08,0.0007517347962416489
0.23,6.759832693474944e-05,8.510883625820011e-08,0.0007694807517783529
0.24,1.2249696691515931e-05,4.2519122242935585e-08,0.0005799073128416683
0.25,-4.5051244130334695e-05,9.289883902722205e-09,0.0003454023331692371
0.26,-1.0573442889054392e-05,2.119859736758649e-08,0.00035228120491906715
0.27,-8.083340681058454e-05,-3.5526684041545963e-09,-0.0002691954353430464
0.28,-6.141386808463147e-05,-8.780319711924663e-09,-0.0003126168712107384
0.29,-6.289864925191214e-05,-8.316152053855823e-09,-0.0005029772925511975
0.3,4.548296002586811e-05,-6.282964504778859e-08,-0.0006775243885655407
0.31,1.7212301210137e-05,-4.367558128849261e-08,-0.0006957567666239028
0.32,2.1838027771993753e-05,-4.6893962363771644e-08,-0.00045035084948002855
0.33,-1.6196808695931393e-05,-2.9764940292594965e-08,-0.00036304412834572844
0.34,6.728257714065753e-06,-3.8087751410332035e-08,-0.00046823119937067356
0.35,6.534436422208693e-05,-6.553364326877192e-08,-0.0005503599212695632
0.36,4.723298560356972e-05,-5.556586535180135e-08,-0.0006233722642307283
0.37,5.2146385530391206e-05,-5.862874298599275e-08,-0.00023869233623535692
0.38,-4.9733936508747565e-06,-4.499468918903967e-08,-0.00027413299092649793
0.39,2.472048756029503e-05,-5.313476186157961e-08,-0.000348693445108301
0.4,7.705608456885869e-05,-7.138384222391308e-08,-0.00031112302304045193
0.41,0.00011485546668317292,-8.314410063583439e-08,-0.00028664305795853207
0.42,0.00015415475245318387,-9.440896839305966e-08,0.00025412024557964244
0.43,0.0001374641625547928,-9.865038528820736e-08,4.560213506505127e-05
0.44,9.780270384137385e-05,-1.0045903248658738e-07,-0.000267684827402634
0.45,7.343505088293898e-05,-9.393618135440279e-08,-0.0005217399181334612
0.46,0.00012156020195395643,-1.1904499601266734e-07,-0.0005659287669162742
0.47,0.00014422736998169204,-1.3187299983358567e-07,-0.0005084737736530325
0.48,0.00016876855313816452,-1.4435154891849206e-07,-0.0006292485130823776
0.49,0.00013561288262693065,-1.2348838979543388e-07,-0.0008785938146833488
0.5,0.00016878767016202393,-1.526355604270317e-07,-0.0007785345296122747
0.51,0.00015014494501494147,-1.3812155224156587e-07,-0.0011672527952706312
0.52,0.0001407765261479035,-1.2718623416536848e-07,-0.0006193369610926047
0.53,0.00022050281899075534,-1.765636804072114e-07,4.607532578030293e-05
0.54,0.00021723802854215082,-1.7671410669084173e-07,0.0002213392927899371
0.55,0.0002154859713915514,-1.7710190578781586e-07,0.0004772714387774933
0.56,0.00019135847909594757,-1.886172696241856e-07,0.0004316727885064043
0.5700000000000001,0.00018145391771841454,-1.9289279951852752e-07,-0.0002605571789521693
0.58,0.00013531804533066424,-1.8087176648864185e-07,-0.00020545118233621784
0.59,0.00013140309046164573,-1.8006743437069206e-07,-0.0006371423707357973
0.6,3.30752078354437e-05,-1.174185656473578e-07,-0.0005877428797704432
0.61,7.666401021285083e-05,-1.4303757683235809e-07,-0.00015687450039635076
0.62,9.03492772019843e-05,-1.4518444627168027e-07,-0.00013381323050390675
0.63,0.00012069423176515325,-1.4924500269550825e-07,-0.00017706976754740077
0.64,0.00013332984962526154,-1.5148238863619886e-07,-0.00039075020690810093
0.65,0.00015282268136939688,-1.5909921706110488e-07,-0.0005931144981395852
0.66,0.00017216941008885178,-1.7057404370174366e-07,-0.00031806266731049395
0.67,0.00015662830037754913,-1.6563099672731582e-07,-0.00022800060459863286
0.68,0.00020025464826878509,-1.7557783059530757e-07,-0.00029654637449940394
0.6900000000000001,0.00018808698956549654,-1.7196955541493095e-07,-0.0002975307345349967
0.7000000000000001,0.0001372610739190509,-1.5684728295299946e-07,-0.0001020119496179915
0.71,5.745829440621507e-05,-1.4870644580172132e-07,-0.0001593202443490339
0.72,-3.355996915868543e-05,-1.342053936876435e-07,-0.0003809694028788781
0.73,-2.6158413752574766e-05,-1.3702515996750254e-07,-0.0005398759020803262
0.74,-1.9909082276914664e-05,-1.4039902376311238e-07,-0.0005578728389872153
0.75,-3.862180895635521e-05,-1.2995970072227837e-07,-0.0009718541983629586
0.76,-5.312739968292208e-05,-1.1586237703661913e-07,-0.0008895910122142025
0.77,-4.6458044463979e-05,-1.2179537706172523e-07,-0.0009115375769999636
0.78,-9.453751176006631e-05,-7.796912380077784e-08,-0.0014941141835840342
0.79,-0.0001330053660620271,-2.0493714307236644e-08,-0.0016209880563001094
0.8,-0.00010586081185177437,-6.44947510147287e-08,-0.0016313576879014675
0.81,-0.00011449600849019674,-5.040764409529166e-08,-0.0014116588522712693
0.8200000000000001,-0.0001621454004049487,1.6857086487802924e-08,-0.0015772461419223335
0.8300000000000001,-0.00016916024899906433,2.79212385438262e-08,-0.0014641098622684954
0.84,-0.00017460878333211476,3.589849709581884e-08,-0.0009995213240269322
0.85,-0.00013489764449463418,-3.793646191688963e-09,-0.0009387628219514191
0.86,-0.00015263783739796343,1.286019225241059e-08,-0.000860408034279137
0.87,-0.00016694722726518294,2.517210929797776e-08,-0.0009610375262525772
0.88,-0.00017161556347641848,2.96585569633564e-08,-0.0011935344716138554
0.89,-0.0001428904013822057,-4.625930478481612e-09,-0.0011890757962152913
0.9,-0.00011585735870455534,-3.677028237417852e-08,-0.0012875712469782954
0.91,-9.917807525944815e-05,-5.824606002609999e-08,-0.0011351224285562492
0.92,-0.00010833344001001285,-4.785359569254675e-08,-0.0010188474505631062
0.93,-8.511564540368736e-05,-7.15089947200632e-08,-0.0008306697867513371
0.94,-0.00013515309069292767,-2.994439115203866e-08,-0.00045746387551827487
0.95,-0.00015596374457865544,-2.0424268109301973e-08,9.96347236416849e-06
0.96,-0.00017015987424911182,-2.05657108549564e-08,0.0004693737259002489
0.97,-0.00022676425059920926,-4.713431983578669e-08,0.000509736949652043
0.98,-0.00027100948765617283,-6.968775396320101e-08,4.731162778203363e-05
0.99,-0.00025096569298835574,-6.873944940983019e-08,0.0005602231054901831
1.0,-0.00025478284757682383,-7.087790783123622e-08,0.0006931797644580643
1.01,-0.00026782854662573785,-7.992092387353755e-08,6.19889398157567e-05
1.02,-0.0003014462101879148,-8.200484719950894e-08,-1.2897314465986368e-05
1.03,-0.0002540273292097776,-8.261642341914306e-08,-5.701240159348361e-06
1.04,-0.0002921441004376271,-8.239911055227179e-08,0.00013125981095493176
1.05,-0.00031468499540032805,-8.535782418082291e-08,6.704065958484171e-05
1.06,-0.0003005208169076481,-8.440824831077362e-08,0.0005594128242089601
1.07,-0.0003440733443514393,-1.0877209323103902e-07,0.00041107643856194394
1.08,-0.0003427490130010626,-1.0822769178538523e-07,6.791786545871161e-05
1.09,-0.00039037348243938874,-1.1146224409821346e-07,0.000473959688723817
1.1,-0.00036445916061797994,-9.91798992745568e-08,0.00046475090332308397
1.11,-0.0003413974025872829,-8.846192562590144e-08,0.0005189135172271821
1.12,-0.00033143578782305624,-8.32927086073605e-08,0.0008342012427229873
1.13,-0.00037062649014800393,-1.1598564877360096e-07,0.001178653100583355
1.14,-0.00035298603721232763,-9.519366459703534e-08,0.001266042664304208
1.15,-0.00037776382045191467,-1.2656341206571597e-07,0.001322650697645373
1.16,-0.00036848436451770327,-1.142899260434622e-07,0.0012870506078176379
1.17,-0.0003644195765852857,-1.0905833537568535e-07,0.0013049958111659488
1.18,-0.0003073407499789535,-3.4570663463631776e-08,0.0010145700728753455
1.19,-0.00029059028356759385,-1.75761357048427e-08,0.0012265009572068318
1.2,-0.0003053039785778314,-3.5622505768028495e-08,0.001557131210530725
1.21,-0.00029828275879765397,-2.468953647608139e-08,0.001528844596779297
1.22,-0.00031679078000702003,-5.298544674506505e-08,0.0013133056490260177
1.23,-0.00027196472638025475,5.884896552480796e-09,0.0010428111040902254
1.24,-0.0002466091512878134,3.232598139396948e-08,0.0008620377826039732
1.25,-0.0002293287444119005,4.722234870965163e-08,0.0008277547382204472
1.26,-0.00011403773083029634,1.4265505327219031e-07,0.0009834148770097913
1.27,-0.00016783860473009365,8.974645642694771e-08,0.0011226901146834025
1.28,-0.0001746703867769243,8.207647903480134e-08,0.0013451233677224217
1.29,-0.00017021290670369944,8.807234325867297e-08,0.001762963151162868
1.3,-0.00017938030766255082,7.191053643243701e-08,0.0018651301983137881
1.31,-0.00014918466054198462,1.2822941504034135e-07,0.0026430998075860387
1.32,-0.00014110728788862688,1.495787668616124e-07,0.0024308977402457306
1.33,-0.00013790706607130966,1.5735819416918275e-07,0.0025453170410867105
1.34,-0.0002092088001962362,-2.4127716685419582e-08,0.0026860605070775146
1.35,-0.0002521574783215326,-1.3949074227413605e-07,0.002825139724089502
1.36,-0.00023448773139575689,-8.957110550967787e-08,0.0028116141337017238
1.37,-0.00018156999162517203,5.921355160925775e-08,0.00281332682412664
1.38,-0.00010881646867218327,2.6389352928379506e-07,0.0024619635498487943
1.39,2.2281082793098724e-05,5.866515745733055e-07,0.002115394019443205
1.4,3.2316693429463705e-05,6.078808769612195e-07,0.002008710822559073
1.41,-9.20586181466945e-06,5.244739586819343e-07,0.002146389987575287
1.42,8.762084954037764e-06,5.630402389484136e-07,0.003159246032982224
1.43,2.9557725841037826e-05,6.28739003500324e-07,0.003185745615640518
1.44,-1.858450698144439e-05,4.753695775111086e-07,0.003205319737879753
1.45,-5.344410042892364e-05,3.6363305191604356e-07,0.003146905696683989
1.46,-0.00010228860958786496,2.0992348039561496e-07,0.003077668530886243
1.47,-7.728861005408685e-05,2.868654351655644e-07,0.003303310332379251
1.48,-5.52472239566239e-05,3.596752384315728e-07,0.0030037369531524007
1.49,-4.6312227828404376e-05,3.865136971943173e-07,0.0029975195126272225
1.5,-5.3291040712526126e-05,3.655945067453159e-07,0.0030174426895331996
1.51,-6.284650767725001e-05,3.3676134529921647e-07,0.003387552915965481
1.52,-0.0001420590197514042,6.842374260330599e-08,0.003560956023598836
1.53,-0.00019112662212194658,-1.0630457016434059e-07,0.003437540781063884
1.54,-0.00018576977471300096,-8.789011620548592e-08,0.003495781690330805
1.55,-0.00011134938041730556,1.7226839531626563e-07,0.00325137193335451
1.56,-9.680995175366454e-05,2.1954165218216455e-07,0.003293732706174485
1.57,-9.136604788867628e-05,2.374724812335061e-07,0.0029183766317094524
1.58,-8.576809154251612e-05,2.538094725997905e-07,0.0031648409508543245
1.59,-0.00014636297462895093,6.20356649124135e-08,0.0032572211246967644
1.6,-0.00019306738392398277,-9.009146165727707e-08,0.0033501239083675314
1.61,-0.00024550591300648414,-2.6576768888078494e-07,0.003304313736230233
1.62,-0.00013776155737106832,9.02547611899714e-08,0.00313104204519528
1.63,-0.0001436666273989045,7.176567823417943e-08,0.0034357363663369326
1.64,-9.831855238025169e-05,2.275703217737294e-07,0.0033868331144656515
1.65,-8.750260592615832e-05,2.6420226745278333e-07,0.00383715708963493
1.66,3.0124739598470112e-05,7.155590854950639e-07,0.004231128775092489
1.67,-1.1478218443874162e-05,5.395305621445608e-07,0.003792525355193921
1.68,-3.959572533834291e-05,4.3289369306042633e-07,0.0036706862902932636
1.69,-6.023389000305341e-05,3.5713712472212203e-07,0.0035501721659520025
1.7,-0.00010753364081331749,1.8921416045365485e-07,0.0035091153351796333
1.71,-0.0001273730232942647,1.195951933889234e-07,0.003190001684149634
1.72,-0.00015108050890880672,4.396801782123583e-08,0.00322253401046172
1.73,-0.00022780438410821037,-2.0327813528499484e-07,0.00322441939508607
1.74,-0.00025742615666784954,-2.9879148425697616e-07,0.003562241124134453
1.75,-0.0002503800413619718,-2.7369141637927447e-07,0.0035369220662937128
1.76,-0.00018565987008410906,-4.478025990588447e-08,0.0033069443748870936
1.77,-0.0001646829402700018,2.4589533018732276e-08,0.0033797742079435577
1.78,-0.00014946614110971789,7.601907417265048e-08,0.0035309152209122598
1.79,-0.00015221761868110893,6.630379976117832e-08,0.0033928453493729297
1.8,-4.4551298296637975e-05,4.316003758544178e-07,0.003563568219613113
1.81,-3.029441354210026e-05,4.824059723369596e-07,0.0035667199941932567
1.82,-0.00010171530310773493,2.276665772975415e-07,0.0032627064977451374
1.83,-9.845079843117523e-05,2.3831773571246019e-07,0.002821068846857857
1.84,-0.00013966036771521182,1.2206239520936238e-07,0.002366740214782445
1.85,-9.086872351017896e-05,2.375397573087635e-07,0.0020487227882113345
1.86,-8.893887191217439e-05,2.4149349378708974e-07,0.0019848354309502806
1.87,-0.00014212262361015023,1.359323604441646e-07,0.0021431807765054617
1.88,-0.0001219295518625107,1.792098298933563e-07,0.0028508947492335004
1.89,-5.281759644415129e-05,3.7624127450275307e-07,0.002620103915943017
1.9,2.4143747825020457e-05,5.77888455431097e-07,0.002411173896772753
1.91,-1.0746449466103857e-05,4.937619594390168e-07,0.0022537687375697997
1.92,-5.417358640744234e-05,3.958870701207731e-07,0.0021247628857399524
1.93,-7.1047872793150686e-06,4.958972580871878e-07,0.001826387234635677
1.94,-3.644842456806448e-05,4.423043539354458e-07,0.0020944808706920863
1.95,-0.00012287466111564907,2.6128599006039963e-07,0.001893087073872046
1.96,-0.00010832849204403519,2.8882318759997745e-07,0.0017205856105102259
1.97,-0.0001202832723771428,2.6825394428418675e-07,0.0018061787643249378
1.98,-0.0001272032796643498,2.557551604815387e-07,0.0017621907496747978
1.99,-0.000157891355548345,2.0167686105669206e-07,0.0016260660606986206
2.0,-0.000164236127573569,1.9135983351055103e-07,0.0014423646282704676
2.01,-0.00011557502686811437,2.615469326135941e-07,0.0011105410136829966
2.02,-8.987666706335574e-05,2.9008602689359653e-07,0.0011105860676210277
2.03,-2.0646688007418186e-05,3.6697190870520405e-07,0.0011023870949792788
2.04,-1.1098650790414901e-05,3.7749754597939654e-07,0.001758148129929588
2.05,2.812354839560941e-05,4.464560531822445e-07,0.0017067036451138703
2.06,4.730209069316796e-05,4.791881730105779e-07,0.0017877722496359482
2.07,9.276123496692156e-05,5.604588562192892e-07,0.0021347022500028357
2.08,0.00016436336059485893,7.133083070782601e-07,0.002446557111773167
2.09,0.00023022555710051595,8.744442538369862e-07,0.0024255970354655812
2.1,0.0003838299756235224,1.247027406741357e-06,0.0023993104782797387
2.11,0.0004829344153011714,1.4848101835847968e-06,0.0028822733935574265
2.12,0.0006444755881307897,1.9504172973400676e-06,0.0031463881295008688
2.13,0.0008151317110143464,2.4873694685075988e-06,0.0036202429982428335
2.14,0.0009176176197904476,2.8583949830807567e-06,0.003507408918900328
2.15,0.0010995556919875824,3.4965288169512204e-06,0.0033003026452356962
2.16,0.0012768144209575985,4.0815383930379145e-06,0.0031899620069138148
2.17,0.001485747886583028,4.748030471066896e-06,0.00288931752213515
2.18,0.00164049610539602,5.195148455406693e-06,0.0027856958080267427
2.19,0.0017619616453825792,5.5335153762212504e-06,0.0026203183093828743
2.2,0.0019578398514464184,6.046779800682758e-06,0.0026866139281386467
2.21,0.002151318809614938,6.566584315132024e-06,0.0024749014859148763
2.22,0.002379566891118845,7.131476984552133e-06,0.0024559304806905757
2.23,0.0025505537058699746,7.551409558983637e-06,0.0025167400969663876
2.24,0.0027588490807230327,8.075635987702802e-06,0.002267476056036358
2.25,0.003023379105218068,8.675452512323449e-06,0.00226874736019654
2.26,0.0033672083393527725,9.45551551800931e-06,0.0017730977613941675
2.27,0.0037143692859185474,1.0071066460280578e-05,0.0015013368775759462
2.28,0.004036234428259043,1.0554294831150234e-05,0.0021378459837203085
2.29,0.0043259166592456875,1.1173591768695696e-05,0.002256110797825389
2.3000000000000003,0.004595179880703235,1.1781080460796759e-05,0.0026642086616737244
2.31,0.004852768770816014,1.2467352636708665e-05,0.0025622421324023674
2.32,0.0051422534545644315,1.3209084113271414e-05,0.0022266127109520605
2.33,0.005559861481738452,1.4138936991449367e-05,0.0023055663432975004
2.34,0.005847943898857257,1.4803131293326443e-05,0.0022648521523727814
2.35,0.006144596051247098,1.5475005707978632e-05,0.0021832131273597406
2.36,0.006435907953742156,1.6111002688138454e-05,0.002624751431179977
2.37,0.006797962927739791,1.7061309181627445e-05,0.0026399302470264674
2.38,0.00711623200747283,1.7901519303781892e-05,0.0026734212804202457
2.39,0.0074800168610609594,1.8874071789863058e-05,0.002720433373225802
2.4,0.007891089923371775,1.999237142616379e-05,0.0031615625133580303
2.41,0.008272805634165487,2.119919352909275e-05,0.003012497909864837
2.42,0.008593799999228111,2.2166191308138653e-05,0.0030887456007246484
2.43,0.009007321892941959,2.344345930001418e-05,0.003593419184734231
2.44,0.009529676754895609,2.532050736143329e-05,0.0032505771365411783
2.45,0.009919734953525572,2.6588426089539584e-05,0.0033902531754312205
2.46,0.010295571015715307,2.786261037457047e-05,0.0032885951248458846
2.47,0.010799883596464334,2.952109624778749e-05,0.0027479193040370253
2.48,0.011369428232326015,3.108616288648882e-05,0.0021280261884373724
2.49,0.011859241940862006,3.212850085911711e-05,0.0026175363209962046
2.5,0.01231510631383667,3.332174513799732e-05,0.0024775609810124256
2.51,0.012833179737493252,3.460530626404748e-05,0.0023883239511146783
2.52,0.013428696972282678,3.602759704348983e-05,0.00216766833002758
2.53,0.013852883226403568,3.694709359275366e-05,0.0018756237277457804
2.54,0.014417653952497275,3.800639220954312e-05,0.0021435102683777627
2.5500000000000003,0.014954925718085134,3.915804151979392e-05,0.001733053198431643
2.56,0.015539013366026606,4.017029749965147e-05,0.0017115289782779655
2.57,0.016104945025330896,4.113890688006852e-05,0.0018419761196487078
2.58,0.016714813104700067,4.226227058888077e-05,0.0020971591784361455
2.59,0.01727892603835855,4.344530693973922e-05,0.002500502015684482
2.6,0.017796757187195873,4.474014746986021e-05,0.0020524864516898726
2.61,0.01837373259488964,4.592438334005411e-05,0.0019439147359609
2.62,0.019005367075863158,4.7152228461955495e-05,0.0019242348025895735
2.63,0.019611794360270333,4.831913838808321e-05,0.0019997057714661428
2.64,0.020281611424210037,4.965857722206343e-05,0.002000977531570618
2.65,0.020988224097057688,5.1072495191022425e-05,0.001954199371493584
2.66,0.021672220822391598,5.24091628633053e-05,0.0020490801629119712
2.67,0.022346538514381335,5.379089580330355e-05,0.0019305308339881378
2.68,0.02297020288878942,5.49949006039136e-05,0.0015327020846790176
2.69,0.0236458953809631,5.6030536706234e-05,0.0014372886397479396
2.7,0.024336306844817628,5.70228579432959e-05,0.0016756153419278802
2.71,0.025021991431919077,5.817180263245904e-05,0.0013809462002534905
2.72,0.025758766461315755,5.918924995650768e-05,0.001533535728081186
2.73,0.026583062330966654,6.045333811405936e-05,0.0012853970298946484
2.74,0.02737647572114756,6.147318989095844e-05,0.0009824453070685394
2.75,0.028042345643546008,6.212737088180847e-05,0.0002599572393920358
2.76,0.02873822114068134,6.230826875907923e-05,0.00015208936694615814
2.77,0.02953253007445119,6.242907470290743e-05,0.0007801148144096797
2.78,0.03033278069929632,6.30533621972325e-05,0.00041617580999059745
2.79,0.031068701448184813,6.335963462867242e-05,-5.441224393679242e-05
2.8000000000000003,0.03192259203801324,6.331317252555749e-05,0.00010373636484433324
2.81,0.032678203827028005,6.339155694606457e-05,0.0004719187880784424
2.82,0.03356205279703898,6.380866191180065e-05,0.0005090947215746976
2.83,0.03441502963585874,6.424290795558485e-05,0.0004719272377907698
2.84,0.03523455039592963,6.462966215290932e-05,0.0008005356973932848
2.85,0.036081141007805,6.530738830356885e-05,0.0009753201011849669
2.86,0.03697133774629057,6.617561535192328e-05,0.001066168909509237
2.87,0.03791453309096284,6.718122128503623e-05,0.0015321642067073937
2.88,0.038815858268226394,6.856220054087258e-05,0.001796723488210693
2.89,0.03965295791331754,7.006623875363408e-05,0.001487412527648427
2.9,0.04055907309352175,7.141400681809461e-05,0.0016337351153342269
2.91,0.0415097253934571,7.296712224477432e-05,0.0018408536705377496
2.92,0.04251373593619273,7.481536082536299e-05,0.0017845581802783399
2.93,0.04334969846123716,7.630718617148365e-05,0.002232769928381065
2.94,0.04431885298408632,7.847108884193054e-05,0.0025263611258362377
2.95,0.04530354103002304,8.095877173480878e-05,0.0026836983645430945
2.96,0.046353654192677014,8.377696547777801e-05,0.0031604923203902855
2.97,0.04728840348357481,8.673124326963372e-05,0.0030813059318345487
2.98,0.048197269667272336,8.953174689578737e-05,0.003342963153367148
2.99,0.04918795140009576,9.284357176233133e-05,0.003210154516312974
3.0,0.05022681157167599,9.617848488948402e-05,0.0027457072464340667
3.01,0.051160659547864695,9.874256448823003e-05,0.002880552917921373
3.02,0.05212100151028058,0.00010150888798154189,0.002121019796942929
3.03,0.05312702183636544,0.00010364268020907726,0.0020987827138971896
3.04,0.05417669668903623,0.00010584572287979563,0.0021889846259798246
3.0500000000000003,0.0551781214862647,0.00010803782986627735,0.0023062030326312793
3.06,0.056288413076215515,0.00011059839223764067,0.002781596656770733
3.0700000000000003,0.05739967109617457,0.00011368947180295521,0.002512117377231966
3.08,0.05853853103087561,0.00011655042765339703,0.002660478841734181
3.09,0.05969116189023199,0.00011961698490222967,0.0023524161107239656
3.1,0.060854110509169224,0.0001223527290157734,0.002278901883588762
3.11,0.061986674515229684,0.00012493373573053238,0.002245423998895456
3.12,0.06320446040162517,0.00012766818598099712,0.002166852788774421
3.13,0.06435000647564561,0.00013015041957106237,0.002086626186704698
3.14,0.06553160201075536,0.00013261597133506153,0.0020171200265940723
3.15,0.06668379130399521,0.00013494007858497217,0.0021559582920617844
3.16,0.06783682246794401,0.00013742596953549753,0.002081642603820452
3.17,0.06899763263208977,0.00013984236491840262,0.002312530006332858
3.18,0.0702789132164229,0.0001428053699980545,0.002573240792819733
3.19,0.07142339715674405,0.0001457504092602782,0.0027633923234354433
3.2,0.07266114856992649,0.0001491708107202386,0.0026873897726056957
3.21,0.07390466889102375,0.00015251264255816083,0.002990748244175599
3.22,0.07519728103601928,0.00015637853158745798,0.002984256915260325
3.23,0.0764512327793899,0.00016012065685788086,0.0028294491627954632
3.24,0.07767354880811332,0.00016357914715133586,0.001948958160561481
3.25,0.07896273702146138,0.00016609172422153037,0.001904123052431125
3.26,0.08010362101177518,0.00016826411035309943,0.0017685247919368488
3.27,0.08141769500086962,0.00017058808520413598,0.002090410365408496
3.28,0.08266619675982852,0.0001731979700238672,0.002371369502403585
3.29,0.08397131653433437,0.00017629289705544705,0.0026892890158766573
3.3000000000000003,0.08529044774835438,0.00017984043069206197,0.0021838403579893606
3.31,0.08657169994774043,0.00018263848540196758,0.0017251591840231034
3.3200000000000003,0.08787793229752869,0.00018489194637223748,0.00192615510118328
3.33,0.08917502733785272,0.00018739035569063862,0.0021314296819248744
3.34,0.09050061199612397,0.0001902157504557659,0.002021615746555267
3.35,0.09181504965840839,0.00019287304195176135,0.002294142925591234
3.36,0.09324090297522863,0.00019614415899020702,0.00301431663443699
3.37,0.09464691604753868,0.00020038234041850164,0.0031237521454484454
3.38,0.09609617514585347,0.00020490948136120282,0.003101590632441532
3.39,0.09753180610561347,0.00020936223517594268,0.003150845657086107
3.4,0.09890629497388975,0.00021369305178914165,0.003940590036409383
3.41,0.1003198746836961,0.0002192634187419881,0.00383703509966544
3.42,0.10167757546018429,0.00022447298984279912,0.0033916002214286135
3.43,0.10311464533357076,0.0002293469750320054,0.0032654178554326367
3.44,0.10463091340364382,0.00023429824146003187,0.0030969292208090004
3.45,0.10598562118703905,0.0002384936889928992,0.0033259383152272086
3.46,0.10742150248371447,0.00024326935922291729,0.003412800728806639
3.47,0.10888832522367824,0.00024827535237419336,0.0031441576817906915
3.48,0.11036581830776894,0.00025292083891234455,0.0037899903090807185
3.49,0.11192572029786733,0.0002588328806448684,0.003637834173570371
3.5,0.11345775117704449,0.000264406179517503,0.0036971440935016217
3.51,0.11501386494331538,0.0002701593825505819,0.0036500238327143025
3.52,0.11651474800146389,0.00027563766581142326,0.0037618005283463762
3.53,0.11807650850501057,0.0002815127250117765,0.003632742350726575
3.54,0.11961283171986188,0.00028709381596967153,0.0031607377132456963
3.5500000000000003,0.1211014512621737,0.0002917989675663086,0.0026540365175664465
3.56,0.12267352458437636,0.00029597131736828304,0.002636376627835598
3.5700000000000003,0.12426219060079749,0.0003001596490270578,0.002647612432799871
3.58,0.12585305240036054,0.00030437164434827266,0.003081698821175087
3.59,0.1274877748583393,0.000309409382567562,0.003441696959452664
3.6,0.12913229643877525,0.00031506934983868224,0.0038024609177246087
3.61,0.1307229757767099,0.00032111787500512743,0.003513137521958904
3.62,0.13236330932667922,0.00032688061605624865,0.0032299566049662923
3.63,0.13397513617401946,0.0003320867649324802,0.0035522568632270365
3.64,0.13569074020660213,0.00033818105676548923,0.004108719568991637
3.65,0.13743376548049252,0.0003453426991175528,0.004108435496980069
3.66,0.13910555775693642,0.00035221118849468086,0.004498618244814529
3.67,0.14073752677919626,0.00035955284363900177,0.0045896117662431336
3.68,0.1423961184120427,0.00036716518876275426,0.004362263958314945
3.69,0.14413741325927973,0.0003747612246982512,0.004350644818286089
3.7,0.1458031781609685,0.00038200842186157316,0.0041177297946848575
3.71,0.14754742320280972,0.0003891907922336759,0.0037894549469238183
3.72,0.149290721807077,0.00039579697537514016,0.0035859693974138484
3.73,0.15109719955865447,0.00040227497707668556,0.00374327774269493
3.74,0.1528434522631103,0.0004088117164896348,0.0035529362246269998
3.75,0.1545899353311671,0.0004150168855578725,0.002554558449629418
3.76,0.15635933180926212,0.00041953692211397695,0.002703178053214663
3.77,0.15804442272429448,0.00042409203398816395,0.00297639198625797
3.78,0.15987615304099637,0.0004295439975232741,0.0026493263593617778
3.79,0.16164904385886936,0.00043424097488859267,0.0027270273139383704
3.8,0.16344382768472293,0.0004391354115370992,0.00264710845567615
3.81,0.1653197911418603,0.00044410130186600016,0.0025383653459766405
3.82,0.16704129275732973,0.00044847111129508365,0.002552899330147052
3.83,0.16881572283723553,0.00045300106249848167,0.0027067605036006507
3.84,0.17062690025716226,0.0004579034979764087,0.0031853959360162716
3.85,0.1724326505263418,0.0004636555470001892,0.0032231058370689194
3.86,0.17425591049384184,0.0004695321271933907,0.0027940808723622185
3.87,0.1761633741804498,0.00047486174886412775,0.002824317130949678
3.88,0.17808732897467883,0.00048029562179689576,0.0030016747914914173
3.89,0.1799315237511441,0.00048583131139363797,0.003288140012044792
3.9,0.18169733838410124,0.000491637578067657,0.0033612884026169164
3.91,0.18363121372128138,0.0004981379152914786,0.0034977625723053825
3.92,0.18548423418902488,0.0005046193673613917,0.0032489250087965296
3.93,0.18743835712064555,0.0005109681885625691,0.003217386247062626
3.94,0.18937251913502307,0.0005171911562997373,0.002884499434567026
3.95,0.19129041671309704,0.0005227233461224856,0.0026126300447745126
3.96,0.19326040726219754,0.0005278702143295518,0.002360874726109677
3.97,0.1952318441931802,0.0005325245386013461,0.002274479057727544
3.98,0.19720825315571788,0.0005370198471479382,0.0020285399049381632
3.99,0.19919460576429782,0.0005410492482066826,0.0022994240542580434
4.0,0.20117494418710857,0.0005456028940372425,0.0022436172286471215
4.01,0.20322191454287153,0.0005501955197001124,0.002407695235440477
4.0200000000000005,0.20527651956540843,0.0005551423919825905,0.0022947329235164394
4.03,0.20727223016119345,0.000559722022831024,0.0022311018420747715
4.04,0.20930139375922602,0.000564249300984453,0.0019405868021149456
4.05,0.21129128081772877,0.0005681108543952626,0.001651213130502734
4.0600000000000005,0.21335671895807598,0.0005715213360724104,0.0017367221188431578
4.07,0.21544163622675375,0.000575142261649365,0.0014887234147141662
4.08,0.21738449551513764,0.0005780346439002704,0.0014093175331156209
4.09,0.21941693363824438,0.000580898996478507,0.0015686502019656844
4.1,0.22144206010023637,0.0005840757141177281,0.0016903662598938577
4.11,0.22352824577865982,0.0005876021353591355,0.002509126820320816
4.12,0.225573436667069,0.0005927337894390712,0.0022945530739587427
4.13,0.22768169390659765,0.0005975713060585298,0.0018357161994636796
4.14,0.22984761108504434,0.0006015473197758973,0.002127853677234395
4.15,0.23204644383750553,0.000606226121195346,0.0023705884305523194
4.16,0.23421725218544154,0.0006113722239897465,0.0019864343896737737
4.17,0.23640910078922334,0.0006157261931600656,0.0015759807112217855
4.18,0.2386062856342985,0.0006191889169616999,0.0017195249660560414
4.19,0.24076569860045938,0.000622902085128696,0.0009486439585274763
4.2,0.24291012075582089,0.0006249363788611497,0.000539541502561702
4.21,0.2450849932982843,0.0006261098129744548,0.0006561291104534066
4.22,0.24733501042432848,0.0006275861149217231,0.0011052283501986051
4.23,0.2495048078083402,0.000629984237481179,0.00132405209601949
4.24,0.2517200753414615,0.0006329173688156902,0.0015312025675985606
4.25,0.2539944442897603,0.0006363998911106777,0.0018436456773667678
4.26,0.2563458753973973,0.0006407351018197357,0.002116608131140928
4.2700000000000005,0.2586518075814115,0.0006456158639189354,0.0016353960787684144
4.28,0.2608878531370112,0.0006492726873125941,0.0019213532232380513
4.29,0.2632474313735592,0.0006538062761415989,0.002220689983864175
4.3,0.2654669149483439,0.0006587350691875321,0.0021198123261810834
4.3100000000000005,0.2678241051124744,0.0006637318774371706,0.0022356080766093144
4.32,0.2701079898705561,0.0006688377571546853,0.0020497872941614343
4.33,0.27238368475117397,0.000673502454139473,0.002454713076000397
4.34,0.2747452188442282,0.0006792993544004174,0.002209476994267421
4.3500000000000005,0.2770461097479695,0.000684383128191192,0.002135542566798066
4.36,0.2793584464466022,0.0006893212291466995,0.002041461984995602
4.37,0.28170351811016814,0.0006941086104505391,0.002323402495165858
4.38,0.2840942325324204,0.0006996632122993815,0.0026689405335074425
4.39,0.28649359077841025,0.0007060669719816964,0.002552151482316107
4.4,0.2888898403579625,0.0007121825771761075,0.0026064711900238118
4.41,0.2913281012593668,0.0007185378483613043,0.002657262797936893
4.42,0.2937289385895118,0.0007249175190983191,0.0023779667021459738
4.43,0.2962236594710664,0.0007308498934677914,0.0022562888085100054
4.44,0.29867862470014855,0.0007363890134390436,0.002499684589030039
4.45,0.30116401541109244,0.0007426017192367852,0.003354299183739801
4.46,0.3036457135692492,0.0007509261085631334,0.0030520095660267954
4.47,0.30609089710876236,0.0007583888552876707,0.003025495858250056
4.48,0.3086300592171354,0.0007660711031701323,0.002953107998074477
4.49,0.3111578252585841,0.0007735358909841652,0.0030443664592245162
4.5,0.3136368837046599,0.000781083076684063,0.00295976344798573
4.51,0.3161451641069256,0.0007885070150143946,0.002802277801950395
4.5200000000000005,0.318743446898965,0.0007957881442647152,0.0025069928646185404
4.53,0.32131268976708915,0.0008022292312966859,0.0018986622417756854
4.54,0.3238419675751987,0.000807031481340479,0.0017981490534271715
4.55,0.3263998106157141,0.0008116308693397267,0.001783363079336529
4.5600000000000005,0.32902490585958205,0.0008163123722403758,0.0017665447782344457
4.57,0.3315493406700104,0.0008207719040116567,0.0018170327727017016
4.58,0.3340819199886598,0.0008253736886975403,0.0013614065775850804
4.59,0.3366108934544532,0.0008288166519355045,0.0009654120448710048
4.6000000000000005,0.33918118834559746,0.000831298046353189,0.0006358964069232806
4.61,0.341723752397787,0.0008329148539162751,0.0005354075577281728
4.62,0.3442889570542864,0.0008342882840077207,0.0008359441934560564
4.63,0.34681648170426493,0.0008364011540548472,0.0010211103519215605
4.64,0.3493992990023594,0.0008390384964516763,0.0011079500786920927
4.65,0.3520105690652715,0.0008419316545072014,0.0010418906370948501
4.66,0.3546475177860773,0.000844679067684047,0.0010110367887762829
4.67,0.3574199239799107,0.000847482073294517,0.0008822887023802816
4.68,0.36015546441849067,0.0008498956103446399,0.0007892879715933896
4.69,0.36281574532653926,0.0008519953385024487,0.0009941660006414475
4.7,0.3655121840094407,0.0008546760470469775,0.0008247849942417451
4.71,0.36819578395137276,0.0008568894405115331,0.0008193072252692412
4.72,0.3709171459435729,0.0008591190725532066,0.0009475073083875305
4.73,0.3736713190969457,0.0008617286725255324,0.001031040879759055
4.74,0.37640225583481995,0.0008645443809400585,0.0007112710183030599
4.75,0.37914274309873663,0.0008664936104356204,0.0007899656606012642
4.76,0.3818723389175195,0.0008686498978483204,0.00014165170916464304
4.7700000000000005,0.3846131150272917,0.0008690381334713039,0.00042515992323908516
4.78,0.38741725754596407,0.0008702303425611291,0.0005834564370876458
4.79,0.390280066770235,0.000871900667220722,-1.925651201944837e-05
4.8,0.39314414290517113,0.0008718455151041982,0.0003144743003488765
4.8100000000000005,0.39597148360469214,0.0008727346411218378,-0.00017026359281770522
4.82,0.3988011898469831,0.000872252845165751,-0.0001438909200239668
4.83,0.40164831000046,0.000871843170424621,-0.00027303170782421403
4.84,0.40448337505397247,0.0008710691077520332,-0.00028214535774827786
4.8500000000000005,0.4073244298920077,0.0008702675172971028,-0.00027039885628459107
4.86,0.4101633064302675,0.0008694998883093157,-8.471241984490003e-05
4.87,0.41307346414529694,0.0008692533618065555,2.761538213899117e-06
4.88,0.41596999517589245,0.0008692613606876842,0.00046965947263186814
4.89,0.41888083413822724,0.0008706284638801692,0.0003297883366089961
4.9,0.42184054318390685,0.0008716045414385767,0.0002732457567746163
4.91,0.4247400113405986,0.0008723968088290135,4.950187282727107e-05
4.92,0.42767508176805064,0.000872542100312171,0.0002698750022739134
4.93,0.4305954047412592,0.0008733302225003398,1.5205542121156845e-05
4.94,0.4335599715833078,0.000873375300346331,0.00030828115855083765
4.95,0.4366088118495969,0.0008743152003856343,0.0005753361694638679
4.96,0.4395074406724019,0.0008759828865732524,0.0009333357730863443
4.97,0.4423980152117333,0.0008786807639789708,0.0005444199810047186
4.98,0.4452982533595354,0.0008802597117323027,0.00084658654352785
4.99,0.4482799840685298,0.0008827840054300224,0.0014177146763901627
5.0,0.45134020340846376,0.000887122526207906,0.0012479041703433382
5.01,0.45437614396153986,0.000890911091051604,0.001112549408344001
5.0200000000000005,0.4573852272120852,0.0008942588462229022,0.0014744920024951425
5.03,0.46035324100112585,0.0008986351619896933,0.0018906392815111676
5.04,0.4632983582822789,0.0009042033230445954,0.002766568516264894
5.05,0.46631015688796845,0.0009125356915028129,0.0030729615938029494
5.0600000000000005,0.4694339873484439,0.0009221351327495634,0.0028847352566141247
5.07,0.47245890896589615,0.0009308612549933188,0.002868799383877107
5.08,0.47546975665722363,0.0009394987966908446,0.0031755930150992357
5.09,0.4784747037497589,0.0009490413177655018,0.003013862300031173
5.1000000000000005,0.48140675603164335,0.0009578781463556592,0.0032148189951852557
5.11,0.48445101929813733,0.0009676649354468399,0.0036345548333530176
5.12,0.4874609168648835,0.0009786046213670402,0.00365900212164523
5.13,0.4904834777682748,0.0009896642274818234,0.003845608791509275
5.14,0.4935121866870178,0.0010013115145428258,0.0037058987927035803
5.15,0.49650456755519795,0.0010124010259561923,0.003510876914637996
5.16,0.4995258900531373,0.001023008560949653,0.003373203292368736
5.17,0.5025493600812984,0.001033207378685471,0.0038181295298093205
5.18,0.5055949869657136,0.0010448360331376395,0.00374638071960883
5.19,0.508592372979306,0.0010560654348445004,0.003046766862725996
5.2,0.5115551189779075,0.001065092259107097,0.0032048738094136555
5.21,0.514583208056113,0.0010747969357127092,0.0037640750918347256
5.22,0.5176184348301152,0.001086221811167725,0.0034395315646139095
5.23,0.520555842499771,0.0010963251574078097,0.0031025151800814026
5.24,0.5236594017973362,0.0011059540281353622,0.0032049787466854884
5.25,0.5266669216743578,0.0011155930984252924,0.0034405831624937616
5.26,0.5297104157465187,0.0011260645342040842,0.0031211756707635336
5.2700000000000005,0.5327028634870898,0.0011354045196172347,0.0030158477969491494
5.28,0.5357449652390209,0.0011445790632990996,0.003188451736744928
5.29,0.538777079982109,0.0011542468475793527,0.002747225222722539
5.3,0.5418017767527418,0.001162556391743459,0.0030634845175172673
5.3100000000000005,0.5447892300787934,0.0011717084373851002,0.0033741497834593685
5.32,0.5477828078871301,0.0011818092556311211,0.0035193429141381965
5.33,0.5508015711647702,0.001192433362644379,0.003455082862612939
5.34,0.5537468670298322,0.001202609644406564,0.0037463694559262376
5.3500000000000005,0.556799722098109,0.0012140468208957829,0.003831856216946385
5.36,0.5597555888503244,0.001225373332722964,0.0037634592388947267
5.37,0.5627406730279878,0.001236607628389772,0.003183366713176046
5.38,0.5656847434104947,0.0012459797157050733,0.0038135074572298163
5.39,0.5686798418760799,0.001257401601407656,0.004110451654213308
5.4,0.5716419221137499,0.001269577157592549,0.00456424618962085
5.41,0.574628743402526,0.0012832098399459615,0.0048226857144448845
5.42,0.5776264191225483,0.0012976667998990503,0.004703680869562708
5.43,0.5806454946525913,0.0013118676724432393,0.004906147998147186
5.44,0.5836360673184025,0.001326539982263353,0.004949673600338398
5.45,0.586615726754225,0.0013412884443532187,0.004880992376229689
5.46,0.5896122823342435,0.001355914725447017,0.004773072479039143
5.47,0.5926440439729137,0.0013703856533810197,0.005407501562604134
5.48,0.5956117010389019,0.0013864334200209018,0.004896086779100833
5.49,0.59864818421557,0.0014013004239529546,0.004861973718598185
5.5,0.6016074947516906,0.0014156886273781549,0.004429659495912698
5.51,0.6046215489438858,0.0014290399484779433,0.004290431066861144
5.5200000000000005,0.6076172108088239,0.0014418927080728525,0.004137530697828649
5.53,0.6106156157611333,0.0014542987714014303,0.0032746186367118017
5.54,0.6136250854578792,0.0014641536721821573,0.0033743394396468685
5.55,0.616603481949869,0.0014742038310762747,0.003359059812879743
5.5600000000000005,0.6195138442512227,0.0014839799488926004,0.0030772215119842907
5.57,0.6225077763971945,0.001493192970377889,0.003469256829892755
5.58,0.6255137441219872,0.0015036214862759092,0.004030445382702962
5.59,0.6285326108476152,0.0015157889296159206,0.00452868556913434
5.6000000000000005,0.6315416364508009,0.0015294159536011968,0.0046186684947783765
5.61,0.6345535534755558,0.0015433270987904337,0.0045583002807765526
5.62,0.6375968538042651,0.001557199471613933,0.004825757585282277
5.63,0.6406256221761263,0.001571815687019179,0.005338448513006366
5.64,0.6436894707604724,0.0015881720403187354,0.005387328372745918
5.65,0.6466830773758157,0.0016042997382010914,0.005035270970511524
5.66,0.6496843492639788,0.0016194120831336187,0.005110877201275066
5.67,0.6526776060112905,0.0016347103840038903,0.005339675684843654
5.68,0.6556379423855493,0.0016505177703948822,0.004845807918012717
5.69,0.6586585576847949,0.0016651552065007971,0.0049047414885882825
5.7,0.6616844351730609,0.001679996472366655,0.005684090847375461
5.71,0.664702354944432,0.001697150787263234,0.0058323565160445226
5.72,0.6677568237276518,0.001714965740174643,0.006086066778055862
5.73,0.6707342502749574,0.0017330867807045624,0.0063128079849964535
5.74,0.6737378543094287,0.0017520482081185337,0.006257712467862693
5.75,0.676704069629181,0.0017706101729970585,0.00664226306986705
5.76,0.67972035066363,0.0017906453997705086,0.006191546573897879
5.7700000000000005,0.6827292206043917,0.0018092751962034389,0.005728323937028656
5.78,0.6857610199263587,0.0018266425147941117,0.006046425250119371
5.79,0.6888154957518251,0.0018451113996212163,0.006257726259778639
5.8,0.691708592650676,0.001863215844376006,0.006554882314679026
5.8100000000000005,0.6947026111744887,0.0018828415645310913,0.006999804397849418
5.82,0.6976905767067513,0.001903757080406562,0.007043120456303366
5.83,0.7006674962183411,0.0019247242298121854,0.0073388368126388
5.84,0.7037043160595687,0.0019470113551750138,0.00728560192964623
5.8500000000000005,0.7067982193079055,0.0019695527014841666,0.0070755453974938615
5.86,0.7097637793008001,0.001990536006008841,0.007339299467757607
5.87,0.7127816898754903,0.0020126857531858815,0.007810041030606692
5.88,0.7157987151784813,0.0020362493236949024,0.00782553211328229
5.89,0.7188688452041193,0.0020602752152446345,0.0076188295845269795
5.9,0.7218041802710382,0.0020826394656172824,0.00770032495280216
5.91,0.7248797290598654,0.002106322658799647,0.008100275435289999
5.92,0.7279516060535008,0.0021312062527950176,0.007817223397790545
5.93,0.7309220232222864,0.0021544271403915716,0.00831249685638469
5.94,0.7338311540890158,0.0021786098385674713,0.00824398571497518
5.95,0.7367918995348037,0.002203018734700444,0.008160399366379897
5.96,0.7398143333925414,0.002227683549534568,0.008528692901935532
5.97,0.7428487646017087,0.00225356390895304,0.008418588421515785
5.98,0.7457961289553406,0.0022783771425703347,0.007967154237783405
5.99,0.7487728912394974,0.0023020939686323847,0.008556360356461002
6.0,0.7517718901105619,0.0023277551099134147,0.008334523449885011
6.01,0.7547979789164683,0.0023529767020303025,0.008751068449911381
6.0200000000000005,0.757835141118911,0.0023795557948470924,0.008465752587461028
6.03,0.7608217488984378,0.0024048402814249156,0.008640067881787528
6.04,0.7638386743784901,0.0024309073710128857,0.009020319944425958
6.05,0.7668273573632134,0.0024578669789515496,0.008719015116625019
6.0600000000000005,0.7698200204465991,0.002483960714843826,0.008351286818640329
6.07,0.7728278198323421,0.0025090802941897202,0.008216282574388003
6.08,0.7758007512806461,0.0025335072887125547,0.008742555917037733
6.09,0.7787757296932699,0.0025595168664974202,0.008351131967471262
6.1000000000000005,0.7816907314439409,0.0025838609967365977,0.008218404589587513
6.11,0.7847238983808809,0.0026087893510530727,0.008341648183539383
6.12,0.7876601251632467,0.0026332828899733674,0.00851354694393125
6.13,0.7906617158617829,0.002658837690702894,0.008337921827891729
6.140000000000001,0.7935779410183889,0.0026831535115800624,0.008117966046179799
6.15,0.7965162182772737,0.002707006870593955,0.00824439532408583
6.16,0.7995383031560608,0.0027319226975502124,0.008093308293401734
6.17,0.8025750238672207,0.0027565003510944624,0.00823755626596778
6.18,0.8055314059979488,0.002780854266106438,0.008204621198251843
6.19,0.8086289598723991,0.00280626909256324,0.008247807053747053
6.2,0.8115935095699667,0.002830720680923071,0.008196724002670798
6.21,0.8145729582085937,0.002855142946043563,0.008046932974786912
6.22,0.8176296049192286,0.0028797401081683527,0.008312595286740528
6.23,0.8206166775511811,0.0029045710059845656,0.008486665927242659
6.24,0.8236140284229427,0.002930009132217152,0.008272375583812837
6.25,0.8265922939646072,0.0029546470253770853,0.008351610575122672
6.26,0.8296217643704858,0.0029799485707144397,0.008721210971121536
6.2700000000000005,0.8327105177033489,0.0030068869231442827,0.008742900564463826
6.28,0.8356520539872416,0.0030326051376700783,0.008789771634230717
6.29,0.838574808250401,0.0030582961418193564,0.009286215848655082
6.3,0.8416281180349745,0.00308665065057546,0.008967704395224827
6.3100000000000005,0.8446771012844899,0.0031139937640422316,0.00822721675166639
6.32,0.8476625189375215,0.0031385559963525295,0.008300433497982478
6.33,0.850601737343658,0.003162953343574224,0.008707198725908923
6.34,0.8536276892287337,0.003189301573842395,0.009011031252659289
6.3500000000000005,0.8566565066733997,0.003216595081231175,0.009323860153673388
6.36,0.8596400679299847,0.0032444141952978657,0.009294688254761369
6.37,0.8625982404921215,0.003271910278878101,0.009483065459303419
6.38,0.8656371806517246,0.0033007296112371057,0.009500811511867685
6.390000000000001,0.8686351389885008,0.0033292135053572887,0.00926839736192986
6.4,0.8716065558954333,0.003356754566604882,0.009704669448130773
6.41,0.8746256179707094,0.0033860544859226813,0.009539818935422202
6.42,0.8776595123570153,0.0034149981670794755,0.008906875234779591
6.43,0.8806347367185224,0.003441498820053637,0.008670460534448877
6.44,0.8836694859506284,0.003467812152890672,0.009044181015768232
6.45,0.8866599883508338,0.003494859535397052,0.009041161261463471
6.46,0.8897307249466656,0.003522623316650094,0.009255857143563268
6.47,0.8926600924503743,0.0035497378980999623,0.009510752430120504
6.48,0.8956742690899024,0.0035784058502852972,0.009537312396505161
6.49,0.8987370311591053,0.0036076172546337937,0.010120212015876711
6.5,0.9017617086113099,0.0036382286767974795,0.00951174588821942
6.51,0.9046964824482363,0.003666144341652994,0.009150747200900493
6.5200000000000005,0.9077891706144883,0.0036944455391826627,0.009070888443468927
6.53,0.9107283996781735,0.0037211076893961105,0.00912888886054866
6.54,0.9137460727137121,0.0037486564564329036,0.009001556857512688
6.55,0.916737578603479,0.0037755853941260397,0.00881194739965667
6.5600000000000005,0.9197185855192505,0.003801854550206325,0.00905012411113201
6.57,0.9226941747453017,0.0038287847372465637,0.008813890518066374
6.58,0.9257264963771619,0.00385551198022791,0.008522254602845721
6.59,0.9287303464396717,0.0038811121750230698,0.008684278480503198
6.6000000000000005,0.931645404981996,0.003906427991606503,0.008827462589777308
6.61,0.9346227434341153,0.00393271101810693,0.00868451568325776
6.62,0.9375833679730219,0.003958423254763146,0.008800763043725329
6.63,0.9405276114299702,0.003984335512771997,0.008573212357487233
6.640000000000001,0.943511663462573,0.004009919051332804,0.008501799094727985
6.65,0.9464617043026751,0.004035000310175551,0.008883910748624267
6.66,0.9493982788120597,0.004061089262374246,0.009138612105282738
6.67,0.9524047722975196,0.004088565205016591,0.008980811303577571
6.68,0.9553876050817411,0.004115354183627119,0.009086121055088662
6.69,0.9582863108142688,0.004141692899640292,0.009485941264314197
6.7,0.9613325407279497,0.004170590124438044,0.009466299719012625
6.71,0.9643860732395474,0.0041994966418454115,0.00971000528603684
6.72,0.9673489175800382,0.004228266780248818,0.009762259277649064
6.73,0.9703226493843785,0.00425729804339381,0.010139675232091142
6.74,0.9733412240878662,0.004287906459539342,0.009914438735953745
6.75,0.9763635328382826,0.004317871936322705,0.009917818403206423
6.76,0.9794874212672771,0.0043488551103472535,0.009746743446183951
6.7700000000000005,0.9825164580088234,0.00437837928928466,0.009765272757427123
6.78,0.985472783637335,0.004407249533106812,0.009312649328943382
6.79,0.9884816716568712,0.0044352710621672845,0.009442695255571622
6.8,0.9915459263678644,0.00446420674560561,0.009529840496560244
6.8100000000000005,0.9945584655482712,0.004492916632613285,0.00935251196483766
6.82,0.9976289341480686,0.004521634064235036,0.009298876558259997
6.83,1.0005907476291185,0.004549176396042081,0.009263524714068518
6.84,1.0035302731817322,0.004576407542578605,0.00904358564794477
6.8500000000000005,1.0065195344225513,0.004603441919653217,0.009173495151579962
6.86,1.0094890718955627,0.0046306837214285124,0.00863999440225996
6.87,1.0125284986389986,0.004656945004945054,0.008275958069819086
6.88,1.0155544074543137,0.004681987871167316,0.008641573011225968
6.890000000000001,1.0184809565469017,0.00470727848836564,0.008330557605084742
6.9,1.0214505239522689,0.004732017212975117,0.007996800242851146
6.91,1.0244102862386766,0.004755686345285642,0.007832124083071705
6.92,1.0274381137651154,0.004779401151082698,0.007619464751830248
6.93,1.0303557980665639,0.004801632774004387,0.008014480340273472
6.94,1.0333736846024446,0.004825820084183186,0.008480659478952594
6.95,1.036378977929404,0.0048513075645597575,0.008844406619383391
6.96,1.0393215261618667,0.004877333336237574,0.009434110569457784
6.97,1.0422956953194802,0.00490539280938159,0.009666435275006342
6.98,1.0452791591271489,0.004934233167460079,0.009940462975604867
6.99,1.0482456146958155,0.00496372208050965,0.009802049073622374
7.0,1.0513073625154898,0.004993734444092937,0.009748483758980953
7.01,1.0542645872850358,0.005022563814982879,0.009566903137747827
7.0200000000000005,1.0572583104527653,0.005051205348366626,0.009957757206937493
7.03,1.0602936344458704,0.005081431366780679,0.010218110842872963
7.04,1.0633330610342853,0.005112489645496846,0.010042535812430415
7.05,1.0662967150350253,0.005142253247519803,0.010210034172124493
7.0600000000000005,1.0692805290577376,0.005172719149299574,0.01048458524098957
7.07,1.0722080182281828,0.005203413783775618,0.009768288014539809
7.08,1.0752104109388056,0.005232742953369423,0.00987799124336419
7.09,1.0782270439698816,0.005262542197258675,0.009718641561063307
7.1000000000000005,1.0812248831326778,0.005291678038858163,0.009710896211250257
7.11,1.0842689793827505,0.005321239870847267,0.00971191594391112
7.12,1.0872339726732905,0.005350036541844868,0.009913042630861586
7.13,1.0901976267451892,0.0053794163333775406,0.009676769268575568
7.140000000000001,1.0931864254864445,0.005408339151968776,0.009691280775871903
7.15,1.0961502102784735,0.005437062921807545,0.009960085163020568
7.16,1.0991045563789519,0.005466489433644776,0.010311610920843572
7.17,1.1021310257588692,0.0054976983145018634,0.010201900291731009
7.18,1.1051524957639114,0.0055285241196724715,0.01049308853050571
7.19,1.108086099590453,0.005559307814158035,0.01047973586713079
7.2,1.111088432959688,0.005590772626734044,0.010536678154063341
7.21,1.1141642243063736,0.005623182449628653,0.010570588681361143
7.22,1.1170379178295022,0.0056535602133099185,0.010684969116306096
7.23,1.1199963744158898,0.005685172433617169,0.011036049503363381
7.24,1.122948811070983,0.005717756993581252,0.011106737001002571
7.25,1.1259828819981932,0.005751457007163701,0.010723067013419954
7.26,1.1289631630132653,0.00578341598514201,0.010474379693783243
7.27,1.1319817768048936,0.005815035248497054,0.010278162527885836
7.28,1.135003642721408,0.005846095571276141,0.010902588946492658
7.29,1.137928574366535,0.005877986162283299,0.010872242316327984
7.3,1.1409057225009114,0.005910355713643211,0.010533489884728962
7.31,1.1438664874996405,0.005941544055311591,0.010248608398659641
7.32,1.146937833779139,0.005973022182685506,0.010495470449117288
7.33,1.1499172489847276,0.006004293695176622,0.010437943968054903
7.34,1.1529250177961095,0.006035689757714365,0.010374319849967896
7.35,1.1559171704296798,0.006066732419854091,0.01025684480434784
7.36,1.1589117772655557,0.00609744871457467,0.009896150118186202
7.37,1.1619295949238297,0.0061273144661120145,0.009677880862597295
7.38,1.1649557914203836,0.0061566025496656036,0.010531999396587482
7.390000000000001,1.1679287597014107,0.006187915007573391,0.011294220874101592
7.4,1.1709332429941413,0.006221849748404986,0.010905776929809968
7.41,1.173990718787928,0.006255195219382784,0.010792647970967146
7.42,1.1769323605804147,0.006286944556449511,0.010832253034052906
7.43,1.179817956589786,0.0063182032851958085,0.01084973448244064
7.44,1.1828529180988923,0.006351133103874463,0.011042518545311584
7.45,1.1859184197270098,0.006384985338413897,0.011090533520705855
7.46,1.1890075655330377,0.006419247018265633,0.010933130875462542
7.47,1.1920088448620605,0.00645206170545725,0.010726589417148847
7.48,1.1949917560087322,0.006484059395819953,0.010769512151980354
7.49,1.1979870783515705,0.006516318803374309,0.01111359952229729
7.5,1.2009995512672627,0.0065497995993701735,0.011193195907701
7.51,1.2039775965375674,0.006583134835678626,0.011173430521514349
7.52,1.2068946604967556,0.006615729803610281,0.011046928237502014
7.53,1.2099624143528949,0.006649620438930894,0.010641687822274653
7.54,1.2130522201982363,0.006682502429423862,0.010493790276835077
7.55,1.2160501218030233,0.006713962934950015,0.010005034492219556
7.56,1.2190411099461138,0.0067438888730300545,0.010331678400599361
7.57,1.2220782247564694,0.0067752684830482465,0.010222041502326095
7.58,1.2251217268006003,0.0068063803708917426,0.010245189145242976
7.59,1.2281628640878626,0.006837538487783187,0.010335128728052957
7.6,1.2311801450586308,0.006868723585376902,0.00992795098641315
7.61,1.234149161228674,0.006898200800863482,0.009456223980584644
7.62,1.2371555140320323,0.006926630393734775,0.00918949569320081
7.63,1.2402033270979236,0.006954639047195912,0.009242320743066242
7.640000000000001,1.2431968779611007,0.0069823071922474255,0.009057428525378221
7.65,1.2461189202888987,0.007008774105539035,0.009285627073009341
7.66,1.2490642009341482,0.0070361236692933204,0.008886650791923884
7.67,1.2521016687529911,0.007063117295680106,0.009370213008831571
7.68,1.2550872708485283,0.007091093842068272,0.009811199332841952
7.69,1.2581641455761206,0.007121282642003339,0.009620207121036634
7.7,1.2612487228145632,0.007150957829387198,0.00946076711468872
7.71,1.2643094048366208,0.007179915093165876,0.009296878134648188
7.72,1.2673096171234524,0.00720780850480651,0.009192254245849256
7.73,1.27034677514126,0.007235727619860945,0.008875081308237854
7.74,1.2733336038366982,0.007262236663403606,0.00878300802487982
7.75,1.276422628573619,0.007289368290116309,0.009292353075740724
7.76,1.2794056118572172,0.007317088021857316,0.009637799127602492
7.77,1.2824033737540808,0.0073459807434449395,0.009457515325933566
7.78,1.2854197599416821,0.007374509112617673,0.009542361543058386
7.79,1.2883469452598957,0.007402442221064635,0.00960347247334843
7.8,1.29139246188339,0.007431690655293045,0.009929298321666053
7.81,1.2943690422691256,0.007461246981256719,0.009807542854811621
7.82,1.2974411086280977,0.007491377369790925,0.009536009612040834
7.83,1.3005025506411159,0.007520572195207617,0.009571983843166985
7.84,1.3035148600670146,0.007549406853006398,0.009650172451462982
7.85,1.3065255036234078,0.007578460984417764,0.009617852307963505
7.86,1.3095270931202425,0.007607330719072765,0.009610854872508656
7.87,1.3125188070646199,0.0076360845329335415,0.009641532082415537
7.88,1.315466547078948,0.007664506143540599,0.009747451655429524
7.890000000000001,1.3184475390840236,0.007693564139295106,0.009684948297304588
7.9,1.3214704406415467,0.007722841699987678,0.010151095433980553
7.91,1.3244275986752203,0.0077528611245225275,0.010390229048904617
7.92,1.3274188111961,0.00778394162620759,0.01011858221663472
7.930000000000001,1.3304147297943756,0.007814257109489702,0.009928502822059926
7.94,1.333393021088112,0.0078438280546645,0.01053317106462869
7.95,1.336410224261305,0.007875609947209056,0.01070036479738396
7.96,1.339458933859587,0.007908233497189773,0.010609180655438234
7.97,1.342483949839798,0.007940327642334231,0.010333402240554027
7.98,1.3455340273182688,0.007971846441642855,0.010238636229537315
7.99,1.3485148754962024,0.008002367328297826,0.010095699139723305
8.0,1.3514800204840598,0.008032303557072629,0.01021831158376687
8.01,1.3544762859551678,0.008062921396894112,0.010648396312282881
8.02,1.357514406029032,0.008095273726286515,0.010759330718691874
8.03,1.3604953013078356,0.008127347402088925,0.010474243776815786
8.040000000000001,1.3635087015439724,0.008158911645069858,0.010025444737991359
8.05,1.366546520731404,0.008189368153854218,0.0098178320643977
8.06,1.3695964476966491,0.008219312786733178,0.0102070462886202
8.07,1.3724970294583159,0.008248920187249351,0.010066437128647819
8.08,1.3754955965825384,0.008279106094299335,0.01019156457258703
8.09,1.3784590375155956,0.008309309239646194,0.00985786993610446
8.1,1.3814326162988375,0.008338623342100343,0.00976734017943278
8.11,1.3844028706754297,0.00836763574962543,0.009812048329002086
8.120000000000001,1.38739746046719,0.008397019752388052,0.009671013195706835
8.13,1.390364719706728,0.008425717050325993,0.009664763898079227
8.14,1.3933450756458046,0.0084545223836946,0.009797815194248086
8.15,1.3963379010184591,0.008483846471953816,0.00962048100144095
8.16,1.3992791914764893,0.008512143973942812,0.009398377772113328
8.17,1.4023112266544837,0.00854064102501235,0.009510588178135729
8.18,1.4053433246549367,0.008569478929890857,0.009611049639354642
8.19,1.4083338794118363,0.008598222185140706,0.010026285105833253
8.2,1.4112702095787746,0.00862766365511416,0.009804385332816275
8.21,1.4143246226541237,0.008657611257457417,0.009565863306165615
8.22,1.4173092147927326,0.008686162328747629,0.00995082535066416
8.23,1.4202101783325642,0.008715030263111373,0.01017816196563066
8.24,1.423151822551734,0.008744971828358445,0.010570027143273784
8.25,1.4261489170095958,0.00877665237797926,0.010539579541068702
8.26,1.4292075912834705,0.008808890712495302,0.01091892337321717
8.27,1.432264174039231,0.008842266631791048,0.011346621240625649
8.28,1.435249839433244,0.008876145300092873,0.010743739929634556
8.290000000000001,1.438244046074774,0.00890831551533522,0.011825863914906877
8.3,1.4412275234068797,0.008943599357100773,0.011551255291362153
8.31,1.4443071807218189,0.008979174847266612,0.011429620173576169
8.32,1.447302043907983,0.0090134064865999,0.011869082646432754
8.33,1.4502586231370358,0.009048500017770904,0.011740092262787915
8.34,1.4532502606244597,0.009083623731602661,0.012001087342353904
8.35,1.4562185718725975,0.009119248404461476,0.012165876925495565
8.36,1.459225514299783,0.009155832300880434,0.012350307684718453
8.370000000000001,1.4622773740916595,0.009193525624795706,0.01209964776006607
8.38,1.4653724548338434,0.009230976839220622,0.01196538715052762
8.39,1.46836405557109,0.009266774208633524,0.012051537740678984
8.4,1.4714184090634836,0.009303585647196808,0.01161738339958639
8.41,1.4744537557627215,0.009338850020035669,0.011839491435833016
8.42,1.477526867871068,0.009375235804647969,0.01159375709271452
8.43,1.4805467244346937,0.009410248856877723,0.011766568155097074
8.44,1.4835297566161687,0.009445350528331864,0.011599928761047523
8.45,1.486508200038153,0.009479901809580697,0.011304464641484754
8.46,1.4895900342289676,0.009514741779311593,0.010519783636120572
8.47,1.4925971080771425,0.00954637671254974,0.01021146627528825
8.48,1.4955994313460999,0.009577035901018136,0.010524256601828097
8.49,1.4986603652329231,0.009609251144079605,0.010525719783949552
8.5,1.5016439590817698,0.009640656776708395,0.010569011401442195
8.51,1.5046733575669344,0.009672675716061044,0.010971275418383334
8.52,1.5077447089976046,0.009706373710587756,0.011067589954172416
8.53,1.510753147919049,0.009739671238538819,0.011112056753737833
8.540000000000001,1.5137358949869935,0.009772817057508754,0.010881575340536274
8.55,1.5167856456953919,0.00980600445951456,0.01120859239641845
8.56,1.5197941138589064,0.00983972656510679,0.011125319147111899
8.57,1.522811241424181,0.009873294457119281,0.011062738474634211
8.58,1.5257395416088348,0.009905690797848005,0.011397289170131933
8.59,1.5287323346295643,0.009939802002339095,0.011071325266724073
8.6,1.5316551657701067,0.009972162938812323,0.010969407810055445
8.61,1.5346295577910243,0.010004791566598744,0.01140402986635741
8.620000000000001,1.5376029181216677,0.010038701326635133,0.011252188355614545
8.63,1.5407014783036215,0.010073568380972276,0.011875386137573942
8.64,1.5436453635644118,0.010108529798679924,0.011793167009803691
8.65,1.546631761680389,0.010143750523253111,0.011355770534796845
8.66,1.5496054307415215,0.010177520278346546,0.01174371824704913
8.67,1.5526404817250798,0.010213164700610478,0.0121492470125243
8.68,1.555623916308857,0.010249412967797574,0.012285270391013023
8.69,1.5586402026172808,0.010286470725041469,0.012414877778318461
8.700000000000001,1.5615908192442491,0.010323104151948771,0.011970360910903121
8.71,1.5645376595621379,0.010358380579031136,0.01203955583033477
8.72,1.5675264683123,0.010394366247580113,0.011663004868597723
8.73,1.5704687128471182,0.01042868321592476,0.011252912208735656
8.74,1.5734127642354987,0.010461813766166823,0.011673660788350053
8.75,1.5762805773471114,0.010495293164444471,0.011614130501764425
8.76,1.579238452811567,0.01052964786078959,0.011339790572864283
8.77,1.5822144431249614,0.010563396414287819,0.011273560254558584
8.78,1.5851848896997998,0.010596885341482096,0.011121116414144077
8.790000000000001,1.5881962779127,0.010630376721106675,0.011210000648692021
8.8,1.5912127746262883,0.010664193067735063,0.011226760072106242
8.81,1.5942704327286028,0.01069852210392326,0.011215481573542374
8.82,1.5972589752009476,0.010732041452398441,0.01160576972030642
8.83,1.6002577943456202,0.010766846619519517,0.012090158148616548
8.84,1.6032231695548065,0.010802700221715597,0.0123187415731871
8.85,1.606241550797197,0.010839884761164221,0.012321788966996195
8.86,1.6092964997237191,0.01087752910229704,0.01216817897694942
8.870000000000001,1.6122871776516192,0.010913922002770372,0.012288187006964922
8.88,1.6151958865851663,0.010949666561250035,0.012728953615352617
8.89,1.6181316722270989,0.010987038058920616,0.013016210444374185
8.9,1.6210795675156373,0.011025410651439081,0.013019452217069679
8.91,1.6240750375360293,0.011064412233931325,0.013224565904477962
8.92,1.627058993105383,0.011103876051638855,0.013290408126542039
8.93,1.630039107733709,0.011143485323467876,0.013143432929503499
8.94,1.6330082524212095,0.011182512324854519,0.01307002469773199
8.950000000000001,1.6360029367973112,0.011221655152502428,0.012596746206883861
8.96,1.6390122115263088,0.011259564227663877,0.012943338991409783
8.97,1.6419873416263677,0.011298074495658547,0.013140408088715801
8.98,1.6449750223226183,0.011337336099043341,0.01285940821692859
8.99,1.6479519338263438,0.011375619529557261,0.013350374184638553
9.0,1.6509463024669848,0.011415597846529795,0.013151377220494469
9.01,1.6539050818581065,0.011454512113961195,0.012835321729448623
9.02,1.6569322830841062,0.011493369349511477,0.013080086308425077
9.03,1.6599650473957568,0.011533040430910807,0.01263494920797319
9.04,1.6629324173544797,0.011570534994876768,0.012679624405392342
9.05,1.6659981907758277,0.011609409933739054,0.012256741288904322
9.06,1.6690267766340687,0.011646532386033661,0.012543258868449075
9.07,1.6719870545788262,0.011683665866082594,0.012814913167636752
9.08,1.6749513363749053,0.011721654959474815,0.012549126741217626
9.09,1.6779343766338917,0.01175909147495437,0.012888444342241484
9.1,1.6808952771882808,0.011797254990115172,0.01294431570850661
9.11,1.6839668038947915,0.011837016022260173,0.01325656712056886
9.12,1.686983957712221,0.011877015467503254,0.013139971765997403
9.13,1.689893944790853,0.011915254816368665,0.012802173524377935
9.14,1.6929359426879311,0.011954201129041471,0.012670218219136609
9.15,1.6960331495872036,0.011993445516372658,0.012835065970421892
9.16,1.6991275264340384,0.01203316422843564,0.012864307607380552
9.17,1.7022014252042459,0.012072709989275,0.013136901692185761
9.18,1.7052119620742563,0.012112261391439618,0.012637767776692467
9.19,1.708181294025179,0.012149789116999292,0.013222722029383223
9.2,1.7111483651681652,0.012189024160614337,0.013138090038431922
9.21,1.7141279164862286,0.012228172026561117,0.013366650256657005
9.22,1.717091406338005,0.012267786318237092,0.013075073117461429
9.23,1.7200529543888365,0.012306510982325472,0.013059782662288695
9.24,1.7230262358933361,0.012345343600330036,0.012952949902232279
9.25,1.7261133361145071,0.012385332891316284,0.012746941094933621
9.26,1.7291329142090144,0.012423825360251052,0.012950189346655571
9.27,1.7321543570494595,0.012462955804647787,0.01292150187493809
9.28,1.7351043890596995,0.012501076770447875,0.012687316649226833
9.29,1.7380967363689888,0.012539043665458917,0.01260618968486086
9.3,1.741073248924541,0.012576568135101074,0.01244866328348803
9.31,1.7441144194510192,0.012614428598728548,0.012536910975231214
9.32,1.7471878008918733,0.01265296132704939,0.01253960799425344
9.33,1.7502725000949724,0.012691644273382659,0.01241582748198639
9.34,1.753258271031705,0.012728716995207716,0.012192808018345158
9.35,1.7561905092485885,0.012764470984651584,0.011495567131854057
9.36,1.7590986508653093,0.012797903194515774,0.011366531996453802
9.37,1.7621403553630077,0.012832478315038158,0.011682681716379291
9.38,1.7651570837511898,0.012867723396112222,0.011401709313398584
9.39,1.7681605090171821,0.012901969061919599,0.011063109869511846
9.4,1.771218575476513,0.012935802167463704,0.01136282839806023
9.41,1.7742859705036584,0.012970657950920823,0.011442156960646705
9.42,1.7773019590319488,0.01300516887115674,0.011344491549818137
9.43,1.7803302553577085,0.01303952482708906,0.01103164979525598
9.44,1.7833350129170205,0.013072673604919503,0.010943379341826024
9.45,1.7863307954619128,0.01310545889850649,0.011065453488071034
9.46,1.7893914258061423,0.01313932754357643,0.011330228178660199
9.47,1.7923124431726134,0.013172424753139005,0.012032491799873205
9.48,1.7953470610669986,0.013208940530347817,0.01210435956386634
9.49,1.798268962436538,0.013244310002543957,0.013113372718111287
9.5,1.801177821658996,0.013282457144338719,0.013229357681280423
9.51,1.8042154632367529,0.01332264553584165,0.013292837391815929
9.52,1.8072209455597728,0.01336259927694229,0.013131129545585735
9.53,1.8101051326476856,0.013400474088126911,0.012847618314468184
9.54,1.8130156626598148,0.013437869524351253,0.012551037830779991
9.55,1.816026497204972,0.013475660607042075,0.012050758343439159
9.56,1.81902776188366,0.013511829873269574,0.01226339250996099
9.57,1.8221015692715508,0.013549527069556692,0.011817470503455817
9.58,1.8251070911318155,0.013585046388958466,0.011856486269420109
9.59,1.8281809845926107,0.013621493672460398,0.01217963201989266
9.6,1.8311916872510314,0.01365816473628308,0.011575197130366584
9.61,1.8341947405514847,0.013692927222795463,0.011542009247058506
9.62,1.8371726167463105,0.013727299423717991,0.01181570050626329
9.63,1.8401458312961372,0.013762431671341639,0.011684477089075765
9.64,1.843145397690251,0.013797481631254025,0.011697868123839524
9.65,1.8460520602906567,0.01383148493805373,0.01164860634214147
9.66,1.8490881106067172,0.013866852292700725,0.011997477753496048
9.67,1.8520431677142721,0.013902307225746702,0.012010165084112399
9.68,1.855135802527491,0.013939452066389782,0.012242023503772424
9.69,1.8581356448776796,0.013976178041639017,0.012227973003297974
9.7,1.8611588318099237,0.014013147332439203,0.012502516641734188
9.71,1.8641535873724338,0.0140505912647079,0.012513591606504188
9.72,1.867159395756311,0.014088206686690974,0.012460422067074069
9.73,1.8701601927531473,0.014125599819074837,0.012208917985666975
9.74,1.8731323067338648,0.014161887917933979,0.012443246482644
9.75,1.8761093440282037,0.014198933838789297,0.012727997577106345
9.76,1.8791191665266063,0.014237244921101823,0.012332379385252678
9.77,1.8821020573508382,0.014274032927429584,0.012392549776604991
9.78,1.8850381536522403,0.014310420509757189,0.012561513682860362
9.79,1.8881240990330042,0.01434918669389674,0.012950202282824261
9.8,1.8911355847071403,0.014388188222859088,0.012834361169085384
9.81,1.8941357936534202,0.014426696102431504,0.013478586087938444
9.82,1.8971365847764392,0.014467144973424282,0.013389552504686634
9.83,1.9001675678445342,0.014507730905801238,0.013289797418722294
9.84,1.9031375553682017,0.014547203762236007,0.012934640259623487
9.85,1.9061431130125488,0.0145860817373282,0.012708643702501958
9.86,1.909105371506749,0.01462373005196258,0.013046847412988784
9.87,1.912165336767314,0.014663655217188827,0.013309686390650744
9.88,1.915162537988493,0.014703549381240705,0.013419558889101072
9.89,1.9181905688742815,0.014744186659441983,0.013810479938249154
9.9,1.9212377566668297,0.014786272461019014,0.01376234518881317
9.91,1.9243350624257813,0.01482890134339691,0.013793368799288346
9.92,1.9273892887905915,0.014871032085967021,0.013405191040788939
9.93,1.9305054057564286,0.014912806731518877,0.01363042539800375
9.94,1.9334864322423353,0.014953441907191738,0.013551746928250532
9.95,1.9364731598873668,0.014993919762328424,0.013317345998883278
9.96,1.9394589706180647,0.015033685187766096,0.01290331011597385
9.97,1.942535752682634,0.015073388064377889,0.013366139331187648
9.98,1.945565333822439,0.015113884279635689,0.0135103768419905
9.99,1.9485804408827982,0.015154621990892231,0.013267872306732277
10.0,1.9508676163409577,0.01518496972360398,0.021541883136992436
10.01,1.953115787867362,0.015233407064622926,0.029838654550216767
10.02,1.9554135112649516,0.015301988394232057,0.03833724636080561
10.03,1.9576331673810958,0.0153871256116649,0.045880303131335884
10.04,1.959872565846047,0.015489942045134888,0.0538240993267704
10.05,1.962115470508361,0.015610781082589922,0.061655975663709596
10.06,1.9643203191291612,0.015746895697280744,0.06910226746228623
10.07,1.9665864330263196,0.01590373903417298,0.0774028484851552
10.08,1.9688449140676423,0.016078901851700196,0.08518782851792717
10.09,1.971121765387604,0.016273332424566123,0.09326339190593098
10.1,1.973397175194611,0.016486162288254367,0.10201624003229312
10.11,1.9756695130986182,0.01671878521097541,0.10964018123739958
10.12,1.9778772146816328,0.01696181260223088,0.11765685089686322
10.13,1.9800637244114336,0.017220264146732337,0.12602834622053055
10.14,1.9822940781871212,0.017502849646570468,0.13445398826533872
10.15,1.9844743404946676,0.017797773956446484,0.14254914336525604
10.16,1.9866835201491775,0.018114841167946646,0.1504060679230655
10.17,1.988932449838222,0.018455667782083525,0.1586848402418153
10.18,1.9911554776597034,0.018811419669952513,0.1668346881986927
10.19,1.993330090256692,0.01917762443084123,0.17427665123657132
10.2,1.9955186098380926,0.01956294120855238,0.18194882244904845
10.21,1.997787618162106,0.019980401527215273,0.1901970476418835
10.22,2.0000220861272533,0.02041059064246455,0.19819539303325762
10.23,2.0022235401862254,0.0208527129754802,0.20590671614764675
10.24,2.0043559463014393,0.021298102052031125,0.2143125143480044
10.25,2.006543691771934,0.02177427590364188,0.22239161439933977
10.26,2.008694018432502,0.022260533526193713,0.23100232816210892
10.27,2.0108438176941315,0.022766168225438595,0.23871030176850574
10.28,2.013004204621809,0.023291898815931515,0.2465351441201999
10.29,2.015226342318266,0.023851109558326606,0.25437333607224394
10.3,2.018162880406843,0.02461462600665505,0.2571036892010456
10.31,2.0210878078786734,0.02538365567498384,0.2601809900013881
10.32,2.0239343218379293,0.0261414413828316,0.26302827795324224
10.33,2.026856694179564,0.026928339078062052,0.2660014629024941
10.34,2.029768268643927,0.027721621026291453,0.26934065045252964
10.35,2.0326748085977546,0.028523966767323904,0.27244290116685616
10.36,2.0355982047154773,0.029340734220953898,0.27526550075424683
10.37,2.038465501829381,0.030150560065802044,0.2783622382970149
10.38,2.0413491408879025,0.030974652130355333,0.2810186465408429
10.39,2.0442497344086448,0.03181193027747635,0.28386169258001
10.4,2.0471388734414138,0.03265480770110333,0.28732549588744316
10.41,2.050041644548741,0.03351258362630126,0.29009659470607746
10.42,2.052910536422599,0.034368999450781826,0.292763927201095
10.43,2.0557711454787264,0.03523125949214258,0.29563948390397515
10.44,2.058624119607507,0.0361001752328507,0.2988412105435612
10.45,2.061454143894641,0.036972012413317636,0.30194293364264924
10.46,2.0643168549244884,0.03786365066449803,0.3051571831113526
10.47,2.067210179470182,0.03877503631491041,0.30815304653388503
10.48,2.0700668705926515,0.039684298925733344,0.3115393804028328
10.49,2.0729781119569735,0.04062179340449902,0.3147458976504258
10.5,2.07582339159475,0.04154812650008469,0.3182145424837311
10.51,2.0786388126160955,0.04247555163676979,0.3210616159360696
10.52,2.081461849178944,0.04341440332190214,0.3238494155520774
10.53,2.084376467900019,0.04439274475320726,0.32632143915110495
10.54,2.087163739440496,0.045336012852352545,0.32951540952158975
10.55,2.0900122563357666,0.046310158667375555,0.3319687009195323
10.56,2.0928397959060017,0.04728488515826,0.3348448102846853
10.57,2.0956713004662166,0.04827009903610147,0.33765931288313245
10.58,2.0984854916638342,0.049258176973910696,0.34049381469254353
10.59,2.101317079408476,0.05026138750363805,0.34333453253023133
10.6,2.1041723066586564,0.05128211155723123,0.3466135344321517
10.61,2.107042742924506,0.05231890027818038,0.34935072719206406
10.62,2.109921017624964,0.05336743526798505,0.3529640247672429
10.63,2.1127744781364743,0.05441862475743387,0.3557626012639419
10.64,2.115559103735213,0.05545331582391925,0.35883680596438294
10.65,2.1183663708616236,0.05650625277065093,0.3618502906705033
10.66,2.1211481413184976,0.05755919952356519,0.3651285215367953
10.67,2.1239765000808255,0.058640394399388014,0.368124380967278
10.68,2.126878741174919,0.059759808944416015,0.37125665989762147
10.69,2.1296473457825464,0.06083765323172323,0.37409581783385687
10.7,2.132459224693943,0.06194154816058096,0.37731697166386424
10.71,2.1352217081828297,0.06303633415506764,0.3805939276781304
10.72,2.1379545270303577,0.06412973924520951,0.3833129006774497
10.73,2.140712866535037,0.06524206512302047,0.3868079095025817
10.74,2.1435015416298646,0.0663779715383203,0.3902645926787709
10.75,2.1462576517460814,0.06751173670557498,0.3930375681141488
10.76,2.1490669206908,0.06867648820700624,0.39575944353109876
10.77,2.151866451269895,0.06984614205300571,0.39780972643253965
10.78,2.1545787388785,0.07098588276085555,0.40066893671706816
10.79,2.1574129770054338,0.07218641488427915,0.40358782695666634
10.8,2.1601655175271346,0.07336182903646198,0.4064390895119661
10.81,2.1628847599901717,0.07453220226964141,0.40923853959300255
10.82,2.1656561138000927,0.07573421102758296,0.4121959952892522
10.83,2.1683915883979346,0.07693028233597869,0.41507361372745266
10.84,2.1711264866801656,0.07813548809066768,0.4179518838433333
10.85,2.1738777565479803,0.0793573771719439,0.42119224902169466
10.86,2.176542171648143,0.08055104399455686,0.42424175555837984
10.87,2.1792061080845184,0.08175426392196503,0.42737543241805726
10.88,2.1819593598949805,0.08300822759634685,0.4302708875677303
10.89,2.184705696829445,0.08426865598960703,0.43353187221087647
10.9,2.1874464652552237,0.08553736514629018,0.43691603646522126
10.91,2.1901459593754824,0.0867980788456111,0.43977496484993456
10.92,2.192909745550409,0.08809845584451959,0.4428047984010717
10.93,2.195603267012331,0.0893757547097436,0.4456027926872769
10.94,2.198343491849666,0.0906846046467358,0.44912267690310764
10.95,2.201048595336612,0.09198839279922567,0.4516283862587791
10.96,2.203829996491147,0.09333755316665386,0.45457587837195357
10.97,2.2065207679410093,0.09465256339525581,0.4573348045395861
10.98,2.2092966587065797,0.09601867284146319,0.46055253428211546
10.99,2.2120356732017106,0.09737759961078137,0.4634162647124911
11.0,2.214722471096324,0.09872022167875397,0.4659667832608272
11.01,2.21740521217467,0.10006937844075957,0.46872878925855077
11.02,2.2201203067582354,0.1014442146616607,0.47176708195508843
11.03,2.222836606375628,0.1028300461104343,0.47487870983039754
11.04,2.2254720158781938,0.10418495956084178,0.4780937250566247
11.05,2.2281564278456005,0.10557599580371639,0.4809563191503322
11.06,2.2307994461615412,0.10695519403198896,0.484399109252166
11.07,2.2334358839690784,0.10834252752232242,0.48759313357088724
11.08,2.2360865522947178,0.10974817820153177,0.49004920451728834
11.09,2.238734236620753,0.11116058898397664,0.49270296033636246
11.1,2.2414250872769457,0.11260521286700372,0.495440683772781
11.11,2.2440904505279544,0.11404556751826692,0.49875215316466076
11.12,2.2467377847850583,0.11548752635848733,0.5023319301651233
11.13,2.2493820151900916,0.11694009266889774,0.5055455514740251
11.14,2.252017447350283,0.11839887037758257,0.5085843521253897
11.15,2.254660466215787,0.11987235764007573,0.5117246399808655
11.16,2.2572889599995087,0.12134858586454998,0.5143475585251077
11.17,2.2598867294607183,0.12281653472606616,0.5173911302087143
11.18,2.262481176918021,0.12429304219757299,0.5201447947467019
11.19,2.265023425469971,0.1257491255007211,0.5230903162918872
11.2,2.267643596934951,0.12726010638841556,0.5260658604033592
11.21,2.2702430891240586,0.12876948700821433,0.5291040631662053
11.22,2.2728311822656986,0.1302827816453847,0.5324051253041169
11.23,2.27542434698521,0.13181055081144358,0.5355688946846288
11.24,2.278005861963164,0.13334247928558043,0.5386582876601252
11.25,2.2805887802697864,0.13488605006108165,0.5418314463399527
11.26,2.283205605874165,0.13646117463825055,0.544451517970936
11.27,2.285780290652025,0.1380201382175055,0.5475586122250418
11.28,2.288315665580832,0.139566085936574,0.5504576103788449
11.29,2.2908262603734073,0.1411069258698505,0.5539743305081561
11.3,2.2933715492545743,0.14268140815877145,0.5573016059306493
11.31,2.295892736046454,0.14425260378621557,0.5602164461495125
11.32,2.2984172827721556,0.1458361284961333,0.5633709464875349
11.33,2.3009737978264373,0.14745096515911674,0.5659509553216832
11.34,2.3034876996160896,0.14904797343739404,0.568875228503926
11.35,2.3060195497686555,0.15066679492997964,0.5713697727181917
11.36,2.3085781125847205,0.15231170208290737,0.5746219526102567
11.37,2.3111253904223634,0.153961086931334,0.5778373522114919
11.38,2.3136501341317044,0.1556074265111141,0.5809685095792277
11.39,2.3162098212478797,0.157287998215725,0.5843807702484184
11.4,2.3187520609711187,0.15896955685467062,0.5869811511387736
11.41,2.321268538400258,0.16064349810998976,0.5911019401087129
11.42,2.323701373165672,0.16227630190127254,0.5944734892198309
11.43,2.3261792086654443,0.16395145282274504,0.5976406982232716
11.44,2.3286492519209645,0.1656327589674095,0.600554345099314
11.45,2.3311518563237463,0.16734692015477362,0.603487789649526
11.46,2.333655791806227,0.16907280601630437,0.6065637172797163
11.47,2.336107768521609,0.17077402726426066,0.6096203349619521
11.48,2.338639374905625,0.1725419844190377,0.6127790222845398
11.49,2.341126155452181,0.1742903489623064,0.6156133459729004
11.5,2.3435870720911423,0.1760309731576655,0.618631447317657
11.51,2.346032464060538,0.17777171311715279,0.6212394487551994
11.52,2.348489593109158,0.17953048141589661,0.6242699963059665
11.53,2.350906034236541,0.1812712252545044,0.6273595224406184
11.54,2.3533370534548332,0.183033904569383,0.630085982592601
11.55,2.355744082217935,0.18478922169973447,0.6329001914146265
11.56,2.3582307414308805,0.18661335062969756,0.63645948361151
11.57,2.3606739139864192,0.18841898972370613,0.6390958063905086
11.58,2.362983281497973,0.19013517156763166,0.6423039655358148
11.59,2.3653322084182773,0.1918924769440257,0.645454649453522
11.6,2.367697602762943,0.19367375345281812,0.6486924685591974
11.61,2.370092817513132,0.1954896694169716,0.6518830433668885
11.62,2.3724851427630824,0.19731544404921242,0.6550525646890598
11.63,2.3748434947040753,0.19912714817859062,0.658509968054846
11.64,2.3771757083744673,0.20093162884944954,0.6615812398438465
11.65,2.379529874025375,0.20276468041784007,0.6648328357831427
11.66,2.3819300329757644,0.20464611214091993,0.6671346726197441
11.67,2.384316000833428,0.20652530263808377,0.6696275389457446
11.68,2.386635412662542,0.20836146063144895,0.6725215710239641
11.69,2.3889440325631215,0.21019996858833478,0.6753488241505362
11.7,2.3912834152893367,0.21207380809661075,0.6788124003870107
11.71,2.393588552866965,0.2139333603867306,0.682356260783628
11.72,2.3959377826494213,0.2158422644465312,0.6855852924293819
11.73,2.398236619270197,0.21772257736673808,0.6888025157693379
11.74,2.400569424656049,0.21964323414144948,0.6919829810471332
11.75,2.402798057848851,0.22149004747044898,0.6949492437861409
11.76,2.405104756334144,0.22341312093530202,0.6982895959705773
11.77,2.407410423541116,0.22534842590014864,0.7012955634749786
11.78,2.4097262859360713,0.22730418443392592,0.7043502062436953
11.79,2.4120314753756027,0.22926302431201812,0.7073423630147498
11.8,2.4142566481757624,0.23116536484778477,0.7104121972327232
11.81,2.4165156053109245,0.23310862288218526,0.712919443555118
11.82,2.418749033647704,0.23503968466064412,0.7159379072251129
11.83,2.421040858067163,0.23703335767639833,0.7189236777721418
11.84,2.423314465991247,0.23902314069665215,0.722070438339377
11.85,2.4255010831141814,0.24094897680657695,0.7250722071024729
11.86,2.4277159339916614,0.242911516459129,0.7279329504238404
11.87,2.4299471943924082,0.24490001995527688,0.7307049546927923
11.88,2.432187288024213,0.2469075646909388,0.7335017417268842
11.89,2.43438071575198,0.24888437736412444,0.7362460029041398
11.9,2.4366062539659574,0.2509012250571488,0.738627354058062
11.91,2.4388287472352417,0.25292497323719443,0.7412442167136487
11.92,2.441037685579707,0.25494697728068316,0.7443160351873035
11.93,2.443234392525436,0.2569702220323247,0.7469116669420404
11.94,2.4454776736295787,0.25904715123561634,0.7494824003511861
11.95,2.447743229502236,0.2611555457600794,0.7522935001999415
11.96,2.4498755734795967,0.2631511843227762,0.755278047782912
11.97,2.4520339013867085,0.26518325864789016,0.7584288625254006
11.98,2.454268887986069,0.267300831299132,0.7613324864103931
11.99,2.456407059675172,0.2693384894119459,0.7644665303485496
12.0,2.4585293191524937,0.2713737132624045,0.767623373616685
12.01,2.4607033193409005,0.2734717705295569,0.7709688838708136
12.02,2.462857596191244,0.2755647581598706,0.7738167409811377
12.03,2.4650258589718086,0.2776833706076937,0.7770695117943612
12.04,2.4671598097724012,0.2797820683381823,0.7802956078218257
12.05,2.4692692182909695,0.28187005920722463,0.7833650093334135
12.06,2.471389668614723,0.28398190460986505,0.7866146670091041
12.07,2.4734960027193607,0.2860933696849691,0.7898659858642174
12.08,2.4756808591867263,0.28829783700224076,0.7926019349898972
12.09,2.477781311257023,0.2904287715424899,0.7954247791959649
12.1,2.4799016621410175,0.292592074416302,0.7982476869923556
12.11,2.4819834772201532,0.2947280895877924,0.801337235323939
12.12,2.4840820440444373,0.2968946442478152,0.8045236584412554
12.13,2.486124528398583,0.2990167889065796,0.8074583918092515
12.14,2.4881630348537507,0.30114727930654567,0.8112267594791219
12.15,2.490209140358684,0.30330190801226053,0.814613036736824
12.16,2.4922001727476073,0.3054128120604198,0.8177164356839456
12.17,2.494229462798354,0.3075776978395302,0.8214406872709531
12.18,2.496295192627285,0.30979797303405326,0.8251589500297615
12.19,2.4983801060224797,0.31205564196574664,0.8280912755771065
12.2,2.5004383288429715,0.31429756292976413,0.8313994492570742
12.21,2.5024889837476905,0.3165461270576492,0.8341470343551127
12.22,2.5044780200332646,0.31873919800067196,0.8367129735888394
12.23,2.5064653993094095,0.32094177289818443,0.8391628431675333
12.24,2.508456102521391,0.32315892853318967,0.8424049508513444
12.25,2.510451690080943,0.32539607222801853,0.8451712310685457
12.26,2.512438624873671,0.32763595839783377,0.8478270611084474
12.27,2.514410177148486,0.3298704297438866,0.850934692200154
12.28,2.516412358173224,0.3321538788950703,0.8539464302201732
12.29,2.5183650981885424,0.3343945189200148,0.8565235833042234
12.3,2.5203097552129696,0.3366375287851179,0.8595446686270952
12.31,2.522276041225434,0.3389193776553617,0.8630960472740595
12.32,2.524180160977508,0.3411450183160492,0.8661188426602331
12.33,2.5261429863250555,0.34345336647197494,0.869282887338965
12.34,2.5280759120020724,0.34574118053582653,0.8721128767789055
12.35,2.5300005568050934,0.34803231443970195,0.8753931737784432
12.36,2.531945264046338,0.3503628107463976,0.8786174294932569
12.37,2.5338862146189647,0.3527041098137332,0.8816531901860614
12.38,2.5358243542298418,0.3550565162372,0.8847141305673649
12.39,2.5377328530067484,0.3573874479827871,0.8871479163694246
12.4,2.5396751679563057,0.3597714946268323,0.8901137104728971
12.41,2.5415264842086636,0.36205766013223206,0.8931448328318669
12.42,2.543445652872874,0.3644423590953852,0.8958465816609634
12.43,2.545314873286425,0.36677788473295847,0.8990118760749519
12.44,2.5472119399853086,0.36916364365514975,0.9018946422559847
12.45,2.549080203194497,0.3715271335400949,0.9049509752115276
12.46,2.550909001975531,0.37385528927414846,0.9078605684268602
12.47,2.5526942526269756,0.37614166926733594,0.9109564560021134
12.48,2.554546719119815,0.3785293349247549,0.9141750926693966
12.49,2.5563517101342406,0.3808713344231529,0.9175406102333754
12.5,2.5582154506071855,0.38330646837974025,0.9205787444778162
12.51,2.5600595249556974,0.38573113438178275,0.9232516993227424
12.52,2.561827483071284,0.3880686605489633,0.9261243070345391
12.53,2.5636542324544025,0.3904983940939833,0.9292634081573363
12.54,2.565428904928062,0.39287435208047583,0.9323377635633429
12.55,2.5672114163158692,0.395276170913356,0.9355410221340386
12.56,2.568993933567276,0.3976941439821145,0.9382432087569774
12.57,2.5707973753349367,0.40015439232809175,0.9415956619365403
12.58,2.5725788282722766,0.40260180892220254,0.9440477235951795
12.59,2.5743232685539166,0.40501076896721117,0.9470780510069003
12.6,2.5760957487086604,0.40747412991623555,0.9498912544985313
12.61,2.5778228820485536,0.40988876810138214,0.9526421061493535
12.62,2.5795819838161087,0.4123624526125063,0.9555446626409253
12.63,2.581334595451337,0.4148422191638715,0.9589759128626272
12.64,2.5830479271344013,0.41728414275067827,0.9618835702865653
12.65,2.5847688799937987,0.4197521601893448,0.9649905188337714
12.66,2.5864130131163185,0.42212569447063986,0.9675897818257502
12.67,2.588125976948396,0.4246123789325308,0.9704429624807253
12.68,2.589826763915722,0.4270965282611,0.9732412112244146
12.69,2.591510656790598,0.42957082694685317,0.9759454716828324
12.7,2.5932379097648006,0.4321236535522072,0.9788500688057282
12.71,2.594931528599749,0.43464250244090696,0.9814781904234918
12.72,2.596589265786612,0.43712203455062076,0.9845195478577252
12.73,2.5982489840123857,0.43962094530362295,0.9873624168718971
12.74,2.5998576966048477,0.44205806575965845,0.9900915665174387
12.75,2.601484429049763,0.4445371749838586,0.9928495923058628
12.76,2.6031295465931095,0.4470594415997897,0.9961764944857797
12.77,2.6047517290146955,0.4495647201823752,0.9983952807235693
12.78,2.606369833683158,0.4520758963439898,1.001158611249574
12.79,2.607977347893126,0.4545858429021378,1.0041205579905599
12.8,2.6096373757211166,0.4571947659124175,1.0072357504113862
12.81,2.6112164452609377,0.4596936069287898,1.0108513390359453
12.82,2.6127669591378324,0.46216701720362763,1.0141564781746797
12.83,2.6143868300498156,0.46477014595110805,1.0172630148263253
12.84,2.6159526874941994,0.4673039890773124,1.0200952570733963
12.85,2.6175432481110716,0.4698941824177757,1.023254149091605
12.86,2.6190611018266847,0.4723835748466797,1.0262473462570059
12.87,2.6206322874853085,0.4749778741131252,1.0294769949086777
12.88,2.622203946595783,0.4775919713217281,1.0319723204472047
12.89,2.6237400340610817,0.4801614004375515,1.0345842910579934
12.9,2.6252719227251697,0.48273906947470946,1.03750326935032
12.91,2.626794455668168,0.48531810760557875,1.040653311415389
12.92,2.6282972983917134,0.4878822080746116,1.0436323306912574
12.93,2.629781655033253,0.4904321507854139,1.047194288605365
12.94,2.6312765528405837,0.49302137023098236,1.0500182265683222
12.95,2.632792131573692,0.4956636134200616,1.0529710794905172
12.96,2.634259481557901,0.49823936797192053,1.056393695202814
12.97,2.6357243609022256,0.5008313721396633,1.0595194623380624
12.98,2.6371676578421615,0.5034039275564861,1.0626694382684263
12.99,2.6386148435538983,0.5060025632602566,1.0659033595799223
13.0,2.640075159403001,0.5086448423523554,1.0690074032886423
13.01,2.6415178019475287,0.5112743903035063,1.0728757816598848
13.02,2.642973912719293,0.5139530070596435,1.075943880913171
13.03,2.6444244265170203,0.5166409488692149,1.0789904047336205
13.04,2.6458831756407757,0.5193639685198373,1.0826898520181385
13.05,2.647261092674193,0.5219591193631639,1.0863174724841949
13.06,2.6486508461962623,0.5245996451270957,1.0896276654128678
13.07,2.650067454906472,0.527312949891489,1.0925168956079832
13.08,2.6513934553562524,0.5298706933661844,1.0958874000293923
13.09,2.6527538587671318,0.5325165846411207,1.0988672146213128
13.1,2.654093593271499,0.5351414812082175,1.1020083415631226
13.11,2.6554696214838676,0.5378585307085629,1.1049754687074185
13.12,2.6568051065127616,0.5405150518377491,1.1080803852079033
13.13,2.6581518499865107,0.5432148240837276,1.1110247307221766
13.14,2.6595061229327,0.545949821055256,1.1141340569319773
13.15,2.6608663819857203,0.5487185224522603,1.1169302565593924
13.16,2.66217668947874,0.5514045023800977,1.1199388898530103
13.17,2.663479877911292,0.5540964118850528,1.1227198078594554
13.18,2.664774815465429,0.5567903542312275,1.1262686085354665
13.19,2.666091447544476,0.559554508870485,1.1291813722916964
13.2,2.6673418687088013,0.562199475908385,1.1320042392510268
13.21,2.668604743591207,0.5648904186784333,1.135056096520924
13.22,2.669872888068022,0.5676141725518481,1.1380954215654828
13.23,2.671120532282247,0.5703153204235517,1.141585869011845
13.24,2.6723838807147215,0.5730757376164047,1.1447285667403968
13.25,2.673640008474775,0.57584332983357,1.1475854022118626
13.26,2.674883409575167,0.5786038095265709,1.1506466242516733
13.27,2.676087562000004,0.5812991575347252,1.1539928349598136
13.28,2.6772919360535115,0.5840194067057991,1.1568776343502345
13.29,2.6785046112672437,0.5867798901638462,1.1596675050941083
13.3,2.679680204205081,0.5894763655049471,1.1630648076463164
13.31,2.680855967023859,0.5921984366111748,1.1662826429087327
13.32,2.6820242061794017,0.5949271770893532,1.1687041465799632
13.33,2.6831966735577817,0.5976842269998778,1.171564329209511
13.34,2.684368523354517,0.6004618579536652,1.1744898177675736
13.35,2.6855457025327905,0.6032750726104392,1.1770414360924715
13.36,2.686699351008158,0.6060519303033349,1.1798916079731725
13.37,2.6878561426023864,0.6088589077347334,1.1828560249041773
13.38,2.6890103826640854,0.6116834329599689,1.1850623114237488
13.39,2.6901173301662737,0.6144093888389677,1.1877661141817433
13.4,2.6912250726172773,0.6171586027547855,1.190860301846511
13.41,2.692351542674842,0.619979442564061,1.193930740125235
13.42,2.693480151803704,0.622831029625685,1.1971922383411333
13.43,2.6945780001595585,0.6256315541408569,1.2004663619101983
13.44,2.6956353364193903,0.6283549432694274,1.2033750741935771
13.45,2.69673641055912,0.6312156233626902,1.2058426346282747
13.46,2.6978136709348113,0.6340351674878997,1.2088279300709965
13.47,2.698869847328126,0.6368244752325325,1.212018494159184
13.48,2.6999392905824102,0.6396762617827827,1.2149396138466995
13.49,2.700973239374053,0.6424580878392772,1.2177704068715751
13.5,2.702008414143403,0.6452675401900255,1.2208369718862906
13.51,2.7030475768089843,0.648114698209073,1.2238072419389867
13.52,2.7040627996758957,0.6509221273331619,1.2272507412486107
13.53,2.705068487998875,0.6537334238271563,1.2300081379615189
13.54,2.706087640279122,0.6566073197053094,1.2325352001582464
13.55,2.7070598540085307,0.6593710051073051,1.2348712778863007
13.56,2.7080384500309167,0.6621737314706082,1.2378199128749412
13.57,2.7090084300444355,0.6649783262650094,1.2408162875581676
13.58,2.709965946535213,0.6677739739140084,1.2436886876811784
13.59,2.7109289708583226,0.6706122723787549,1.2467765632277221
13.6,2.71187977151969,0.6734432445564124,1.2498439736590206
13.61,2.7128128735634585,0.6762500165994818,1.2521788931915294
13.62,2.713737699260651,0.679053744633198,1.255587031540791
13.63,2.71466709968721,0.6819039582030939,1.2582120669211112
13.64,2.715590679852551,0.684761753114607,1.261393310738723
13.65,2.716495493856174,0.6875922211867751,1.2640458926815772
13.66,2.717390974503751,0.6904193267683641,1.2672882130322691
13.67,2.7182974001159517,0.6933135516017127,1.2699506396034197
13.68,2.7192008020066436,0.6962252800146841,1.272753235937761
13.69,2.720091755283137,0.6991255810412412,1.275578376304777
13.7,2.7209484226292795,0.7019425991386005,1.2788421843433047
13.71,2.7218055010495084,0.7047943731925652,1.2813467775112042
13.72,2.7226521595352606,0.7076372890547511,1.283952599147543
13.73,2.7234814804190215,0.7104487495644924,1.287166517376785
13.74,2.724320720821106,0.7133279049831275,1.290169872074107
13.75,2.725149473255289,0.7162031943807359,1.2929661329970932
13.76,2.725982460828403,0.7191238409425039,1.2959806129446236
13.77,2.7267957003020666,0.7220081836572049,1.2988850075181773
13.78,2.727595734359036,0.7248775718820355,1.301621900360414
13.79,2.7284035294747526,0.7278057499773174,1.3042550235607346
13.8,2.7292057330385853,0.7307438148972794,1.3070455475926075
13.81,2.7299670224045345,0.7335629688591785,1.3107140658743517
13.82,2.7307511132618303,0.736509464516503,1.3141739568552564
13.83,2.7315059115422278,0.7393858933598763,1.3170683452412608
13.84,2.7322445582767143,0.7422343275042502,1.320419914573327
13.85,2.7329919142415173,0.7451566214338665,1.323489436110461
13.86,2.733735718615578,0.7481026708379307,1.3262229912010963
13.87,2.7344500718286997,0.7509650139836573,1.329345712222138
13.88,2.73515829520452,0.7538409926821139,1.3319507809100468
13.89,2.7358574350000233,0.7567122804863955,1.335035601590736
13.9,2.7365453735034273,0.7595759682281331,1.337951450808437
13.91,2.7372358066011118,0.7624873919146248,1.3402804065515952
13.92,2.737911640346981,0.7653671079779075,1.3432273930088086
13.93,2.7385843242885635,0.7682718604286284,1.3459112850743107
13.94,2.7392442879933085,0.7711568922554501,1.3494254600482198
13.95,2.7399199820945306,0.7741591861235723,1.352161309550288
13.96,2.740568621536556,0.7770785313423517,1.3548457822813642
13.97,2.7412084692046648,0.7799952651428746,1.3578295028020921
13.98,2.7418340338582037,0.7828881028830624,1.3603197711898591
13.99,2.7424483135994104,0.78576339649526,1.363511508763526
14.0,2.743075949694984,0.788747797542271,1.3663474026780076
14.01,2.7436882277005674,0.7917007267258034,1.3695880324782912
14.02,2.7442820296941237,0.7946119733525805,1.3724814324660106
14.03,2.744876549642116,0.7975704274814427,1.3758047045440471
14.04,2.7454450639448655,0.8004489648585349,1.3786088701157424
14.05,2.7460147654432943,0.8033766793260099,1.381202076087852
14.06,2.7465858635422338,0.806352712347044,1.384297110316074
14.07,2.7471556544626132,0.8093724001176913,1.3875106073161998
14.08,2.7477052131568245,0.8123371208517434,1.3906157934255998
14.09,2.7482454968865,0.8153031696872636,1.3934998598188353
14.1,2.7487601202667356,0.8181753071012475,1.3961278250858704
14.11,2.7492825970193,0.8211360726629352,1.3982372508201377
14.12,2.749789949228944,0.8240469971375215,1.401592740868672
14.13,2.750299917845882,0.8270321142919336,1.404253658303033
14.14,2.7507986042566794,0.8299987250026263,1.4067355588575459
14.15,2.7512845454020876,0.8329340608207546,1.4099277596921471
14.16,2.7517768694601443,0.8359680271217285,1.4124849747761867
14.17,2.7522594300313217,0.8389906936853658,1.415474277775848
14.18,2.752728908480943,0.8419889607497342,1.4182994928131365
14.19,2.7531906238393153,0.8449931587904085,1.4215508981748946
14.2,2.753635722428899,0.847953309314569,1.4245980681807164
14.21,2.7540712702321986,0.8509112121909596,1.427617770958066
14.22,2.7545058614894806,0.8539257520914049,1.4307588874442687
14.23,2.754926455808107,0.8569095353328778,1.4332604994983575
14.24,2.7553506670618946,0.8599744317661929,1.4368119816335756
14.25,2.7557491683551834,0.8629308505049329,1.440081467682057
14.26,2.7561451325013913,0.8659427986384531,1.4429885607740822
14.27,2.7565333039654853,0.8689633943337471,1.445905611256518
14.28,2.756916910711828,0.8720189474056566,1.4491616462295522
14.29,2.75728677827687,0.8750447431628396,1.4521714916678474
14.3,2.7576348438718026,0.8779651385288701,1.4548920725845889
14.31,2.7579835024742314,0.8809598166381509,1.4583805817707913
14.32,2.758315778753854,0.8839031357191451,1.4614910185650565
14.33,2.7586378044423454,0.8868375053994644,1.464855991692803
14.34,2.758951568748493,0.8897881247010082,1.4675384389662447
14.35,2.7592622259426687,0.8927859810352227,1.4706661239314964
14.36,2.759558687502097,0.895736840095609,1.4736218512285502
14.37,2.7598410488646805,0.8986334035491791,1.4772618540674973
14.38,2.7601167498434624,0.9015723895003217,1.4804635900709213
14.39,2.7603960116822646,0.9046554559815504,1.4836320154922351
14.4,2.7606607771949827,0.9076853043208067,1.48718637806261
14.41,2.7609123829908144,0.9106875693911689,1.4901205976138345
14.42,2.761150788823807,0.9136362676373796,1.4934252615497208
14.43,2.7613852572399638,0.916660658783153,1.4960457260661422
14.44,2.7616115572286186,0.9196824182625397,1.499307532564739
14.45,2.7618257537364257,0.9226735372404107,1.5021778978295992
14.46,2.7620355497245077,0.9257261663054581,1.504602542976616
14.47,2.7622391708201173,0.9287978083905718,1.507489896514731
14.48,2.7624272841093505,0.9317653098028704,1.5104413623694242
14.49,2.76260704342409,0.9347400608008933,1.5135576987184836
14.5,2.7627752385146453,0.9376753402166129,1.5162946917506412
14.51,2.7629407402422053,0.9407089707605683,1.5193353841922062
14.52,2.763098021300419,0.9437625913709864,1.5227639165045308
14.53,2.7632425548404975,0.9467693605586274,1.5259977493335366
14.54,2.7633810264595864,0.9498582750076602,1.5289966221126752
14.55,2.7635051283683314,0.9528255118262572,1.5318433349594607
14.56,2.7636250603185792,0.9559028437450091,1.5344112057879489
14.57,2.763733217438796,0.95887409639177,1.5371946657572013
14.58,2.7638356473395853,0.9619213072882983,1.5397730464427777
14.59,2.7639298029448596,0.9649553319230557,1.542859941231504
14.6,2.7640145355815453,0.9679875993717977,1.5456795845000035
14.61,2.7640881916311613,0.9709195305690089,1.5485354838398298
14.62,2.7641534520385136,0.9738506696683834,1.5514388757014563
14.63,2.76421096043181,0.9768211645869525,1.5540533248140127
14.64,2.764261965533157,0.9798672333422245,1.556949212296808
14.65,2.7643044208675125,0.9829330432500091,1.5603730420554787
14.66,2.7643357150630625,0.9859352698039674,1.5639278162328987
14.67,2.7643556178039916,0.9888329035439708,1.566815613867403
14.68,2.7643675591533285,0.9918326893813021,1.5704121420650037
14.69,2.764368701675044,0.9948065755620981,1.5739784712193532
14.7,2.764359298796046,0.9977614531558704,1.5766318937955277
14.71,2.764341641527121,1.0007872205731145,1.5793327627494602
14.72,2.764315742334406,1.0038211054112647,1.582565018222623
14.73,2.764281069282214,1.006767180735469,1.586153720907287
14.74,2.764235722512866,1.0097197131739186,1.5889194974580434
14.75,2.764181100951846,1.0127332907518152,1.592081507538158
14.76,2.764117277981154,1.0157313076654955,1.5941948455084691
14.77,2.7640483236327773,1.018677723411153,1.597453359991941
14.78,2.763967736265202,1.0217001257048832,1.6007735164261474
14.79,2.7638761945793218,1.024752922334704,1.6034200959516942
14.8,2.7637783908015177,1.0277497887303566,1.6062213554721607
14.81,2.763670521600985,1.0307935145344682,1.6092896397017553
14.82,2.7635537531662027,1.0338254893626428,1.6124697927361404
14.83,2.7634266224899995,1.0368743615839755,1.6156750635946655
14.84,2.7632897031531725,1.0399231862861333,1.6186953232854817
14.85,2.763145652126066,1.0429282773049133,1.6220913443108833
14.86,2.7629892396439852,1.045974874859784,1.6250609441614752
14.87,2.762828412741456,1.0489357178501526,1.6284041174311141
14.88,2.7626549290875544,1.0519438474550142,1.631354090924779
14.89,2.7624734780774456,1.0549365132207023,1.6342669639456013
14.9,2.7622868378693877,1.0578731390533864,1.637142122246628
14.91,2.76208998342806,1.0608358817495807,1.6399467934650487
14.92,2.761884660832194,1.063800362420762,1.6430181129947503
14.93,2.7616700659054505,1.066766526789383,1.6462931392178244
14.94,2.7614412143945564,1.06979203923198,1.649668963200994
14.95,2.761207677888913,1.0727468287101118,1.6528914280491602
14.96,2.760958252392937,1.0757782507692346,1.6560339890892728
14.97,2.7607030382184625,1.0787651439491246,1.6595009137743781
14.98,2.760435935950624,1.081768385879172,1.6623033235514268
14.99,2.760163482452241,1.0847374769570821,1.6656753235753854
15.0,2.759881682549948,1.0876986571349117,1.6657429237113672
15.01,2.7595961410715106,1.090697004975748,1.6661506478374033
15.02,2.7593065500804044,1.093724793948422,1.666006280472868
15.03,2.7590267725929425,1.0966544412917978,1.6656877703738913
15.04,2.7587464647076496,1.099599554526464,1.6657659454418359
15.05,2.758460329707341,1.1026034019431656,1.6660066736903434
15.06,2.7581876686213094,1.1054585191097492,1.6664100460844324
15.07,2.757906733652108,1.1083877885506814,1.6665128491789516
15.08,2.757620031610647,1.1113739600523858,1.6662088193842821
15.09,2.757345508764845,1.1142424449727686,1.6659639910044954
15.1,2.7570682116060072,1.1171474180621443,1.6660567297263644
15.11,2.7567958523421896,1.1199978670548143,1.6656500058353874
15.12,2.7565222798883506,1.1228733643487494,1.6653314003054212
15.13,2.756254101583545,1.1257017213388445,1.6659750476427646
15.14,2.755986258891209,1.128507321229438,1.6664021121398904
15.15,2.7557144797696096,1.1313413605395686,1.6662942991519445
15.16,2.7554444816449966,1.1341600260731217,1.6665375291265805
15.17,2.755170187975191,1.1370162160666544,1.6662501535073004
15.18,2.754902322804864,1.1398139156428533,1.66631879791253
15.19,2.7546381411661978,1.1425711478855407,1.666861528832913
15.2,2.7543755848867604,1.1452958401533941,1.666974761503266
15.21,2.754115834311432,1.1479882228993896,1.6675591003391586
15.22,2.753848911768623,1.1507381332655735,1.66754273417928
15.23,2.7535867254906665,1.1534397091126063,1.667250101264421
15.24,2.753324994693416,1.1561448249962119,1.6671462207236867
15.25,2.7530524421211084,1.158964845266584,1.667248705216372
15.26,2.752783782167074,1.1617416178174267,1.6670782640713842
15.27,2.7525258503837104,1.1644122564671833,1.6668367384537184
15.28,2.7522760931771946,1.167004798808181,1.666961216583873
15.29,2.752014364143876,1.1697180732691403,1.6668084418796691
15.3,2.751749155175369,1.1724718251203232,1.6670191016483047
15.31,2.7514903450104025,1.1751532164309464,1.6669151882970923
15.32,2.7512262431294885,1.177892408761446,1.6669833650054353
15.33,2.7509722721986387,1.1805246470570327,1.6673010342397494
15.34,2.7507084607644594,1.1832498193272514,1.6669790199605674
15.35,2.75046089392834,1.1858158001085253,1.66690020939001
15.36,2.750202485272052,1.1884963641888482,1.6669396468486464
15.37,2.7499561164606323,1.1910509799083007,1.6672228961215176
15.38,2.749704073346286,1.1936567083794363,1.667598495962788
15.39,2.7494496819447796,1.1962764461574038,1.667110389093797
15.4,2.7491999056862246,1.1988617741269114,1.6672021129535786
15.41,2.748946996926493,1.2014770191880684,1.6670999233007961
15.42,2.7486986670363494,1.2040476574808858,1.66701803481785
15.43,2.7484508544406245,1.206615137602291,1.667124744949748
15.44,2.748201318857876,1.2091975871267382,1.6667833067326967
15.45,2.7479595945482553,1.2117081513482266,1.6666969336842326
15.46,2.747716907410803,1.214230999709916,1.667406142254735
15.47,2.747472120018533,1.2167568853664947,1.667794064640793
15.48,2.7472287067643886,1.2192584837623113,1.6675192681755244
15.49,2.7469833860005837,1.2217868939209384,1.6675554876389547
15.5,2.7467488755158174,1.224202977010867,1.6677281452558068
15.51,2.7465136973472672,1.2266215960970743,1.6676317314267606
15.52,2.7462725475067242,1.2291041138097574,1.6679700874043206
15.53,2.746039213929632,1.2314977504951856,1.6676897253861247
15.54,2.7458025937494983,1.2339321704885464,1.6681720163028548
15.55,2.7455670912904333,1.2363430149464463,1.668250692002616
15.56,2.745332552703368,1.2387420415823023,1.668358985608862
15.57,2.745092236444734,1.2411974204745788,1.6682832141555621
15.58,2.744852440372336,1.2436494009172858,1.6682354781789999
15.59,2.7446209546258094,1.2460175729912266,1.668092947739685
15.6,2.744386817047744,1.2484164053209665,1.6683253764625094
15.61,2.744153317115506,1.250802967265901,1.668319815053085
15.62,2.743927919001815,1.2531068541528023,1.668227770643012
15.63,2.743701395576651,1.2554244446058798,1.6684323841639848
15.64,2.7434699896796335,1.257786995083088,1.6689185980340213
15.65,2.7432365659317033,1.2601582623870378,1.6694026981855914
15.66,2.7430075805348992,1.2624729480799277,1.6697966166780287
15.67,2.74278047941007,1.2647593928583691,1.6695133700461704
15.68,2.7425480492358196,1.267106248687299,1.6694632912222096
15.69,2.7423227766002296,1.2693819965990059,1.6699738962040165
15.7,2.7420927063695935,1.2716941665654216,1.6701206251836496
15.71,2.7418638673574782,1.273990543155537,1.6703310888706773
15.72,2.7416351024674626,1.2762812897753022,1.6703356451002416
15.73,2.7414097876213654,1.2785373852799542,1.6703231889847163
15.74,2.741191664646237,1.2807217431666138,1.6705002139156018
15.75,2.740977585055194,1.2828617775008566,1.670367105426625
15.76,2.7407537623054172,1.2851022197122894,1.6704320773726422
15.77,2.7405281456965365,1.2873591357928895,1.6702555768171203
15.78,2.7403128777375514,1.2895163777784289,1.6708360935471323
15.79,2.740095270369175,1.2916843251427772,1.6704835502455349
15.8,2.7398705853855976,1.293930753622616,1.6703694883748839
15.81,2.739646941853354,1.2961693479551069,1.6708318409578324
15.82,2.739427255592717,1.2983581002732991,1.6707330373735005
15.83,2.7392131506998614,1.300493368051199,1.6708673726632148
15.84,2.7389967626397618,1.302648489512569,1.6709570899636519
15.85,2.7387804844432573,1.304800574404395,1.6717222249681631
15.86,2.7385755302042956,1.3068244144609134,1.6719988307966431
15.87,2.738356699388034,1.3089793336823343,1.6718439379495713
15.88,2.7381484985714133,1.3110327391179437,1.671882754945937
15.89,2.7379387476230224,1.3131006331046058,1.6718635960738626
15.9,2.7377314193194304,1.3151450328310625,1.672143585690567
15.91,2.737520165084805,1.3172223505433631,1.672721071774491
15.92,2.737303327271237,1.3193424089132655,1.6731346788466137
15.93,2.737092759711537,1.32139278338841,1.6733813398081234
15.94,2.7368818006152327,1.3234419965051463,1.67322330393307
15.95,2.736662731408091,1.325573296002603,1.6736506025156177
15.96,2.7364536226261995,1.3275991804147205,1.6734938571216607
15.97,2.736246583890759,1.3296080929787093,1.6733242662626824
15.98,2.736040474102161,1.3316113232769253,1.672622076060611
15.99,2.7358351088155306,1.3336211785590366,1.673138069111246
16.0,2.7356278511298058,1.3356392562389412,1.6733523635253762
16.01,2.7354127029097035,1.337729756286031,1.6736215175314517
16.02,2.735209870638783,1.33969539248096,1.6730656518427514
16.03,2.7350086343138678,1.341656237115876,1.67366882390491
16.04,2.734808141099691,1.343598305829471,1.673748932624248
16.05,2.7346007504832026,1.3456056117055095,1.6736333176416944
16.06,2.734405273733353,1.347499747048071,1.6731817961653224
16.07,2.7342026739731966,1.3494716218622345,1.6734483747095716
16.080000000000002,2.7340040967879773,1.3513992911116126,1.6736586941683451
16.09,2.733809339531794,1.3532859858177042,1.6737309279476258
16.1,2.7336110961102382,1.355205095227201,1.6738056755735635
16.11,2.7334200407009157,1.357053268959022,1.6736982077257565
16.12,2.7332289336833555,1.3589038863437355,1.6735857677235575
16.13,2.733038296299237,1.3607519896621327,1.6734722424361426
16.14,2.732855803636911,1.3625231052143667,1.6732262229890182
16.15,2.732662161921229,1.3644069694627303,1.673295260350539
16.16,2.7324606958789026,1.366365624099618,1.6729344691616161
16.17,2.732282046454147,1.3681086336416637,1.6731597511978227
16.18,2.732093912238515,1.3699401144676229,1.6731648176425682
16.19,2.731912241705846,1.3717085833936522,1.6732684168154623
16.2,2.7317252040732916,1.3735274445983028,1.6732162394402583
16.21,2.7315440590134985,1.3752899067758224,1.67307504899581
16.22,2.731362710081865,1.377056805368044,1.672730462373037
16.23,2.7311754777896873,1.3788872359512787,1.672704610900234
16.240000000000002,2.730996018649138,1.3806421223768424,1.6726509332915016
16.25,2.7308080057029565,1.382481629995827,1.6728373463229682
16.26,2.730638116203073,1.3841407611980718,1.673338034062044
16.27,2.7304588932738523,1.3858824361582598,1.6728109731804952
16.28,2.730278606933564,1.387643560660618,1.672989390243347
16.29,2.730098684761704,1.3893980378717088,1.6728957617362428
16.3,2.7299269957056005,1.3910737774298623,1.6733034878113742
16.31,2.7297529050764093,1.3927661512582956,1.6737268426715717
16.32,2.7295819231053833,1.394421420436017,1.6735595560906518
16.330000000000002,2.7294110754132945,1.3960781012306613,1.67353647262714
16.34,2.7292404670158583,1.3977328359541465,1.6734412785119657
16.35,2.72907206395629,1.3993677065460037,1.6729438048652785
16.36,2.728911332517511,1.4009357532845164,1.6732583055516268
16.37,2.7287371881877305,1.4026294009120526,1.6733342400213362
16.38,2.728570577862775,1.4042485678627836,1.6733822134383904
16.39,2.7284106902514065,1.4058016697969749,1.673142974986324
16.4,2.728256936978105,1.4072987002708408,1.673125230396129
16.41,2.728087560947659,1.408948130891556,1.6733685420118
16.42,2.727933837003377,1.410441561178988,1.6738552352085119
16.43,2.7277723176065827,1.4120032617053067,1.67358384260795
16.44,2.7276179442707416,1.4134998372943477,1.673838963822307
16.45,2.7274631117776047,1.414997121492298,1.6735183610107331
16.46,2.727300997385611,1.4165697518562173,1.6738413720247967
16.47,2.7271411080945063,1.4181159006617947,1.6735141037132752
16.48,2.7269814221720234,1.419665037720027,1.6738379090706452
16.490000000000002,2.7268281807185497,1.4211469512865262,1.6739941070207067
16.5,2.726670671782148,1.4226678114581304,1.6743996101178618
16.51,2.726511609342309,1.4241976174716162,1.6741867801443424
16.52,2.726354358637852,1.4257131344724927,1.6742531590008058
16.53,2.7262014663588077,1.4271856945863777,1.674484531650659
16.54,2.726049094821805,1.428649941018664,1.6746645946487064
16.55,2.7259027278802312,1.430054029100479,1.6750656946775135
16.56,2.725752343057576,1.4314910707801662,1.6749355646912045
16.57,2.7256031847641924,1.4329181860525453,1.6757053073348342
16.580000000000002,2.7254549974975992,1.4343255319448527,1.6753579030132535
16.59,2.725307398312848,1.4357319843999838,1.6753318667604185
16.6,2.7251534414841596,1.437199386039899,1.6748350624349637
16.61,2.7250113646704244,1.4385600698915604,1.675149761280813
16.62,2.7248693595186064,1.4399159362920004,1.6750813142382635
16.63,2.7247198377051967,1.44134451569945,1.674770602055005
16.64,2.7245753532510495,1.4427291218552196,1.6744857156838857
16.65,2.724443031100873,1.4440006848499742,1.6743002066345174
16.66,2.724303825436724,1.4453408104865602,1.6742552996321647
16.67,2.724170034603206,1.4466293709074922,1.6740243790236
16.68,2.7240387173219696,1.447896957637891,1.6736020774201705
16.69,2.7239060901899665,1.4491824845200956,1.673777075389747
16.7,2.723771164549011,1.4504880522260837,1.6738979646593495
16.71,2.7236418629513377,1.4517377231229418,1.6743429713461466
16.72,2.723507279473517,1.4530328122784852,1.6744334591116659
16.73,2.723380714195213,1.4542496717124824,1.673934446504187
16.740000000000002,2.723256128137932,1.4554533390259012,1.6736970263957816
16.75,2.723126572345738,1.4567079291315161,1.6744486152264901
16.76,2.7229984642619787,1.457939440443689,1.6740222507074496
16.77,2.722868564304423,1.4591933719911572,1.6740738390084178
16.78,2.7227473658713794,1.4603627186671393,1.67408202337586
16.79,2.722623263080281,1.4615599916117556,1.6741574788155102
16.8,2.722506367348334,1.4626869058015552,1.6743391498302789
16.81,2.722384877661403,1.4638560376099865,1.6746715201296378
16.82,2.7222638316088874,1.4650171461537538,1.6748128049787643
16.830000000000002,2.7221398069660254,1.466205198567858,1.6744616355348352
16.84,2.722025263459025,1.4673061734295063,1.6743756252774062
16.85,2.7219034107965205,1.4684783823544771,1.6742976217389254
16.86,2.7217913133579628,1.4695575656682038,1.6741563751894772
16.87,2.7216725350387736,1.470702640946398,1.6741939765938658
16.88,2.721548877886242,1.4718943137014608,1.6747736801115845
16.89,2.72142642168461,1.4730677863488415,1.6748736065191259
16.9,2.721311544226396,1.4741675688508018,1.6751360675734852
16.91,2.721203445551111,1.4751998323704643,1.6754474875694914
16.92,2.721101526084768,1.4761701715833648,1.675330870897121
16.93,2.720995955803446,1.4771763984060071,1.6751653280438064
16.94,2.7208854149971975,1.4782316843970573,1.6756955980598454
16.95,2.7207767211509286,1.4792640544825144,1.6754442773295573
16.96,2.720671908965137,1.4802619650909454,1.675395376568917
16.97,2.7205571227256384,1.4813553527474552,1.6748633463815703
16.98,2.720460302777135,1.4822823532328155,1.6750048580270072
16.990000000000002,2.720358586040443,1.4832549058041462,1.6747052753508482
17.0,2.7202587039101815,1.484212690427323,1.674930942014581
17.01,2.720160319461027,1.4851540542956623,1.6748475582573117
17.02,2.7200604896282816,1.4861100189347116,1.6746627408636499
17.03,2.719970038943762,1.4869777217768074,1.6749861532396084
17.04,2.7198677170874297,1.4879562370432649,1.6750459553610504
17.05,2.7197633971628865,1.488953283613916,1.6745987950631895
17.06,2.7196680552930768,1.4898684756171245,1.6746563629328255
17.07,2.7195688485728673,1.4908202348873443,1.6747269729589116
17.080000000000002,2.7194705269280783,1.4917628575259958,1.6744825651554869
17.09,2.7193777792912437,1.4926541525357144,1.6744586261632466
17.1,2.7192850094706573,1.4935458680899907,1.6746788330726636
17.11,2.7191979571163043,1.494380840097641,1.6752954092195904
17.12,2.719104546650193,1.4952714718644629,1.675130357435546
17.13,2.719014047167963,1.4961357235667783,1.6751709418249017
17.14,2.718930321337313,1.4969349751041459,1.6752193000719384
17.150000000000002,2.7188441268587447,1.4977574086661412,1.6750125246839083
17.16,2.7187561375017917,1.4985986461759426,1.6752958602880876
17.17,2.7186698342374678,1.4994215100131176,1.6754997220458503
17.18,2.7185806486717916,1.5002701875479245,1.6754680982050072
17.19,2.718499490457628,1.501042712954707,1.6758072303589935
17.2,2.71841203514037,1.5018724707482443,1.6755975579498703
17.21,2.718331698311867,1.502636226010689,1.6760361448206809
17.22,2.7182488637213176,1.5034204211640756,1.6763707894000108
17.23,2.718158339606171,1.504274676411719,1.6761588956380324
17.240000000000002,2.7180750203782136,1.5050625338454018,1.6759016761315293
17.25,2.717991443334354,1.5058547775818678,1.6761717250772012
17.26,2.717915962691807,1.5065684266722792,1.676416557958192
17.27,2.7178386617189587,1.5072975797038053,1.6766598530509484
17.28,2.7177614026099888,1.5080246504837749,1.6767035866546498
17.29,2.7176854040318825,1.5087395610890677,1.6767474607710873
17.3,2.7176141232333295,1.5094098122869881,1.6766123971975875
17.31,2.7175390214702704,1.5101169000429164,1.6767657453203255
17.32,2.7174583547727282,1.5108752747042145,1.677406561002866
17.330000000000002,2.7173931344725677,1.5114847191993472,1.6776300714261296
17.34,2.7173242506864064,1.5121270398404691,1.6777531182814294
17.35,2.7172532902918003,1.5127879571808667,1.6774681068554782
17.36,2.7171913589609202,1.5133663317953134,1.6776524794714307
17.37,2.7171196279150363,1.514035060942014,1.6780156486272173
17.38,2.717058297688092,1.5146048745586642,1.6780463907682177
17.39,2.716994220324727,1.5152000396100822,1.6779237784066638
17.400000000000002,2.7169367046804505,1.5157348740788044,1.6776726898302585
17.41,2.7168713554472577,1.5163439912232786,1.677204591396096
17.42,2.716813765047778,1.5168831680952815,1.6767406864315137
17.43,2.7167557487025675,1.5174287291833417,1.6771477547108542
17.44,2.7166847291513485,1.518093991436553,1.677593540259803
17.45,2.7166299243200767,1.5186052061903406,1.6776789859382273
17.46,2.716579837294349,1.5190720373015734,1.6774507468104856
17.47,2.716519358185617,1.5196369422973321,1.6775735161975442
17.48,2.716468019773518,1.5201159130826103,1.677524260728915
17.490000000000002,2.7164063553898883,1.52069148937975,1.677609396028796
17.5,2.7163565889684502,1.5211556368427543,1.6777125410111124
17.51,2.71630849292761,1.5216037694127247,1.6777098457054684
17.52,2.716260069144812,1.522054967164395,1.6778100443606296
17.53,2.716209223917891,1.5225282801904152,1.6780872198567387
17.54,2.716157031946538,1.523012865131195,1.677809374850162
17.55,2.716108524767776,1.5234644163523439,1.677573646283911
17.56,2.7160565725608423,1.5239491130499458,1.6771738732660981
17.57,2.7160075948351365,1.5244077891600794,1.6764325622476992
17.580000000000002,2.7159654091635512,1.5248056511030792,1.6767315892223964
17.59,2.7159277581845562,1.5251597355634987,1.676342629532111
17.6,2.7158909807553395,1.5255068889891583,1.6764959557704833
17.61,2.7158498950090166,1.5258941431704351,1.6768178624413705
17.62,2.715810769494615,1.5262617930686153,1.6770132968976852
17.63,2.7157730979259056,1.5266151244734576,1.6773583433484622
17.64,2.715738540295787,1.526938191980367,1.6775650269698876
17.650000000000002,2.7156978090974504,1.5273182313365024,1.67784023688671
17.66,2.7156624637851325,1.5276471637234308,1.678288734343246
17.67,2.7156227174892833,1.5280154975833051,1.6782057992387922
17.68,2.715588379529454,1.5283339593295437,1.6785922778235143
17.69,2.715542994849545,1.5287533512793654,1.67816101141614
17.7,2.715513846315087,1.5290237981987178,1.6781635081314763
17.71,2.7154870514880645,1.5292724010442342,1.6778669592619488
17.72,2.7154600665271165,1.5295234667362707,1.6782262953229758
17.73,2.715423529672344,1.5298622566224649,1.6779833449617825
17.740000000000002,2.71538828680609,1.5301897943622533,1.6779772652072362
17.75,2.7153636917235664,1.5304183875237833,1.6777189766234148
17.76,2.715345633520497,1.5305866337660146,1.6778112078124996
17.77,2.7153188169233826,1.530836263995721,1.6778634071313396
17.78,2.7152993109195007,1.5310177521993558,1.678083373921094
17.79,2.7152782482014426,1.5312133195332094,1.6773821459627702
17.8,2.7152530132523562,1.531449179387487,1.677291231084546
17.81,2.7152386845690786,1.5315832184233253,1.676883271830996
17.82,2.7152308739592734,1.531656566623218,1.6771955710873907
17.830000000000002,2.7152115915426496,1.5318371092356566,1.6776846327330541
17.84,2.7151861005844995,1.532074682512775,1.6779227901462257
17.85,2.715170071645703,1.5322237360227833,1.6774141579054218
17.86,2.715152566492222,1.5323872994140177,1.677112866321058
17.87,2.7151439366357595,1.5324681646957117,1.6774552235849007
17.88,2.715124196094539,1.5326525433837992,1.677765125912788
17.89,2.7151106989355545,1.532778240224008,1.6774492106721626
17.900000000000002,2.7151071945645726,1.5328109732692967,1.6776966533046056
17.91,2.7150924270476526,1.5329485895112605,1.6780226731448935
17.92,2.7150842047677872,1.5330249769300768,1.6778868240705207
17.93,2.7150753076009595,1.5331077399109794,1.6781010736300883
17.94,2.7150800834850357,1.5330634031989883,1.678179617402801
17.95,2.715076397832243,1.5330975935766409,1.6782119685534012
17.96,2.7150788015027514,1.5330753024211126,1.6779329340933986
17.97,2.7150796365609344,1.5330675379346905,1.6777428967711137
17.98,2.7150765770650533,1.5330960364884993,1.6780366718713038
17.990000000000002,2.715077164200919,1.5330905825396715,1.6781190039590412
18.0,2.7150783716652898,1.5330793749839384,1.6780604866733535
18.01,2.7150794018410336,1.533069807745626,1.677811001443047
18.02,2.715081163783732,1.53305340614876,1.6778285463352525
18.03,2.7150815280405913,1.5330500159094986,1.6779774080004242
18.04,2.7150779143263915,1.5330836026740076,1.6781639269047712
18.05,2.715093218990418,1.532941606307741,1.678016433159678
18.06,2.715094411568291,1.5329305262557904,1.6777423195032912
18.07,2.7150938799422106,1.5329354782666638,1.6777757584771218
18.08,2.7150940784237,1.5329336300260465,1.6777467392417638
18.09,2.715089503818177,1.532976239961456,1.677630006441588
18.1,2.7150951493187305,1.532923597330151,1.6780950366762848
18.11,2.715102815837368,1.532852421502761,1.6784445840993687
18.12,2.7151036699654503,1.532844517740097,1.678276894880767
18.13,2.7151045213156104,1.5328366272966274,1.6782269677196462
18.14,2.715100078476885,1.5328778234899454,1.678431917979148
18.15,2.7151041086184255,1.5328405257352342,1.6783753942644815
18.16,2.7151020794917775,1.5328593146388951,1.678223098146988
18.17,2.715098320394475,1.532894172109547,1.6780661658279876
18.18,2.7150914442344165,1.5329580275755779,1.6782915999479322
18.19,2.71509333558139,1.532940500699142,1.678283331317991
18.2,2.71509720766695,1.5329046157836739,1.6789255767475186
18.21,2.7150904228157926,1.532967118648046,1.6790224934556937
18.22,2.715086493354925,1.5330032846437307,1.6787532625401604
18.23,2.7150850248157976,1.533016834764913,1.678574133662258
18.24,2.715089109469204,1.5329790827878649,1.6786894487015154
18.25,2.7150876954766363,1.532992137388125,1.67849475006176
18.26,2.715081904856175,1.5330456963408203,1.6784934327192043
18.27,2.715075860849873,1.5331015996140838,1.678215337624209
18.28,2.7150780192486885,1.533081583691418,1.678448108619108
18.29,2.715082581773232,1.53303936529108,1.6782598708954628
18.3,2.715083323813842,1.5330324868473182,1.677900731955089
18.31,2.715075932555722,1.5331012326089182,1.6783376304710493
18.32,2.7150802998144368,1.533060779224064,1.6785343992839874
18.33,2.715081516473444,1.5330495302024383,1.678285294385013
18.34,2.7150747428427398,1.5331123043038648,1.6784638284841775
18.35,2.715073494515416,1.5331238537492802,1.6785044274226684
18.36,2.7150708003795834,1.5331487702550595,1.6785795261456944
18.37,2.715072141228759,1.5331363782232261,1.6786047968712026
18.38,2.7150682213598016,1.5331725968128385,1.6782284441188924
18.39,2.715071826690422,1.533139166870977,1.6783815665619264
18.4,2.7150784724352657,1.5330776334815088,1.6782149747296564
18.41,2.7150787315886666,1.5330752302129134,1.678194258455518
18.42,2.715074774792414,1.5331119308411436,1.6780721717771039
18.43,2.7150735870999285,1.5331229597261251,1.6787733409939058
18.44,2.7150777320946102,1.5330847212797547,1.6790657805055007
18.45,2.715092573593735,1.5329481780424439,1.679003692469629
18.46,2.715092781539435,1.5329462638154054,1.6789771605346528
18.47,2.71508728247369,1.5329968975254122,1.679785138361243
18.48,2.71508563600688,1.5330119444132466,1.6800471296678907
18.49,2.7150861481397603,1.5330072753977084,1.6797387787604672
18.5,2.7150863204178406,1.5330057002910455,1.6799969442125873
18.51,2.7150880690724635,1.5329897507629102,1.6797930976907167
18.52,2.7150937186282236,1.5329381238644635,1.6795722500916601
18.53,2.7150926144761947,1.5329482345002263,1.6793585204898633
18.54,2.715090685648586,1.5329659316747473,1.6792781791527451
18.55,2.7150994070834362,1.532885851960028,1.6790309940756685
18.56,2.7151038792825295,1.5328446939651212,1.6788256370573043
18.57,2.715100308860402,1.532877615789424,1.6786092006265612
18.58,2.71510035887907,1.532877153648713,1.6784413243774436
18.59,2.7151037413786026,1.5328458523837996,1.6788165925059078
18.6,2.7151056348600684,1.5328283916684515,1.6784248806406972
18.61,2.715106885185689,1.5328168195162766,1.6788016045920127
18.62,2.7151061105119805,1.532823964159145,1.6782578426209036
18.63,2.715097124593256,1.5329072619078168,1.6783874093291018
18.64,2.715101934855194,1.5328627258129746,1.6779673482822306
18.65,2.7151050779425416,1.532833510409069,1.6777055934812088
18.66,2.7151043795377063,1.5328400181889827,1.6778367870311106
18.67,2.715096516407411,1.5329131968383398,1.6780432335041615
18.68,2.7150967038338427,1.532911455927582,1.6781868715615695
18.69,2.71509401529401,1.5329363947756234,1.6782554186103729
18.7,2.715091018279761,1.5329641771562914,1.6780764740237857
18.71,2.7150963607538023,1.532914569070625,1.6779791701215707
18.72,2.7151000789166178,1.5328800121070458,1.6780055708916426
18.73,2.7151081679221467,1.5328048507659953,1.6780018964347652
18.74,2.7151160445651796,1.5327316601248349,1.6779570266959876
18.75,2.7151208382584398,1.532687097800423,1.6784241070114414
18.76,2.7151221656948827,1.5326748118746258,1.6780360141808313
18.77,2.715115008548385,1.5327412955529032,1.677724083239736
18.78,2.715114594452273,1.5327451534540317,1.677152909924242
18.79,2.7151190289998515,1.532703615694594,1.677555550577724
18.8,2.7151182383966264,1.5327109930177965,1.6773013879324123
18.81,2.7151087915035292,1.5327993563896363,1.6772981435434389
18.82,2.7151092359654276,1.532795198900279,1.6774616171290224
18.83,2.715104763413758,1.5328369704704605,1.6776991917927029
18.84,2.7151140269630747,1.5327506469302317,1.6779614616516743
18.85,2.715112942006675,1.5327607322986918,1.677917355192974
18.86,2.7151198097178417,1.5326968660125688,1.677934628207919
18.87,2.715120528532301,1.5326901824828603,1.6778061914680682
18.88,2.7151266464600767,1.532633229251579,1.6780782740634324
18.89,2.715127262053827,1.5326275131898977,1.6778125547125244
18.9,2.7151279029405626,1.5326215473817322,1.677343406956098
18.91,2.7151352419864367,1.5325529274515832,1.6772113893867842
18.92,2.715146843016564,1.5324443224657052,1.6769594701959776
18.93,2.7151575368406484,1.5323439710800306,1.6771897859201146
18.94,2.715156332223546,1.5323552506119686,1.6773770054546095
18.95,2.7151636180820518,1.5322871496210364,1.6771640254537006
18.96,2.715173354420132,1.5321959603670008,1.6772023312209279
18.97,2.7151658675031056,1.5322660564061974,1.677482536114124
18.98,2.7151695020502293,1.5322321181187246,1.6774434702695744
18.99,2.7151720257872856,1.5322085435370836,1.6777360116008235
19.0,2.7151717315607895,1.5322112843721618,1.6779866875624345
19.01,2.7151659040872573,1.5322654416451917,1.677901073212626
19.02,2.7151689916920976,1.5322367240627028,1.677455961647532
19.03,2.715170199329484,1.5322254446837844,1.6774348012159763
19.04,2.7151735401950416,1.532194234633947,1.6769662154373386
19.05,2.7151692608695606,1.5322343894699666,1.677721711883175
19.06,2.715174499578747,1.5321855822651915,1.6773809024109443
19.07,2.715177509214808,1.5321574522037695,1.6771305881519507
19.08,2.7151825454624445,1.5321102684299466,1.6770110475467905
19.09,2.7151860798633307,1.5320771176608186,1.6766063855289386
19.1,2.715184181479671,1.5320949920837919,1.677053125735466
19.11,2.715174411519119,1.5321865924676992,1.6774537054381025
19.12,2.715174156978676,1.532188969935751,1.677238483744726
19.13,2.7151883006241553,1.5320565957902479,1.6775729035042453
19.14,2.715191804827077,1.5320239025209978,1.6768551058797718
19.15,2.7152027521440703,1.5319210704929707,1.677442274541196
19.16,2.71520587016971,1.531891944249308,1.6775050401281084
19.17,2.7152046185940266,1.531903628596115,1.677153884596263
19.18,2.715204938461212,1.5319006324745787,1.6772667016973772
19.19,2.715208514090618,1.5318671761432106,1.6776565438409565
19.2,2.7152110963412577,1.5318431034412996,1.677953281994802
19.21,2.715208708120255,1.5318653052012048,1.6776719983198711
19.22,2.715218839251296,1.5317708727872,1.6778437141512168
19.23,2.7152128147915944,1.5318269360927663,1.6777467105658725
19.24,2.715212957613451,1.5318256057853321,1.6777608719981536
19.25,2.7152139773520014,1.531816108745961,1.678196663857092
19.26,2.715213280392258,1.5318225731382342,1.6784842642283817
19.27,2.71522151582815,1.5317463939779263,1.6783995380447676
19.28,2.7152234322131026,1.5317286530298797,1.6779177334662385
19.29,2.7152235098467234,1.5317279310785212,1.6776060940663773
19.3,2.715232805170082,1.5316412353703075,1.6777449306224836
19.31,2.7152316258836153,1.5316522199625742,1.6779876383201906
19.32,2.715233346334276,1.531636231201264,1.678242001629039
19.33,2.7152252853139096,1.5317109664210113,1.6782013020920765
19.34,2.715228496835191,1.5316811804396973,1.6785671061950065
19.35,2.7152223708121586,1.531737803280323,1.6782748167032489
19.36,2.7152184398801724,1.5317742364689702,1.6785330607548017
19.37,2.7152207782286015,1.5317526162276096,1.6788747951917844
19.38,2.715222842581933,1.5317335901512548,1.6790309061976103
19.39,2.7152205388531687,1.5317547915629899,1.6795088622133783
19.4,2.7152244908907375,1.531718581788904,1.6797999410949949
19.41,2.7152252069400267,1.5317120387851448,1.6797163396566954
19.42,2.7152322615646813,1.5316475262616462,1.6797980403952621
19.43,2.7152373105433054,1.531601389679624,1.6804019365339908
19.44,2.715234364201732,1.5316281632508273,1.6807405430477196
19.45,2.7152407531054465,1.5315702871686319,1.6811075373659488
19.46,2.7152388310249873,1.5315876405980644,1.681538998777457
19.47,2.7152488272555972,1.5314977445120008,1.681316801857743
19.48,2.715252038201322,1.5314688099511937,1.6814876547975197
19.49,2.7152452332560215,1.531530035432942,1.6810601766067617
19.5,2.7152475514781487,1.5315090963904943,1.6808961004504581
19.51,2.715238475625329,1.5315911960213422,1.6813439847547809
19.52,2.7152448618385887,1.5315336626704645,1.681702169391385
19.53,2.7152485534242117,1.531500513492028,1.6817537401766942
19.54,2.7152477141409666,1.5315080464373025,1.6817140847916483
19.55,2.715258241554103,1.531413524100803,1.6815091932968973
19.56,2.715257727162701,1.5314181512774707,1.6811598626935536
19.57,2.71525848651301,1.531411298789406,1.6816176841751196
19.58,2.715261666702023,1.5313827198278553,1.68154593455126
19.59,2.7152665796014634,1.5313385409206195,1.681495077711565
19.6,2.7152614644625164,1.5313845597583582,1.6817349288810992
19.61,2.715259030616158,1.5314064083607248,1.6821497750333931
19.62,2.7152581714805772,1.531414091837788,1.6823147890932617
19.63,2.715260588218875,1.5313925105547395,1.682268924512494
19.64,2.7152639916282495,1.5313621057676314,1.6823725796221334
19.65,2.7152651076873826,1.5313521446523728,1.682102561025784
19.66,2.715267747146875,1.5313285291708096,1.6818442882864626
19.67,2.715271691802339,1.531293153218274,1.6816441054699596
19.68,2.715275335655228,1.5312604153825988,1.6816048154402399
19.69,2.7152761630895648,1.5312529787230549,1.6812212761910803
19.7,2.7152823931959973,1.5311967888562001,1.680943167565416
19.71,2.715282694656809,1.5311940630341758,1.6810533536828685
19.72,2.715281521809948,1.531204657283114,1.6810805610378483
19.73,2.7152697748187675,1.5313107406947648,1.681081441956232
19.74,2.715276720261746,1.531248019071668,1.681222189043444
19.75,2.715273029826635,1.5312813031465902,1.6811229657552804
19.76,2.7152784966115266,1.531231953448148,1.6815849649655383
19.77,2.715278623614763,1.5312308117860154,1.6814862957672083
19.78,2.7152705744715644,1.5313032324666496,1.6813123040534899
19.79,2.715266195194271,1.53134269674764,1.6813723211782732
19.8,2.715264468616164,1.5313582474590566,1.6814051583648144
19.81,2.715267298648406,1.5313327659345688,1.6814689975724515
19.82,2.7152684314758964,1.5313225719220984,1.6813876141311555
19.83,2.7152740477853974,1.531271994753561,1.681153944337071
19.84,2.715279555666425,1.531222288143597,1.681149767868049
19.85,2.7152827106210378,1.531193814746806,1.681080206323813
19.86,2.715285910990615,1.5311649131141265,1.6808032533752448
19.87,2.7152870398256113,1.5311546930506086,1.6810560764024507
19.88,2.7152856904391873,1.5311668816664232,1.681475564826909
19.89,2.7152935614518436,1.5310960567598895,1.6815702693951908
19.9,2.7152912201032926,1.5311171065109521,1.6815477999725723
19.91,2.715292917297782,1.5311018448664777,1.6812170040050676
19.92,2.7152931709242254,1.5310995572985007,1.6811046224049422
19.93,2.715292220410638,1.53110813920246,1.680757895280681
19.94,2.7152898423917238,1.531129677877923,1.6808655530556642
19.95,2.715290832045252,1.5311207230255837,1.680641285414248
19.96,2.7152863015421738,1.5311618015321056,1.6807895315142054
19.97,2.715287464611261,1.5311512702012229,1.6807572399725481
19.98,2.715291534206806,1.5311144100131953,1.6807323623534687
19.99,2.7152882223680734,1.5311444136942822,1.6800061396736963
