t,rpm_L_measured,rpm_R_measured,vx_computed,vyaw_computed,vx_variance,vyaw_variance
0.0,0.3656604957053176,-0.5423411758242102,-0.00046254893891063426,-0.015847618781802318,1.9739208802178718e-05,0.0008772981689857211
0.01,-1.2479809274885947,-0.7990532533445236,-0.0053591229534604365,0.007835266017134256,1.9739208802178718e-05,0.0008772981689857211
0.02,0.9005414349677486,0.5208117881401283,0.0037210940365599,-0.006627532604577214,1.9739208802178718e-05,0.0008772981689857211
0.03,1.1286776596694565,0.30222529835400613,0.0037460951841053456,-0.014424314815836423,1.9739208802178718e-05,0.0008772981689857211
0.04,-2.3412422263846038,-1.6857498571323928,-0.01054264062136771,0.011440500065149519,1.9739208802178718e-05,0.0008772981689857211
0.05,-1.5626154082347816,1.3472139054764862,-0.0005639198155313854,0.05078610219530861,1.9739208802178718e-05,0.0008772981689857211
0.06,0.15340848380074243,-0.11303349042099997,0.0001057014854921128,-0.004650289715683261,1.9739208802178718e-05,0.0008772981689857211
0.07,-0.37949111081229864,-1.3331173142588646,-0.00448359837223296,-0.016643917083435874,1.9739208802178718e-05,0.0008772981689857211
0.08,-0.020161389005146555,1.4265409372246487,0.0036818930473711004,0.02524971888897105,1.9739208802178718e-05,0.0008772981689857211
0.09,-1.023652713088296,0.7508106859153847,-0.0007142987567974705,0.030970228768744095,1.9739208802178718e-05,0.0008772981689857211
0.1,1.0552775698353942,-1.517450390337497,-0.0012099656146485668,-0.04490257366313449,1.9739208802178718e-05,0.0008772981689857211
0.11,0.9333503225147379,2.132619408309269,0.00802668998540448,0.020931194164496923,1.9739208802178718e-05,0.0008772981689857211
0.12,0.07923683707345926,0.7905568420394312,0.002277114527033246,0.012414876121958627,1.9739208802178718e-05,0.0008772981689857211
0.13,1.3526894483616394,-0.012235338750055358,0.003509300652691667,-0.02382243157718174,1.9739208802178718e-05,0.0008772981689857211
0.14,0.5610112107024547,1.9082625667461353,0.006464543632445341,0.023513972014920632,1.9739208802178718e-05,0.0008772981689857211
0.15,-1.0311509554598859,0.1911573405955687,-0.0021990981412667275,0.021333304240609304,1.9739208802178718e-05,0.0008772981689857211
0.16,0.4425009408989986,-0.03369969012483837,0.0010702391718420171,-0.008311268911440612,1.9739208802178718e-05,0.0008772981689857211
0.17,-1.1506591209947987,-0.7923601392263868,-0.0050868125280786256,0.006253496938401924,1.9739208802178718e-05,0.0008772981689857211
0.18,1.054140361568727,0.6982205271684943,0.004587670078745779,-0.006211972983437039,1.9739208802178718e-05,0.0008772981689857211
0.19,-0.059911093183503475,0.5719235607887758,0.0013404455056459212,0.011027595040015343,1.9739208802178718e-05,0.0008772981689857211
0.2,-0.22183483625431266,0.017616167867653545,-0.0005346432236078486,0.004179208419134824,1.9739208802178718e-05,0.0008772981689857211
0.21,-0.8171154532847297,-0.9479836246411235,-0.004621018580058315,-0.0022840804762332047,1.9739208802178718e-05,0.0008772981689857211
0.22,1.4670496064088363,0.15591582499928863,0.004248913563618295,-0.022883601419720224,1.9739208802178718e-05,0.0008772981689857211
0.23,-0.18543537848256259,-0.08375854291456546,-0.0007047480382102048,0.0017745955536704286,1.9739208802178718e-05,0.0008772981689857211
0.24,-0.5139933865957287,-1.6001691824810413,-0.0055348646629217535,-0.018957343893668585,1.9739208802178718e-05,0.0008772981689857211
0.25,-0.4225602605858755,-1.7661748215890227,-0.0057300950456790935,-0.023450497967243123,1.9739208802178718e-05,0.0008772981689857211
0.26,0.6387710226640184,0.6781840545717234,0.0034477803297929873,0.0006878871749830329,1.9739208802178718e-05,0.0008772981689857211
0.27,0.438532877236894,-3.1222659780620265,-0.0070259968281233265,-0.0621476640262113,1.9739208802178718e-05,0.0008772981689857211
0.28,0.4952791339151861,0.24649263235351196,0.001941953942958389,-0.0043421435867692275,1.9739208802178718e-05,0.0008772981689857211
0.29,0.5169852036094592,-0.5736996693045894,-0.00014847812398340954,-0.01903604213404607,1.9739208802178718e-05,0.0008772981689857211
0.3,2.5699771210445532,1.5698959282558922,0.010838162298730546,-0.017454709601434307,1.9739208802178718e-05,0.0008772981689857211
0.31,-0.4876980196615387,-0.5921618509846509,-0.0028270665304404117,-0.0018232378058362928,1.9739208802178718e-05,0.0008772981689857211
0.32,-0.6146912748858447,0.7913810571022751,0.000462572768146265,0.02454059171438748,1.9739208802178718e-05,0.0008772981689857211
0.33,-0.9765272738974532,-0.4762966094853499,-0.003803484032496007,0.008730672113430028,1.9739208802178718e-05,0.0008772981689857211
0.34,0.7391753070905948,0.13649778418337213,0.0022925067920771323,-0.010518707102494584,1.9739208802178718e-05,0.0008772981689857211
0.35000000000000003,1.3547667512650698,0.8842038371040614,0.005861611293353399,-0.00821287218988905,1.9739208802178718e-05,0.0008772981689857211
0.36,-0.13673694918585008,-0.5550668595894962,-0.001811138136145055,-0.007301234296116506,1.9739208802178718e-05,0.0008772981689857211
0.37,-1.0081877723550337,1.1958658613980848,0.0004913400881478508,0.038467992799537144,1.9739208802178718e-05,0.0008772981689857211
0.38,-0.9893774588294875,-1.1924374525277797,-0.00571197808084388,-0.0035440654691141354,1.9739208802178718e-05,0.0008772981689857211
0.39,0.7807113453896413,0.3535114110700549,0.0029693882326901223,-0.007456045418180303,1.9739208802178718e-05,0.0008772981689857211
0.4,0.8919050054441308,1.1071676673454234,0.005233560019023146,0.0037570422067849125,1.9739208802178718e-05,0.0008772981689857211
0.41000000000000003,0.651785121966234,0.7920449901484018,0.0037799383943758888,0.002447996508192061,1.9739208802178718e-05,0.0008772981689857211
0.42,-0.7986116487464331,2.2997338520824924,0.003929928738450907,0.054076330353817446,1.9739208802178718e-05,0.0008772981689857211
0.43,0.2785935876800637,-0.9161271807727925,-0.0016690590437306845,-0.020851811051459144,1.9739208802178718e-05,0.0008772981689857211
0.44,0.14002297096887387,-1.6549791016183055,-0.003966145875465895,-0.03132869624676853,1.9739208802178718e-05,0.0008772981689857211
0.45,0.26242631607481554,-1.1932021301941433,-0.002436765383146949,-0.025405509073082703,1.9739208802178718e-05,0.0008772981689857211
0.46,1.0457145335378277,0.7925310798581244,0.004812515762115322,-0.004418884878281375,1.9739208802178718e-05,0.0008772981689857211
0.47000000000000003,0.2683146585296187,0.5975075211232543,0.002266717165760473,0.0057454993263242205,1.9739208802178718e-05,0.0008772981689857211
0.48,0.8146962756862738,0.12270799157689892,0.002454118632898089,-0.012077473942934548,1.9739208802178718e-05,0.0008772981689857211
0.49,0.08109488338666974,-1.3475484589285558,-0.0033155677075290962,-0.02493453016009712,1.9739208802178718e-05,0.0008772981689857211
0.5,0.34694327842798095,0.9202407519948729,0.0033174800339356185,0.010005928507107423,1.9739208802178718e-05,0.0008772981689857211
0.51,0.7575458710062485,-1.4696457331806485,-0.001864273079691166,-0.038871826565835675,1.9739208802178718e-05,0.0008772981689857211
0.52,-1.7485869838267998,1.3907394988522797,-0.000936842524917947,0.054791583417802665,1.9739208802178718e-05,0.0008772981689857211
0.53,-0.3836054596287616,3.428926107767838,0.007972630813349191,0.06654122868729076,1.9739208802178718e-05,0.0008772981689857211
0.54,-0.5644471851513546,0.43974137588586054,-0.0003264790452070384,0.017526396700963447,1.9739208802178718e-05,0.0008772981689857211
0.55,-0.7666534178920102,0.6997297627892917,-0.00017520571935173129,0.025593214598755624,1.9739208802178718e-05,0.0008772981689857211
0.56,-0.3301707014720205,-0.5914317226746713,-0.0024127495043581595,-0.004559865027108972,1.9739208802178718e-05,0.0008772981689857211
0.5700000000000001,1.793929573481275,-2.1722559853041794,-0.000990456230034852,-0.0692229967458573,1.9739208802178718e-05,0.0008772981689857211
0.58,-1.0389973388318918,-0.7232632356362668,-0.004613587395383413,0.005510599661595206,1.9739208802178718e-05,0.0008772981689857211
0.59,1.161934025509777,-1.3114742893184992,-0.00039149549516446754,-0.04316911883995791,1.9739208802178718e-05,0.0008772981689857211
0.6,-2.0194437259389657,-1.7364054916980187,-0.00983279025843277,0.00493994909653548,1.9739208802178718e-05,0.0008772981689857211
0.61,-0.4018620359829298,2.066831930394779,0.004358880990610366,0.043086837937409216,1.9739208802178718e-05,0.0008772981689857211
0.62,0.1953036781260067,0.3274350216309276,0.0013685267157528878,0.002306126989244494,1.9739208802178718e-05,0.0008772981689857211
0.63,0.7034667976311337,0.45562509673678037,0.003034495483484763,-0.0043256537043494395,1.9739208802178718e-05,0.0008772981689857211
0.64,0.8534718957514259,-0.37082683823549945,0.0012635618058195485,-0.02136804393607005,1.9739208802178718e-05,0.0008772981689857211
0.65,0.9520166822399102,-0.20744529893212363,0.0019492833232274433,-0.02023642912314849,1.9739208802178718e-05,0.0008772981689857211
0.66,-0.4184700866981251,1.1574608186872,0.0019346732122398512,0.027505183082909158,1.9739208802178718e-05,0.0008772981689857211
0.67,-0.5548221511974806,-0.03880454243425852,-0.0015541110497402253,0.00900620627118617,1.9739208802178718e-05,0.0008772981689857211
0.68,1.0295710575085846,0.6368327256296793,0.004362634902517841,-0.006854576990077106,1.9739208802178718e-05,0.0008772981689857211
0.6900000000000001,-0.22956518985793786,-0.235205157414019,-0.001216765923829964,-9.843600355927419e-05,1.9739208802178718e-05,0.0008772981689857211
0.7000000000000001,-1.530823588005506,-0.4105834688784566,-0.005082591789611699,0.019551878491700515,1.9739208802178718e-05,0.0008772981689857211
0.71,-1.3599446568041766,-1.6882969987222343,-0.0079802779928068,-0.0057308294731043,1.9739208802178718e-05,0.0008772981689857211
0.72,-1.1033427432019336,-2.3732988748405535,-0.009101826472005674,-0.022164915852984444,1.9739208802178718e-05,0.0008772981689857211
0.73,0.5965928928645168,-0.31387428127968214,0.0007401555943233523,-0.015890649920144856,1.9739208802178718e-05,0.0008772981689857211
0.74,0.1709108832846783,0.06779603039187923,0.0006249332386394717,-0.0017996936906889429,1.9739208802178718e-05,0.0008772981689857211
0.75,0.8285824248813218,-1.543356044050549,-0.0018712729591348603,-0.041398135937574375,1.9739208802178718e-05,0.0008772981689857211
0.76,-0.512703175603841,-0.041369838041559456,-0.001450559757683956,0.008226318614875678,1.9739208802178718e-05,0.0008772981689857211
0.77,0.19024762929205707,0.06450307558860242,0.0006669357857915844,-0.0021946564785761133,1.9739208802178718e-05,0.0008772981689857211
0.78,0.7507084727608041,-2.5872096072712547,-0.004807948727072794,-0.05825766065840702,1.9739208802178718e-05,0.0008772981689857211
0.79,-0.37121584766428606,-1.0981495913754014,-0.003846789723938186,-0.012687387271607587,1.9739208802178718e-05,0.0008772981689857211
0.8,0.5481302850688937,0.4887166724825622,0.0027144589872838184,-0.0010369631601358283,1.9739208802178718e-05,0.0008772981689857211
0.81,-0.7943111292799815,0.4644704752748926,-0.0008635208128980332,0.021969883563019803,1.9739208802178718e-05,0.0008772981689857211
0.8200000000000001,-0.43566461587808614,-1.3844098996797127,-0.004764943939218652,-0.01655872896510641,1.9739208802178718e-05,0.0008772981689857211
0.8300000000000001,-0.4580854727979949,0.19013766059968193,-0.000701485731956398,0.011313627965383878,1.9739208802178718e-05,0.0008772981689857211
0.84,-1.4350075747068476,1.2268886704325666,-0.0005448540172843658,0.046458853824156876,1.9739208802178718e-05,0.0008772981689857211
0.85,0.5843669769426981,0.9324875507890779,0.0039711158674054685,0.006075850207551386,1.9739208802178718e-05,0.0008772981689857211
0.86,-0.5632828082432686,-0.11434294441672146,-0.0017740200720332325,0.007835478767228236,1.9739208802178718e-05,0.0008772981689857211
0.87,0.014992942473224915,-0.5615715759891509,-0.0014309395163856506,-0.01006294919734409,1.9739208802178718e-05,0.0008772981689857211
0.88,0.5768959906870907,-0.7552133812014052,-0.00046683383670589407,-0.023249694536127852,1.9739208802178718e-05,0.0008772981689857211
0.89,0.5358374112359329,0.5613837394915885,0.0028725182554074336,0.00044586753985644857,1.9739208802178718e-05,0.0008772981689857211
0.9,0.7984621307673435,0.23412476777146563,0.002703306178868827,-0.009849545076300483,1.9739208802178718e-05,0.0008772981689857211
0.91,-0.11818258141130833,0.7552848073226405,0.0016679297270906213,0.01524488184220463,1.9739208802178718e-05,0.0008772981689857211
0.92,-0.5079579744529845,0.15824857574538237,-0.000915537064892589,0.011627497799314384,1.9739208802178718e-05,0.0008772981689857211
0.93,-0.09566185308767886,0.9825167404169302,0.0023217806656948164,0.01881776638117698,1.9739208802178718e-05,0.0008772981689857211
0.9400000000000001,-2.024801320749636,0.11351103954924019,-0.005003746255247277,0.03732059112330667,1.9739208802178718e-05,0.0008772981689857211
0.9500000000000001,-1.7365349669077046,0.9416264593580237,-0.0020810656063284198,0.046742734788244304,1.9739208802178718e-05,0.0008772981689857211
0.96,-1.5872395348252828,1.0449873244399666,-0.001419612967116114,0.045941025353608014,1.9739208802178718e-05,0.0008772981689857211
0.97,-1.196696193121778,-0.9654319562697762,-0.005660438258540169,0.0040363223751794415,1.9739208802178718e-05,0.0008772981689857211
0.98,0.4797290720681239,-2.169772856244895,-0.004424524280512365,-0.04624253218700095,1.9739208802178718e-05,0.0008772981689857211
0.99,-1.086574866432073,1.852191427217464,0.0020043794690250572,0.05129114777081495,1.9739208802178718e-05,0.0008772981689857211
1.0,-0.4537950648472676,0.30799047685471403,-0.00038171551874757736,0.013295665896788147,1.9739208802178718e-05,0.0008772981689857211
1.01,1.5590739573432784,-2.0573830745953456,-0.0013045702183132578,-0.06311908246423073,1.9739208802178718e-05,0.0008772981689857211
1.02,-0.42751676527371113,-0.8565833966624533,-0.003361766362676765,-0.007488625428174399,1.9739208802178718e-05,0.0008772981689857211
1.03,0.8850186821605038,0.926249150843794,0.004741888098208172,0.000719607430663827,1.9739208802178718e-05,0.0008772981689857211
1.04,-1.1203412160118524,-0.33561219735947156,-0.0038116771228469456,0.013696105111428044,1.9739208802178718e-05,0.0008772981689857211
1.05,-0.24652506944115601,-0.6144737031829525,-0.0022540895156881067,-0.006421915137009051,1.9739208802178718e-05,0.0008772981689857211
1.06,-1.1400264658926975,1.68105823237556,0.0014164178524510573,0.04923721646241187,1.9739208802178718e-05,0.0008772981689857211
1.07,-0.40683969108067497,-1.2567445756605726,-0.004355253425851555,-0.014833638564701601,1.9739208802178718e-05,0.0008772981689857211
1.08,1.0083697649488745,-0.9577840293058006,0.00013243314622726331,-0.03431585731032325,1.9739208802178718e-05,0.0008772981689857211
1.09,-2.0727845078308182,0.25366377005792107,-0.004762446954816816,0.0406041823265105,1.9739208802178718e-05,0.0008772981689857211
1.1,0.5213083722550288,0.4685459184646587,0.0025914324732077545,-0.0009208785400733197,1.9739208802178718e-05,0.0008772981689857211
1.11,0.28528272279873346,0.5956116412088778,0.002306176052129137,0.0054162613904098645,1.9739208802178718e-05,0.0008772981689857211
1.12,-0.7129799468361533,1.0934856534827362,0.0009961616105415812,0.03152877254958055,1.9739208802178718e-05,0.0008772981689857211
1.1300000000000001,-1.7352694252661454,0.23829434481782022,-0.00391907159611954,0.034445185786037565,1.9739208802178718e-05,0.0008772981689857211
1.1400000000000001,0.08655540925664341,0.587260726726091,0.0017640465188946827,0.008738956372085343,1.9739208802178718e-05,0.0008772981689857211
1.1500000000000001,-0.6353912508765629,-0.31105111117809986,-0.0024777803097309164,0.00566080333411655,1.9739208802178718e-05,0.0008772981689857211
1.16,0.27921145362564476,0.07523796388405708,0.0009279464050980506,-0.003560008982773583,1.9739208802178718e-05,0.0008772981689857211
1.17,0.026222574628131455,0.1290410160643613,0.0004064791299079232,0.0017945203348311782,1.9739208802178718e-05,0.0008772981689857211
1.18,1.9221346695850985,0.2581177629828433,0.005707887520938934,-0.029042573829060326,1.9739208802178718e-05,0.0008772981689857211
1.19,-0.2872267529676291,0.9270477690993129,0.0016750475032430451,0.02119308843314868,1.9739208802178718e-05,0.0008772981689857211
1.2,-1.2281969911462378,0.6661748183337972,-0.0014713706077184468,0.03306302533238934,1.9739208802178718e-05,0.0008772981689857211
1.21,0.21513076194757938,0.05306040348021972,0.0007021228292213822,-0.0028286613751428973,1.9739208802178718e-05,0.0008772981689857211
1.22,0.26399602076611817,-0.9709511819292478,-0.0018508042839395634,-0.021553894775327927,1.9739208802178718e-05,0.0008772981689857211
1.23,1.6310250902885237,0.08120550967525145,0.004482609228414866,-0.02704945449357928,1.9739208802178718e-05,0.0008772981689857211
1.24,1.0021334950974943,-0.03362134187489272,0.002535558887897131,-0.01807733214862525,1.9739208802178718e-05,0.0008772981689857211
1.25,0.4282452709794112,0.23181789577583803,0.0017280413296529213,-0.0034283044383526186,1.9739208802178718e-05,0.0008772981689857211
1.26,1.755963469463474,2.6478303685684823,0.011529105307904328,0.01556601387893446,1.9739208802178718e-05,0.0008772981689857211
1.27,-1.4265156651874211,-0.6285273342494825,-0.005380089991535091,0.01392752376736116,1.9739208802178718e-05,0.0008772981689857211
1.28,-0.7677018392996973,0.5067468229504314,-0.0006831786352335485,0.02224332530390191,1.9739208802178718e-05,0.0008772981689857211
1.29,-1.1118911296866298,1.2821544806931577,0.0004457484105814067,0.041783978344044626,1.9739208802178718e-05,0.0008772981689857211
1.3,-0.46777176378692154,0.11760229691925946,-0.0009167415205190846,0.010216704715092022,1.9739208802178718e-05,0.0008772981689857211
1.31,-1.6520233770675705,2.805414143006598,0.003019569964160294,0.07779696092722509,1.9739208802178718e-05,0.0008772981689857211
1.32,0.7621811361772851,-0.453647150077772,0.000807740086760838,-0.021220206734030866,1.9739208802178718e-05,0.0008772981689857211
1.33,-0.26666723651852803,0.38890706678405645,0.0003200231272818729,0.011441930084098035,1.9739208802178718e-05,0.0008772981689857211
1.34,-1.7649675534031894,-0.9585668938715783,-0.00713019650946429,0.014074346599080405,1.9739208802178718e-05,0.0008772981689857211
1.35,-1.21869489744905,-0.42182968217195177,-0.004294883306142352,0.013907921701198778,1.9739208802178718e-05,0.0008772981689857211
1.36,0.37621661694023434,0.2987206924759895,0.001766981744079725,-0.0013525590387778953,1.9739208802178718e-05,0.0008772981689857211
1.37,1.0057518814732573,1.0155648747692756,0.0052917948933245765,0.0001712690424916525,1.9739208802178718e-05,0.0008772981689857211
1.3800000000000001,2.396077070030144,0.382913800828289,0.007275381086901629,-0.03513632742778532,1.9739208802178718e-05,0.0008772981689857211
1.3900000000000001,3.4966349592087953,1.5109378192016831,0.013109794877475489,-0.03465695304055892,1.9739208802178718e-05,0.0008772981689857211
1.4000000000000001,0.49729131993119563,-0.11395837271120608,0.0010035633090543692,-0.010668319688413268,1.9739208802178718e-05,0.0008772981689857211
1.41,-1.1874457440382369,-0.3986022358068064,-0.0041522639014351,0.013767916501621454,1.9739208802178718e-05,0.0008772981689857211
1.42,-2.5584555368775708,3.2447821287352636,0.0017967988157862082,0.10128560454069367,1.9739208802178718e-05,0.0008772981689857211
1.43,0.32125375481260293,0.4730851793304369,0.0020795744666367673,0.0026499582658294474,1.9739208802178718e-05,0.0008772981689857211
1.44,-0.9755293143723911,-0.8633778551742571,-0.0048142477120677925,0.001957412223923518,1.9739208802178718e-05,0.0008772981689857211
1.45,-0.49842871221562235,-0.8331165146976826,-0.003485977252327827,-0.0058414041195764,1.9739208802178718e-05,0.0008772981689857211
1.46,-0.7345161588717697,-1.1312158974376085,-0.0048844751013904335,-0.006923716579774617,1.9739208802178718e-05,0.0008772981689857211
1.47,-0.1689490636996623,1.1238832270281454,0.0025000117934788984,0.022564180149300804,1.9739208802178718e-05,0.0008772981689857211
1.48,1.2791762769451722,-0.4372527514718902,0.002204150635426068,-0.029957337922685054,1.9739208802178718e-05,0.0008772981689857211
1.49,0.18845828093441355,0.15283497078778274,0.0008935036436085199,-0.0006217440525178115,1.9739208802178718e-05,0.0008772981689857211
1.5,-0.19036180444642595,-0.07621040932592245,-0.0006978844236986481,0.0019923176905977755,1.9739208802178718e-05,0.0008772981689857211
1.51,-1.242784503390974,0.8777908895291215,-0.0009555510465963203,0.037011022643228114,1.9739208802178718e-05,0.0008772981689857211
1.52,-2.0096195336452283,-1.0160929114608241,-0.00792129665785032,0.017340310763335594,1.9739208802178718e-05,0.0008772981689857211
1.53,-0.583569490887997,-1.2906867433716185,-0.004906791347079066,-0.012341524253495243,1.9739208802178718e-05,0.0008772981689857211
1.54,-0.06453906098198459,0.2691567686179131,0.0005356879059195143,0.005824090926692167,1.9739208802178718e-05,0.0008772981689857211
1.55,2.1215158962958593,0.7211511416398764,0.007442084902483971,-0.024440975697629503,1.9739208802178718e-05,0.0008772981689857211
1.56,0.156329425767463,0.3990387757171689,0.001453950551517913,0.004236077281997501,1.9739208802178718e-05,0.0008772981689857211
1.57,1.179287413227669,-0.9713444749167931,0.0005443933394694359,-0.037535607446503264,1.9739208802178718e-05,0.0008772981689857211
1.58,-0.5991547182469824,0.8129818105096726,0.0005597980184924452,0.024646431914487215,1.9739208802178718e-05,0.0008772981689857211
1.59,-1.4219325197004296,-0.8926331125147611,-0.006059518655348881,0.00923801738424405,1.9739208802178718e-05,0.0008772981689857211
1.6,-1.1581401146788461,-0.62584637374366,-0.0046704657051096655,0.009290278367076717,1.9739208802178718e-05,0.0008772981689857211
1.61,-0.8702712774429039,-1.1327442296664025,-0.005243882335134193,-0.004581017213729826,1.9739208802178718e-05,0.0008772981689857211
1.62,2.554163678922197,1.561390018382437,0.010774494384088791,-0.01732716910349532,1.9739208802178718e-05,0.0008772981689857211
1.6300000000000001,-0.9856640150692633,0.760105849232819,-0.000590509897290801,0.030469432114165956,1.9739208802178718e-05,0.0008772981689857211
1.6400000000000001,1.0061870444836138,0.725992050814648,0.004534834267075695,-0.004890325187128121,1.9739208802178718e-05,0.0008772981689857211
1.6500000000000001,-1.0835126137044315,1.4966537053709403,0.0010816008487296424,0.045032397516927815,1.9739208802178718e-05,0.0008772981689857211
1.6600000000000001,1.1178876154490929,3.375179097886468,0.011762821148919862,0.03939716854575596,1.9739208802178718e-05,0.0008772981689857211
1.67,0.4619411593270358,-2.0510713246921863,-0.004160333044257575,-0.04386034198985681,1.9739208802178718e-05,0.0008772981689857211
1.68,-0.1879654771897085,-0.8860518970525297,-0.002811770910622679,-0.012183906490065772,1.9739208802178718e-05,0.0008772981689857211
1.69,-0.04891503136252083,-0.7394101010094286,-0.002063830370416598,-0.0120514124341261,1.9739208802178718e-05,0.0008772981689857211
1.7,-0.7857452345152685,-1.0209835468592314,-0.004730004888829473,-0.004105683077236976,1.9739208802178718e-05,0.0008772981689857211
1.71,0.5352866417784966,-1.2930998971244552,-0.0019839504631565244,-0.0319113651029999,1.9739208802178718e-05,0.0008772981689857211
1.72,-0.545980176408936,-0.3595836768664387,-0.002370760624005319,0.0032532326312086817,1.9739208802178718e-05,0.0008772981689857211
1.73,-1.4707269165206978,-1.459924458347286,-0.007672427357931736,0.0001885384624350101,1.9739208802178718e-05,0.0008772981689857211
1.74,-1.533525089183543,0.4020508410448958,-0.002962192654732007,0.0337821729048383,1.9739208802178718e-05,0.0008772981689857211
1.75,0.20710550126654337,0.06203798571433756,0.0007046160012172296,-0.002531905784074071,1.9739208802178718e-05,0.0008772981689857211
1.76,1.8949095076925218,0.5772343977163863,0.006472057609874505,-0.02299776914066194,1.9739208802178718e-05,0.0008772981689857211
1.77,0.19198993628812588,0.609274141965903,0.0020977044515235453,0.007282983305646427,1.9739208802178718e-05,0.0008772981689857211
1.78,-0.14236599133185907,0.7236082241120118,0.0015216886070485466,0.015114101296870274,1.9739208802178718e-05,0.0008772981689857211
1.79,0.3429913675230514,-0.44809072418865875,-0.0002751494723314044,-0.013806987153933085,1.9739208802178718e-05,0.0008772981689857211
1.8,1.5672020900481898,2.5453720831604008,0.010766694008246022,0.017072287024018334,1.9739208802178718e-05,0.0008772981689857211
1.81,0.2632590016366276,0.2813173397785173,0.001425697527923855,0.00031517745801445057,1.9739208802178718e-05,0.0008772981689857211
1.82,-0.49311267700048456,-2.234981703149754,-0.007142134385816325,-0.03040134964481195,1.9739208802178718e-05,0.0008772981689857211
1.83,1.3275464520718665,-1.202850894919461,0.00032645220523773574,-0.044163765088728095,1.9739208802178718e-05,0.0008772981689857211
1.84,0.5145077261539361,-2.0886035868333788,-0.0041209733266305325,-0.04543286320754127,1.9739208802178718e-05,0.0008772981689857211
1.85,1.8429071903951904,0.020801554981568795,0.004879178085755565,-0.03180174265711109,1.9739208802178718e-05,0.0008772981689857211
1.86,0.21988132466628735,-0.14616626886400036,0.0001929855648061886,-0.006388735726105414,1.9739208802178718e-05,0.0008772981689857211
1.87,-1.4693628380646002,-0.5621108374793493,-0.005318385645874939,0.01583453455551815,1.9739208802178718e-05,0.0008772981689857211
1.8800000000000001,-1.6417910390947978,2.413111334880617,0.002019311812337863,0.07077139727280543,1.9739208802178718e-05,0.0008772981689857211
1.8900000000000001,1.9811135186774993,0.658779448892293,0.006911223627650514,-0.023079083329048317,1.9739208802178718e-05,0.0008772981689857211
1.9000000000000001,2.0683988649399563,0.8713180337356013,0.007696160843760753,-0.02089300191702647,1.9739208802178718e-05,0.0008772981689857211
1.9100000000000001,-0.21542305593912078,-1.117288185530524,-0.0034890298712979737,-0.015740515920295326,1.9739208802178718e-05,0.0008772981689857211
1.92,-0.4598247853631853,-1.1989738695972147,-0.004342724723506853,-0.012900585182984724,1.9739208802178718e-05,0.0008772981689857211
1.93,1.7537331506906426,0.044166598916345695,0.004706890537713536,-0.02983756511042759,1.9739208802178718e-05,0.0008772981689857211
1.94,-1.3284548184521856,0.207608567582671,-0.002934368622946108,0.026809363605640932,1.9739208802178718e-05,0.0008772981689857211
1.95,-1.0736724227469916,-2.2275738805373484,-0.008642642611740452,-0.020139379682004098,1.9739208802178718e-05,0.0008772981689857211
1.96,0.7719921536268533,-0.21636842741944087,0.0014546195136778276,-0.017250146336182094,1.9739208802178718e-05,0.0008772981689857211
1.97,-0.4735261474315075,0.016886499448205767,-0.001195479802868475,0.008559315381471292,1.9739208802178718e-05,0.0008772981689857211
1.98,-0.006146240064085555,-0.25817899892535473,-0.0006920018574729932,-0.004398801465014062,1.9739208802178718e-05,0.0008772981689857211
1.99,-0.1961314782294151,-0.9760684948160117,-0.003068812353214722,-0.013612468897617736,1.9739208802178718e-05,0.0008772981689857211
2.0,0.40508945855872025,-0.647442218305368,-0.0006344780413310672,-0.018370143242815367,1.9739208802178718e-05,0.0008772981689857211
2.0100000000000002,1.8799641652867387,-0.02124510057707646,0.004866115132315971,-0.03318236145874781,1.9739208802178718e-05,0.0008772981689857211
2.02,0.4906737517026438,0.4909318917526065,0.002569837565167747,4.505393803110337e-06,1.9739208802178718e-05,0.0008772981689857211
2.0300000000000002,1.3456843470630573,1.2987076941915094,0.006923002175013886,-0.0008198972641749579,1.9739208802178718e-05,0.0008772981689857211
2.04,-1.6962627943961288,2.0609711727821436,0.000954804301866792,0.06557610349502942,1.9739208802178718e-05,0.0008772981689857211
2.05,0.8964675762352269,0.6017123903186687,0.0039222259805676,-0.005144448481571959,1.9739208802178718e-05,0.0008772981689857211
2.06,0.13403926591020232,0.5985281549232182,0.0019178570229579138,0.008106860452207642,1.9739208802178718e-05,0.0008772981689857211
2.07,-0.12567415053643582,1.8620883302130853,0.004545921692051091,0.03469300003668955,1.9739208802178718e-05,0.0008772981689857211
2.08,0.4741046133676958,2.260901353375222,0.007160228877203167,0.03118548617703243,1.9739208802178718e-05,0.0008772981689857211
2.09,1.3179252565514923,1.197832865481804,0.006586239361990548,-0.0020960076307586974,1.9739208802178718e-05,0.0008772981689857211
2.1,3.0089423679299614,2.8583314894621523,0.015360487039152094,-0.002628655718584297,1.9739208802178718e-05,0.0008772981689857211
2.11,0.5091739875255392,3.2763476582001836,0.009910472493514228,0.0482962915277698,1.9739208802178718e-05,0.0008772981689857211
2.12,2.328588971636596,3.841854939313703,0.016154184383357775,0.026411473594343603,1.9739208802178718e-05,0.0008772981689857211
2.13,1.9018137922332712,4.616802200297352,0.017065696761422618,0.04738548687419757,1.9739208802178718e-05,0.0008772981689857211
2.14,2.280595330709491,1.6341036775525175,0.010248658037809312,-0.011283407934250384,1.9739208802178718e-05,0.0008772981689857211
2.15,4.0680983660196395,2.881466826853128,0.018193919129643684,-0.02071062736646368,1.9739208802178718e-05,0.0008772981689857211
2.16,3.7015134317691047,3.0693081433067855,0.01772596943252141,-0.011034063832187994,1.9739208802178718e-05,0.0008772981689857211
2.17,4.8516385680059555,3.129072556835654,0.020893452866853946,-0.030064448477867198,1.9739208802178718e-05,0.0008772981689857211
2.18,3.252339955685062,2.6586312672527788,0.015474886474635163,-0.010362171410840521,1.9739208802178718e-05,0.0008772981689857211
2.19,2.7936015684903683,1.8460582986179264,0.012146601128052345,-0.016537749864387295,1.9739208802178718e-05,0.0008772981689857211
2.2,3.551088053948892,3.930933969440296,0.019587887852230427,0.00662956187557714,1.9739208802178718e-05,0.0008772981689857211
2.21,4.301700715441227,3.088677774458266,0.019347965642596898,-0.02117124422237752,1.9739208802178718e-05,0.0008772981689857211
2.22,4.413578527770494,4.304882674523191,0.02282487805311123,-0.0018971005224300078,1.9739208802178718e-05,0.0008772981689857211
2.23,3.0914107426562705,3.4398241792976862,0.017098733041399715,0.00608096162758137,1.9739208802178718e-05,0.0008772981689857211
2.24,4.69225009900004,3.2640723460333807,0.020829603452423812,-0.024926404093002417,1.9739208802178718e-05,0.0008772981689857211
2.25,5.048522288923546,5.0558063252091365,0.026453070453013643,0.0001271304160182831,1.9739208802178718e-05,0.0008772981689857211
2.2600000000000002,7.986603069507844,5.1467400566349335,0.03438301190180346,-0.049564959880238395,1.9739208802178718e-05,0.0008772981689857211
2.27,7.408833689715413,5.8517585217625285,0.03471614922819094,-0.027176088381821544,1.9739208802178718e-05,0.0008772981689857211
2.2800000000000002,4.323714067217104,7.970642607588838,0.03218655050848582,0.06365091061443769,1.9739208802178718e-05,0.0008772981689857211
2.29,5.193731985738946,5.871339457050974,0.028968289296762522,0.011826481410507883,1.9739208802178718e-05,0.0008772981689857211
2.3000000000000003,3.973447549103833,6.311676071785192,0.026926390673873177,0.04080978638483263,1.9739208802178718e-05,0.0008772981689857211
2.31,5.211715466262323,4.627490288377716,0.0257589804299463,-0.010196652927135959,1.9739208802178718e-05,0.0008772981689857211
2.32,6.490275819037186,4.567260886085128,0.02894856339967646,-0.0335629421450314,1.9739208802178718e-05,0.0008772981689857211
2.33,7.749560091504938,8.201931082567057,0.04176090623855584,0.007895363234543842,1.9739208802178718e-05,0.0008772981689857211
2.34,5.618621072856996,5.385345942229362,0.028808318279116424,-0.004071419092472085,1.9739208802178718e-05,0.0008772981689857211
2.35,5.89953188177825,5.431774724097236,0.0296652913238266,-0.008163902501303982,1.9739208802178718e-05,0.0008772981689857211
2.36,4.29874670588349,6.828574836110012,0.02913125967538186,0.04415383038202469,1.9739208802178718e-05,0.0008772981689857211
2.37,6.871280368626266,6.958248577227288,0.03620562211575077,0.0015178815846490779,1.9739208802178718e-05,0.0008772981689857211
2.38,5.982568110758948,6.174457597258474,0.03182701887817482,0.0033491033393779255,1.9739208802178718e-05,0.0008772981689857211
2.39,6.813124023861416,7.0824834742449845,0.03637861536101526,0.004701209280555582,1.9739208802178718e-05,0.0008772981689857211
2.4,6.5872043346098685,9.1146881295911,0.04110745834415891,0.04411291401322383,1.9739208802178718e-05,0.0008772981689857211
2.41,7.717308135018185,6.863230869523097,0.038171761851705274,-0.014906460349319053,1.9739208802178718e-05,0.0008772981689857211
2.42,5.912135062203564,6.349002150592116,0.032099582160312785,0.0076247690859813,1.9739208802178718e-05,0.0008772981689857211
2.43,6.451940769072613,9.343507408621553,0.04135238662933523,0.0504673584009571,1.9739208802178718e-05,0.0008772981689857211
2.44,10.95847752968603,8.994137289577717,0.052235823446754856,-0.03428420481930604,1.9739208802178718e-05,0.0008772981689857211
2.45,7.0494598294335145,7.849744582183957,0.0390060259365584,0.013967603889003973,1.9739208802178718e-05,0.0008772981689857211
2.46,7.469210164527053,6.886752439320319,0.03758382220954726,-0.010165805058533877,1.9739208802178718e-05,0.0008772981689857211
2.47,11.180635024368478,8.082790762656625,0.0504315307795752,-0.054067582080884746,1.9739208802178718e-05,0.0008772981689857211
2.48,12.653405325181659,9.101679397874044,0.05695467862014611,-0.061989311559966676,1.9739208802178718e-05,0.0008772981689857211
2.49,7.952430699213038,10.75711716166403,0.04898148175976502,0.04895101325588215,1.9739208802178718e-05,0.0008772981689857211
2.5,9.107397837368083,8.305398215670131,0.045586593465568495,-0.013997533998378216,1.9739208802178718e-05,0.0008772981689857211
2.5100000000000002,10.150149178352608,9.638858659410229,0.05180750137078881,-0.008923702989774945,1.9739208802178718e-05,0.0008772981689857211
2.52,12.00570562222098,10.741442040808145,0.05955189332357877,-0.022065562108709302,1.9739208802178718e-05,0.0008772981689857211
2.5300000000000002,8.938025886530662,7.264733572498242,0.042418725070306446,-0.02920446022818065,1.9739208802178718e-05,0.0008772981689857211
2.54,10.018906897224287,11.553783713881497,0.05647717195167953,0.02678865406319765,1.9739208802178718e-05,0.0008772981689857211
2.5500000000000003,11.437031335339187,9.08528555741737,0.053727299987438096,-0.04104570699461109,1.9739208802178718e-05,0.0008772981689857211
2.56,11.216931465135309,11.093606767923687,0.05840885250884362,-0.0021524220153678933,1.9739208802178718e-05,0.0008772981689857211
2.57,10.434810822009519,11.182217887018531,0.05659324882060181,0.013044714137074587,1.9739208802178718e-05,0.0008772981689857211
2.58,10.916596481776665,12.378687708952528,0.06098691139740107,0.025518305878743236,1.9739208802178718e-05,0.0008772981689857211
2.59,9.61829500086221,11.929279227978435,0.056411417416672105,0.04033428372483457,1.9739208802178718e-05,0.0008772981689857211
2.6,11.173347409846865,8.606407312540487,0.05178327677138344,-0.044801556399459944,1.9739208802178718e-05,0.0008772981689857211
2.61,11.33047684631599,10.708406737739548,0.05769766230082464,-0.010857171572897553,1.9739208802178718e-05,0.0008772981689857211
2.62,12.11973163358852,12.00697392126095,0.06316356743869929,-0.001967993337132675,1.9739208802178718e-05,0.0008772981689857211
2.63,11.365721035164466,11.79813783440354,0.060642840711188015,0.007547096887657173,1.9739208802178718e-05,0.0008772981689857211
2.64,12.78894585651173,12.796232505165689,0.06698184031819193,0.00012717601044755686,1.9739208802178718e-05,0.0008772981689857211
2.65,13.629344542551626,13.36132542797148,0.07066140874571836,-0.004677816007703506,1.9739208802178718e-05,0.0008772981689857211
2.66,12.791586686080274,13.335213576593729,0.0683998031391871,0.009488079141838543,1.9739208802178718e-05,0.0008772981689857211
2.67,13.218165114667425,12.538927493523023,0.06743191076310256,-0.011854932892383699,1.9739208802178718e-05,0.0008772981689857211
2.68,13.050829773392104,10.771438942954088,0.06236655365926262,-0.039782874930911136,1.9739208802178718e-05,0.0008772981689857211
2.69,13.178130559718628,12.63145178938315,0.06756932858346579,-0.009541344493108016,1.9739208802178718e-05,0.0008772981689857211
2.7,12.503145579467796,13.868656997485958,0.06904121769806523,0.02383267021799358,1.9739208802178718e-05,0.0008772981689857211
2.71,13.939794265437452,12.251464448368909,0.06856855496963643,-0.02946691416743965,1.9739208802178718e-05,0.0008772981689857211
2.72,13.634243165043573,14.508516759285651,0.07367757319167828,0.015258952782769241,1.9739208802178718e-05,0.0008772981689857211
2.73,16.453774985566742,15.032044971570794,0.08242968389132849,-0.024813869818654338,1.9739208802178718e-05,0.0008772981689857211
2.74,16.0209848295306,14.285199318115321,0.07934140456381988,-0.03029517228261026,1.9739208802178718e-05,0.0008772981689857211
2.75,14.78696074133838,10.647409038695704,0.0665870243747011,-0.07224880676765195,1.9739208802178718e-05,0.0008772981689857211
2.7600000000000002,13.59926215834714,12.981224774726696,0.0695875520648202,-0.010786787244588028,1.9739208802178718e-05,0.0008772981689857211
2.77,13.371022975311027,16.969343731958425,0.07943089429564837,0.06280254474635072,1.9739208802178718e-05,0.0008772981689857211
2.7800000000000002,16.326274217108047,14.241057321767356,0.08002508683531212,-0.03639390044190907,1.9739208802178718e-05,0.0008772981689857211
2.79,15.403187675288244,12.706916737356883,0.07359208126200664,-0.04705880539273793,1.9739208802178718e-05,0.0008772981689857211
2.8000000000000003,15.85504662089189,16.761171402794286,0.08538905910924624,0.015814860878112284,1.9739208802178718e-05,0.0008772981689857211
2.81,13.376357284163195,15.485887178384633,0.07556117930804412,0.03681824232341179,1.9739208802178718e-05,0.0008772981689857211
2.82,16.773772578112315,16.986774986991765,0.08838490684308312,0.003717593349625616,1.9739208802178718e-05,0.0008772981689857211
2.83,16.39713673781001,16.184182742216013,0.08529769493559314,-0.0037167483783927258,1.9739208802178718e-05,0.0008772981689857211
2.84,14.71030144236567,16.593089227117645,0.08195208513308339,0.03286084596025224,1.9739208802178718e-05,0.0008772981689857211
2.85,15.667974426433386,16.669415292630745,0.08465908831473498,0.017478440379167886,1.9739208802178718e-05,0.0008772981689857211
2.86,16.74125077231142,17.261776101388797,0.08901971618852743,0.00908488083242722,1.9739208802178718e-05,0.0008772981689857211
2.87,16.678736216821367,19.34869259706119,0.0943195880745189,0.046599529719814625,1.9739208802178718e-05,0.0008772981689857211
2.88,16.45615656753988,17.97196959365517,0.09013262352072746,0.02645592815033057,1.9739208802178718e-05,0.0008772981689857211
2.89,16.87356200053527,15.101340740799781,0.08371009962618861,-0.030931096056225904,1.9739208802178718e-05,0.0008772981689857211
2.9,16.88636100007643,17.724727672259377,0.0906116182547959,0.014632258768580339,1.9739208802178718e-05,0.0008772981689857211
2.91,17.562794800157935,18.749496707358833,0.09506535686252143,0.020711855520351895,1.9739208802178718e-05,0.0008772981689857211
2.92,19.33649608493703,19.013946685188618,0.1004012243904521,-0.00562954902594115,1.9739208802178718e-05,0.0008772981689857211
2.93,14.681701519937963,17.2497656693846,0.08359638561693275,0.044821174810271563,1.9739208802178718e-05,0.0008772981689857211
2.94,17.66845726335417,19.350610914991545,0.09691569385985882,0.029359119745517907,1.9739208802178718e-05,0.0008772981689857211
2.95,18.355478418123006,19.256954391937516,0.09846911883310486,0.015733723870685383,1.9739208802178718e-05,0.0008772981689857211
2.96,18.68984223181086,21.421670368550018,0.10501169442472347,0.047679395584720174,1.9739208802178718e-05,0.0008772981689857211
2.97,18.079337878311073,17.625633292398405,0.09347539593878021,-0.007918638855573534,1.9739208802178718e-05,0.0008772981689857211
2.98,16.60855516863259,18.107740615926378,0.09088704983051729,0.02616572215326051,1.9739208802178718e-05,0.0008772981689857211
2.99,19.3012018197741,18.540264381165226,0.09906872684828122,-0.0132808637054171,1.9739208802178718e-05,0.0008772981689857211
3.0,21.17141342802446,18.51032659098091,0.10388655243780615,-0.04644472698789176,1.9739208802178718e-05,0.0008772981689857211
3.0100000000000002,17.448945416838356,18.221554203021398,0.09338514962969077,0.013484567148730985,1.9739208802178718e-05,0.0008772981689857211
3.02,20.517158650885815,16.165354427639496,0.0960345946689222,-0.07595331209784262,1.9739208802178718e-05,0.0008772981689857211
3.0300000000000002,19.277320698410794,19.149911597690508,0.10060225889935023,-0.002223708304574061,1.9739208802178718e-05,0.0008772981689857211
3.04,19.78894768287392,20.30576656950842,0.10496771645255527,0.009020191208263344,1.9739208802178718e-05,0.0008772981689857211
3.0500000000000003,18.79004461673408,19.461656614971723,0.10014271964736549,0.011721840665145228,1.9739208802178718e-05,0.0008772981689857211
3.06,19.84316135446203,22.566966181524016,0.11102945425404996,0.04753936241394641,1.9739208802178718e-05,0.0008772981689857211
3.0700000000000003,21.995548206638116,20.4515456682584,0.11112623190300934,-0.026947927953876183,1.9739208802178718e-05,0.0008772981689857211
3.08,21.325666915094885,22.1757154909306,0.11388635282314162,0.014836146450221873,1.9739208802178718e-05,0.0008772981689857211
3.09,22.896240482911843,21.131171051695873,0.1152634938614151,-0.03080627310102229,1.9739208802178718e-05,0.0008772981689857211
3.1,22.421346754903414,22.000141260002092,0.11629518367429514,-0.0073514227135202306,1.9739208802178718e-05,0.0008772981689857211
3.11,21.72634243455595,21.534528284560732,0.11325669469922897,-0.0033477884693307778,1.9739208802178718e-05,0.0008772981689857211
3.12,23.483145782952082,23.032965909835006,0.12177889563968516,-0.007857121012103304,1.9739208802178718e-05,0.0008772981689857211
3.13,22.108202073746966,21.648537503419888,0.11455487633389096,-0.008022660206972548,1.9739208802178718e-05,0.0008772981689857211
3.14,22.76598202712775,22.367741064677823,0.11815981074531032,-0.006950616011062403,1.9739208802178718e-05,0.0008772981689857211
3.15,21.607497002439906,22.40298166706161,0.11521916372423022,0.01388382654677158,1.9739208802178718e-05,0.0008772981689857211
3.16,22.234223057422877,21.80842552863905,0.11530338436884086,-0.007431568824133178,1.9739208802178718e-05,0.0008772981689857211
3.17,21.50844542214177,22.831332792811715,0.11608126791824885,0.023088740251241184,1.9739208802178718e-05,0.0008772981689857211
3.18,23.723840663326204,25.217603437249597,0.12812840103537038,0.026071078648686928,1.9739208802178718e-05,0.0008772981689857211
3.19,21.313361525784813,22.40284954300812,0.11444877294708389,0.019015153061571432,1.9739208802178718e-05,0.0008772981689857211
3.2,23.857132216134122,23.421669676656826,0.12377561391409937,-0.007600255082974665,1.9739208802178718e-05,0.0008772981689857211
3.21,22.88051646793701,24.618632477986534,0.12435248115023398,0.03033584715699103,1.9739208802178718e-05,0.0008772981689857211
3.22,24.705780180814262,24.668587605786612,0.12926179259502152,-0.0006491328915274782,1.9739208802178718e-05,0.0008772981689857211
3.23,24.39231238684126,23.50532930162699,0.12539573271064006,-0.015480775246486528,1.9739208802178718e-05,0.0008772981689857211
3.24,25.86703092125019,20.822189088525192,0.12223209215378993,-0.08804910022339621,1.9739208802178718e-05,0.0008772981689857211
3.25,24.750171093150673,24.49328484616246,0.12891906618026566,-0.0044835108130357,1.9739208802178718e-05,0.0008772981689857211
3.2600000000000002,22.177779088710693,21.400858285146917,0.11408860585597055,-0.013559826049427959,1.9739208802178718e-05,0.0008772981689857211
3.27,24.174869519727007,26.019138004334327,0.13140760440985158,0.03218855734716401,1.9739208802178718e-05,0.0008772981689857211
3.2800000000000002,23.03979062780135,24.64956790434704,0.12485044868250592,0.02809591369950959,1.9739208802178718e-05,0.0008772981689857211
3.29,24.01524937978587,25.83679401447179,0.13051234441153287,0.03179195134730658,1.9739208802178718e-05,0.0008772981689857211
3.3000000000000003,26.641645242267746,23.745637756518416,0.13191359841944705,-0.05054486578872854,1.9739208802178718e-05,0.0008772981689857211
3.31,25.784197627123188,23.156148086085885,0.12812552546396863,-0.045868117396626745,1.9739208802178718e-05,0.0008772981689857211
3.3200000000000003,24.37142647146173,25.52304824672563,0.1306234293578159,0.0200995917160172,1.9739208802178718e-05,0.0008772981689857211
3.33,24.18466807773802,25.36080478951913,0.1297097446486729,0.020527458074159993,1.9739208802178718e-05,0.0008772981689857211
3.34,25.631453360628274,25.002265857788164,0.1325587669337545,-0.010981393536961075,1.9739208802178718e-05,0.0008772981689857211
3.35,24.323228601629694,25.884694317766364,0.13144403482964773,0.027252717903596124,1.9739208802178718e-05,0.0008772981689857211
3.36,25.168718379721415,29.295009783036026,0.1425857069026919,0.07201737088457719,1.9739208802178718e-05,0.0008772981689857211
3.37,26.53948401016909,27.166503301150467,0.14060194599252346,0.010943551101145385,1.9739208802178718e-05,0.0008772981689857211
3.38,27.742433019345896,27.615456903053843,0.14492661691536957,-0.00221615130069149,1.9739208802178718e-05,0.0008772981689857211
3.39,27.277558274397474,27.559768777592172,0.14356378650752627,0.004925502464457425,1.9739208802178718e-05,0.0008772981689857211
3.4,23.98848302912069,28.513385012061043,0.13744956911493106,0.07897443793232937,1.9739208802178718e-05,0.0008772981689857211
3.41,27.294256445985006,26.7009303636678,0.14135906850867813,-0.010355493674394183,1.9739208802178718e-05,0.0008772981689857211
3.42,27.206442590738057,24.654288733648613,0.13577107711540604,-0.044543487823683614,1.9739208802178718e-05,0.0008772981689857211
3.43,27.807656577016477,27.084684874962033,0.14370781386989848,-0.012618236599597488,1.9739208802178718e-05,0.0008772981689857211
3.44,29.441425784260954,28.47605701827531,0.1516276154057176,-0.016848863462364066,1.9739208802178718e-05,0.0008772981689857211
3.45,25.2170741658241,26.529199623851706,0.13547142799024298,0.022900909441820327,1.9739208802178718e-05,0.0008772981689857211
3.46,27.17462191947073,27.672306889112864,0.14358892384750718,0.008686241357943233,1.9739208802178718e-05,0.0008772981689857211
3.47,28.78401954876237,27.244808269807567,0.14668312822005564,-0.026864304701594198,1.9739208802178718e-05,0.0008772981689857211
3.48,26.368004613775877,30.068352995332365,0.14775003871678405,0.06458326272900411,1.9739208802178718e-05,0.0008772981689857211
3.49,30.2280426824951,29.356252243318764,0.15599131934022037,-0.01521561355103442,1.9739208802178718e-05,0.0008772981689857211
3.5,29.08991769178195,29.42973850131391,0.15320410165569198,0.005930991993125245,1.9739208802178718e-05,0.0008772981689857211
3.5100000000000002,29.854776471263524,29.584797263996602,0.15561244014933504,-0.004712026078732001,1.9739208802178718e-05,0.0008772981689857211
3.52,28.344729226135552,28.985162516899155,0.15008930560918,0.011177669563207187,1.9739208802178718e-05,0.0008772981689857211
3.5300000000000002,30.19736397963144,29.45791509070499,0.1561771553960149,-0.012905817761980447,1.9739208802178718e-05,0.0008772981689857211
3.54,30.6939993505691,27.989611986743476,0.15363333521951655,-0.047200463748086896,1.9739208802178718e-05,0.0008772981689857211
3.5500000000000003,29.88227303925714,26.979089040591855,0.1488626978193024,-0.050670119567923874,1.9739208802178718e-05,0.0008772981689857211
3.56,30.07508641804124,29.973902703216833,0.15720788589903148,-0.0017659889730849607,1.9739208802178718e-05,0.0008772981689857211
3.5700000000000003,30.309203165651162,30.373579586039664,0.15886715374341442,0.0011235804964273197,1.9739208802178718e-05,0.0008772981689857211
3.58,29.139762892536098,31.62689469233381,0.1590867375431948,0.04340863883752257,1.9739208802178718e-05,0.0008772981689857211
3.59,30.1897287256452,32.25236612123246,0.16347302203808994,0.035999813827758506,1.9739208802178718e-05,0.0008772981689857211
3.6,30.37472203470107,32.44174725564264,0.16445313203916054,0.036076395827193686,1.9739208802178718e-05,0.0008772981689857211
3.61,31.208807642578368,29.551106693401522,0.15906908375888298,-0.028932339576571153,1.9739208802178718e-05,0.0008772981689857211
3.62,32.13951003335681,30.517002895124726,0.16403436726305956,-0.02831809169926055,1.9739208802178718e-05,0.0008772981689857211
3.63,29.860463570400633,31.70710802383238,0.16118352551650506,0.032230025826075114,1.9739208802178718e-05,0.0008772981689857211
3.64,31.171681964101506,34.359978413775615,0.17156148568390006,0.055646270576458864,1.9739208802178718e-05,0.0008772981689857211
3.65,33.29042538938604,33.288797776651975,0.17430399865011698,-2.840720115684e-05,1.9739208802178718e-05,0.0008772981689857211
3.66,30.811358789330473,33.046941258303605,0.16718063858364995,0.03901827478344518,1.9739208802178718e-05,0.0008772981689857211
3.67,30.90795057486744,31.429305048956675,0.16319855359396238,0.009099352142860617,1.9739208802178718e-05,0.0008772981689857211
3.68,32.328403957523534,31.025796969939954,0.16586091017314247,-0.022734780792818453,1.9739208802178718e-05,0.0008772981689857211
3.69,33.28988468761876,33.22331191909626,0.17413114152202455,-0.0011619140028856778,1.9739208802178718e-05,0.0008772981689857211
3.7,32.48131965741944,31.146814873665416,0.16657806667039934,-0.023291502360122673,1.9739208802178718e-05,0.0008772981689857211
3.71,34.25334703098131,32.372470701280555,0.17442598293923872,-0.03282748477610463,1.9739208802178718e-05,0.0008772981689857211
3.72,33.87773303324703,32.71184671536489,0.17433111211989238,-0.020348554950996578,1.9739208802178718e-05,0.0008772981689857211
3.73,34.05075026614555,34.952060692824844,0.18064893665478887,0.015730834528108566,1.9739208802178718e-05,0.0008772981689857211
3.74,33.89649191917666,32.80591535403613,0.1746264938885664,-0.019034151806792687,1.9739208802178718e-05,0.0008772981689857211
3.75,36.21572176971332,30.49543848301088,0.17464940913534147,-0.09983777749976035,1.9739208802178718e-05,0.0008772981689857211
3.7600000000000002,33.36732995436904,34.218857558203254,0.17694022514469945,0.014861960358524828,1.9739208802178718e-05,0.0008772981689857211
3.77,31.400283162238757,32.96568368899386,0.16850970716753047,0.027321393304330182,1.9739208802178718e-05,0.0008772981689857211
3.7800000000000002,35.92060107824941,34.04665307375414,0.18317384302982026,-0.03270656268961993,1.9739208802178718e-05,0.0008772981689857211
3.79,33.637242458990926,34.08243613512857,0.1772897039789565,0.007770095457659184,1.9739208802178718e-05,0.0008772981689857211
3.8000000000000003,34.50692424106103,34.04902291286807,0.1794790499488948,-0.007991885826222253,1.9739208802178718e-05,0.0008772981689857211
3.81,36.1399144613923,35.51686233770131,0.18759700297663,-0.010874310969950785,1.9739208802178718e-05,0.0008772981689857211
3.8200000000000003,32.836728121999236,32.9200017172467,0.17215071615588645,0.0014533984170412666,1.9739208802178718e-05,0.0008772981689857211
3.83,33.448448846052855,34.33000843303499,0.17744358621636003,0.015386117345359551,1.9739208802178718e-05,0.0008772981689857211
3.84,33.21987791014786,35.96225693043134,0.18111840547901842,0.04786354324156315,1.9739208802178718e-05,0.0008772981689857211
3.85,34.37943381837025,34.59549563598752,0.18057594304640384,0.0037709901052647896,1.9739208802178718e-05,0.0008772981689857211
3.86,36.05094722533143,33.59281524698707,0.1823269437928236,-0.042902496470671,1.9739208802178718e-05,0.0008772981689857211
3.87,36.34339464119664,36.5166356417294,0.19074711323097526,0.003023625858745993,1.9739208802178718e-05,0.0008772981689857211
3.88,36.236884176725844,37.25306871806143,0.19239624677243639,0.017735766054174373,1.9739208802178718e-05,0.0008772981689857211
3.89,34.40102203257103,36.04234684407026,0.18442030846414345,0.028646522055336875,1.9739208802178718e-05,0.0008772981689857211
3.9,33.51520290099296,33.9343123067887,0.1765824178874666,0.007314839057212623,1.9739208802178718e-05,0.0008772981689857211
3.91,36.54353725913087,37.32547665270099,0.19338862619444436,0.01364741696884636,1.9739208802178718e-05,0.0008772981689857211
3.92,36.103167648006675,34.677433430669055,0.18530318030453125,-0.024883756350885893,1.9739208802178718e-05,0.0008772981689857211
3.93,37.4115477461429,37.230843952300766,0.19541332450516866,-0.0031538761733903207,1.9739208802178718e-05,0.0008772981689857211
3.94,37.89361510325875,35.98631416210264,0.19341720252316075,-0.03328868124956077,1.9739208802178718e-05,0.0008772981689857211
3.95,37.40814640197393,35.850449540583156,0.19179055568786696,-0.027186938979250713,1.9739208802178718e-05,0.0008772981689857211
3.96,38.345402317664806,36.90295059471815,0.19699972725356202,-0.025175531866484156,1.9739208802178718e-05,0.0008772981689857211
3.97,37.89928219586215,37.40427147921135,0.19714424251234633,-0.008639566838213136,1.9739208802178718e-05,0.0008772981689857211
3.98,38.45129212535608,37.042164578170585,0.19764140747824877,-0.024593915278938637,1.9739208802178718e-05,0.0008772981689857211
3.99,37.160592494900754,38.71264434420279,0.1986356695481718,0.027088414931987402,1.9739208802178718e-05,0.0008772981689857211
4.0,37.981652645457125,37.66190308790428,0.19803436581944855,-0.005580682561092306,1.9739208802178718e-05,0.0008772981689857211
4.01,38.624303589753495,39.56440131977133,0.20469755078121948,0.01640780067933593,1.9739208802178718e-05,0.0008772981689857211
4.0200000000000005,39.56379237597635,38.91656600424762,0.2054610977820048,-0.011296231192403083,1.9739208802178718e-05,0.0008772981689857211
4.03,38.29765473051622,37.93307548927014,0.1995715850302219,-0.006363108144166926,1.9739208802178718e-05,0.0008772981689857211
4.04,39.58653077577451,37.92200220829723,0.20291686484440163,-0.02905150399598322,1.9739208802178718e-05,0.0008772981689857211
4.05,38.83310945030779,37.175120441749314,0.19898908053437558,-0.02893736716122188,1.9739208802178718e-05,0.0008772981689857211
4.0600000000000005,39.20205133152278,39.69198174575672,0.2065440956063762,0.008550898834041865,1.9739208802178718e-05,0.0008772981689857211
4.07,40.5295107144557,39.10858280732518,0.20849204129493643,-0.024799870412899792,1.9739208802178718e-05,0.0008772981689857211
4.08,37.33340135047209,36.87843916206086,0.19428614413629242,-0.007940588159854786,1.9739208802178718e-05,0.0008772981689857211
4.09,38.36029293375763,39.27320188012406,0.20324401414982668,0.0159332668850067,1.9739208802178718e-05,0.0008772981689857211
4.1,38.32842318222624,39.025804824051676,0.20251289535719377,0.012171605792817657,1.9739208802178718e-05,0.0008772981689857211
4.11,37.49769224704994,42.188844701472696,0.2086188658895753,0.08187605604269038,1.9739208802178718e-05,0.0008772981689857211
4.12,39.67510019439195,38.44568318830619,0.2045197326398034,-0.021457374636207803,1.9739208802178718e-05,0.0008772981689857211
4.13,41.57932413396173,38.950382494607574,0.21082627895004546,-0.04588368744950731,1.9739208802178718e-05,0.0008772981689857211
4.14,40.52912850633963,42.20295295772556,0.21659208278641623,0.029213747777072273,1.9739208802178718e-05,0.0008772981689857211
4.15,41.29932341603923,42.69009110666576,0.21988377303653156,0.024273475331790806,1.9739208802178718e-05,0.0008772981689857211
4.16,42.560022245472226,40.3589817229485,0.2170814447584779,-0.03841540408785547,1.9739208802178718e-05,0.0008772981689857211
4.17,43.03717053985077,40.68544419375885,0.21918529282203048,-0.041045367845199784,1.9739208802178718e-05,0.0008772981689857211
4.18,41.55196759116845,42.37441558870379,0.21971875736687385,0.014354425483425933,1.9739208802178718e-05,0.0008772981689857211
4.19,43.45022211203338,39.03339928821573,0.21594161586042038,-0.07708810075285132,1.9739208802178718e-05,0.0008772981689857211
4.2,42.127456966381295,39.783472554853695,0.21444231202718597,-0.040910245596578375,1.9739208802178718e-05,0.0008772981689857211
4.21,41.20301303937768,41.871010826949785,0.2174872859021646,0.011658760789170775,1.9739208802178718e-05,0.0008772981689857211
4.22,41.68559641704243,44.25874551903587,0.22500176103666064,0.0449099239745208,1.9739208802178718e-05,0.0008772981689857211
4.23,40.81321895631318,42.06698666559111,0.21697987092482168,0.021882374582087027,1.9739208802178718e-05,0.0008772981689857211
4.24,41.71508807862108,42.90197285318365,0.22152694749309804,0.020715047157907528,1.9739208802178718e-05,0.0008772981689857211
4.25,42.54221460912242,44.33238176188855,0.2274371614522888,0.03124431097682142,1.9739208802178718e-05,0.0008772981689857211
4.26,44.127122589776334,45.69108224645579,0.23514351039344172,0.027296245377416616,1.9739208802178718e-05,0.0008772981689857211
4.2700000000000005,45.41873029563148,42.66158833045432,0.23059373493463278,-0.048121205237248166,1.9739208802178718e-05,0.0008772981689857211
4.28,41.88617461149011,43.52458836146245,0.2236048545777724,0.02859571444696433,1.9739208802178718e-05,0.0008772981689857211
4.29,44.20717132356474,45.92224462726424,0.23595825918621918,0.029933676062613067,1.9739208802178718e-05,0.0008772981689857211
4.3,42.67811156637407,42.1001251631334,0.2219489047447642,-0.010087765768309425,1.9739208802178718e-05,0.0008772981689857211
4.3100000000000005,44.68738673122924,45.35084750973798,0.2357195460280163,0.011579575042822329,1.9739208802178718e-05,0.0008772981689857211
4.32,44.15143217595839,43.08675751795015,0.22838904654571318,-0.01858207824478847,1.9739208802178718e-05,0.0008772981689857211
4.33,42.302635097476895,44.62268892901772,0.22756996614378985,0.04049257818389718,1.9739208802178718e-05,0.0008772981689857211
4.34,45.80466441008639,44.39956516332388,0.2361541207921274,-0.02452360817329811,1.9739208802178718e-05,0.0008772981689857211
4.3500000000000005,44.15569309654401,43.73208003107302,0.23008965199840675,-0.0073934427469350235,1.9739208802178718e-05,0.0008772981689857211
4.36,44.43199959757649,43.89295757043483,0.2312341971397146,-0.009408058180246648,1.9739208802178718e-05,0.0008772981689857211
4.37,43.979962921787404,45.59536305243954,0.23450765501961862,0.02819405101702625,1.9739208802178718e-05,0.0008772981689857211
4.38,44.669511815020236,46.649298940840524,0.2390720875043073,0.03455380383415928,1.9739208802178718e-05,0.0008772981689857211
4.39,46.159106207589474,45.48995423492937,0.23993667916218678,-0.01167890511913387,1.9739208802178718e-05,0.0008772981689857211
4.4,45.60953040134217,45.92075940094572,0.23962573835317696,0.00543197077077016,1.9739208802178718e-05,0.0008772981689857211
4.41,46.422003944915105,46.71301842172539,0.2438269183824657,0.005079160791308287,1.9739208802178718e-05,0.0008772981689857211
4.42,46.65290169860101,45.052652946270854,0.24008458063808896,-0.02792960957909254,1.9739208802178718e-05,0.0008772981689857211
4.43,47.994375392230474,47.29721241569219,0.24947279350523044,-0.012167789363597137,1.9739208802178718e-05,0.0008772981689857211
4.44,46.1892239562697,47.58377905377865,0.24549714780118456,0.02433957805200171,1.9739208802178718e-05,0.0008772981689857211
4.45,45.01932388880234,49.915904827517714,0.2485398475850482,0.08546145947097804,1.9739208802178718e-05,0.0008772981689857211
4.46,48.26320610061388,46.531214172056,0.24817121194160255,-0.030228961771301226,1.9739208802178718e-05,0.0008772981689857211
4.47,46.775739325921066,46.62382697043602,0.24451949277092355,-0.0026513707776740225,1.9739208802178718e-05,0.0008772981689857211
4.48,48.702021997640905,48.28727011003655,0.2539173729686283,-0.00723878601755749,1.9739208802178718e-05,0.0008772981689857211
4.49,48.01554953167729,48.538421998552884,0.2527777063619076,0.009125846115004185,1.9739208802178718e-05,0.0008772981689857211
4.5,47.589117891324584,47.104378343516544,0.2479069934284247,-0.008460301123878838,1.9739208802178718e-05,0.0008772981689857211
4.51,48.35599993213442,47.453673646962805,0.25082913888243996,-0.015748564603533893,1.9739208802178718e-05,0.0008772981689857211
4.5200000000000005,50.46966986314072,48.777811796850806,0.2598292993919309,-0.02952849373318356,1.9739208802178718e-05,0.0008772981689857211
4.53,50.811817357563925,47.326339633817824,0.2569250942008056,-0.06083306228428685,1.9739208802178718e-05,0.0008772981689857211
4.54,48.593684016569036,48.017785868791684,0.252928236703634,-0.010051318834851664,1.9739208802178718e-05,0.0008772981689857211
4.55,48.893641298100455,48.808923906962086,0.25578471757091853,-0.0014785974090643825,1.9739208802178718e-05,0.0008772981689857211
4.5600000000000005,50.18388670678992,50.08752493961697,0.26250994182785825,-0.0016818301102082083,1.9739208802178718e-05,0.0008772981689857211
4.57,48.0685912102197,48.357866110125066,0.2524438749410707,0.00504879944672576,1.9739208802178718e-05,0.0008772981689857211
4.58,49.67405482839271,47.063509026813996,0.2532583499447424,-0.04556261951166318,1.9739208802178718e-05,0.0008772981689857211
4.59,49.434320895416434,47.16543935193921,0.2528975809430232,-0.039599453271408444,1.9739208802178718e-05,0.0008772981689857211
4.6000000000000005,50.03303209842042,48.145046564623996,0.2570296088928177,-0.03295156379477027,1.9739208802178718e-05,0.0008772981689857211
4.61,48.84728560924233,48.27152691454169,0.25425645662507024,-0.010048884919511097,1.9739208802178718e-05,0.0008772981689857211
4.62,48.13083311612114,49.852781197748016,0.25652050241718916,0.030053663572789012,1.9739208802178718e-05,0.0008772981689857211
4.63,47.7417199166126,48.80264385548503,0.2527525533099354,0.01851661584655088,1.9739208802178718e-05,0.0008772981689857211
4.64,49.0794250359249,49.57698001972698,0.25828186446034573,0.008683972677053417,1.9739208802178718e-05,0.0008772981689857211
4.65,50.060861561295525,49.68236884124426,0.2611271665649443,-0.00660594415972382,1.9739208802178718e-05,0.0008772981689857211
4.66,50.45042793095449,50.27364840191541,0.26369501520580135,-0.00308538483185683,1.9739208802178718e-05,0.0008772981689857211
4.67,53.31792116155867,52.580248964471004,0.2772407610804475,-0.012874808639600407,1.9739208802178718e-05,0.0008772981689857211
4.68,52.511421742242284,51.97856680567015,0.2735541503298361,-0.009300073078689446,1.9739208802178718e-05,0.0008772981689857211
4.69,50.22070629045387,51.39457092839503,0.26602817366935494,0.020487802904804453,1.9739208802178718e-05,0.0008772981689857211
4.7,51.98345170471524,51.01297002507709,0.26964400154362644,-0.016938100639970664,1.9739208802178718e-05,0.0008772981689857211
4.71,51.26869360986396,51.23730830553673,0.2683600854719034,-0.000547776897250422,1.9739208802178718e-05,0.0008772981689857211
4.72,51.60693681954651,52.341469189136966,0.2721362905577076,0.012820008311829242,1.9739208802178718e-05,0.0008772981689857211
4.73,52.36155013620338,52.84016224492767,0.27541743896802307,0.008353357137151907,1.9739208802178718e-05,0.0008772981689857211
4.74,53.073150628985665,51.24100428129447,0.27309381894296975,-0.031976986145600225,1.9739208802178718e-05,0.0008772981689857211
4.75,52.114021039664635,52.56490812706253,0.27404879571319696,0.007869464229820674,1.9739208802178718e-05,0.0008772981689857211
4.76,53.98873899131696,50.27417366964009,0.2729596670479474,-0.06483139514366354,1.9739208802178718e-05,0.0008772981689857211
4.7700000000000005,51.53277721237512,53.157159624750726,0.2740776137269117,0.028350821407442384,1.9739208802178718e-05,0.0008772981689857211
4.78,53.10169589029101,54.00866810580671,0.28041427721122436,0.015829651384856407,1.9739208802178718e-05,0.0008772981689857211
4.79,56.402283419081556,52.948992594909505,0.2862809711551867,-0.060271294910710746,1.9739208802178718e-05,0.0008772981689857211
4.8,53.74375657002715,55.655893274244946,0.2864076135467175,0.033373081236833246,1.9739208802178718e-05,0.0008772981689857211
4.8100000000000005,55.386904218514516,52.60956067366385,0.2827340839324463,-0.04847378931665499,1.9739208802178718e-05,0.0008772981689857211
4.82,53.96785695610524,54.11896124066131,0.28297062833071446,0.002637267279373967,1.9739208802178718e-05,0.0008772981689857211
4.83,54.74595118840341,54.00602897800851,0.28471201829511883,-0.012914078780025078,1.9739208802178718e-05,0.0008772981689857211
4.84,54.171864772446696,54.11964740478584,0.2835065159184361,-0.0009113649924064049,1.9739208802178718e-05,0.0008772981689857211
4.8500000000000005,54.226501440031164,54.29380393582251,0.28410549511175237,0.0011746501463686758,1.9739208802178718e-05,0.0008772981689857211
4.86,53.68659759306799,54.75050250514985,0.2838876642042852,0.018568643643969523,1.9739208802178718e-05,0.0008772981689857211
4.87,55.32932403159782,55.83051289300519,0.2910157725471435,0.00874739580588017,1.9739208802178718e-05,0.0008772981689857211
4.88,53.98210370553609,56.657231816088704,0.28965310306066056,0.04668979344179795,1.9739208802178718e-05,0.0008772981689857211
4.89,55.99363654784541,55.19223397086431,0.29108392833713703,-0.013987113602287512,1.9739208802178718e-05,0.0008772981689857211
4.9,56.68826460131468,56.364299482585544,0.2959709206628919,-0.005654257983437698,1.9739208802178718e-05,0.0008772981689857211
4.91,56.01674381637453,54.73478579216972,0.28994682649336256,-0.022374388394735083,1.9739208802178718e-05,0.0008772981689857211
4.92,55.42439357913329,56.6870386026716,0.2935070431048238,0.02203731294466475,1.9739208802178718e-05,0.0008772981689857211
4.93,56.503636686280835,55.04448816251801,0.2920323079555862,-0.025466946015276215,1.9739208802178718e-05,0.0008772981689857211
4.94,55.77945625616499,57.45865584612645,0.29645668423911353,0.029307561642966107,1.9739208802178718e-05,0.0008772981689857211
4.95,57.46350640508912,58.99361890740283,0.3048840411165922,0.02670550109130365,1.9739208802178718e-05,0.0008772981689857211
4.96,54.33414848518307,56.38533512067555,0.2898629302545175,0.035799960362248494,1.9739208802178718e-05,0.0008772981689857211
4.97,56.320092876209124,54.09176952898261,0.2890575798344312,-0.03889157920816344,1.9739208802178718e-05,0.0008772981689857211
4.98,54.52483325551298,56.25612012976799,0.2900238577607267,0.030216656252311146,1.9739208802178718e-05,0.0008772981689857211
4.99,55.310720585099396,58.58304374251921,0.2981731777511115,0.05711281328623252,1.9739208802178718e-05,0.0008772981689857211
5.0,58.932414188859006,57.95947165751261,0.30602224153268154,-0.01698105060468284,1.9739208802178718e-05,0.0008772981689857211
5.01,58.37000149144834,57.59447583149235,0.3035942916959422,-0.013535476199934005,1.9739208802178718e-05,0.0008772981689857211
5.0200000000000005,56.43240323314057,58.50618154022812,0.3009085112816856,0.03619425941511175,1.9739208802178718e-05,0.0008772981689857211
5.03,55.49277536583324,57.87712364018042,0.29680170154625773,0.04161472790160344,1.9739208802178718e-05,0.0008772981689857211
5.04,53.738344907672335,58.75704973802368,0.29451225448466933,0.08759292347537455,1.9739208802178718e-05,0.0008772981689857211
5.05,56.64358490356315,58.3990879250587,0.3011810131731104,0.030639307753806227,1.9739208802178718e-05,0.0008772981689857211
5.0600000000000005,60.2002775277792,59.121820056366666,0.31238452098439756,-0.018822633718881265,1.9739208802178718e-05,0.0008772981689857211
5.07,57.81764063883869,57.726334813769824,0.3024934203737286,-0.0015935872737018095,1.9739208802178718e-05,0.0008772981689857211
5.08,56.62429276982293,58.38209079487506,0.30108600810232095,0.030679363122213532,1.9739208802178718e-05,0.0008772981689857211
5.09,57.85387576448268,56.92722702537937,0.3004962244129713,-0.016173071506806656,1.9739208802178718e-05,0.0008772981689857211
5.1000000000000005,55.42262948948898,56.57402653921151,0.29320655983865707,0.020095669515406978,1.9739208802178718e-05,0.0008772981689857211
5.11,56.93899147784515,59.34390068158508,0.30442789978853346,0.04197358381677711,1.9739208802178718e-05,0.0008772981689857211
5.12,57.4151524807012,57.55522512466954,0.300991744721231,0.002444728829221384,1.9739208802178718e-05,0.0008772981689857211
5.13,57.19245873089706,58.26163619211717,0.3022581136975001,0.01866066698640497,1.9739208802178718e-05,0.0008772981689857211
5.14,58.244746859110414,57.44426753037598,0.30287313142254524,-0.013970999880569823,1.9739208802178718e-05,0.0008772981689857211
5.15,57.70935378456558,56.59196073197836,0.29924014165069235,-0.019502187806557103,1.9739208802178718e-05,0.0008772981689857211
5.16,58.09777073481191,57.308958984181196,0.302134111883343,-0.013767362226926316,1.9739208802178718e-05,0.0008772981689857211
5.17,56.46973277440541,59.01897233440357,0.3023487229520269,0.04449262374405942,1.9739208802178718e-05,0.0008772981689857211
5.18,58.37315800317497,57.96206760221762,0.30456490842967715,-0.007174881020049299,1.9739208802178718e-05,0.0008772981689857211
5.19,59.250503850231105,55.24201172140577,0.2997407048423911,-0.06996138568827878,1.9739208802178718e-05,0.0008772981689857211
5.2,56.13160008950062,57.03748616519093,0.29627597499267383,0.01581069466876639,1.9739208802178718e-05,0.0008772981689857211
5.21,56.23054472622484,59.43453206432797,0.3028104629350833,0.05592012824210828,1.9739208802178718e-05,0.0008772981689857211
5.22,58.898720716666595,57.039223278862366,0.30352482760721555,-0.03245435272208238,1.9739208802178718e-05,0.0008772981689857211
5.23,57.06616672904824,55.135205083001296,0.2937425045061931,-0.03370163845324847,1.9739208802178718e-05,0.0008772981689857211
5.24,58.980365183562185,59.567438175589366,0.3103574234435983,0.01024635666040885,1.9739208802178718e-05,0.0008772981689857211
5.25,56.76473665881169,58.114650524857666,0.30075353235426094,0.023560441580827894,1.9739208802178718e-05,0.0008772981689857211
5.26,59.04183420460717,57.21176408250695,0.30435120861014725,-0.03194074917302355,1.9739208802178718e-05,0.0008772981689857211
5.2700000000000005,57.45356249324886,56.85007822978383,0.29924623164503883,-0.010532787381437777,1.9739208802178718e-05,0.0008772981689857211
5.28,57.60565410106955,58.594601828832396,0.3042115586455281,0.017260393979578275,1.9739208802178718e-05,0.0008772981689857211
5.29,59.1734411390862,56.64539943281088,0.3032130155732995,-0.044122651402239886,1.9739208802178718e-05,0.0008772981689857211
5.3,56.86165494014931,58.6736872225015,0.30247081847347235,0.031625929479473514,1.9739208802178718e-05,0.0008772981689857211
5.3100000000000005,56.166432997972365,57.94641385595142,0.29874673446375344,0.03106652659420802,1.9739208802178718e-05,0.0008772981689857211
5.32,56.75750246344829,57.589397823667134,0.299359484918972,0.01451931306788316,1.9739208802178718e-05,0.0008772981689857211
5.33,57.83858025385408,57.47039727948503,0.3018781972597405,-0.0064260051525259305,1.9739208802178718e-05,0.0008772981689857211
5.34,55.4168686264657,57.085817869025306,0.29453134450279184,0.029128659331330575,1.9739208802178718e-05,0.0008772981689857211
5.3500000000000005,58.06074459626366,58.55054765733343,0.30528764922459417,0.008548676102014263,1.9739208802178718e-05,0.0008772981689857211
5.36,56.649253931941026,56.257368114560116,0.29558884530243945,-0.006839697805166023,1.9739208802178718e-05,0.0008772981689857211
5.37,58.673154705962595,55.34946936088606,0.2985105317595354,-0.05800925257186933,1.9739208802178718e-05,0.0008772981689857211
5.38,54.42266714720175,58.033107660553284,0.2944085299914928,0.06301407440537847,1.9739208802178718e-05,0.0008772981689857211
5.39,56.35190058295731,58.05326550676289,0.29951202443348757,0.029694419698349888,1.9739208802178718e-05,0.0008772981689857211
5.4,55.272017731601395,57.87206889609644,0.2962105261222522,0.04537945354075128,1.9739208802178718e-05,0.0008772981689857211
5.41,56.30430415344557,57.785053556623964,0.2986852400289437,0.025843952482404085,1.9739208802178718e-05,0.0008772981689857211
5.42,57.59297859441305,56.911131059077256,0.2997710580777044,-0.011900484488217938,1.9739208802178718e-05,0.0008772981689857211
5.43,57.08070756254261,58.240758758344946,0.3019108928290859,0.020246712858448257,1.9739208802178718e-05,0.0008772981689857211
5.44,56.9917264303447,57.24110976097687,0.2990608658144851,0.004352560219120968,1.9739208802178718e-05,0.0008772981689857211
5.45,57.10475766742624,56.7112432401041,0.2979695935933888,-0.006868122410871129,1.9739208802178718e-05,0.0008772981689857211
5.46,57.53984540182625,56.921509938375834,0.2996591275472581,-0.010791989719054856,1.9739208802178718e-05,0.0008772981689857211
5.47,56.08553626275059,59.72054715161332,0.30317961741297705,0.06344290835650043,1.9739208802178718e-05,0.0008772981689857211
5.48,58.14399908216118,55.2138082146278,0.2967700455255331,-0.051141478350326675,1.9739208802178718e-05,0.0008772981689857211
5.49,58.090978677544896,57.895525238237276,0.30365195718115423,-0.0034113060502649617,1.9739208802178718e-05,0.0008772981689857211
5.5,57.75782503826964,55.28084699993386,0.29593455137230507,-0.04323142226854963,1.9739208802178718e-05,0.0008772981689857211
5.51,57.96361964438383,57.16589950709475,0.30140837631467543,-0.013922842905155774,1.9739208802178718e-05,0.0008772981689857211
5.5200000000000005,57.65148111405271,56.77542653089729,0.2995689436919772,-0.015290036903248446,1.9739208802178718e-05,0.0008772981689857211
5.53,59.7378674763596,54.793745557066465,0.29984306175800024,-0.08629120611168661,1.9739208802178718e-05,0.0008772981689857211
5.54,57.19126650781931,57.76262462160283,0.3009485832281279,0.009972080293506973,1.9739208802178718e-05,0.0008772981689857211
5.55,56.92727965108082,56.83973383845168,0.29784134483297187,-0.0015279626767126613,1.9739208802178718e-05,0.0008772981689857211
5.5600000000000005,56.39154641665346,54.77673190200882,0.29103787206511245,-0.02818383008954336,1.9739208802178718e-05,0.0008772981689857211
5.57,56.05706430838891,58.303261222011415,0.29939463212370243,0.039203531790847346,1.9739208802178718e-05,0.0008772981689857211
5.58,55.80241336796102,59.01778692666904,0.30059858144109863,0.05611885528102194,1.9739208802178718e-05,0.0008772981689857211
5.59,56.22922273720521,59.0839287238382,0.30188912457691763,0.049824018643138866,1.9739208802178718e-05,0.0008772981689857211
5.6000000000000005,57.21096305509983,57.72652724186408,0.3009056459491583,0.008998292564403137,1.9739208802178718e-05,0.0008772981689857211
5.61,57.69693366727957,57.351049279374855,0.30119491502961115,-0.0060368214001825056,1.9739208802178718e-05,0.0008772981689857211
5.62,57.35714998334491,58.88956745815727,0.30433319459845976,0.026745730450573046,1.9739208802178718e-05,0.0008772981689857211
5.63,56.37713718016666,59.31463981549043,0.3028803639085874,0.05126909277241003,1.9739208802178718e-05,0.0008772981689857211
5.64,58.376000989906274,58.656061956533065,0.3063892243224934,0.004887985973955344,1.9739208802178718e-05,0.0008772981689857211
5.65,58.183074719843454,56.165934390406555,0.2993650058050281,-0.035205740223437,1.9739208802178718e-05,0.0008772981689857211
5.66,57.10420154417589,57.53739333694022,0.300130993561943,0.007560623076354375,1.9739208802178718e-05,0.0008772981689857211
5.67,56.51228013948466,57.82319888623203,0.2993295841265512,0.0228798483568593,1.9739208802178718e-05,0.0008772981689857211
5.68,57.95389301807808,55.12423915038164,0.29603785775174063,-0.049386776683094845,1.9739208802178718e-05,0.0008772981689857211
5.69,57.52134781806564,57.85901230462724,0.3020650764416639,0.005893357057556263,1.9739208802178718e-05,0.0008772981689857211
5.7,55.55802680178426,60.02336970425758,0.30259138846252503,0.07793493587871958,1.9739208802178718e-05,0.0008772981689857211
5.71,57.21420320590103,58.06370291204327,0.3017968524844564,0.01482656686690657,1.9739208802178718e-05,0.0008772981689857211
5.72,57.610222487571576,59.06387521081243,0.30545207349455084,0.025371026201134555,1.9739208802178718e-05,0.0008772981689857211
5.73,56.216145769297015,57.51527718923676,0.2977481690407027,0.022674120694057647,1.9739208802178718e-05,0.0008772981689857211
5.74,57.52359158448725,57.20791752430173,0.3003663884595349,-0.005509551713376119,1.9739208802178718e-05,0.0008772981689857211
5.75,55.54999253077297,57.753305181179485,0.2966273397661392,0.03845506020043651,1.9739208802178718e-05,0.0008772981689857211
5.76,58.89920283309692,56.316787535501,0.3016347574317163,-0.04507164959691816,1.9739208802178718e-05,0.0008772981689857211
5.7700000000000005,58.79331949515363,56.13924928840105,0.30089276145718247,-0.046322263686919274,1.9739208802178718e-05,0.0008772981689857211
5.78,56.99275871191876,58.815344981685556,0.3031849064916603,0.03181013130907222,1.9739208802178718e-05,0.0008772981689857211
5.79,57.7319247184892,58.942590324522136,0.3054531661002302,0.021130100965927233,1.9739208802178718e-05,0.0008772981689857211
5.8,54.403873154122465,56.106451934377496,0.2893153545365427,0.029715605490039376,1.9739208802178718e-05,0.0008772981689857211
5.8100000000000005,55.908162320763914,58.45737807854695,0.29940828461858476,0.044492208317036264,1.9739208802178718e-05,0.0008772981689857211
5.82,56.94324480889976,57.19142754235509,0.29880387348215026,0.004331605845394974,1.9739208802178718e-05,0.0008772981689857211
5.83,56.00921988737009,57.70354980247083,0.29769933489746025,0.029571635633544036,1.9739208802178718e-05,0.0008772981689857211
5.84,58.15305529223911,57.848041880404395,0.30369016223827716,-0.005323488299257181,1.9739208802178718e-05,0.0008772981689857211
5.8500000000000005,59.692535349979906,58.489000074831495,0.30939853623379115,-0.021005653215235474,1.9739208802178718e-05,0.0008772981689857211
5.86,55.88384184976715,57.39504135531814,0.2965634227366268,0.026375407026375162,1.9739208802178718e-05,0.0008772981689857211
5.87,56.29082342818008,58.98797390744464,0.3017991856868877,0.04707415628490956,1.9739208802178718e-05,0.0008772981689857211
5.88,57.578317555054234,57.66707492079423,0.3017117319684983,0.001549108267559866,1.9739208802178718e-05,0.0008772981689857211
5.89,59.229118891281864,58.04480064004576,0.3070224033810829,-0.02067025287553148,1.9739208802178718e-05,0.0008772981689857211
5.9,55.82893033803443,56.29586440323762,0.2935420262037031,0.008149536827517512,1.9739208802178718e-05,0.0008772981689857211
5.91,57.594622859850645,59.88617032592812,0.3075639973419537,0.03999504824878486,1.9739208802178718e-05,0.0008772981689857211
5.92,59.48133813405805,57.859569420928274,0.30719777761692,-0.02830520374994594,1.9739208802178718e-05,0.0008772981689857211
5.93,55.3136685352672,58.15137642349644,0.29705079306807286,0.049527345859415504,1.9739208802178718e-05,0.0008772981689857211
5.94,55.75849646486732,55.36595653962846,0.2909231376609235,-0.0068511141409505205,1.9739208802178718e-05,0.0008772981689857211
5.95,56.78745158532931,56.30853708538739,0.2960846059653317,-0.008358634859528443,1.9739208802178718e-05,0.0008772981689857211
5.96,56.67107341765582,58.78123993858479,0.3022534495665935,0.03682935355556435,1.9739208802178718e-05,0.0008772981689857211
5.97,58.27090105838669,57.64004885503344,0.3034541572655126,-0.011010448041975004,1.9739208802178718e-05,0.0008772981689857211
5.98,57.58577117686732,54.99924383128761,0.2947468800449301,-0.04514341837323503,1.9739208802178718e-05,0.0008772981689857211
5.99,55.16582504151176,58.541727427862895,0.2976856762462195,0.058920611867760986,1.9739208802178718e-05,0.0008772981689857211
6.0,57.914271996563286,56.643240147859046,0.29991086547203394,-0.02218369065759951,1.9739208802178718e-05,0.0008772981689857211
6.01,56.602732848255535,58.98935989613437,0.3026193911490378,0.04165450000263804,1.9739208802178718e-05,0.0008772981689857211
6.0200000000000005,58.8251161734118,57.19037669875787,0.30372785009150605,-0.02853158624503342,1.9739208802178718e-05,0.0008772981689857211
6.03,56.54267446935801,57.541427536306955,0.298671480626988,0.017431529432650472,1.9739208802178718e-05,0.0008772981689857211
6.04,56.53184117335963,58.71052500739229,0.30170380914646255,0.038025206263843835,1.9739208802178718e-05,0.0008772981689857211
6.05,57.94513744604775,56.21878794805672,0.2988804577692432,-0.03013048278009467,1.9739208802178718e-05,0.0008772981689857211
6.0600000000000005,58.21129129188664,56.10436334368159,0.2992776839945076,-0.03677282979846652,1.9739208802178718e-05,0.0008772981689857211
6.07,57.83349874980576,57.059981408604585,0.3007904276758555,-0.013500424425232915,1.9739208802178718e-05,0.0008772981689857211
6.08,55.273062732220545,58.28838687262778,0.29730317984133253,0.052627334264974124,1.9739208802178718e-05,0.0008772981689857211
6.09,57.941420840996216,55.69872680994613,0.29750921084421655,-0.03914239495664792,1.9739208802178718e-05,0.0008772981689857211
6.1000000000000005,56.05460985107304,55.2941379932154,0.29151034017836575,-0.013272737788374197,1.9739208802178718e-05,0.0008772981689857211
6.11,57.57811084698823,58.28424462553487,0.30332693731673976,0.012324359395187353,1.9739208802178718e-05,0.0008772981689857211
6.12,55.58729819060344,56.57220553800191,0.293632894120053,0.01718987603918698,1.9739208802178718e-05,0.0008772981689857211
6.13,57.83136609013399,56.82510829757798,0.30016994801911856,-0.01756251160395258,1.9739208802178718e-05,0.0008772981689857211
6.140000000000001,56.32786082791347,55.06760703075412,0.29163265288999,-0.021995578171191504,1.9739208802178718e-05,0.0008772981689857211
6.15,55.75661793276969,56.481004335859936,0.2938374079795942,0.01264292779060335,1.9739208802178718e-05,0.0008772981689857211
6.16,58.15236367686119,57.28669875712494,0.30221875873325355,-0.015108703068409945,1.9739208802178718e-05,0.0008772981689857211
6.17,57.58575293909442,58.412232942229785,0.3036820168966506,0.014424797256605098,1.9739208802178718e-05,0.0008772981689857211
6.18,56.55900735141084,56.37030331360075,0.2956482439667999,-0.0032935067715939015,1.9739208802178718e-05,0.0008772981689857211
6.19,59.03719413190759,59.284630857361314,0.309765813454687,0.00431858554952073,1.9739208802178718e-05,0.0008772981689857211
6.2,56.76699660719863,56.474312284066556,0.29646505341307605,-0.00510830510762561,1.9739208802178718e-05,0.0008772981689857211
6.21,57.334308721847435,56.47606935118011,0.2979548730470835,-0.014979102788389062,1.9739208802178718e-05,0.0008772981689857211
6.22,57.61847565029664,59.14060857535968,0.3056745677026615,0.026566231195362205,1.9739208802178718e-05,0.0008772981689857211
6.23,56.55218039212798,57.549531695919015,0.29871758371485513,0.017407064050211828,1.9739208802178718e-05,0.0008772981689857211
6.24,57.86114306516223,56.63334983826842,0.29974588148492204,-0.02142903434298275,1.9739208802178718e-05,0.0008772981689857211
6.25,56.65563669648465,57.109619755665605,0.2978367449198617,0.007923499130983818,1.9739208802178718e-05,0.0008772981689857211
6.26,56.80181352642286,58.919467806132786,0.3029576060819621,0.036960039599887216,1.9739208802178718e-05,0.0008772981689857211
6.2700000000000005,58.93095068084632,59.05522289663313,0.30888708011348304,0.0021689593342288926,1.9739208802178718e-05,0.0008772981689857211
6.28,56.0470762500674,56.31562769795801,0.2941648710505012,0.004687106976689245,1.9739208802178718e-05,0.0008772981689857211
6.29,54.40044311596693,57.244858940987385,0.2922867172916176,0.04964442144243779,1.9739208802178718e-05,0.0008772981689857211
6.3,59.22890390709659,57.4039677062834,0.30534414385639674,-0.031851145343026285,1.9739208802178718e-05,0.0008772981689857211
6.3100000000000005,60.35497305621072,56.1122913804624,0.30491058528162673,-0.07404876435583871,1.9739208802178718e-05,0.0008772981689857211
6.32,56.80945639454312,57.228957449902325,0.2985518693006186,0.007321674631609043,1.9739208802178718e-05,0.0008772981689857211
6.33,54.97157386433809,57.30216694562436,0.29393196609968547,0.04067652279264533,1.9739208802178718e-05,0.0008772981689857211
6.34,56.923198741647184,58.6640308878064,0.30260665954390653,0.030383252675037314,1.9739208802178718e-05,0.0008772981689857211
6.3500000000000005,56.95231197327351,58.744689547055756,0.3028940416821946,0.031282890101407834,1.9739208802178718e-05,0.0008772981689857211
6.36,57.06787090385561,56.9007282350515,0.2983690948289255,-0.0029171898912020806,1.9739208802178718e-05,0.0008772981689857211
6.37,55.9597138627761,57.03903574044934,0.295830034681938,0.018837720454205436,1.9739208802178718e-05,0.0008772981689857211
6.38,57.99125288405409,58.09293027554908,0.3039076808434844,0.001774605256426772,1.9739208802178718e-05,0.0008772981689857211
6.390000000000001,57.92518836342562,56.593553374369904,0.29980936478483766,-0.023241414993780962,1.9739208802178718e-05,0.0008772981689857211
6.4,55.502492769299145,58.002147695167196,0.2971544538595985,0.043627208620092284,1.9739208802178718e-05,0.0008772981689857211
6.41,58.13481559111618,57.19029172823926,0.30192042494078464,-0.01648505127085753,1.9739208802178718e-05,0.0008772981689857211
6.42,59.759001491417386,56.13250121979597,0.3034032446091912,-0.06329437006426242,1.9739208802178718e-05,0.0008772981689857211
6.43,57.50213191200679,56.14757545762674,0.2975342381292254,-0.02364147003307208,1.9739208802178718e-05,0.0008772981689857211
6.44,56.890989318600106,59.03224994831964,0.3034863307177391,0.03737204813193303,1.9739208802178718e-05,0.0008772981689857211
6.45,57.12537565579329,57.108073738110356,0.2990624711750909,-0.0003019754304761646,1.9739208802178718e-05,0.0008772981689857211
6.46,58.03408763344459,59.26420442576029,0.3070862105098567,0.02146958820998024,1.9739208802178718e-05,0.0008772981689857211
6.47,55.21897358647365,56.67941600022442,0.2929492988950827,0.02548952865572422,1.9739208802178718e-05,0.0008772981689857211
6.48,57.49304835665508,57.645225754440105,0.30143129674535374,0.0026559966384655707,1.9739208802178718e-05,0.0008772981689857211
6.49,56.827222773726945,60.166991580704206,0.30629013694032536,0.0582899619371563,1.9739208802178718e-05,0.0008772981689857211
6.5,59.51316952862957,56.02691541948638,0.30248323505678476,-0.06084661276573052,1.9739208802178718e-05,0.0008772981689857211
6.51,57.08677223251637,55.01840211320258,0.2934906601282613,-0.036099868731893456,1.9739208802178718e-05,0.0008772981689857211
6.5200000000000005,59.29724464642574,58.839687670626994,0.30928176557073955,-0.007985875743156123,1.9739208802178718e-05,0.0008772981689857211
6.53,55.97129067574391,56.30360858661063,0.29393499892095587,0.005800041707973436,1.9739208802178718e-05,0.0008772981689857211
6.54,58.000490513245666,57.27093187615483,0.30177987812282214,-0.012733200303597555,1.9739208802178718e-05,0.0008772981689857211
6.55,57.67905982963179,56.59267766054042,0.29916270917672194,-0.018960945785602333,1.9739208802178718e-05,0.0008772981689857211
6.5600000000000005,56.252922815644574,57.61757485022869,0.29811226577310096,0.023817671147532415,1.9739208802178718e-05,0.0008772981689857211
6.57,57.50865485064664,56.15513606445943,0.29757110876505294,-0.023623359306564156,1.9739208802178718e-05,0.0008772981689857211
6.58,58.75080211728024,57.07985140762235,0.30324394181194886,-0.029163591522065973,1.9739208802178718e-05,0.0008772981689857211
6.59,56.90722946793839,57.83555790495016,0.300395914885902,0.016202387765748193,1.9739208802178718e-05,0.0008772981689857211
6.6000000000000005,55.2654243340786,56.0858088495532,0.2915168467815514,0.01431841092741008,1.9739208802178718e-05,0.0008772981689857211
6.61,57.274704121309384,56.45567867750725,0.2977454459089311,-0.014294690651955138,1.9739208802178718e-05,0.0008772981689857211
6.62,56.2128717993313,56.87892011276408,0.2960736188769537,0.011624736046757142,1.9739208802178718e-05,0.0008772981689857211
6.63,56.88497038668566,55.58120099201078,0.2944357481505695,-0.022755068623810014,1.9739208802178718e-05,0.0008772981689857211
6.640000000000001,57.19787418946017,56.78870633372382,0.29841616998288023,-0.00714132627592438,1.9739208802178718e-05,0.0008772981689857211
6.65,55.248996853863694,57.438335360965795,0.29501474586561727,0.03821116538962906,1.9739208802178718e-05,0.0008772981689857211
6.66,55.3569895058975,56.8163207831762,0.29366903961083524,0.02547013566584766,1.9739208802178718e-05,0.0008772981689857211
6.67,57.874259715712945,56.970127721564246,0.300661903232475,-0.01578008017051713,1.9739208802178718e-05,0.0008772981689857211
6.68,56.6685170776787,57.27189750799441,0.2982953078411049,0.010530975151109383,1.9739208802178718e-05,0.0008772981689857211
6.69,54.21808630289763,56.50888735816354,0.28988253917318363,0.03998202092255081,1.9739208802178718e-05,0.0008772981689857211
6.7,58.237592357012076,58.12505459212257,0.3046366973397201,-0.001964154530157229,1.9739208802178718e-05,0.0008772981689857211
6.71,57.6226232194114,59.01895326284445,0.3053669331498225,0.024370556702422164,1.9739208802178718e-05,0.0008772981689857211
6.72,56.43912972423853,56.73852304244778,0.2962984020686319,0.005225399161222407,1.9739208802178718e-05,0.0008772981689857211
6.73,55.715583259812426,57.87801739085556,0.2973873510824594,0.037741595444205266,1.9739208802178718e-05,0.0008772981689857211
6.74,58.29874898865952,57.008238926560736,0.30187298845168586,-0.022523649613740242,1.9739208802178718e-05,0.0008772981689857211
6.75,57.71500026015483,57.734364327128525,0.30224572970751584,0.00033796672526786864,1.9739208802178718e-05,0.0008772981689857211
6.76,60.1549022523032,59.17471495052622,0.31240420730007595,-0.017107495702247677,1.9739208802178718e-05,0.0008772981689857211
6.7700000000000005,57.80000583155224,57.90617096470403,0.30291806249840036,0.0018529311243170588,1.9739208802178718e-05,0.0008772981689857211
6.78,57.76102328259673,55.1676820665107,0.29564665925346856,-0.04526234284837505,1.9739208802178718e-05,0.0008772981689857211
6.79,57.095465996952036,57.840574270818664,0.3009018497816076,0.013004592662824352,1.9739208802178718e-05,0.0008772981689857211
6.8,58.275910553723264,58.775216005053124,0.30643913274288415,0.008714524098862308,1.9739208802178718e-05,0.0008772981689857211
6.8100000000000005,58.0458817545801,57.02986410908459,0.3012675981763792,-0.017732853172257222,1.9739208802178718e-05,0.0008772981689857211
6.82,58.79784952336055,58.49054128042371,0.3070602890837811,-0.005363540657766416,1.9739208802178718e-05,0.0008772981689857211
6.83,56.67019201071757,56.467640863699984,0.29619415383445,-0.0035351844191479818,1.9739208802178718e-05,0.0008772981689857211
6.84,56.773290545549564,55.513132521655585,0.293965168171506,-0.021993906612375325,1.9739208802178718e-05,0.0008772981689857211
6.8500000000000005,56.72085570798794,57.46518233568148,0.2989383485504304,0.012990950363518383,1.9739208802178718e-05,0.0008772981689857211
6.86,58.244741578497106,55.18800744818674,0.29696624251560394,-0.0533500749320015,1.9739208802178718e-05,0.0008772981689857211
6.87,59.093828841438395,57.00805429761001,0.3039540192813126,-0.03640363324408813,1.9739208802178718e-05,0.0008772981689857211
6.88,56.745170921303156,58.839990228256916,0.3026012442762086,0.036561494140689065,1.9739208802178718e-05,0.0008772981689857211
6.890000000000001,56.78605103973061,55.00406402618678,0.29266583686253644,-0.031101540614120553,1.9739208802178718e-05,0.0008772981689857211
6.9,57.67267218172608,55.76038335798564,0.29696704496483445,-0.03337573622336036,1.9739208802178718e-05,0.0008772981689857211
6.91,57.00086571306684,56.05734081888842,0.29598569255735685,-0.016467615977944404,1.9739208802178718e-05,0.0008772981689857211
6.92,58.43824389685018,57.21979568142916,0.3027920395564333,-0.02126593312414623,1.9739208802178718e-05,0.0008772981689857211
6.93,54.59364676433946,56.85691937030686,0.2917768998391902,0.039501558844323346,1.9739208802178718e-05,0.0008772981689857211
6.94,56.30373345678204,58.97474317111762,0.30179834607602685,0.04661791386790922,1.9739208802178718e-05,0.0008772981689857211
6.95,56.35687991232858,58.44099750799235,0.30054014029281817,0.036374714043080535,1.9739208802178718e-05,0.0008772981689857211
6.96,54.511352298218945,57.890107048364634,0.29426633244666567,0.05897039500744069,1.9739208802178718e-05,0.0008772981689857211
6.97,56.13941337983975,57.470535890294975,0.29743015166813697,0.02323247055485626,1.9739208802178718e-05,0.0008772981689857211
6.98,56.1975921740672,57.767655245464105,0.2983603200481189,0.027402770059850777,1.9739208802178718e-05,0.0008772981689857211
6.99,57.05445392765972,56.26140068670627,0.2966602136597844,-0.01384139019824963,1.9739208802178718e-05,0.0008772981689857211
7.0,58.63133858307463,58.32443193735025,0.30618949121825045,-0.005356531464142204,1.9739208802178718e-05,0.0008772981689857211
7.01,57.00170673165347,55.961326407851274,0.2957365291985737,-0.018158062123313133,1.9739208802178718e-05,0.0008772981689857211
7.0200000000000005,56.05880304875693,58.29823190576499,0.29938601741619775,0.03908540691896408,1.9739208802178718e-05,0.0008772981689857211
7.03,57.22743406362608,58.71915051562491,0.3035474486025021,0.02603536359354767,1.9739208802178718e-05,0.0008772981689857211
7.04,58.554787858811935,57.54881703558802,0.30395852682628244,-0.017557503044255223,1.9739208802178718e-05,0.0008772981689857211
7.05,56.12462893374443,57.08432384232795,0.29638034530158563,0.016749835969408305,1.9739208802178718e-05,0.0008772981689857211
7.0600000000000005,56.203089652376576,57.77615140305392,0.29839695530123383,0.027455106886505876,1.9739208802178718e-05,0.0008772981689857211
7.07,57.966038264211385,53.861957468961506,0.29276500821750556,-0.07162972264497766,1.9739208802178718e-05,0.0008772981689857211
7.08,57.02993617420535,57.65848937526487,0.30025359596499634,0.010970322882438526,1.9739208802178718e-05,0.0008772981689857211
7.09,58.07276114193368,57.159754715674545,0.3016780210607761,-0.01593496823008874,1.9739208802178718e-05,0.0008772981689857211
7.1000000000000005,57.27940336292796,57.235025777413924,0.29979807443110584,-0.0007745349813050492,1.9739208802178718e-05,0.0008772981689857211
7.11,58.1377758907898,58.143618528559706,0.3044239787141713,0.00010197326608637111,1.9739208802178718e-05,0.0008772981689857211
7.12,56.05368577623355,57.20605680720464,0.2965133127063337,0.02011266869504702,1.9739208802178718e-05,0.0008772981689857211
7.13,57.2812779321364,55.927531285100926,0.2963799694654343,-0.023627336228602323,1.9739208802178718e-05,0.0008772981689857211
7.140000000000001,57.04295149584653,57.12609630809186,0.29889386820682895,0.0014511507296334956,1.9739208802178718e-05,0.0008772981689857211
7.15,55.83671040415736,57.3768460939793,0.29639239781776594,0.026880438714867082,1.9739208802178718e-05,0.0008772981689857211
7.16,55.41960597563989,57.43370020697953,0.2954492646971973,0.03515257578230124,1.9739208802178718e-05,0.0008772981689857211
7.17,58.11867835541191,57.490082753824396,0.3026630288261618,-0.010971062911256565,1.9739208802178718e-05,0.0008772981689857211
7.18,56.87463665442074,58.54302236698458,0.30216272473014893,0.029118823877470706,1.9739208802178718e-05,0.0008772981689857211
7.19,56.06904317510552,55.992538049441336,0.29337653360391025,-0.001335266337491962,1.9739208802178718e-05,0.0008772981689857211
7.2,57.18036478877432,57.50662006048014,0.30024982422065144,0.005694228693255236,1.9739208802178718e-05,0.0008772981689857211
7.21,58.649402141901476,58.84369515142421,0.3075962094201856,0.0033910527297803528,1.9739208802178718e-05,0.0008772981689857211
7.22,54.55889409863601,55.21424571675768,0.287385408004605,0.011438043494495509,1.9739208802178718e-05,0.0008772981689857211
7.23,55.499813085198326,57.51135553001838,0.29586254757930186,0.03510803870572621,1.9739208802178718e-05,0.0008772981689857211
7.24,56.188315782808,56.59332531071466,0.29526164593267623,0.007068749763919173,1.9739208802178718e-05,0.0008772981689857211
7.25,59.04919415314671,56.85092705171459,0.30342580777279904,-0.038366998758262626,1.9739208802178718e-05,0.0008772981689857211
7.26,57.63488389258547,56.21001050922501,0.298045236584528,-0.02486873196367164,1.9739208802178718e-05,0.0008772981689857211
7.2700000000000005,58.21656020163579,57.09231865424178,0.30187793892275033,-0.019621716589741288,1.9739208802178718e-05,0.0008772981689857211
7.28,55.927586410130836,59.505286250394605,0.30220255394422735,0.062442641860677904,1.9739208802178718e-05,0.0008772981689857211
7.29,55.952336462757685,55.778463079669656,0.2925105491851696,-0.003034663016467561,1.9739208802178718e-05,0.0008772981689857211
7.3,57.833155973149566,55.89224751010772,0.29773241009128015,-0.03387524315990283,1.9739208802178718e-05,0.0008772981689857211
7.3100000000000005,57.36570871020485,55.73345802888611,0.2960929261288794,-0.028488148606932717,1.9739208802178718e-05,0.0008772981689857211
7.32,57.95426609571927,59.36868145703604,0.30715075844103057,0.02468620504576302,1.9739208802178718e-05,0.0008772981689857211
7.33,57.070574323968174,56.740971866456775,0.29795793117127867,-0.005752648106238656,1.9739208802178718e-05,0.0008772981689857211
7.34,57.62955198482787,57.265012640665105,0.30079326680403873,-0.006362411808700971,1.9739208802178718e-05,0.0008772981689857211
7.3500000000000005,57.48552241496845,56.81243998375483,0.2992313658267596,-0.01174750456200598,1.9739208802178718e-05,0.0008772981689857211
7.36,58.229100379984224,56.1624720589986,0.2994764363390776,-0.0360694686161613,1.9739208802178718e-05,0.0008772981689857211
7.37,58.26418945141568,57.013598737144996,0.301796543746052,-0.021826925558891173,1.9739208802178718e-05,0.0008772981689857211
7.38,55.351933119812195,60.245671839966185,0.302633822095179,0.08541185339902058,1.9739208802178718e-05,0.0008772981689857211
7.390000000000001,54.59905724667329,58.96626461825142,0.2973133173945065,0.07622214775140598,1.9739208802178718e-05,0.0008772981689857211
7.4,58.497873990264125,56.272254131731586,0.3004674927996842,-0.03884439442916332,1.9739208802178718e-05,0.0008772981689857211
7.41,58.72104962499664,58.07286843675634,0.30576576247230947,-0.01131289588428249,1.9739208802178718e-05,0.0008772981689857211
7.42,56.07103188966631,56.297952185882664,0.29418131238591094,0.00396050630857625,1.9739208802178718e-05,0.0008772981689857211
7.43,55.06397702522756,55.16413834646685,0.2885765312256361,0.0017481448387733172,1.9739208802178718e-05,0.0008772981689857211
7.44,57.41462129829096,58.51919261427987,0.3035140150753156,0.019278406287093208,1.9739208802178718e-05,0.0008772981689857211
7.45,58.41278538470295,58.687890929054575,0.3065688536980808,0.0048014975394272685,1.9739208802178718e-05,0.0008772981689857211
7.46,59.452892940003494,58.551042214339795,0.308933579812976,-0.015740264524331714,1.9739208802178718e-05,0.0008772981689857211
7.47,57.91533659960405,56.73194121401883,0.3001458714444548,-0.02065414583137008,1.9739208802178718e-05,0.0008772981689857211
7.48,56.849719477179484,57.09564863227993,0.29830827613605204,0.00429227348315057,1.9739208802178718e-05,0.0008772981689857211
7.49,56.22402276718048,58.19549817747206,0.2995496053558199,0.03440873703169441,1.9739208802178718e-05,0.0008772981689857211
7.5,57.309521063087104,57.76557475790005,0.301265896368629,0.007959638540371294,1.9739208802178718e-05,0.0008772981689857211
7.51,56.93666186842001,56.823414547525864,0.29782318361679083,-0.0019765386186652396,1.9739208802178718e-05,0.0008772981689857211
7.5200000000000005,56.077698026207734,55.35289332894052,0.29172460598875005,-0.012650228401233829,1.9739208802178718e-05,0.0008772981689857211
7.53,59.75428629411826,57.43242974605273,0.3067941051750953,-0.04052404152273333,1.9739208802178718e-05,0.0008772981689857211
7.54,59.43798159556887,58.59059108016565,0.30899808069314716,-0.014789754543957923,1.9739208802178718e-05,0.0008772981689857211
7.55,58.65903793334883,55.85867356624133,0.29980666762752317,-0.04887557846155318,1.9739208802178718e-05,0.0008772981689857211
7.5600000000000005,56.190759035711366,58.06229077109349,0.2991137849360724,0.03266439083798127,1.9739208802178718e-05,0.0008772981689857211
7.57,58.32180270223905,57.69362954724275,0.3037276913816803,-0.010963689827325948,1.9739208802178718e-05,0.0008772981689857211
7.58,58.063331204479795,58.195957428961115,0.3043661059019944,0.0023147642916881983,1.9739208802178718e-05,0.0008772981689857211
7.59,57.82683426212718,58.342150112745124,0.3041296899059053,0.00899395828099836,1.9739208802178718e-05,0.0008772981689857211
7.6000000000000005,58.79537783353485,56.462421222771894,0.3017442123201849,-0.040717774163981556,1.9739208802178718e-05,0.0008772981689857211
7.61,58.05822488451585,55.35542823288438,0.29691624954200474,-0.047172700582847435,1.9739208802178718e-05,0.0008772981689857211
7.62,58.18379659664752,56.65555608226286,0.30064872226589345,-0.026672828738384023,1.9739208802178718e-05,0.0008772981689857211
7.63,58.06006705312897,58.36273229411472,0.30479417594971614,0.005282504986543479,1.9739208802178718e-05,0.0008772981689857211
7.640000000000001,57.704729202684845,56.64537482885115,0.2993678723022517,-0.018489221768800967,1.9739208802178718e-05,0.0008772981689857211
7.65,55.155446157425295,56.46292752445314,0.29221621897052463,0.022819854763112546,1.9739208802178718e-05,0.0008772981689857211
7.66,57.396124805974985,55.11015910277275,0.29454076250867456,-0.03989762810854669,1.9739208802178718e-05,0.0008772981689857211
7.67,56.628349162463365,59.39895657854344,0.3037587761098032,0.04835622169076996,1.9739208802178718e-05,0.0008772981689857211
7.68,55.75997036391429,58.28663588279269,0.29857331695958544,0.04409863240103895,1.9739208802178718e-05,0.0008772981689857211
7.69,59.3139594562433,58.21965469061203,0.3077022822946818,-0.019099221180530573,1.9739208802178718e-05,0.0008772981689857211
7.7,59.37057392214516,58.457049977217686,0.30847199802681624,-0.01594400063479181,1.9739208802178718e-05,0.0008772981689857211
7.71,58.92684423343705,57.9878295469344,0.3060819002043852,-0.01638889800405367,1.9739208802178718e-05,0.0008772981689857211
7.72,57.60203561330937,57.00258488686688,0.3000341948589999,-0.010462388879893444,1.9739208802178718e-05,0.0008772981689857211
7.73,58.91652965822551,57.09926258813567,0.30372863385130666,-0.03171729376113819,1.9739208802178718e-05,0.0008772981689857211
7.74,57.31024332980451,56.782702275571765,0.2986946331168916,-0.00920732833580351,1.9739208802178718e-05,0.0008772981689857211
7.75,57.53913624535965,60.457468418380316,0.3089143886334539,0.05093450508609154,1.9739208802178718e-05,0.0008772981689857211
7.76,55.98361386852794,57.962873950641644,0.29831120752921836,0.034544605186177524,1.9739208802178718e-05,0.0008772981689857211
7.7700000000000005,57.77216907848092,56.739218983460596,0.2997901129064712,-0.0180283801668929,1.9739208802178718e-05,0.0008772981689857211
7.78,57.36824262719161,57.85437564208185,0.3016521092351089,0.008484621712481396,1.9739208802178718e-05,0.0008772981689857211
7.79,55.732596972880955,56.08273681165473,0.29273185931348994,0.006111093029004626,1.9739208802178718e-05,0.0008772981689857211
7.8,57.2343429789024,59.10118757538939,0.30456570678402833,0.032582584831762906,1.9739208802178718e-05,0.0008772981689857211
7.8100000000000005,57.20010403645414,56.502496598113744,0.2976727123730105,-0.012175546685443406,1.9739208802178718e-05,0.0008772981689857211
7.82,59.452852913055885,57.89708203222928,0.3072214112694567,-0.027153324277076805,1.9739208802178718e-05,0.0008772981689857211
7.83,58.36883550729841,58.574952668774074,0.30615812151409183,0.003597423112615128,1.9739208802178718e-05,0.0008772981689857211
7.84,57.309514039992074,57.75750176612831,0.3012447429391737,0.007818860829599816,1.9739208802178718e-05,0.0008772981689857211
7.8500000000000005,57.594324284843616,57.40914350326588,0.30107837461706266,-0.0032320143499477614,1.9739208802178718e-05,0.0008772981689857211
7.86,57.34883436680735,57.308742014909534,0.30017283303267694,-0.0006997435454849285,1.9739208802178718e-05,0.0008772981689857211
7.87,57.05228273132766,57.22805019681779,0.29918521198071457,0.0030677209906883793,1.9739208802178718e-05,0.0008772981689857211
7.88,55.99686687621637,56.60374132636931,0.2947877029324881,0.010591957301398874,1.9739208802178718e-05,0.0008772981689857211
7.890000000000001,57.114517259954,56.75639939735867,0.29811336269012423,-0.006250335812493235,1.9739208802178718e-05,0.0008772981689857211
7.9,56.4004616050993,59.07128796146344,0.30230433344622826,0.04661471366759762,1.9739208802178718e-05,0.0008772981689857211
7.91,55.79540086637454,57.165535553860124,0.29573104000036077,0.02391336149240697,1.9739208802178718e-05,0.0008772981689857211
7.92,57.90924569053936,56.35282398982299,0.29913739890982616,-0.027164683226990432,1.9739208802178718e-05,0.0008772981689857211
7.930000000000001,57.7652971050022,56.67622239684851,0.29960719744388936,-0.01900793945747825,1.9739208802178718e-05,0.0008772981689857211
7.94,55.151730499440625,58.616224329918985,0.2978438092548763,0.06046682425687788,1.9739208802178718e-05,0.0008772981689857211
7.95,57.14855794808816,58.10650747287969,0.301737055679603,0.01671937327552738,1.9739208802178718e-05,0.0008772981689857211
7.96,58.49062117616222,57.96817452696102,0.3048884141890388,-0.00911841419457271,1.9739208802178718e-05,0.0008772981689857211
7.97,58.566847999757904,56.98675407439057,0.302518622809986,-0.027577841488421462,1.9739208802178718e-05,0.0008772981689857211
7.98,58.5267837245446,57.98381447728985,0.3050240328135294,-0.00947660110167059,1.9739208802178718e-05,0.0008772981689857211
7.99,57.342475361364066,56.52350616314154,0.29810044254264834,-0.014293708981401218,1.9739208802178718e-05,0.0008772981689857211
8.0,56.281725119519336,56.984242675467385,0.296529610272057,0.01226124440435683,1.9739208802178718e-05,0.0008772981689857211
8.01,55.995340920252644,58.45954489795241,0.29964219037827633,0.04300847285160207,1.9739208802178718e-05,0.0008772981689857211
8.02,57.709305398782746,58.34491272778519,0.30382923257044436,0.011093440640899677,1.9739208802178718e-05,0.0008772981689857211
8.03,57.750915554320514,56.11748769794135,0.29810678261108836,-0.028508694187609485,1.9739208802178718e-05,0.0008772981689857211
8.040000000000001,58.84057684700839,56.269147769592024,0.3013565543435467,-0.04487990388243583,1.9739208802178718e-05,0.0008772981689857211
8.05,58.615755093492815,57.42622209645841,0.30379718587332094,-0.02076126735936638,1.9739208802178718e-05,0.0008772981689857211
8.06,57.13710512524491,59.36713836268573,0.3050073962114328,0.03892142242225098,1.9739208802178718e-05,0.0008772981689857211
8.07,55.80273245844927,54.997101315719526,0.29007328650324915,-0.01406091599723843,1.9739208802178718e-05,0.0008772981689857211
8.08,56.91285159666924,57.62977904056692,0.29987190577732525,0.012512744393921398,1.9739208802178718e-05,0.0008772981689857211
8.09,57.556456946854944,55.64452751519454,0.29635948430425585,-0.03336946364825788,1.9739208802178718e-05,0.0008772981689857211
8.1,57.05327961861503,56.53458232085166,0.29737232717166684,-0.009052975667168117,1.9739208802178718e-05,0.0008772981689857211
8.11,56.60230658338913,56.85846541140523,0.2970396064745604,0.004470814956930766,1.9739208802178718e-05,0.0008772981689857211
8.120000000000001,57.5992412910462,56.79116950095805,0.2994733951543993,-0.014103513329522904,1.9739208802178718e-05,0.0008772981689857211
8.13,56.69103022338958,56.655224385491266,0.29673980065931527,-0.0006249297627608508,1.9739208802178718e-05,0.0008772981689857211
8.14,56.542100212611864,57.30442798553396,0.2980495138533318,0.013305129616886235,1.9739208802178718e-05,0.0008772981689857211
8.15,57.66952291424644,56.65347283312562,0.2992969029802677,-0.017733419280714,1.9739208802178718e-05,0.0008772981689857211
8.16,56.81338841692727,55.54083065125733,0.2941426576870225,-0.022210322932762854,1.9739208802178718e-05,0.0008772981689857211
8.17,57.588704779856336,58.23162304810965,0.30321690920058286,0.011221040602240422,1.9739208802178718e-05,0.0008772981689857211
8.18,57.62362434050486,58.19922611366097,0.30322351342053055,0.01004614612189166,1.9739208802178718e-05,0.0008772981689857211
8.19,55.92846471177243,58.30758868510952,0.2990692884389464,0.04152354664786195,1.9739208802178718e-05,0.0008772981689857211
8.2,56.71829016444382,55.44689811756542,0.2936477762460635,-0.022189977301698326,1.9739208802178718e-05,0.0008772981689857211
8.21,59.02111184098207,57.6544812961833,0.30545598854412537,-0.02385220266506246,1.9739208802178718e-05,0.0008772981689857211
8.22,55.901284097801174,58.106954140050625,0.2984728697472918,0.038496204449855465,1.9739208802178718e-05,0.0008772981689857211
8.23,54.75579417431768,56.05833703095482,0.29011071709034963,0.02273366149665057,1.9739208802178718e-05,0.0008772981689857211
8.24,55.0615653291913,57.306787410900874,0.2941796595535501,0.03918651776431322,1.9739208802178718e-05,0.0008772981689857211
8.25,57.33071144897432,57.156259538709875,0.29972618915554705,-0.003044760220508221,1.9739208802178718e-05,0.0008772981689857211
8.26,57.33288024672155,59.50636030336423,0.3058844164693001,0.037934383214847656,1.9739208802178718e-05,0.0008772981689857211
8.27,57.15464648657217,59.6051747574974,0.30567649721235535,0.04276978674084886,1.9739208802178718e-05,0.0008772981689857211
8.28,58.752807307796516,55.29855184108607,0.29858576002838383,-0.06028813109911065,1.9739208802178718e-05,0.0008772981689857211
8.290000000000001,54.08837819335879,60.2884919199559,0.2994379457404862,0.10821239852721524,1.9739208802178718e-05,0.0008772981689857211
8.3,57.77090016239931,56.19750864769833,0.2983685965492675,-0.02746086235447291,1.9739208802178718e-05,0.0008772981689857211
8.31,59.169505355246606,58.47258746627523,0.3079862788008513,-0.012163511778598795,1.9739208802178718e-05,0.0008772981689857211
8.32,55.942442595212256,58.46037709011879,0.29950588156116154,0.043946247285659434,1.9739208802178718e-05,0.0008772981689857211
8.33,56.84001169893444,56.10095124087215,0.2956787495508779,-0.012899038364484288,1.9739208802178718e-05,0.0008772981689857211
8.34,56.39230921240797,57.88770086568923,0.29918436676126475,0.026099507956599544,1.9739208802178718e-05,0.0008772981689857211
8.35,56.22256425778928,57.16673901996304,0.2968525018108764,0.016478958314166497,1.9739208802178718e-05,0.0008772981689857211
8.36,56.90426510705467,57.960975518641185,0.30071649675209167,0.01844307592228922,1.9739208802178718e-05,0.0008772981689857211
8.370000000000001,59.00876185350372,57.57258627593907,0.30520925569087637,-0.02506599246523448,1.9739208802178718e-05,0.0008772981689857211
8.38,59.50064352366734,58.73138689552661,0.3095307318199539,-0.013426060953845392,1.9739208802178718e-05,0.0008772981689857211
8.39,56.89265244303414,57.38625896485759,0.2991814904493929,0.008615059015136633,1.9739208802178718e-05,0.0008772981689857211
8.4,59.58185176995968,57.094330629770745,0.3054575312299132,-0.043415434109260374,1.9739208802178718e-05,0.0008772981689857211
8.41,57.33847128546387,58.611056592750934,0.30355515414117046,0.022210803624663027,1.9739208802178718e-05,0.0008772981689857211
8.42,59.400208745123614,57.99225467091264,0.3073327505455234,-0.024573434311850145,1.9739208802178718e-05,0.0008772981689857211
8.43,57.18382113349813,58.17395558626738,0.30200595323105583,0.017281106238255704,1.9739208802178718e-05,0.0008772981689857211
8.44,57.45304890433769,56.498275506371996,0.2983238696962607,-0.0166639394049554,1.9739208802178718e-05,0.0008772981689857211
8.45,57.73434888025372,56.041464175404144,0.297864382043217,-0.029546411956277534,1.9739208802178718e-05,0.0008772981689857211
8.46,61.11040392832336,56.61451294117907,0.30820311165141495,-0.07846810053640593,1.9739208802178718e-05,0.0008772981689857211
8.47,58.317322202896065,56.550793850265606,0.30072402460359376,-0.03083173608323294,1.9739208802178718e-05,0.0008772981689857211
8.48,56.44706207714056,58.23921863546581,0.3002479807952175,0.03127903265398543,1.9739208802178718e-05,0.0008772981689857211
8.49,58.45857695741334,58.46696037343518,0.30611034091302736,0.00014631821214565005,1.9739208802178718e-05,0.0008772981689857211
8.5,56.8615804685811,57.109623165643434,0.29837591338172176,0.004329161749264491,1.9739208802178718e-05,0.0008772981689857211
8.51,56.70807929360087,59.01288233567154,0.3029567691007238,0.0402264016941147,1.9739208802178718e-05,0.0008772981689857211
8.52,58.386101144952846,58.93794278560047,0.30715362875139374,0.009631453578908452,1.9739208802178718e-05,0.0008772981689857211
8.53,57.3330822184077,57.58785821276296,0.30086231850183,0.004446679956541985,1.9739208802178718e-05,0.0008772981689857211
8.540000000000001,57.63007061049648,56.30950938723067,0.2982931228949718,-0.023048141320152392,1.9739208802178718e-05,0.0008772981689857211
8.55,57.31256177932067,59.186231492404964,0.3049931275787744,0.03270170558821839,1.9739208802178718e-05,0.0008772981689857211
8.56,57.69967926500884,57.22255869184823,0.3008657154161335,-0.008327324930655355,1.9739208802178718e-05,0.0008772981689857211
8.57,57.805738590005696,57.44717774879948,0.30173142939565784,-0.006258067247768932,1.9739208802178718e-05,0.0008772981689857211
8.58,54.971419193835814,56.888253482354436,0.2928479382603985,0.033455069549772995,1.9739208802178718e-05,0.0008772981689857211
8.59,58.095666715413756,56.22803112152568,0.2992987410464569,-0.03259639034078665,1.9739208802178718e-05,0.0008772981689857211
8.6,56.11735620928596,55.533412196703964,0.29230102815992776,-0.010191745666863022,1.9739208802178718e-05,0.0008772981689857211
8.61,55.56502055041102,58.05522150135106,0.2974570981074248,0.04346220563019754,1.9739208802178718e-05,0.0008772981689857211
8.620000000000001,57.225686020451896,56.35569824840637,0.2973553686696704,-0.015184151074284318,1.9739208802178718e-05,0.0008772981689857211
8.63,57.39655671705966,60.9672169878785,0.30987563493549874,0.062319778195941145,1.9739208802178718e-05,0.0008772981689857211
8.64,56.46357211559558,55.99249121394734,0.2944092853397672,-0.008221912777025369,1.9739208802178718e-05,0.0008772981689857211
8.65,58.29301774228389,55.78692054310467,0.2986605800327947,-0.04373964750068553,1.9739208802178718e-05,0.0008772981689857211
8.66,55.68516931343723,57.90794597181844,0.2973860803987814,0.03879477122522938,1.9739208802178718e-05,0.0008772981689857211
8.67,56.807447014555244,59.13095568784307,0.3035260284989913,0.0405528765475179,1.9739208802178718e-05,0.0008772981689857211
8.68,56.593930551162714,57.373287101414185,0.29836547810617053,0.013602337848872733,1.9739208802178718e-05,0.0008772981689857211
8.69,57.23987478867511,57.98247041730704,0.3016513943570839,0.012960738730544152,1.9739208802178718e-05,0.0008772981689857211
8.700000000000001,57.630416654659,55.083522612131866,0.29508440296476357,-0.04445168674152715,1.9739208802178718e-05,0.0008772981689857211
8.71,56.08630797353406,56.4827656582522,0.29470514561919015,0.006919491943165139,1.9739208802178718e-05,0.0008772981689857211
8.72,58.16491872602979,56.00744063811724,0.2989025378511818,-0.037655096173705625,1.9739208802178718e-05,0.0008772981689857211
8.73,57.37138235508395,55.02172449314486,0.29424446565710694,-0.04100926598620769,1.9739208802178718e-05,0.0008772981689857211
8.74,55.02544400910802,57.43615579391098,0.29442377979343315,0.04207485796144069,1.9739208802178718e-05,0.0008772981689857211
8.75,54.945469784605876,54.60438636714979,0.28680085274014516,-0.005953028658562953,1.9739208802178718e-05,0.0008772981689857211
8.76,57.28099636156714,55.709144353777376,0.29580749666616946,-0.02743399289001488,1.9739208802178718e-05,0.0008772981689857211
8.77,57.03061873173869,56.65114696026622,0.2976181666209323,-0.006623031830570078,1.9739208802178718e-05,0.0008772981689857211
8.78,57.171675376792756,56.29823650994103,0.29706353465570334,-0.015244384041451047,1.9739208802178718e-05,0.0008772981689857211
8.790000000000001,57.262200565246054,57.771469715730795,0.3011574445584895,0.008888423454793126,1.9739208802178718e-05,0.0008772981689857211
8.8,57.56645132049453,57.66247574336529,0.3016686256207134,0.0016759423414221728,1.9739208802178718e-05,0.0008772981689857211
8.81,58.43295904490027,58.368338008204866,0.30578508062649523,-0.001127849856386772,1.9739208802178718e-05,0.0008772981689857211
8.82,55.96245363198125,58.19863999233753,0.29887304421328037,0.03902881467640544,1.9739208802178718e-05,0.0008772981689857211
8.83,55.88941360160136,58.66475486031597,0.2999021117317059,0.04843884283101378,1.9739208802178718e-05,0.0008772981689857211
8.84,55.98379088361746,57.29347743307145,0.29655919496869143,0.022858342457055723,1.9739208802178718e-05,0.0008772981689857211
8.85,57.64247951368476,57.65993979406232,0.3018610278652901,0.000304739380909691,1.9739208802178718e-05,0.0008772981689857211
8.86,58.78971636745805,57.90959595538534,0.3055180852270214,-0.015360999004677875,1.9739208802178718e-05,0.0008772981689857211
8.870000000000001,56.778172187194905,57.46576754995154,0.2990899348294786,0.012000803001548377,1.9739208802178718e-05,0.0008772981689857211
8.88,54.29373970009073,56.81914634118183,0.29089285542201815,0.04407666083877049,1.9739208802178718e-05,0.0008772981689857211
8.89,55.25098807794986,56.89684847187459,0.29360234951743114,0.028725682902157417,1.9739208802178718e-05,0.0008772981689857211
8.9,56.2961354457271,56.31470943508636,0.29481450249341945,0.0003241772695494749,1.9739208802178718e-05,0.0008772981689857211
8.91,56.62650484808806,57.80171970897411,0.2995723913598247,0.020511368740828706,1.9739208802178718e-05,0.0008772981689857211
8.92,56.80571316037664,57.18296130418013,0.298421651908575,0.006584222206407938,1.9739208802178718e-05,0.0008772981689857211
8.93,57.34207686065942,56.4999710123182,0.29803778438947004,-0.014697519703854394,1.9739208802178718e-05,0.0008772981689857211
8.94,56.92168391609538,56.50108572989281,0.29694011655803654,-0.007340823177151198,1.9739208802178718e-05,0.0008772981689857211
8.950000000000001,58.55498704573441,55.84330103974297,0.29949401786048707,-0.047327849084805404,1.9739208802178718e-05,0.0008772981689857211
8.96,56.484558746264675,58.47038912256696,0.3009513497654326,0.03465927845259287,1.9739208802178718e-05,0.0008772981689857211
8.97,56.26099796171167,57.390120716520464,0.29753793292649655,0.019706909730602223,1.9739208802178718e-05,0.0008772981689857211
8.98,57.87043015930687,56.26041948959439,0.2987938656707912,-0.02809998717872168,1.9739208802178718e-05,0.0008772981689857211
8.99,55.45300902917097,58.26603681260474,0.2977157658248029,0.04909659677099739,1.9739208802178718e-05,0.0008772981689857211
9.0,57.76340955946632,56.623240941329065,0.299463550735035,-0.019899696414408995,1.9739208802178718e-05,0.0008772981689857211
9.01,57.41884333355384,55.607978760667635,0.29590352829150557,-0.03160554910458524,1.9739208802178718e-05,0.0008772981689857211
9.02,57.11884852518052,58.521246260145276,0.302745060198339,0.024476457897645854,1.9739208802178718e-05,0.0008772981689857211
9.03,59.20171084166143,56.65126312560298,0.3033023765934062,-0.0445137100451896,1.9739208802178718e-05,0.0008772981689857211
9.040000000000001,56.54913057872865,56.80510060483177,0.2967606832829937,0.004467519741915282,1.9739208802178718e-05,0.0008772981689857211
9.05,59.76813731771121,57.345195537501326,0.3066019884461265,-0.04228831164879543,1.9739208802178718e-05,0.0008772981689857211
9.06,57.0252617740086,58.66688658043045,0.3028813361236051,0.028651757954475943,1.9739208802178718e-05,0.0008772981689857211
9.07,55.76335977911804,57.31982426212189,0.2960510835237516,0.02716542991876847,1.9739208802178718e-05,0.0008772981689857211
9.08,57.3796830102761,55.85683896170804,0.29645252128770383,-0.02657864264191327,1.9739208802178718e-05,0.0008772981689857211
9.09,56.004285272699796,57.94843191801693,0.2983275159857925,0.0339317601023866,1.9739208802178718e-05,0.0008772981689857211
9.1,56.39367249570611,56.713791843968245,0.29611464919640873,0.005587136626512742,1.9739208802178718e-05,0.0008772981689857211
9.11,57.772219473100904,59.56128827891767,0.30717840497805216,0.031225141206225698,1.9739208802178718e-05,0.0008772981689857211
9.120000000000001,57.962478019462466,57.29443584668485,0.30174189489776665,-0.011659535457146191,1.9739208802178718e-05,0.0008772981689857211
9.13,56.549178272777205,54.613736915603916,0.2910238314228695,-0.03377982416194155,1.9739208802178718e-05,0.0008772981689857211
9.14,58.480665687138,57.72461747966913,0.3042247199209691,-0.013195530524133064,1.9739208802178718e-05,0.0008772981689857211
9.15,58.684788822707674,59.62929686379459,0.30974555200742404,0.016484775128528716,1.9739208802178718e-05,0.0008772981689857211
9.16,59.019341620958265,59.18688385933678,0.30946317464789463,0.0029241636958661963,1.9739208802178718e-05,0.0008772981689857211
9.17,57.93107560163318,59.492924659590194,0.30741531381315446,0.02725940848052148,1.9739208802178718e-05,0.0008772981689857211
9.18,58.931893967585154,56.07206729062456,0.301079666518764,-0.049913391549330687,1.9739208802178718e-05,0.0008772981689857211
9.19,55.038821399513445,58.39036238825445,0.2969569087419484,0.05849542526907688,1.9739208802178718e-05,0.0008772981689857211
9.200000000000001,56.91429165472816,56.42938606539826,0.29673305438033193,-0.008463199095130233,1.9739208802178718e-05,0.0008772981689857211
9.21,56.2553732054942,57.56492679238263,0.2979808485855968,0.022856021822504718,1.9739208802178718e-05,0.0008772981689857211
9.22,57.438850546435184,55.76823659859464,0.29637546109093765,-0.029157713919558313,1.9739208802178718e-05,0.0008772981689857211
9.23,56.61004045004623,56.52243259522306,0.2961801218345528,-0.0015290455172735826,1.9739208802178718e-05,0.0008772981689857211
9.24,57.09639010274264,56.48428347624598,0.2973535080879425,-0.010683276005641895,1.9739208802178718e-05,0.0008772981689857211
9.25,59.554389369327176,58.374045849253456,0.3087359214433606,-0.020600880729866138,1.9739208802178718e-05,0.0008772981689857211
9.26,57.09211575737786,58.2566424590859,0.3019823428446232,0.02032482517219547,1.9739208802178718e-05,0.0008772981689857211
9.27,57.79233029371057,57.6279631882793,0.30216962173183104,-0.0028687471717483057,1.9739208802178718e-05,0.0008772981689857211
9.28,57.017056317173235,55.675273811415856,0.29502783037324265,-0.023418522571126237,1.9739208802178718e-05,0.0008772981689857211
9.290000000000001,57.386635458630515,56.92181219234265,0.2992588161529589,-0.008112696436597585,1.9739208802178718e-05,0.0008772981689857211
9.3,57.3029995296056,56.400439733551046,0.2976749078975218,-0.01575264013728058,1.9739208802178718e-05,0.0008772981689857211
9.31,57.83376839225011,58.3393904211157,0.3041406185603253,0.008824769174318552,1.9739208802178718e-05,0.0008772981689857211
9.32,58.69414855573893,58.70960133646294,0.307362298471029,0.00026970190222260404,1.9739208802178718e-05,0.0008772981689857211
9.33,59.27265231020631,58.56344221631937,0.3084941740768713,-0.012378051226705211,1.9739208802178718e-05,0.0008772981689857211
9.34,57.66732361137331,56.38951620978189,0.2986001083948408,-0.02230194636412386,1.9739208802178718e-05,0.0008772981689857211
9.35,58.00323577632504,54.00833976633494,0.2932456190348656,-0.06972408864911166,1.9739208802178718e-05,0.0008772981689857211
9.36,55.914742102059634,55.17542523532625,0.2908333779943269,-0.012903513540025724,1.9739208802178718e-05,0.0008772981689857211
9.370000000000001,57.19032742218357,59.001731886780966,0.3041900999420938,0.03161497199254959,1.9739208802178718e-05,0.0008772981689857211
9.38,58.42412687094262,56.814273585898526,0.30169342690554235,-0.028097240298066338,1.9739208802178718e-05,0.0008772981689857211
9.39,58.3349418791829,56.39490997116418,0.3003620497670798,-0.033859944388674644,1.9739208802178718e-05,0.0008772981689857211
9.4,57.54971119243638,59.2669718652058,0.30582536109217995,0.029971852854839276,1.9739208802178718e-05,0.0008772981689857211
9.41,58.359452264563856,58.81397144766831,0.30675930594192724,0.00793285625864763,1.9739208802178718e-05,0.0008772981689857211
9.42,57.8846995638749,57.32511797938606,0.30161859701277427,-0.00976654108285698,1.9739208802178718e-05,0.0008772981689857211
9.43,58.7361470229935,56.94369580380555,0.30284912032757816,-0.031284175456216354,1.9739208802178718e-05,0.0008772981689857211
9.44,57.64301050143085,57.13725805770657,0.3004940404020413,-0.008827045342995981,1.9739208802178718e-05,0.0008772981689857211
9.450000000000001,56.868941534397074,57.56837487114728,0.2995961937634907,0.012207414624501405,1.9739208802178718e-05,0.0008772981689857211
9.46,57.69878902140194,59.215836250665845,0.3060817732099431,0.02647746905891239,1.9739208802178718e-05,0.0008772981689857211
9.47,53.77906626205898,57.80274042216699,0.29212048679453395,0.07022636212130229,1.9739208802178718e-05,0.0008772981689857211
9.48,57.75524239674438,58.16701435272928,0.3034837584930802,0.007186776399313681,1.9739208802178718e-05,0.0008772981689857211
9.49,52.917684122824575,58.698903643966524,0.2922115434557594,0.10090131542449698,1.9739208802178718e-05,0.0008772981689857211
9.5,55.22762342419581,55.89216831185301,0.2909109344886657,0.011598496316913936,1.9739208802178718e-05,0.0008772981689857211
9.51,57.83790183421149,58.20161378405117,0.30379074149371005,0.006347971053550783,1.9739208802178718e-05,0.0008772981689857211
9.52,57.86881471780247,56.942297007488385,0.3005747876222089,-0.016170784623019872,1.9739208802178718e-05,0.0008772981689857211
9.53,55.9008649769144,54.276465278154994,0.28844357610121873,-0.02835112311175577,1.9739208802178718e-05,0.0008772981689857211
9.540000000000001,56.44125706282759,54.741976062699344,0.29107702365793064,-0.02965804836882006,1.9739208802178718e-05,0.0008772981689857211
9.55,58.94042869941927,56.074038379259896,0.3011071706924363,-0.050027948734075456,1.9739208802178718e-05,0.0008772981689857211
9.56,56.7149433551951,57.933247387393415,0.3001482614868979,0.021263416652183564,1.9739208802178718e-05,0.0008772981689857211
9.57,59.9872838879659,57.432338991490674,0.3074038538544873,-0.04459220065051839,1.9739208802178718e-05,0.0008772981689857211
9.58,57.2934756892707,57.51701956169311,0.3005731736961948,0.00390157659642935,1.9739208802178718e-05,0.0008772981689857211
9.59,57.78542292533984,59.63691169230635,0.30741095316846645,0.0323145750472557,1.9739208802178718e-05,0.0008772981689857211
9.6,59.236028791280646,55.77287197525054,0.3010925981213099,-0.0604434889526088,1.9739208802178718e-05,0.0008772981689857211
9.61,57.45301205251442,57.26285948806185,0.30032544940168737,-0.003318788330807972,1.9739208802178718e-05,0.0008772981689857211
9.620000000000001,56.09296673625335,57.661102140458894,0.29780745591585545,0.02736912592047891,1.9739208802178718e-05,0.0008772981689857211
9.63,57.16410657104917,56.412251773236314,0.2973422108299075,-0.01312234171875056,1.9739208802178718e-05,0.0008772981689857211
9.64,57.25304662965421,57.32977160718185,0.29997711666704896,0.0013391034763760024,1.9739208802178718e-05,0.0008772981689857211
9.65,55.658089530440435,55.375840312181104,0.2906861485773203,-0.004926178169805488,1.9739208802178718e-05,0.0008772981689857211
9.66,56.98878102747333,58.98766697381235,0.30362563085856475,0.03488714113545862,1.9739208802178718e-05,0.0008772981689857211
9.67,56.40514900028539,56.477842050045794,0.29552697949913564,0.0012687330616351078,1.9739208802178718e-05,0.0008772981689857211
9.68,58.405008821707234,59.73345971081652,0.3092857873734379,0.02318584196600304,1.9739208802178718e-05,0.0008772981689857211
9.69,57.33731376210462,57.25681032438137,0.300006715312218,-0.0014050500474451408,1.9739208802178718e-05,0.0008772981689857211
9.700000000000001,56.95642461410523,58.529443791561334,0.3023412964805664,0.027454363843621987,1.9739208802178718e-05,0.0008772981689857211
9.71,57.168361196335226,57.23181607029293,0.29949896372517426,0.0011074964769998883,1.9739208802178718e-05,0.0008772981689857211
9.72,57.563525935169714,57.25888691436968,0.300604373896306,-0.005316953943012015,1.9739208802178718e-05,0.0008772981689857211
9.73,58.035956552710054,56.594944313215905,0.300102996695644,-0.025150408140710012,1.9739208802178718e-05,0.0008772981689857211
9.74,56.09612483867906,57.43872822832185,0.2972335502680722,0.023432849697703022,1.9739208802178718e-05,0.0008772981689857211
9.75,56.04587435393679,57.677377946379174,0.29772677830750927,0.028475109446235252,1.9739208802178718e-05,0.0008772981689857211
9.76,58.621394571565354,56.3546693023841,0.30100663133755867,-0.039561819185367685,1.9739208802178718e-05,0.0008772981689857211
9.77,56.80097526643664,57.145726214050455,0.29831176689323957,0.00601703913523155,1.9739208802178718e-05,0.0008772981689857211
9.78,55.59556900196607,56.56366087381378,0.29363217717503237,0.01689639062553742,1.9739208802178718e-05,0.0008772981689857211
9.790000000000001,57.82835476434204,60.05537639662012,0.30861888649419406,0.03886885999639082,1.9739208802178718e-05,0.0008772981689857211
9.8,57.85182328032154,57.188102589188375,0.3011738216509723,-0.01158411137388608,1.9739208802178718e-05,0.0008772981689857211
9.81,55.45892120437427,59.15005809511818,0.30004560616892517,0.0644224918853074,1.9739208802178718e-05,0.0008772981689857211
9.82,57.57115757163864,57.06103271611309,0.3001063723940901,-0.008903358325181299,1.9739208802178718e-05,0.0008772981689857211
9.83,58.17847922399636,57.6069246829242,0.30312547858909045,-0.009975508596434257,1.9739208802178718e-05,0.0008772981689857211
9.84,57.74504325512983,55.71014262710799,0.29702498206608563,-0.035515715909881417,1.9739208802178718e-05,0.0008772981689857211
9.85,58.05415729359599,56.75929240284088,0.3005809084163561,-0.022599655712153464,1.9739208802178718e-05,0.0008772981689857211
9.86,55.61065659537341,57.54842111802941,0.29624977269285235,0.033820371048683406,1.9739208802178718e-05,0.0008772981689857211
9.870000000000001,57.69302769907775,59.19898411023416,0.306022571302888,0.026283897766196662,1.9739208802178718e-05,0.0008772981689857211
9.88,56.93263580171778,57.56215884629384,0.2997466714503877,0.010987249845031227,1.9739208802178718e-05,0.0008772981689857211
9.89,56.71643132261274,58.956243946513915,0.3028303557054717,0.03909210491480908,1.9739208802178718e-05,0.0008772981689857211
9.9,58.34044624438599,58.06465444532582,0.30474784097264895,-0.004813474943598517,1.9739208802178718e-05,0.0008772981689857211
9.91,59.070908925891395,59.24866112043994,0.3097599100278813,0.003102361047517636,1.9739208802178718e-05,0.0008772981689857211
9.92,59.44902357860275,57.224928852316246,0.30545169318521675,-0.03881777584994158,1.9739208802178718e-05,0.0008772981689857211
9.93,58.8735489588894,60.164046765864484,0.3116396968582321,0.02252343572148152,1.9739208802178718e-05,0.0008772981689857211
9.94,57.1640984951261,56.71330406958537,0.2981303427559875,-0.00786784697532202,1.9739208802178718e-05,0.0008772981689857211
9.950000000000001,57.719043708713926,56.376025312045115,0.29870019220536415,-0.023440092936726036,1.9739208802178718e-05,0.0008772981689857211
9.96,58.21596695922341,55.84371609345548,0.2986075519575635,-0.04140358829093638,1.9739208802178718e-05,0.0008772981689857211
9.97,57.44119305224167,60.093009118952,0.3077038217387996,0.04628292152138077,1.9739208802178718e-05,0.0008772981689857211
9.98,57.45269653857617,58.279116600223794,0.3029851782862339,0.014423751080285449,1.9739208802178718e-05,0.0008772981689857211
9.99,58.284283271333734,56.894834633025944,0.3015382255460741,-0.024250453525822745,1.9739208802178718e-05,0.0008772981689857211
10.0,19.982383654347696,67.38897367629285,0.2287376786034242,0.8274010830260337,1.9739208802178718e-05,0.0008772981689857211
10.01,19.17837850593042,66.715377062186,0.2248693262350266,0.8296771413224506,1.9739208802178718e-05,0.0008772981689857211
10.02,19.556155150575783,68.24949940569537,0.22987466608135387,0.8498591810589026,1.9739208802178718e-05,0.0008772981689857211
10.03,20.814215282859305,64.03274704075676,0.22212882792940183,0.7543056770530434,1.9739208802178718e-05,0.0008772981689857211
10.040000000000001,20.05711477901876,65.57171431006755,0.22417575033480794,0.7943796195434685,1.9739208802178718e-05,0.0008772981689857211
10.05,20.46177480182082,65.33512077931327,0.22461574738208456,0.7831876336937967,1.9739208802178718e-05,0.0008772981689857211
10.06,20.85761792022144,63.52172722835434,0.2209046090279027,0.7446291798576792,1.9739208802178718e-05,0.0008772981689857211
10.07,19.603713074101684,67.1625390857803,0.22715351697083727,0.8300581022869149,1.9739208802178718e-05,0.0008772981689857211
10.08,20.96102062593458,65.56567057308062,0.22652634784188233,0.7784980032772132,1.9739208802178718e-05,0.0008772981689857211
10.09,20.508133953728887,66.77770388602853,0.22851378909984324,0.8075563388003987,1.9739208802178718e-05,0.0008772981689857211
10.1,18.57174712528504,68.72187276124019,0.22853416245063962,0.8752848126362327,1.9739208802178718e-05,0.0008772981689857211
10.11,21.784288579002308,65.46625400985153,0.22842138634905548,0.7623941205106624,1.9739208802178718e-05,0.0008772981689857211
10.120000000000001,19.452629137070513,65.38476286085607,0.2221037728753364,0.8016669659463816,1.9739208802178718e-05,0.0008772981689857211
10.13,18.067408417756592,66.03254344371345,0.22017315911270793,0.8371495323666028,1.9739208802178718e-05,0.0008772981689857211
10.14,18.799470378075252,67.07484326362476,0.22481842739069208,0.8425642044808346,1.9739208802178718e-05,0.0008772981689857211
10.15,18.82826863676483,65.21009080967248,0.22001191054722155,0.8095155099917494,1.9739208802178718e-05,0.0008772981689857211
10.16,20.116130811967853,65.13299252348611,0.22318168299636032,0.7856924557809635,1.9739208802178718e-05,0.0008772981689857211
10.17,19.72490222292333,67.1587735643343,0.22746093130843828,0.8278772318750007,1.9739208802178718e-05,0.0008772981689857211
10.18,19.649324468410104,66.3445136286503,0.22513134168309587,0.8149847956877575,1.9739208802178718e-05,0.0008772981689857211
10.19,20.797165188157788,63.43647252443888,0.22052314785253152,0.744196303787878,1.9739208802178718e-05,0.0008772981689857211
10.200000000000001,20.46137326301006,64.41967628068173,0.2222180680628778,0.7672171212477297,1.9739208802178718e-05,0.0008772981689857211
10.21,20.432780274351956,67.69162947663732,0.23070916522970386,0.8248225192833754,1.9739208802178718e-05,0.0008772981689857211
10.22,20.545316978373243,66.37246037973924,0.2275502090121662,0.7998345391374297,1.9739208802178718e-05,0.0008772981689857211
10.23,20.7928844311815,64.97551132279996,0.2245411350090751,0.77113231143893,1.9739208802178718e-05,0.0008772981689857211
10.24,17.523978819445883,65.68565485136268,0.21784231154009176,0.8405798200357858,1.9739208802178718e-05,0.0008772981689857211
10.25,19.61619692686146,65.90603044740666,0.22389666769803052,0.8079100051335519,1.9739208802178718e-05,0.0008772981689857211
10.26,17.437270752191445,66.77302647238086,0.22046204259777444,0.8610713762769316,1.9739208802178718e-05,0.0008772981689857211
10.27,20.09679474173617,64.26023036621412,0.22084617529818862,0.7707973606396983,1.9739208802178718e-05,0.0008772981689857211
10.28,20.0479632629096,64.88100747364011,0.22234352545240593,0.7824842351694299,1.9739208802178718e-05,0.0008772981689857211
10.290000000000001,21.30816155932643,66.21769334588073,0.22914215230780416,0.7838191952044238,1.9739208802178718e-05,0.0008772981689857211
10.3,50.12657385738532,65.77034494345013,0.3034174238986645,0.27303531288012034,1.9739208802178718e-05,0.0008772981689857211
10.31,48.94474264402281,66.57637745920871,0.3024335852089803,0.30773008003425606,1.9739208802178718e-05,0.0008772981689857211
10.32,48.10097929324369,64.41473756321314,0.29456545790802835,0.2847287951854209,1.9739208802178718e-05,0.0008772981689857211
10.33,49.28360592117485,66.31870085157024,0.3026461314127413,0.2973184949251939,1.9739208802178718e-05,0.0008772981689857211
10.34,48.0679114213308,67.20004678329762,0.30177080890829666,0.3339187550035583,1.9739208802178718e-05,0.0008772981689857211
10.35,48.69974140438795,66.4743286966238,0.301525010427812,0.31022507143265915,1.9739208802178718e-05,0.0008772981689857211
10.36,49.88477616647289,66.05708052775857,0.3035350710284651,0.2822599587390738,1.9739208802178718e-05,0.0008772981689857211
10.370000000000001,48.03208697093266,65.7750861169655,0.2979464824156357,0.3096737542768152,1.9739208802178718e-05,0.0008772981689857211
10.38,49.668226953210976,64.88832505671886,0.2999083518458105,0.2656408243827572,1.9739208802178718e-05,0.0008772981689857211
10.39,49.51429422855073,65.80374812911691,0.30190192891433776,0.2843046039167128,1.9739208802178718e-05,0.0008772981689857211
10.4,47.555662405562984,67.40179346350115,0.3009579156946873,0.3463803307433266,1.9739208802178718e-05,0.0008772981689857211
10.41,49.870085539980856,65.74731223212451,0.30268563955667926,0.2771098818634351,1.9739208802178718e-05,0.0008772981689857211
10.42,49.539692200565774,64.82238165282656,0.2993992092225923,0.26673324950175975,1.9739208802178718e-05,0.0008772981689857211
10.43,48.82372365096716,65.29944993352619,0.2987737697811642,0.28755567028802076,1.9739208802178718e-05,0.0008772981689857211
10.44,47.78662443648679,66.13116679677577,0.2982360800429945,0.3201726639586148,1.9739208802178718e-05,0.0008772981689857211
10.450000000000001,47.67036536382929,65.44192964342764,0.29612729585456654,0.3101723099088055,1.9739208802178718e-05,0.0008772981689857211
10.46,48.05621749383634,66.47251037972043,0.2998355084271255,0.3214249468702859,1.9739208802178718e-05,0.0008772981689857211
10.47,49.35252594207032,66.5175589529435,0.3033471728975009,0.29958634225325265,1.9739208802178718e-05,0.0008772981689857211
10.48,47.554662385238295,66.95692625653024,0.29979063802323036,0.3386333868947856,1.9739208802178718e-05,0.0008772981689857211
10.49,49.22642728446382,67.5984178067627,0.3058467292461357,0.3206517247593081,1.9739208802178718e-05,0.0008772981689857211
10.5,47.2113059514659,67.08517690929149,0.29922749240542257,0.3468644833305355,1.9739208802178718e-05,0.0008772981689857211
10.51,48.45653028479335,64.7690595630671,0.29642390105367455,0.2847073452338513,1.9739208802178718e-05,0.0008772981689857211
10.52,48.83298989160878,64.80590510415314,0.297505931400623,0.27877996160078894,1.9739208802178718e-05,0.0008772981689857211
10.53,51.63556876019067,65.79922066829288,0.30744355978699023,0.24720235990276082,1.9739208802178718e-05,0.0008772981689857211
10.540000000000001,47.04863379949553,65.34873601135736,0.2942556260671589,0.31939703704848593,1.9739208802178718e-05,0.0008772981689857211
10.55,50.46783006590813,64.52415436769152,0.3010483112652571,0.2453291397942133,1.9739208802178718e-05,0.0008772981689857211
10.56,48.88122348290471,65.36011628703707,0.2990831281312538,0.2876109365153109,1.9739208802178718e-05,0.0008772981689857211
10.57,49.194818887739125,65.32073091970182,0.29980100833071044,0.2814502598447181,1.9739208802178718e-05,0.0008772981689857211
10.58,48.84343008218582,65.08392915233121,0.2982611290117033,0.2834501809411146,1.9739208802178718e-05,0.0008772981689857211
10.59,49.23508476795425,65.51119905665865,0.300405068575111,0.2840717837687867,1.9739208802178718e-05,0.0008772981689857211
10.6,48.51699046088555,67.30428746042665,0.30321939653914676,0.32790019019204364,1.9739208802178718e-05,0.0008772981689857211
10.61,50.44627280386892,66.12923208954375,0.30519395813472183,0.2737192759912436,1.9739208802178718e-05,0.0008772981689857211
10.620000000000001,48.153647213050306,68.85631733131122,0.30633137084114026,0.3613297575178968,1.9739208802178718e-05,0.0008772981689857211
10.63,50.06009407273507,66.09475626326824,0.30409268707867493,0.27985764966985016,1.9739208802178718e-05,0.0008772981689857211
10.64,47.92817204186434,65.54206751131996,0.2970643924844648,0.307420470044113,1.9739208802178718e-05,0.0008772981689857211
10.65,48.629110370438426,65.8951058992305,0.29982369707576717,0.3013484706120412,1.9739208802178718e-05,0.0008772981689857211
10.66,47.41505752337171,66.19793681417691,0.2974381236359846,0.32782308662920834,1.9739208802178718e-05,0.0008772981689857211
10.67,49.247441050537,66.41245118864994,0.30279688981134734,0.29958594304827746,1.9739208802178718e-05,0.0008772981689857211
10.68,50.43556373443181,68.38220003107548,0.3110641781347377,0.3132278930343539,1.9739208802178718e-05,0.0008772981689857211
10.69,48.60858517033495,64.87576188207157,0.2971013258310623,0.2839157936235487,1.9739208802178718e-05,0.0008772981689857211
10.700000000000001,48.465149747675284,66.92100170985795,0.30208023812082135,0.3221153830007436,1.9739208802178718e-05,0.0008772981689857211
10.71,47.36387223043846,66.1394471571816,0.29715099528850264,0.32769560142656096,1.9739208802178718e-05,0.0008772981689857211
10.72,48.426261401857204,64.00482914895991,0.2943439067579466,0.2718972999319377,1.9739208802178718e-05,0.0008772981689857211
10.73,46.79005947445414,66.81498497855837,0.29741731088693835,0.3495008825132042,1.9739208802178718e-05,0.0008772981689857211
10.74,47.60595900205738,67.41129471300934,0.30111446608943915,0.3456683176189237,1.9739208802178718e-05,0.0008772981689857211
10.75,48.97355584145093,64.86153475551174,0.2980195702834554,0.2772975435377943,1.9739208802178718e-05,0.0008772981689857211
10.76,50.284228423409644,65.87942579857429,0.30411573559827476,0.2721875416950006,1.9739208802178718e-05,0.0008772981689857211
10.77,52.07246561959538,63.81972132563541,0.30340503592965995,0.20502829014408974,1.9739208802178718e-05,0.0008772981689857211
10.78,47.99751048403489,64.37957868842345,0.2942025314800002,0.28592102845285594,1.9739208802178718e-05,0.0008772981689857211
10.790000000000001,50.4237727740945,67.14778193318536,0.30780161044960075,0.2918890239598236,1.9739208802178718e-05,0.0008772981689857211
10.8,48.99391556260195,65.33044663283574,0.2993004803329381,0.28512625552993276,1.9739208802178718e-05,0.0008772981689857211
10.81,48.51991541002432,64.55958287011902,0.29604143422376494,0.27994500810364864,1.9739208802178718e-05,0.0008772981689857211
10.82,49.22052592819136,66.16549887739478,0.30207990654679917,0.29574556962497356,1.9739208802178718e-05,0.0008772981689857211
10.83,48.77571236653592,65.26325152232744,0.29855330931353735,0.2877618438200484,1.9739208802178718e-05,0.0008772981689857211
10.84,48.83388745685463,65.32516045071402,0.2988676885393524,0.287827011588069,1.9739208802178718e-05,0.0008772981689857211
10.85,48.21141279072797,66.77733767085455,0.3010398447463146,0.32403651783614246,1.9739208802178718e-05,0.0008772981689857211
10.86,47.02368099436135,64.49606640932345,0.29195801597800464,0.30495065366852436,1.9739208802178718e-05,0.0008772981689857211
10.870000000000001,46.84906234309347,64.80370818482646,0.29230626970288354,0.31336768596774944,1.9739208802178718e-05,0.0008772981689857211
10.88,49.48530644605744,66.0750424306233,0.3025362858977114,0.2895455149672575,1.9739208802178718e-05,0.0008772981689857211
10.89,48.36937247801711,67.05343818894251,0.30217621170667164,0.3260984643146233,1.9739208802178718e-05,0.0008772981689857211
10.9,47.98610590653257,67.37593880183248,0.30201712679908077,0.3384164254344883,1.9739208802178718e-05,0.0008772981689857211
10.91,48.71161933818776,65.09207237561071,0.29793736819955574,0.28589283847133645,1.9739208802178718e-05,0.0008772981689857211
10.92,49.65533128961872,67.01499880034824,0.30544220991878035,0.3029833551137181,1.9739208802178718e-05,0.0008772981689857211
10.93,48.91784931775165,64.94917568788017,0.2981031743698485,0.27979942862053375,1.9739208802178718e-05,0.0008772981689857211
10.94,47.91414666215081,68.08159765633282,0.3036761484988568,0.35198842158307986,1.9739208802178718e-05,0.0008772981689857211
10.950000000000001,50.17296413289871,64.52962120954099,0.30029066621630407,0.2505709355671517,1.9739208802178718e-05,0.0008772981689857211
10.96,50.59643518969793,67.48432101299474,0.3091346968472556,0.29474921131740295,1.9739208802178718e-05,0.0008772981689857211
10.97,49.294880572507395,65.10236311186219,0.2994912836247807,0.27589261676325527,1.9739208802178718e-05,0.0008772981689857211
10.98,49.86980879973288,68.30604218579818,0.30938365440655535,0.3217729742529424,1.9739208802178718e-05,0.0008772981689857211
10.99,50.19176458229654,66.59973131466764,0.30575942125972094,0.28637304303757105,1.9739208802178718e-05,0.0008772981689857211
11.0,50.057531765805386,64.6709266047548,0.30035840164552857,0.25505185483361376,1.9739208802178718e-05,0.0008772981689857211
11.01,49.43833159865512,65.26346026459365,0.3002885888926399,0.2762005997723653,1.9739208802178718e-05,0.0008772981689857211
11.02,49.41942904260983,66.82756388631314,0.30433391582284086,0.3038292696537713,1.9739208802178718e-05,0.0008772981689857211
11.03,49.325005274135776,67.15331974118334,0.304939541808809,0.3111627875309181,1.9739208802178718e-05,0.0008772981689857211
11.040000000000001,47.38460737666352,65.8052877299753,0.2963304524396798,0.321501522622723,1.9739208802178718e-05,0.0008772981689857211
11.05,49.54228037435148,65.94373637720082,0.3023416848491871,0.2862594093707096,1.9739208802178718e-05,0.0008772981689857211
11.06,47.07443582076811,66.80017007921754,0.29812302110485656,0.34427901018338464,1.9739208802178718e-05,0.0008772981689857211
11.07,47.747893239969905,66.04830455245764,0.2979177491592845,0.3194024318721278,1.9739208802178718e-05,0.0008772981689857211
11.08,50.26569066748968,64.33794060883861,0.300031605077022,0.2456070946401177,1.9739208802178718e-05,0.0008772981689857211
11.09,49.70967678135301,64.91457761047644,0.30008559626714915,0.2653755819074196,1.9739208802178718e-05,0.0008772981689857211
11.1,50.48629053374301,66.17229037182666,0.3054114506259568,0.2737723436418571,1.9739208802178718e-05,0.0008772981689857211
11.11,48.375403325695224,67.34872533984189,0.3029650603822762,0.3311469391879816,1.9739208802178718e-05,0.0008772981689857211
11.120000000000001,47.31871397658785,67.82932534903912,0.3014568620172153,0.3579777000462678,1.9739208802178718e-05,0.0008772981689857211
11.13,48.41288794963556,66.8255817449704,0.3016936081695868,0.321362130890124,1.9739208802178718e-05,0.0008772981689857211
11.14,48.82385014280866,66.2348953532883,0.30122309131816327,0.3038800651364587,1.9739208802178718e-05,0.0008772981689857211
11.15,48.79619904572798,66.78872310322363,0.30260061857407883,0.31402878554758856,1.9739208802178718e-05,0.0008772981689857211
11.16,50.061829160628015,65.09004541979644,0.30146690269079557,0.2622918544242346,1.9739208802178718e-05,0.0008772981689857211
11.17,48.26788807611584,65.7062692877348,0.29838364622780017,0.30435716836066906,1.9739208802178718e-05,0.0008772981689857211
11.18,49.12385395228348,64.90118957443728,0.2985168658906686,0.2753664537987718,1.9739208802178718e-05,0.0008772981689857211
11.19,47.51506000679844,64.3916553071954,0.2929710955981729,0.2945521545185285,1.9739208802178718e-05,0.0008772981689857211
11.200000000000001,49.24179331977255,66.2904052540081,0.3024625885770554,0.2975544111472095,1.9739208802178718e-05,0.0008772981689857211
11.21,48.70514284634274,66.11276240794635,0.30059257303953624,0.3038202762845549,1.9739208802178718e-05,0.0008772981689857211
11.22,47.80163658017855,66.71532942145548,0.299804715918438,0.33010621379116367,1.9739208802178718e-05,0.0008772981689857211
11.23,48.41841735151015,66.5454806371156,0.3009747811242609,0.3163769380511966,1.9739208802178718e-05,0.0008772981689857211
11.24,48.480401690301704,66.18131956563329,0.300183684288005,0.3089392975496552,1.9739208802178718e-05,0.0008772981689857211
11.25,48.37722643091546,66.55808643885773,0.30089994545810317,0.317315867982755,1.9739208802178718e-05,0.0008772981689857211
11.26,50.82702207684119,65.83892672457169,0.30543073973216806,0.26200716309833694,1.9739208802178718e-05,0.0008772981689857211
11.27,48.58327738335051,66.38561611431155,0.30098785933633543,0.31070942541057894,1.9739208802178718e-05,0.0008772981689857211
11.28,48.40873725390717,65.01877315682103,0.29695252785110293,0.2898998153803162,1.9739208802178718e-05,0.0008772981689857211
11.290000000000001,46.1844714369878,66.33379355081162,0.29457212890028356,0.3516720129311293,1.9739208802178718e-05,0.0008772981689857211
11.3,47.6283637637446,66.69224766238787,0.2992906608418593,0.33272754224925816,1.9739208802178718e-05,0.0008772981689857211
11.31,48.385724476772346,65.08652872635801,0.297069664207696,0.2914840218863307,1.9739208802178718e-05,0.0008772981689857211
11.32,47.878389374708,65.95234495883608,0.2980081656124946,0.31545003380225,1.9739208802178718e-05,0.0008772981689857211
11.33,50.35946169817333,65.14182342848943,0.30238165736175315,0.25800088341482197,1.9739208802178718e-05,0.0008772981689857211
11.34,48.50348725564451,65.25833840422533,0.2978277631266749,0.2924273182242891,1.9739208802178718e-05,0.0008772981689857211
11.35,50.24754568530187,64.54023121392207,0.30051369719042176,0.2494544214265687,1.9739208802178718e-05,0.0008772981689857211
11.36,48.77545814698041,67.40907635024453,0.30417040003102647,0.325217989206509,1.9739208802178718e-05,0.0008772981689857211
11.370000000000001,48.746085989825865,67.16896864970872,0.3034649034133511,0.3215399601235266,1.9739208802178718e-05,0.0008772981689857211
11.38,48.59485684886497,66.53506706511746,0.30140943598043257,0.3131157367735299,1.9739208802178718e-05,0.0008772981689857211
11.39,48.705968088065724,68.25678158237724,0.3062077625902714,0.34122606691907387,1.9739208802178718e-05,0.0008772981689857211
11.4,50.763966589779805,65.66305160416259,0.30480522086454553,0.2600380890355264,1.9739208802178718e-05,0.0008772981689857211
11.41,45.91787971401851,69.52826133817742,0.30223729051239145,0.4120788969939393,1.9739208802178718e-05,0.0008772981689857211
11.42,46.299557692793556,65.6171111416088,0.29299715385366687,0.337154911111812,1.9739208802178718e-05,0.0008772981689857211
11.43,48.04960758885264,66.19637846215188,0.2990952920666315,0.3167209003440785,1.9739208802178718e-05,0.0008772981689857211
11.44,48.71884604444505,65.41281294331641,0.2987959845149724,0.2913646876042523,1.9739208802178718e-05,0.0008772981689857211
11.450000000000001,49.52953789583679,66.33693711211703,0.30333772223527755,0.2933444550212048,1.9739208802178718e-05,0.0008772981689857211
11.46,49.26911722375294,66.89288435350815,0.30411140898450784,0.307592763018979,1.9739208802178718e-05,0.0008772981689857211
11.47,48.24031749066329,65.75344676838095,0.2984349769593835,0.3056617682235898,1.9739208802178718e-05,0.0008772981689857211
11.48,49.92426501801009,68.02221025658581,0.3087831501995672,0.3158687322587772,1.9739208802178718e-05,0.0008772981689857211
11.49,49.93764706990325,66.17712558160481,0.3039877639460223,0.2834323688360607,1.9739208802178718e-05,0.0008772981689857211
11.5,48.92228198364585,66.2147289033769,0.30142798963246564,0.30181013447565835,1.9739208802178718e-05,0.0008772981689857211
11.51,49.85660167310418,64.7993492066282,0.30016857747843284,0.26080014375425586,1.9739208802178718e-05,0.0008772981689857211
11.52,49.02858690223852,66.39234532950512,0.302171293974776,0.30305475507671453,1.9739208802178718e-05,0.0008772981689857211
11.53,48.027632953980515,65.72931377507342,0.29781499011566775,0.3089526134652047,1.9739208802178718e-05,0.0008772981689857211
11.540000000000001,49.53879279291998,65.16025876483991,0.30028141478964615,0.2726460151982587,1.9739208802178718e-05,0.0008772981689857211
11.55,48.83414833321439,64.95837715026663,0.2979081350769444,0.28142088220251216,1.9739208802178718e-05,0.0008772981689857211
11.56,48.703020402225356,69.09626249575268,0.30839780145869466,0.3559292196883533,1.9739208802178718e-05,0.0008772981689857211
11.57,50.46895687274746,65.57397373982982,0.30379968192791906,0.2636322778998659,1.9739208802178718e-05,0.0008772981689857211
11.58,45.76036603187187,64.14176393510714,0.28772310343177654,0.32081591453063757,1.9739208802178718e-05,0.0008772981689857211
11.59,47.00019158192849,65.05228068836557,0.2933526864174415,0.3150683917707282,1.9739208802178718e-05,0.0008772981689857211
11.6,47.276928074470725,65.8282650326732,0.29610870312354853,0.3237819105675429,1.9739208802178718e-05,0.0008772981689857211
11.61,48.26549980903741,66.54614687918445,0.30057618815188725,0.3190574807691208,1.9739208802178718e-05,0.0008772981689857211
11.620000000000001,48.39588278240073,66.55590226611504,0.3009430695212085,0.31695213221713536,1.9739208802178718e-05,0.0008772981689857211
11.63,46.89262180879231,66.7020839021765,0.29739024412356174,0.34574033657856257,1.9739208802178718e-05,0.0008772981689857211
11.64,47.51922294734698,65.11631407207986,0.29487914636114376,0.3071271789000609,1.9739208802178718e-05,0.0008772981689857211
11.65,47.66840257189169,66.29867497224652,0.29836511130313575,0.32515959392961896,1.9739208802178718e-05,0.0008772981689857211
11.66,51.65032149661104,64.83887508311197,0.30496800349786257,0.23018368366014785,1.9739208802178718e-05,0.0008772981689857211
11.67,50.86350292341655,65.14657486042785,0.3037136734234217,0.24928663260005146,1.9739208802178718e-05,0.0008772981689857211
11.68,48.20731328489839,64.78889567064435,0.29582338328185853,0.2894032078219635,1.9739208802178718e-05,0.0008772981689857211
11.69,48.26511263775181,64.46407981452674,0.29512433571099017,0.2827253126572129,1.9739208802178718e-05,0.0008772981689857211
11.700000000000001,47.32236778949402,67.16719782667427,0.29973298187703407,0.34635762364746425,1.9739208802178718e-05,0.0008772981689857211
11.71,46.41165609024965,66.71648048121932,0.2961687689726914,0.35438603966167326,1.9739208802178718e-05,0.0008772981689857211
11.72,48.56115636242974,67.06214488401841,0.30270109481636753,0.32290316457540014,1.9739208802178718e-05,0.0008772981689857211
11.73,47.503990206227144,65.93732211927382,0.2969886611794825,0.32172233399560957,1.9739208802178718e-05,0.0008772981689857211
11.74,48.59959194812556,66.82231567868284,0.3021738475530842,0.3180465277795288,1.9739208802178718e-05,0.0008772981689857211
11.75,46.7811655672678,63.77659915447361,0.289439551205943,0.2966262739007723,1.9739208802178718e-05,0.0008772981689857211
11.76,47.78704323614766,66.92585146169908,0.30031765604564575,0.3340352184436459,1.9739208802178718e-05,0.0008772981689857211
11.77,48.87976510048337,66.10269023605069,0.30102336414747655,0.3005967504401406,1.9739208802178718e-05,0.0008772981689857211
11.78,49.14086410346069,66.64267796022366,0.3031206042948963,0.3054642768716811,1.9739208802178718e-05,0.0008772981689857211
11.790000000000001,49.20237893661039,66.346174398903,0.30250540524314773,0.2992156771054696,1.9739208802178718e-05,0.0008772981689857211
11.8,47.116825805131526,64.7056802546004,0.292750636286045,0.3069834217972864,1.9739208802178718e-05,0.0008772981689857211
11.81,49.72703546228264,64.09249870957541,0.29797884365776806,0.25072463223949537,1.9739208802178718e-05,0.0008772981689857211
11.82,47.74115855019775,65.0356814406251,0.2952490766752005,0.30184636699948364,1.9739208802178718e-05,0.0008772981689857211
11.83,49.46084208364874,66.56804717757215,0.30376292175602937,0.2985770547029093,1.9739208802178718e-05,0.0008772981689857211
11.84,48.68864617417814,66.71825613825513,0.3021345637319127,0.31467605672352,1.9739208802178718e-05,0.0008772981689857211
11.85,47.049747587226435,64.24861570718643,0.29137843373524613,0.3001768763095891,1.9739208802178718e-05,0.0008772981689857211
11.86,48.321975340622544,64.7128271990828,0.295924421048926,0.286074332136763,1.9739208802178718e-05,0.0008772981689857211
11.870000000000001,49.13984907659649,65.02226361691565,0.2988757121301898,0.2772004268951911,1.9739208802178718e-05,0.0008772981689857211
11.88,49.43697104268949,65.46138036772449,0.3008031805837792,0.279678703409143,1.9739208802178718e-05,0.0008772981689857211
11.89,48.53222710918667,64.25568544302148,0.29527806457312095,0.27442611772555914,1.9739208802178718e-05,0.0008772981689857211
11.9,50.53954725484123,64.1836843206765,0.3003447179281059,0.23813511539222382,1.9739208802178718e-05,0.0008772981689857211
11.91,49.91042551130384,64.9039440843556,0.3005833167068892,0.2616862655586753,1.9739208802178718e-05,0.0008772981689857211
11.92,48.393427646440266,65.99365104351466,0.29946467173163327,0.30718184736548954,1.9739208802178718e-05,0.0008772981689857211
11.93,49.601558760684306,64.47343323234047,0.2986476306696676,0.25956317547369234,1.9739208802178718e-05,0.0008772981689857211
11.94,51.021964768345796,65.75118222807853,0.30571138395043973,0.2570733409145717,1.9739208802178718e-05,0.0008772981689857211
11.950000000000001,51.0539941070596,67.16040981941484,0.30948458576992377,0.281109984875547,1.9739208802178718e-05,0.0008772981689857211
11.96,47.22781272913298,64.32801075514845,0.29205246293614856,0.29845475829700513,1.9739208802178718e-05,0.0008772981689857211
11.97,47.58957285273139,65.64241152995201,0.29644064190669367,0.3150814742488776,1.9739208802178718e-05,0.0008772981689857211
11.98,50.483315130200594,67.11985452054559,0.3078843781780486,0.2903623884992501,1.9739208802178718e-05,0.0008772981689857211
11.99,47.4314753251148,65.38822437160809,0.29536128312285936,0.3134043938156601,1.9739208802178718e-05,0.0008772981689857211
12.0,47.11436322616996,65.20174281101455,0.2940428780051926,0.31568432681354325,1.9739208802178718e-05,0.0008772981689857211
12.01,48.117979629281116,67.28634141721243,0.30212780599348504,0.33455102541286846,1.9739208802178718e-05,0.0008772981689857211
12.02,49.205684637489476,65.5227039452788,0.3003582189415166,0.2847857110324098,1.9739208802178718e-05,0.0008772981689857211
12.030000000000001,48.578536538186654,67.21554047029134,0.303148184715871,0.32527708132235655,1.9739208802178718e-05,0.0008772981689857211
12.040000000000001,47.920736241633264,66.4049049093973,0.2993038286308505,0.32260960274645645,1.9739208802178718e-05,0.0008772981689857211
12.05,47.89235763205056,65.47873285655285,0.29680482084038345,0.30694015115872186,1.9739208802178718e-05,0.0008772981689857211
12.06,47.84660810882472,66.4657750767617,0.2992691193584831,0.32496576756907003,1.9739208802178718e-05,0.0008772981689857211
12.07,47.64600103172924,66.2746858566599,0.29824366085038867,0.32513188551134353,1.9739208802178718e-05,0.0008772981689857211
12.08,51.439372038851246,67.11520582524763,0.3103751590560768,0.2735949125679865,1.9739208802178718e-05,0.0008772981689857211
12.09,49.05842587154264,65.23213179460664,0.2992119802822127,0.2822844206067758,1.9739208802178718e-05,0.0008772981689857211
12.1,49.765523451405656,65.9395937201826,0.3029152884075066,0.2822907796390819,1.9739208802178718e-05,0.0008772981689857211
12.11,48.114519624377266,65.81632762451909,0.29827026061199474,0.3089548331583477,1.9739208802178718e-05,0.0008772981689857211
12.120000000000001,48.478264573496716,66.7351242100124,0.3016279464978808,0.3186423117316539,1.9739208802178718e-05,0.0008772981689857211
12.13,47.845147808475545,64.65993140671165,0.29453760862830813,0.29347333679955956,1.9739208802178718e-05,0.0008772981689857211
12.14,45.51936258421693,67.11051889793009,0.29486434019916846,0.3768367669870564,1.9739208802178718e-05,0.0008772981689857211
12.15,47.04780145390253,66.44974096664916,0.29713587122408425,0.33862772577021305,1.9739208802178718e-05,0.0008772981689857211
12.16,46.5286701701435,64.30983635168512,0.29017453151986766,0.3103398947121691,1.9739208802178718e-05,0.0008772981689857211
12.17,46.001672052578044,67.34006183062127,0.2967279654271569,0.3724251587007565,1.9739208802178718e-05,0.0008772981689857211
12.18,47.26698181696225,68.57105813700194,0.30326327943801235,0.3718262758808499,1.9739208802178718e-05,0.0008772981689857211
12.19,50.29135940137793,67.09234720350395,0.3073098252675305,0.2932325547345044,1.9739208802178718e-05,0.0008772981689857211
12.200000000000001,48.64808918487475,67.60252816071642,0.3043434045234895,0.3308173679967791,1.9739208802178718e-05,0.0008772981689857211
12.21,50.25008910090538,65.99259209796777,0.3043226277399669,0.27475850980381394,1.9739208802178718e-05,0.0008772981689857211
12.22,49.194591678401025,63.89634053635845,0.29607136819459134,0.2565939233726733,1.9739208802178718e-05,0.0008772981689857211
12.23,49.640483176978165,63.67720189864363,0.296665005796146,0.24498695786939195,1.9739208802178718e-05,0.0008772981689857211
12.24,47.62033619175448,66.19624489268597,0.2979711124929876,0.32421076838111706,1.9739208802178718e-05,0.0008772981689857211
12.25,49.33015373115118,65.17977187076869,0.2997862841950877,0.2766280217201439,1.9739208802178718e-05,0.0008772981689857211
12.26,49.57586966700919,64.79265490605184,0.29941609716719353,0.2655830039901667,1.9739208802178718e-05,0.0008772981689857211
12.27,48.00943583543954,65.81485041928225,0.29799128458161306,0.3107631091706714,1.9739208802178718e-05,0.0008772981689857211
12.280000000000001,49.37286103085937,66.62884878547821,0.3036917661357176,0.30117380200192223,1.9739208802178718e-05,0.0008772981689857211
12.290000000000001,49.38083789640977,64.14683738393008,0.29721475886653603,0.2577153084050247,1.9739208802178718e-05,0.0008772981689857211
12.3,48.04194944076387,65.3514932957082,0.29686333888846295,0.30210853228713014,1.9739208802178718e-05,0.0008772981689857211
12.31,47.35409046739478,67.70199125978904,0.30121611758745626,0.35513786469644315,1.9739208802178718e-05,0.0008772981689857211
12.32,47.28045858784205,64.59980038377901,0.2929018330558069,0.30227953861736795,1.9739208802178718e-05,0.0008772981689857211
12.33,48.80521923642573,66.93385986464261,0.3030042005309702,0.3164044678731979,1.9739208802178718e-05,0.0008772981689857211
12.34,49.09382442866715,65.30846952618587,0.29950450520198857,0.2829989439940589,1.9739208802178718e-05,0.0008772981689857211
12.35,47.75038158957047,66.5450989518646,0.29922486833957296,0.3280296999537765,1.9739208802178718e-05,0.0008772981689857211
12.36,48.73331499571129,67.2069394486881,0.30353087634821374,0.32242557148138173,1.9739208802178718e-05,0.0008772981689857211
12.370000000000001,49.38605702948615,66.77968456042669,0.3041212003147337,0.3035760692804442,1.9739208802178718e-05,0.0008772981689857211
12.38,49.443241443718335,66.98113796270131,0.3047983125349656,0.3060940381303051,1.9739208802178718e-05,0.0008772981689857211
12.39,50.563668730266954,64.50823419995511,0.3012575374001528,0.24337858020596792,1.9739208802178718e-05,0.0008772981689857211
12.4,50.23378958475762,67.22653808813422,0.30751041875450574,0.29657941034726043,1.9739208802178718e-05,0.0008772981689857211
12.41,47.499862866812116,64.86691470248287,0.29417553576604627,0.3031122358969798,1.9739208802178718e-05,0.0008772981689857211
12.42,50.7217160375656,66.2015965587305,0.306104516571589,0.2701748829096634,1.9739208802178718e-05,0.0008772981689857211
12.43,48.064240780653115,66.20004186444133,0.29914319243794696,0.31652944139886047,1.9739208802178718e-05,0.0008772981689857211
12.44,49.95525996106529,66.47229351068816,0.3048066222185779,0.2882766181032853,1.9739208802178718e-05,0.0008772981689857211
12.450000000000001,48.78299653738128,66.2944944513169,0.30127216690303316,0.3056332955542951,1.9739208802178718e-05,0.0008772981689857211
12.46,48.20683333197161,64.87757446581499,0.2960542873108989,0.2909593215332196,1.9739208802178718e-05,0.0008772981689857211
12.47,46.53217635439005,64.2703055452898,0.29008021927962524,0.3095887575253185,1.9739208802178718e-05,0.0008772981689857211
12.48,48.495535173860354,66.93696485599878,0.3022015783994242,0.32186366672832684,1.9739208802178718e-05,0.0008772981689857211
12.49,46.83015270375324,66.11314793306735,0.29568486962734913,0.3365517563978903,1.9739208802178718e-05,0.0008772981689857211
12.5,49.8621716691313,67.26939864919404,0.30664973401290596,0.3038134244440843,1.9739208802178718e-05,0.0008772981689857211
12.51,50.52156377468707,65.83646691901922,0.30462461201126945,0.2672954844926284,1.9739208802178718e-05,0.0008772981689857211
12.52,47.74511939896394,64.20394920723231,0.2930819762578716,0.2872607711796701,1.9739208802178718e-05,0.0008772981689857211
12.530000000000001,49.0637774771431,67.04950205724958,0.3039838549745551,0.31391011227973276,1.9739208802178718e-05,0.0008772981689857211
12.540000000000001,47.8309427597104,65.44570170845134,0.2965575617370665,0.3074355406006644,1.9739208802178718e-05,0.0008772981689857211
12.55,47.94723090995583,66.30055058894989,0.29909999253824504,0.320325857069515,1.9739208802178718e-05,0.0008772981689857211
12.56,49.63080623075842,65.11319512586924,0.3003990930878989,0.2702186622938909,1.9739208802178718e-05,0.0008772981689857211
12.57,48.65516667190788,67.86330849232509,0.3050446546528659,0.33524531795629775,1.9739208802178718e-05,0.0008772981689857211
12.58,50.788990236437186,64.83826865102482,0.3027114558963131,0.2452061658639232,1.9739208802178718e-05,0.0008772981689857211
12.59,48.122733611676466,65.48523073511726,0.29742495515098194,0.30303274117208606,1.9739208802178718e-05,0.0008772981689857211
12.6,49.90061618508936,66.01908488328144,0.3034770677355988,0.2813203491630958,1.9739208802178718e-05,0.0008772981689857211
12.61,48.81830868166931,64.57952764754032,0.29687484128735225,0.275085165082225,1.9739208802178718e-05,0.0008772981689857211
12.620000000000001,49.65634619781305,66.28676987434977,0.3035383680721795,0.2902556491571864,1.9739208802178718e-05,0.0008772981689857211
12.63,48.164823397324035,67.82443901300564,0.3036591789029921,0.34312502217013635,1.9739208802178718e-05,0.0008772981689857211
12.64,48.641941981058075,65.30159184721221,0.2983034739991283,0.29076574239382225,1.9739208802178718e-05,0.0008772981689857211
12.65,48.56281393096125,66.36431782288273,0.3008785273466854,0.31069485472061453,1.9739208802178718e-05,0.0008772981689857211
12.66,47.698144048305025,62.59082397679839,0.28873584309972045,0.2599262991978829,1.9739208802178718e-05,0.0008772981689857211
12.67,49.49591042761808,65.84343139946286,0.3019576907948662,0.2853180654975148,1.9739208802178718e-05,0.0008772981689857211
12.68,49.481711392814006,65.51449569693321,0.3010593661532003,0.279824874368948,1.9739208802178718e-05,0.0008772981689857211
12.69,49.41367822000665,64.9079493171522,0.2992933210143057,0.2704260458417842,1.9739208802178718e-05,0.0008772981689857211
12.700000000000001,50.54577137082114,67.1878870035989,0.3082259968577737,0.29045971228959133,1.9739208802178718e-05,0.0008772981689857211
12.71,50.44062634760353,65.49865402209606,0.30352832622661297,0.2628121617763196,1.9739208802178718e-05,0.0008772981689857211
12.72,48.25147895830101,65.67717345553235,0.2982645145472366,0.30413574342334493,1.9739208802178718e-05,0.0008772981689857211
12.73,49.149075368240986,65.43751499029777,0.2999869920585737,0.2842869014171917,1.9739208802178718e-05,0.0008772981689857211
12.74,47.953091759010114,63.58996739392657,0.29201904599483136,0.272914964554171,1.9739208802178718e-05,0.0008772981689857211
12.75,48.72943896545744,64.53176271195231,0.2965171326054187,0.2758025788424212,1.9739208802178718e-05,0.0008772981689857211
12.76,47.98171324717733,67.04345862338891,0.3011351957720619,0.33269021799169723,1.9739208802178718e-05,0.0008772981689857211
12.77,50.64549695708323,63.358205663788695,0.29846099552980554,0.2218786237789607,1.9739208802178718e-05,0.0008772981689857211
12.780000000000001,49.137850366531524,64.97056802050581,0.29873514076455576,0.2763330526004835,1.9739208802178718e-05,0.0008772981689857211
12.790000000000001,48.439777632394666,65.41048237249694,0.29805928370054613,0.29619467409859346,1.9739208802178718e-05,0.0008772981689857211
12.8,50.13375487234762,67.98249268079454,0.309227612985454,0.31151924208259557,1.9739208802178718e-05,0.0008772981689857211
12.81,46.096674094365476,66.8124709586403,0.2955954505180228,0.3615588624559127,1.9739208802178718e-05,0.0008772981689857211
12.82,46.28448947228162,65.22154180758093,0.29192210724980827,0.3305139138734542,1.9739208802178718e-05,0.0008772981689857211
12.83,49.6564189723837,67.45556287658331,0.30659845152004667,0.3106536651645616,1.9739208802178718e-05,0.0008772981689857211
12.84,48.77397472386081,65.00152745544332,0.29786356817082615,0.2832242247071145,1.9739208802178718e-05,0.0008772981689857211
12.85,49.00194814643289,67.10106620452547,0.3039569807871676,0.31588920182087776,1.9739208802178718e-05,0.0008772981689857211
12.86,47.10973726213771,64.25949374493705,0.29156396497314224,0.2993197165400907,1.9739208802178718e-05,0.0008772981689857211
12.870000000000001,48.673532133099535,67.17805583819165,0.30329874806443335,0.3229648651671976,1.9739208802178718e-05,0.0008772981689857211
12.88,51.105623878601584,65.40278606547948,0.30501830396812757,0.24953255385265216,1.9739208802178718e-05,0.0008772981689857211
12.89,49.690452129875005,64.65594135091514,0.2993581581031151,0.26119706107887203,1.9739208802178718e-05,0.0008772981689857211
12.9,48.905060440291344,65.62957410435308,0.2998509720558722,0.29189782923265817,1.9739208802178718e-05,0.0008772981689857211
12.91,48.174547893994045,66.22295945570892,0.29949197389900933,0.3150042065069362,1.9739208802178718e-05,0.0008772981689857211
12.92,48.2279251638767,65.2964483234138,0.29720611479254644,0.29790192758682776,1.9739208802178718e-05,0.0008772981689857211
12.93,46.14637511907995,66.55489064723905,0.29505122381811555,0.3561957914107659,1.9739208802178718e-05,0.0008772981689857211
12.94,49.01058109122536,65.19055377964779,0.29897787195162684,0.28239379629572997,1.9739208802178718e-05,0.0008772981689857211
12.950000000000001,49.7159923162982,66.63459331276229,0.3046051208776055,0.29528529221949207,1.9739208802178718e-05,0.0008772981689857211
12.96,46.810669393515234,66.42081291448858,0.2964393274782562,0.3422615712296184,1.9739208802178718e-05,0.0008772981689857211
12.97,47.907712315351795,65.81703877439514,0.29773070212906405,0.31257671352484384,1.9739208802178718e-05,0.0008772981689857211
12.98,47.31245502743987,65.36048766520553,0.2949770741846321,0.3149975930364079,1.9739208802178718e-05,0.0008772981689857211
12.99,47.54299115234946,66.07199539496298,0.29744333922894994,0.3233921311496042,1.9739208802178718e-05,0.0008772981689857211
13.0,48.76559053830625,66.5504509316851,0.3018966906026507,0.31040437087199524,1.9739208802178718e-05,0.0008772981689857211
13.01,46.200130000133804,68.36430542332259,0.2999289905741607,0.38683783712425196,1.9739208802178718e-05,0.0008772981689857211
13.02,49.438537112148445,67.01745094620247,0.30488106379221325,0.30680992532862295,1.9739208802178718e-05,0.0008772981689857211
13.030000000000001,49.60603867004039,67.06133437982366,0.30543446840589394,0.3046523820449587,1.9739208802178718e-05,0.0008772981689857211
13.040000000000001,48.40008948047568,69.596361073877,0.3089139851760214,0.3699447284517978,1.9739208802178718e-05,0.0008772981689857211
13.05,45.72456237413852,66.50929661216607,0.2938275557295061,0.36276204660557554,1.9739208802178718e-05,0.0008772981689857211
13.06,47.5057102349171,66.47171865361871,0.2983922110593976,0.3310192928673064,1.9739208802178718e-05,0.0008772981689857211
13.07,50.18089490704321,66.73496452923064,0.306085004244279,0.28892301951154425,1.9739208802178718e-05,0.0008772981689857211
13.08,45.36781944924569,64.67938726693876,0.28810291347303535,0.3370504421409201,1.9739208802178718e-05,0.0008772981689857211
13.09,48.28438449148775,65.35746447634216,0.29751366488141273,0.2979814591920532,1.9739208802178718e-05,0.0008772981689857211
13.1,47.28541165195926,65.28274332001386,0.2947027405734234,0.31411269418099597,1.9739208802178718e-05,0.0008772981689857211
13.11,49.66689694802177,66.66728321270813,0.3045621714619504,0.29671271442959707,1.9739208802178718e-05,0.0008772981689857211
13.120000000000001,47.89127584354782,65.68113696537922,0.2973318814424938,0.3104916500484902,1.9739208802178718e-05,0.0008772981689857211
13.13,49.186157411002704,66.05601455061382,0.3017033006819551,0.2944345514272869,1.9739208802178718e-05,0.0008772981689857211
13.14,49.379965089122884,67.19509198422281,0.30519278574452813,0.31093262098008834,1.9739208802178718e-05,0.0008772981689857211
13.15,50.904883593795994,66.92592732648963,0.308480341628081,0.2796199627415062,1.9739208802178718e-05,0.0008772981689857211
13.16,48.45788225370953,65.69608123639516,0.2988543775655586,0.30086332936180127,1.9739208802178718e-05,0.0008772981689857211
13.17,49.15266582966711,65.0861523237908,0.2990765265547364,0.27809180064450656,1.9739208802178718e-05,0.0008772981689857211
13.18,46.91934601116705,67.25247611802848,0.2989011313733677,0.35488006760111845,1.9739208802178718e-05,0.0008772981689857211
13.19,50.12990886207246,66.8188158571365,0.3061710453538016,0.29127637562298064,1.9739208802178718e-05,0.0008772981689857211
13.200000000000001,47.788801968434335,63.9626382580902,0.29256458636977367,0.2822866959330382,1.9739208802178718e-05,0.0008772981689857211
13.21,48.028507589214676,65.51436171335472,0.29725453672371505,0.30518572698967295,1.9739208802178718e-05,0.0008772981689857211
13.22,48.67471523230092,66.08876499446477,0.30045008865067047,0.3039325044558946,1.9739208802178718e-05,0.0008772981689857211
13.23,46.82595137171215,66.8247421005899,0.29753681973997465,0.34904474463623353,1.9739208802178718e-05,0.0008772981689857211
13.24,48.975936620834695,66.98226823397239,0.3035778704127685,0.31426977285519486,1.9739208802178718e-05,0.0008772981689857211
13.25,49.86237211362999,66.23083364145523,0.30393130194322004,0.28568354714657224,1.9739208802178718e-05,0.0008772981689857211
13.26,49.05293317431672,66.59244347767529,0.3027588880929356,0.3061222039810765,1.9739208802178718e-05,0.0008772981689857211
13.27,46.7947355091055,65.96711060289844,0.2952098227922453,0.3346210708140436,1.9739208802178718e-05,0.0008772981689857211
13.280000000000001,48.55284143292438,65.08152441422799,0.2974940741172906,0.2884799390421004,1.9739208802178718e-05,0.0008772981689857211
13.290000000000001,49.59184726969536,65.57662917079516,0.30151036625881183,0.2789870743873901,1.9739208802178718e-05,0.0008772981689857211
13.3,46.447826066960886,65.9129358640128,0.2941597868617488,0.33973025522076095,1.9739208802178718e-05,0.0008772981689857211
13.31,47.41169336953872,65.84853134002235,0.29651457490957184,0.32178352624164863,1.9739208802178718e-05,0.0008772981689857211
13.32,49.753264911017794,63.627458954712495,0.296830040962726,0.24215036712305849,1.9739208802178718e-05,0.0008772981689857211
13.33,49.02552710715671,65.41316643812934,0.2995997991069036,0.28601826295479305,1.9739208802178718e-05,0.0008772981689857211
13.34,49.195778484672076,65.95759322375164,0.30147082216273224,0.2925488558062528,1.9739208802178718e-05,0.0008772981689857211
13.35,50.93280635526794,65.55250244975782,0.30495782532750615,0.25516183248980456,1.9739208802178718e-05,0.0008772981689857211
13.36,49.263675920327415,65.59395788543075,0.3006965821440638,0.285017188070103,1.9739208802178718e-05,0.0008772981689857211
13.370000000000001,49.490878198639784,66.47573608501017,0.30359988624599654,0.2964416931004882,1.9739208802178718e-05,0.0008772981689857211
13.38,51.95430721878196,64.5953978155863,0.3051264142616905,0.22062865195713063,1.9739208802178718e-05,0.0008772981689857211
13.39,48.44484711641138,63.93649578330321,0.2942136677119157,0.2703802757994528,1.9739208802178718e-05,0.0008772981689857211
13.4,47.743953269777776,65.47234269104065,0.2963995697142958,0.30941876647676914,1.9739208802178718e-05,0.0008772981689857211
13.41,49.214768264016534,66.80708372664681,0.3037444982247919,0.30704382787240786,1.9739208802178718e-05,0.0008772981689857211
13.42,49.22820182138665,67.91521008742862,0.30668073522431427,0.3261498215898288,1.9739208802178718e-05,0.0008772981689857211
13.43,48.06935411578452,66.82870032695834,0.30080240312423423,0.32741235690650683,1.9739208802178718e-05,0.0008772981689857211
13.44,47.46253616265415,64.12822992820205,0.29214394246624237,0.29087122833790263,1.9739208802178718e-05,0.0008772981689857211
13.450000000000001,51.473225892628065,65.61130575279253,0.3065265870552125,0.24675604346976948,1.9739208802178718e-05,0.0008772981689857211
13.46,49.0936247505856,66.1981076973425,0.30183304973170905,0.29852954427212997,1.9739208802178718e-05,0.0008772981689857211
13.47,47.82267012843748,66.10325578035297,0.298257376573726,0.3190564088187596,1.9739208802178718e-05,0.0008772981689857211
13.48,49.80052894885549,66.53731190357611,0.3045717551304147,0.29211196875153983,1.9739208802178718e-05,0.0008772981689857211
13.49,48.57043840424637,64.78968770429175,0.29677611616049654,0.28307930248757773,1.9739208802178718e-05,0.0008772981689857211
13.5,48.397954850538575,65.96807814510555,0.2994095742327696,0.30665650147154744,1.9739208802178718e-05,0.0008772981689857211
13.51,49.37614003241736,66.39453383577602,0.30308691543788013,0.2970270052696089,1.9739208802178718e-05,0.0008772981689857211
13.52,47.15115386424194,66.88095158400905,0.29853535395800157,0.3443499309624056,1.9739208802178718e-05,0.0008772981689857211
13.530000000000001,49.12456523082058,64.92328464010932,0.2985765727601875,0.2757396712908222,1.9739208802178718e-05,0.0008772981689857211
13.540000000000001,50.99695835539807,65.47595819935319,0.30492538249215295,0.25270621967276197,1.9739208802178718e-05,0.0008772981689857211
13.55,49.26082578075675,62.64556522395665,0.2929702465584621,0.2336077728053909,1.9739208802178718e-05,0.0008772981689857211
13.56,48.24995806157981,65.14439207895133,0.2968657144667345,0.2948634988640658,1.9739208802178718e-05,0.0008772981689857211
13.57,48.09288624960608,65.2608485684794,0.29675938380121913,0.29963746832266014,1.9739208802178718e-05,0.0008772981689857211
13.58,48.20900461810584,64.66664503024373,0.2955077597536919,0.28724001230108287,1.9739208802178718e-05,0.0008772981689857211
13.59,48.396657372462634,66.08888102032384,0.29972243863087517,0.30878755465437985,1.9739208802178718e-05,0.0008772981689857211
13.6,48.248044746810045,65.82301192159034,0.298637328013893,0.30674104312984174,1.9739208802178718e-05,0.0008772981689857211
13.61,49.80098631540945,63.17908978695153,0.29578114757099416,0.23349195325089261,1.9739208802178718e-05,0.0008772981689857211
13.620000000000001,46.621561662269194,66.14875600320677,0.29523200126737215,0.34081383492616507,1.9739208802178718e-05,0.0008772981689857211
13.63,49.735812646614534,64.77615748309783,0.2997916367563318,0.26250353803196164,1.9739208802178718e-05,0.0008772981689857211
13.64,48.2457887559489,66.47297319107328,0.30033301646806765,0.31812438176118324,1.9739208802178718e-05,0.0008772981689857211
13.65,49.15374992895442,64.35192494277027,0.29715716193146824,0.26525819428542136,1.9739208802178718e-05,0.0008772981689857211
13.66,47.34902709387894,65.92615428628179,0.2965537313816369,0.3242320350692,1.9739208802178718e-05,0.0008772981689857211
13.67,50.29576986633929,65.55035044538086,0.30328443376514946,0.26624265711505835,1.9739208802178718e-05,0.0008772981689857211
13.68,50.19617453832622,66.25386870198506,0.3048655002949797,0.2802596334341238,1.9739208802178718e-05,0.0008772981689857211
13.69,49.85292121702006,66.03978317322628,0.30340639059754293,0.28251403670160863,1.9739208802178718e-05,0.0008772981689857211
13.700000000000001,46.88370685516772,65.58394943001892,0.2944396356266702,0.32638080385277546,1.9739208802178718e-05,0.0008772981689857211
13.71,49.696357871399236,64.04661966319156,0.29777841885008277,0.2504593167899172,1.9739208802178718e-05,0.0008772981689857211
13.72,49.18723869128282,64.11749688389142,0.2966311040832512,0.2605821636338777,1.9739208802178718e-05,0.0008772981689857211
13.73,46.77508708956089,65.18948211313399,0.2931225567246102,0.3213918229242095,1.9739208802178718e-05,0.0008772981689857211
13.74,48.672255725594994,65.88021057932916,0.2998976554951184,0.3003354697322005,1.9739208802178718e-05,0.0008772981689857211
13.75,49.138853972959886,65.16024890340572,0.29923435159024514,0.2796260922986077,1.9739208802178718e-05,0.0008772981689857211
13.76,49.368702914707754,66.64040075674002,0.3037111232031309,0.3014479947530624,1.9739208802178718e-05,0.0008772981689857211
13.77,48.9141262264586,65.55508133699064,0.2996796846196478,0.2904394573553609,1.9739208802178718e-05,0.0008772981689857211
13.780000000000001,49.05089028633683,64.73213117030924,0.29788325359287426,0.2736892842236649,1.9739208802178718e-05,0.0008772981689857211
13.790000000000001,50.46974625682368,65.55643088845918,0.30375582145310714,0.26331232003206717,1.9739208802178718e-05,0.0008772981689857211
13.8,50.17265327801279,66.16117824362452,0.3045612587269404,0.27905240318723806,1.9739208802178718e-05,0.0008772981689857211
13.81,45.26094664158068,66.28000810263416,0.29201353666568075,0.3668518281744332,1.9739208802178718e-05,0.0008772981689857211
13.82,48.32048632031475,68.14420139843642,0.30490383944988175,0.34598909809046824,1.9739208802178718e-05,0.0008772981689857211
13.83,48.50383135306723,65.08745523204055,0.29738129287298953,0.289438838600438,1.9739208802178718e-05,0.0008772981689857211
13.84,46.598894298847604,65.80197204613619,0.29426477997210776,0.3351569332066414,1.9739208802178718e-05,0.0008772981689857211
13.85,48.814432255998746,66.40149517622797,0.3016345926646818,0.30695215371340867,1.9739208802178718e-05,0.0008772981689857211
13.86,50.19992191301258,65.86203888900368,0.30384950284736734,0.27335550906354256,1.9739208802178718e-05,0.0008772981689857211
13.870000000000001,47.397531154611265,65.28940466485828,0.2950137081049917,0.3122721021041658,1.9739208802178718e-05,0.0008772981689857211
13.88,49.10509371254782,64.03103782843156,0.2961896997539244,0.2605068687908454,1.9739208802178718e-05,0.0008772981689857211
13.89,47.60242441336425,65.27714496918104,0.2955180215938197,0.30848206806892536,1.9739208802178718e-05,0.0008772981689857211
13.9,47.89511815770436,64.6017035447833,0.2945159905106134,0.2915849217700991,1.9739208802178718e-05,0.0008772981689857211
13.91,50.47428494712401,63.81821842269613,0.29921707412251136,0.2328955743158238,1.9739208802178718e-05,0.0008772981689857211
13.92,48.05034320198578,64.93533183003996,0.2957958055345798,0.2946986457213456,1.9739208802178718e-05,0.0008772981689857211
13.93,49.25606757293272,64.63363637512491,0.2981625477022786,0.26838920655021437,1.9739208802178718e-05,0.0008772981689857211
13.94,46.45595084684679,66.5906902943962,0.2959554144352755,0.35141749739092115,1.9739208802178718e-05,0.0008772981689857211
13.950000000000001,50.93619365979383,66.61145664494181,0.30773902887008286,0.27358495020682716,1.9739208802178718e-05,0.0008772981689857211
13.96,49.42459552168777,64.80549129254761,0.29905366796210514,0.26844727310757566,1.9739208802178718e-05,0.0008772981689857211
13.97,48.48241277493966,65.57787208336892,0.2986091274810178,0.2983720520728032,1.9739208802178718e-05,0.0008772981689857211
13.98,49.39206839811985,63.66025524550962,0.295970291191735,0.24902683877670123,1.9739208802178718e-05,0.0008772981689857211
13.99,47.0096292713826,65.29693849982543,0.29401790688325946,0.3191737573666714,1.9739208802178718e-05,0.0008772981689857211
14.0,50.12044947622316,66.36892472088748,0.304968468499096,0.2835893914481835,1.9739208802178718e-05,0.0008772981689857211
14.01,48.312630855524255,66.88007190758158,0.30157379062310496,0.3240629800283603,1.9739208802178718e-05,0.0008772981689857211
14.02,48.45652916806185,65.03448994201509,0.2971187932371971,0.2893399987719514,1.9739208802178718e-05,0.0008772981689857211
14.030000000000001,48.11142584816139,67.15237227267768,0.30175991783440415,0.3323272078036512,1.9739208802178718e-05,0.0008772981689857211
14.040000000000001,48.00463090282527,64.0713161342285,0.2934141432131057,0.2804165571695335,1.9739208802178718e-05,0.0008772981689857211
14.05,49.53501732007406,64.3929930810721,0.29826283376195195,0.25932059721092604,1.9739208802178718e-05,0.0008772981689857211
14.06,49.00850080624504,66.74174067881012,0.3030334235839115,0.30950342282220045,1.9739208802178718e-05,0.0008772981689857211
14.07,49.48351035580362,67.89549191432056,0.3072975093479348,0.32134970001259755,1.9739208802178718e-05,0.0008772981689857211
14.08,48.69085895873729,66.48226482586509,0.3015225329772456,0.3105186109400169,1.9739208802178718e-05,0.0008772981689857211
14.09,49.31725235941259,65.84173557620385,0.30148552541114015,0.28840663932355126,1.9739208802178718e-05,0.0008772981689857211
14.1,48.19879409340992,63.255925944218006,0.29178777473176587,0.2627965267035087,1.9739208802178718e-05,0.0008772981689857211
14.11,51.37709079581143,63.463209972792484,0.30065120435890696,0.21094257342674672,1.9739208802178718e-05,0.0008772981689857211
14.120000000000001,46.819896086403375,66.0454378843197,0.2954807533728184,0.33554900485343025,1.9739208802178718e-05,0.0008772981689857211
14.13,50.214537374395555,65.46047123655924,0.30283646438009304,0.2660917434360518,1.9739208802178718e-05,0.0008772981689857211
14.14,50.34290152698514,64.56314422146212,0.3008233243136455,0.24819005545129355,1.9739208802178718e-05,0.0008772981689857211
14.15,47.678822018961256,65.96878553704072,0.29752874082999303,0.31922008346013203,1.9739208802178718e-05,0.0008772981689857211
14.16,51.37654091878714,66.02830408105403,0.30736516545612447,0.25572150840397345,1.9739208802178718e-05,0.0008772981689857211
14.17,49.896000925654356,67.02344548229298,0.30609439491416074,0.2989302999661244,1.9739208802178718e-05,0.0008772981689857211
14.18,49.866779394307464,66.0540691796599,0.3034800718982257,0.28252150372884627,1.9739208802178718e-05,0.0008772981689857211
14.19,48.73503921055102,67.36421968204593,0.3039471490201684,0.32514053617581584,1.9739208802178718e-05,0.0008772981689857211
14.200000000000001,48.44074119625756,65.89973927550324,0.2993426778816758,0.3047170005822029,1.9739208802178718e-05,0.0008772981689857211
14.21,48.45012199367244,65.75174444627585,0.2989797871949869,0.30197027773490615,1.9739208802178718e-05,0.0008772981689857211
14.22,49.17004930170339,67.16732106354128,0.30457052339783963,0.314111648620272,1.9739208802178718e-05,0.0008772981689857211
14.23,50.38283611616065,64.71601738399494,0.30132809382724723,0.25016120540888365,1.9739208802178718e-05,0.0008772981689857211
14.24,48.91898964755367,69.26748338396405,0.30941146285792026,0.35514821352180426,1.9739208802178718e-05,0.0008772981689857211
14.25,47.60768023835522,66.34045541384474,0.2983155215460038,0.3269486048481504,1.9739208802178718e-05,0.0008772981689857211
14.26,49.69072506098195,66.34714154344987,0.3037864243855961,0.2907093092025176,1.9739208802178718e-05,0.0008772981689857211
14.27,49.80679348179372,66.52026160881178,0.3045435180719845,0.29170504824359494,1.9739208802178718e-05,0.0008772981689857211
14.280000000000001,49.48700402025732,68.14271021044263,0.3079538717258614,0.3256034973034213,1.9739208802178718e-05,0.0008772981689857211
14.290000000000001,49.59601127394995,66.84115533405179,0.3048317893504242,0.30098454382952,1.9739208802178718e-05,0.0008772981689857211
14.3,48.376298829930604,63.96407926523995,0.2941064221044063,0.27205809167410333,1.9739208802178718e-05,0.0008772981689857211
14.31,47.586625585563276,67.57431090176567,0.3014906267075945,0.3488509186202558,1.9739208802178718e-05,0.0008772981689857211
14.32,47.659580469351035,65.48107054471063,0.2962015317067856,0.3110436794265174,1.9739208802178718e-05,0.0008772981689857211
14.33,46.73885668797054,66.01873252745185,0.29519867826305557,0.3364973127746545,1.9739208802178718e-05,0.0008772981689857211
14.34,48.98575091997511,64.35504167343434,0.2967255011362496,0.2682447273441837,1.9739208802178718e-05,0.0008772981689857211
14.35,48.60127404624806,66.52158886179333,0.30139095031010643,0.31276849652518535,1.9739208802178718e-05,0.0008772981689857211
14.36,48.17342734068432,65.1084972919636,0.2965713851753661,0.2955727297053792,1.9739208802178718e-05,0.0008772981689857211
14.370000000000001,45.15466999690589,66.01035000563682,0.29102934181345885,0.3640002838947145,1.9739208802178718e-05,0.0008772981689857211
14.38,47.20463162248697,65.54922763361172,0.29518891325238095,0.3201736003423454,1.9739208802178718e-05,0.0008772981689857211
14.39,50.046421367803774,68.20016180212768,0.3095688308322926,0.3168425421313775,1.9739208802178718e-05,0.0008772981689857211
14.4,47.90386138604421,68.26885880021936,0.3041394702372569,0.3554362570374877,1.9739208802178718e-05,0.0008772981689857211
14.41,49.13412259930818,65.94596224430235,0.3012789575993141,0.293421955122463,1.9739208802178718e-05,0.0008772981689857211
14.42,47.032590070149666,65.96691969368729,0.29583202477776527,0.33046639358863006,1.9739208802178718e-05,0.0008772981689857211
14.43,50.42785916495105,65.44201488042525,0.30334662089444064,0.2620464516421497,1.9739208802178718e-05,0.0008772981689857211
14.44,48.52857939405436,67.21735398984801,0.30302214500146774,0.32618064985967166,1.9739208802178718e-05,0.0008772981689857211
14.450000000000001,49.04946106190022,65.4954425956446,0.29987785653057786,0.2870365264860264,1.9739208802178718e-05,0.0008772981689857211
14.46,51.492348336377994,65.38454171046982,0.3059829826213326,0.24246451470164262,1.9739208802178718e-05,0.0008772981689857211
14.47,50.52114070682725,67.06445787644262,0.30783837723096585,0.2887353538114973,1.9739208802178718e-05,0.0008772981689857211
14.48,48.333533840575505,65.24418752566469,0.29734577921304056,0.29514658546931843,1.9739208802178718e-05,0.0008772981689857211
14.49,47.98954836427554,65.84484039870642,0.29801773288639055,0.3116336349059355,1.9739208802178718e-05,0.0008772981689857211
14.5,48.310758572296535,63.992573502231465,0.2940094358491601,0.2736993032157683,1.9739208802178718e-05,0.0008772981689857211
14.51,49.31329048429181,66.73517485419246,0.30381417180646,0.30406924415650427,1.9739208802178718e-05,0.0008772981689857211
14.52,48.575143625018924,68.21918676706291,0.3057668419505861,0.3428532312324797,1.9739208802178718e-05,0.0008772981689857211
14.530000000000001,48.22711961211581,66.75561688740441,0.3010241002304531,0.3233832829005843,1.9739208802178718e-05,0.0008772981689857211
14.540000000000001,50.46203008697082,67.64430544110142,0.30920166336450244,0.2998872779138536,1.9739208802178718e-05,0.0008772981689857211
14.55,48.56436071598657,64.87482387663187,0.2969830907878221,0.2846712846785012,1.9739208802178718e-05,0.0008772981689857211
14.56,51.460919497764756,66.1737355784785,0.30796680682924593,0.2567870828488226,1.9739208802178718e-05,0.0008772981689857211
14.57,48.81030366262258,64.7583545308014,0.2973220518820925,0.2783459969252605,1.9739208802178718e-05,0.0008772981689857211
14.58,50.84379465918965,65.61682778534706,0.30489319658687586,0.2578380685576378,1.9739208802178718e-05,0.0008772981689857211
14.59,49.13019589337272,66.81680021286766,0.3035485259776409,0.3086894788726378,1.9739208802178718e-05,0.0008772981689857211
14.6,49.85696527401931,66.01233117576862,0.30334510875272636,0.28196432684994815,1.9739208802178718e-05,0.0008772981689857211
14.61,47.831879324298704,64.19497721292319,0.29328562458507834,0.28558993398262955,1.9739208802178718e-05,0.0008772981689857211
14.620000000000001,47.676901519015075,64.31211151339936,0.29318655052117065,0.2903391861626733,1.9739208802178718e-05,0.0008772981689857211
14.63,49.253059732137956,64.23274972225573,0.29710515439051194,0.26144491125559205,1.9739208802178718e-05,0.0008772981689857211
14.64,49.88767647707835,66.47988954797216,0.30464957545035326,0.2895887482795364,1.9739208802178718e-05,0.0008772981689857211
14.65,48.74972038852053,68.36681988283266,0.30661038544194696,0.34238297586706123,1.9739208802178718e-05,0.0008772981689857211
14.66,47.157740584019535,67.52509633284491,0.30023896495904806,0.35547741774199804,1.9739208802178718e-05,0.0008772981689857211
14.67,47.06910254657278,63.614964201069384,0.2897702091365291,0.28877976345044226,1.9739208802178718e-05,0.0008772981689857211
14.68,46.98884890349648,67.5954375657284,0.29998096049045436,0.3596528197600808,1.9739208802178718e-05,0.0008772981689857211
14.69,46.58026605059271,67.01382694046224,0.2973886400265784,0.35663291543496567,1.9739208802178718e-05,0.0008772981689857211
14.700000000000001,48.832795017456476,64.03578650541014,0.2954892554444487,0.2653422576174632,1.9739208802178718e-05,0.0008772981689857211
14.71,50.0514652921696,65.52630449999207,0.30258189374778954,0.27008689539321284,1.9739208802178718e-05,0.0008772981689857211
14.72,48.685313641810204,67.20477333383963,0.30339953822215304,0.32322554731628855,1.9739208802178718e-05,0.0008772981689857211
14.73,45.98891487731455,66.5506666531664,0.2946279354785238,0.3588702684664059,1.9739208802178718e-05,0.0008772981689857211
14.74,48.47250003371851,64.31923237717908,0.2952880649397847,0.2765776550756638,1.9739208802178718e-05,0.0008772981689857211
14.75,48.50605379016084,66.6230370270001,0.3014072549380541,0.31620100801146467,1.9739208802178718e-05,0.0008772981689857211
14.76,51.2166110863905,63.325145724747955,0.29986961810595103,0.21133379703111838,1.9739208802178718e-05,0.0008772981689857211
14.77,46.9528470906165,65.622759829136,0.29472224972708894,0.3258514483471966,1.9739208802178718e-05,0.0008772981689857211
14.780000000000001,48.23259946300094,67.25569456332472,0.3023476467406022,0.332015643420651,1.9739208802178718e-05,0.0008772981689857211
14.790000000000001,50.74843580277345,65.91221949873024,0.3054168813818126,0.2646579525546807,1.9739208802178718e-05,0.0008772981689857211
14.8,49.24138659573583,65.29142138009033,0.2998461901098883,0.2801259520466041,1.9739208802178718e-05,0.0008772981689857211
14.81,49.37738827433968,66.95736194457147,0.30456366387077904,0.30682842295945667,1.9739208802178718e-05,0.0008772981689857211
14.82,48.83891391054863,67.05984861814856,0.30342225076691925,0.31801530343852913,1.9739208802178718e-05,0.0008772981689857211
14.83,49.09734483250869,67.462194071485,0.3051521592721669,0.3205270858525115,1.9739208802178718e-05,0.0008772981689857211
14.84,49.634544022454214,66.93935735418033,0.30518976013761345,0.30202596908163054,1.9739208802178718e-05,0.0008772981689857211
14.85,47.73002900344865,67.18779619276924,0.30085416283579514,0.3396021025401671,1.9739208802178718e-05,0.0008772981689857211
14.86,49.75508288080981,66.7696367089697,0.3050610025207183,0.2969599850591955,1.9739208802178718e-05,0.0008772981689857211
14.870000000000001,47.05380896585732,66.20878081898442,0.29652076666217764,0.33431732696390765,1.9739208802178718e-05,0.0008772981689857211
14.88,49.09545415351782,65.99755723976124,0.3013127992272099,0.2949973493664426,1.9739208802178718e-05,0.0008772981689857211
14.89,48.91590174206356,65.60543477712778,0.29981615790664673,0.29128730208223286,1.9739208802178718e-05,0.0008772981689857211
14.9,47.96186088028944,64.43530448837299,0.29425509083875584,0.28751583010267223,1.9739208802178718e-05,0.0008772981689857211
14.91,48.674190255729194,64.74377262946089,0.29692753248769416,0.280467121842064,1.9739208802178718e-05,0.0008772981689857211
14.92,47.95436440292131,65.55172906172241,0.29715825780516764,0.3071319529701677,1.9739208802178718e-05,0.0008772981689857211
14.93,47.41537099388588,66.17988903156757,0.29739169531548904,0.32750262230741106,1.9739208802178718e-05,0.0008772981689857211
14.94,48.2770748961836,67.61912155764978,0.3034155327986353,0.337582398316962,1.9739208802178718e-05,0.0008772981689857211
14.950000000000001,47.37662622367398,65.83998976659404,0.29640040754943564,0.3222464848166405,1.9739208802178718e-05,0.0008772981689857211
14.96,49.088769543031866,67.09431798909786,0.3041666118852655,0.3142561040112004,1.9739208802178718e-05,0.0008772981689857211
14.97,47.321309993137135,67.1853252277632,0.2997776699977223,0.3466924685105389,1.9739208802178718e-05,0.0008772981689857211
14.98,49.55578501370923,65.6124102828181,0.30150963022563737,0.28024097770487033,1.9739208802178718e-05,0.0008772981689857211
14.99,47.28363770460539,66.60377469368888,0.298156548439027,0.33720000239585074,1.9739208802178718e-05,0.0008772981689857211
15.0,56.61622561438511,57.003545863012484,0.2974558661466195,0.006760013598190821,1.9739208802178718e-05,0.0008772981689857211
15.01,56.35526949151383,58.691356654266215,0.30119136293322835,0.04077241260360169,1.9739208802178718e-05,0.0008772981689857211
15.02,58.50398372431158,57.67681965558089,0.30416063198869203,-0.014436736453543042,1.9739208802178718e-05,0.0008772981689857211
15.030000000000001,57.119169652691376,55.294241212325446,0.29429762144875654,-0.03185100989767061,1.9739208802178718e-05,0.0008772981689857211
15.040000000000001,56.277755223187924,56.72566536882581,0.2958422633019899,0.007817506794468392,1.9739208802178718e-05,0.0008772981689857211
15.05,56.9393131838146,58.318584448719584,0.3017444703921448,0.024072824850738805,1.9739208802178718e-05,0.0008772981689857211
15.06,53.62123310602503,55.93238668136462,0.2868107059151939,0.040337239408914836,1.9739208802178718e-05,0.0008772981689857211
15.07,55.90711768354131,56.49613602722448,0.29427103008110955,0.010280309451914937,1.9739208802178718e-05,0.0008772981689857211
15.08,58.16490907276583,56.422946664687096,0.2999903048128243,-0.030402979466942853,1.9739208802178718e-05,0.0008772981689857211
15.09,55.735721935373064,54.33295864869234,0.2881591319276845,-0.02448283797867564,1.9739208802178718e-05,0.0008772981689857211
15.1,55.46741599898279,55.9987697350358,0.2918177918547235,0.009273872186897902,1.9739208802178718e-05,0.0008772981689857211
15.11,55.85268831983994,53.522332081827756,0.2863431338167608,-0.0406723890977014,1.9739208802178718e-05,0.0008772981689857211
15.120000000000001,56.07867462453622,54.25319940487733,0.2888481707563334,-0.03186055299661428,1.9739208802178718e-05,0.0008772981689857211
15.13,52.416002369380905,56.10382996184177,0.28410425668380435,0.06436473373433764,1.9739208802178718e-05,0.0008772981689857211
15.14,52.60318469098923,55.05008401750849,0.2818355984246203,0.04270644971259285,1.9739208802178718e-05,0.0008772981689857211
15.15,54.68334008673156,54.065617168132356,0.2847041043311924,-0.010781298794584893,1.9739208802178718e-05,0.0008772981689857211
15.16,53.38215273144092,54.775757831212154,0.2831567477093773,0.02432299746359205,1.9739208802178718e-05,0.0008772981689857211
15.17,55.623448988671555,53.9769079767015,0.28693306356102904,-0.02873756192799689,1.9739208802178718e-05,0.0008772981689857211
15.18,53.47982347443512,53.87312694511959,0.28104936698271865,0.006864440522964903,1.9739208802178718e-05,0.0008772981689857211
15.19,51.34560992773137,54.455229042651276,0.2769859487108257,0.05427309203830444,1.9739208802178718e-05,0.0008772981689857211
15.200000000000001,51.95444417866402,52.60321959008586,0.27373132364368025,0.011323267035291962,1.9739208802178718e-05,0.0008772981689857211
15.21,49.985463723609854,53.33347863383217,0.2704883585723393,0.05843388358924173,1.9739208802178718e-05,0.0008772981689857211
15.22,52.813138370716764,52.71936718192828,0.2762834534659281,-0.0016366159878683506,1.9739208802178718e-05,0.0008772981689857211
15.23,52.67704213102875,51.0003790342257,0.27142685389658194,-0.02926329148589757,1.9739208802178718e-05,0.0008772981689857211
15.24,52.202761900297446,51.60757024453656,0.2717748140274391,-0.010388054073424136,1.9739208802178718e-05,0.0008772981689857211
15.25,53.815786067161135,54.40297895680205,0.28331606431653567,0.010248449268533782,1.9739208802178718e-05,0.0008772981689857211
15.26,53.76836909243522,52.79181326611747,0.2789739050523482,-0.017044114498778556,1.9739208802178718e-05,0.0008772981689857211
15.27,51.934693248877586,50.55085339522325,0.2683065336968677,-0.02415256176658461,1.9739208802178718e-05,0.0008772981689857211
15.280000000000001,49.38654102422238,50.09974817417652,0.26045449606549964,0.012447813015464642,1.9739208802178718e-05,0.0008772981689857211
15.290000000000001,52.49792539007505,51.62259081335164,0.27258687399388526,-0.015277470420374528,1.9739208802178718e-05,0.0008772981689857211
15.3,52.232633835984366,53.43962540158585,0.27664932775748896,0.02106597686354683,1.9739208802178718e-05,0.0008772981689857211
15.31,51.74648551425214,51.151105868298586,0.26938526429958815,-0.010391335121247755,1.9739208802178718e-05,0.0008772981689857211
15.32,52.36200539752326,52.752629162438346,0.2751894697652927,0.006817670834304661,1.9739208802178718e-05,0.0008772981689857211
15.33,49.595450050890015,51.41556069162565,0.264446207733639,0.03176692343142051,1.9739208802178718e-05,0.0008772981689857211
15.34,53.21276429835517,51.36775838434807,0.27379116814046767,-0.03220142791819129,1.9739208802178718e-05,0.0008772981689857211
15.35,49.45995859945248,49.008407292057235,0.2577895790797989,-0.007881057055731944,1.9739208802178718e-05,0.0008772981689857211
15.36,51.31935348415348,51.54531347761217,0.26929906836753637,0.00394374586363877,1.9739208802178718e-05,0.0008772981689857211
15.370000000000001,48.204482806506135,49.827381595073824,0.25664682085142865,0.028324927287133504,1.9739208802178718e-05,0.0008772981689857211
15.38,48.92199648336781,51.074025052424965,0.26178897220421116,0.03755998412702929,1.9739208802178718e-05,0.0008772981689857211
15.39,51.66697055245201,48.870324197998265,0.26320602216650524,-0.04881068689911432,1.9739208802178718e-05,0.0008772981689857211
15.4,49.34326245707031,49.868801461683226,0.25973657596219757,0.009172385978148956,1.9739208802178718e-05,0.0008772981689857211
15.41,50.47326343912042,49.88775985768622,0.2627445445800015,-0.010218965278245656,1.9739208802178718e-05,0.0008772981689857211
15.42,49.5587168477139,49.08953040135977,0.25826050737266615,-0.008188848294611306,1.9739208802178718e-05,0.0008772981689857211
15.43,48.95743466234031,49.5688386812439,0.25794118043482006,0.010671013189793393,1.9739208802178718e-05,0.0008772981689857211
15.44,50.52901890774949,48.57272202759925,0.2594477510670421,-0.034143821705114694,1.9739208802178718e-05,0.0008772981689857211
15.450000000000001,48.417421996537676,47.92254088247042,0.252217433023171,-0.00863730484641112,1.9739208802178718e-05,0.0008772981689857211
15.46,46.373540925333515,50.437006713762436,0.25344942104415713,0.07092085705023186,1.9739208802178718e-05,0.0008772981689857211
15.47,47.355552612357364,49.578184162333145,0.25377192944697874,0.03879223860578235,1.9739208802178718e-05,0.0008772981689857211
15.48,48.78988486543117,47.215417096931326,0.2513412927921898,-0.027479646526850088,1.9739208802178718e-05,0.0008772981689857211
15.49,48.41207978691388,48.6196020259924,0.2540283489574072,0.003621946343031109,1.9739208802178718e-05,0.0008772981689857211
15.5,45.86601302728607,46.85526830192722,0.24274374687940745,0.017265761685208807,1.9739208802178718e-05,0.0008772981689857211
15.51,46.68628597256848,46.13387542346353,0.24300261428899422,-0.009641382904631013,1.9739208802178718e-05,0.0008772981689857211
15.52,46.66644544510536,48.60508239382683,0.24942027662922067,0.03383559775600602,1.9739208802178718e-05,0.0008772981689857211
15.530000000000001,46.73496161950067,45.12860558166086,0.2404982565431011,-0.028036201819595468,1.9739208802178718e-05,0.0008772981689857211
15.540000000000001,45.331442894405626,48.09476629701933,0.24458924370710322,0.04822909167302214,1.9739208802178718e-05,0.0008772981689857211
15.55,46.03750793927384,46.48828649392954,0.24223196338242592,0.007867569976123256,1.9739208802178718e-05,0.0008772981689857211
15.56,45.72623475499551,46.34671141361031,0.24104640939805044,0.010829360624600992,1.9739208802178718e-05,0.0008772981689857211
15.57,47.33542131731098,46.90128286914462,0.24671111464223622,-0.007577145330001737,1.9739208802178718e-05,0.0008772981689857211
15.58,47.1895410470747,46.916034048279506,0.24636781948450615,-0.004773597656224186,1.9739208802178718e-05,0.0008772981689857211
15.59,45.85263699246955,45.03599772998144,0.23794588928238183,-0.014253043931475862,1.9739208802178718e-05,0.0008772981689857211
15.6,45.36617585542099,46.697894340965945,0.24102317215712019,0.023242872282432013,1.9739208802178718e-05,0.0008772981689857211
15.610000000000001,45.81354685320249,45.78168232438583,0.23979574924015412,-0.0005561409424473251,1.9739208802178718e-05,0.0008772981689857211
15.620000000000001,44.47476161809859,43.94738599560364,0.2314886411315326,-0.009204441007291583,1.9739208802178718e-05,0.0008772981689857211
15.63,43.88746731673409,45.05981643503933,0.2328634443261151,0.02046135209727897,1.9739208802178718e-05,0.0008772981689857211
15.64,43.94441443291388,46.730214702295456,0.23738562396512722,0.04862138700365356,1.9739208802178718e-05,0.0008772981689857211
15.65,44.11991815514873,46.89360770980932,0.2382728535288807,0.04841001515700235,1.9739208802178718e-05,0.0008772981689857211
15.66,43.29453946045348,45.551526169334615,0.23259845590241573,0.03939184924372656,1.9739208802178718e-05,0.0008772981689857211
15.67,44.69419355936939,43.071309902691894,0.22976955076251773,-0.028324663185827492,1.9739208802178718e-05,0.0008772981689857211
15.68,45.18439496532411,44.897464439730726,0.23583375644052407,-0.005007882396082427,1.9739208802178718e-05,0.0008772981689857211
15.69,42.2132322641155,45.138783309704415,0.2286870420024782,0.05106049818068947,1.9739208802178718e-05,0.0008772981689857211
15.700000000000001,43.956918746822325,44.797613873345554,0.2323588230435959,0.014672897963300773,1.9739208802178718e-05,0.0008772981689857211
15.71,43.47185540733322,44.67772350807833,0.23077505794807554,0.021046368702772694,1.9739208802178718e-05,0.0008772981689857211
15.72,43.9546028525867,43.98070812503958,0.23021410579870383,0.00045562295643295875,1.9739208802178718e-05,0.0008772981689857211
15.73,43.33827997650798,43.26691169163563,0.22673186158947994,-0.001245611552523803,1.9739208802178718e-05,0.0008772981689857211
15.74,41.41850143060406,42.432779571437194,0.2195221403250885,0.01770249308854499,1.9739208802178718e-05,0.0008772981689857211
15.75,41.45696747618314,40.69431201260994,0.21507154677082851,-0.01331084889767603,1.9739208802178718e-05,0.0008772981689857211
15.76,42.81615699380344,43.18841882315749,0.225159452968059,0.006497194601725506,1.9739208802178718e-05,0.0008772981689857211
15.77,43.82439987508581,42.813126183773825,0.22681651282642307,-0.017650055552190885,1.9739208802178718e-05,0.0008772981689857211
15.780000000000001,39.74185199442928,43.06796785107067,0.21679560139309742,0.05805167300118393,1.9739208802178718e-05,0.0008772981689857211
15.790000000000001,42.62276280373251,40.602838476019144,0.21788411464255092,-0.03525433015973116,1.9739208802178718e-05,0.0008772981689857211
15.8,43.44445138260552,42.790925003438424,0.22576368744495529,-0.011406187065102677,1.9739208802178718e-05,0.0008772981689857211
15.81,41.64228799310262,44.291373158095006,0.2249737988072309,0.04623525829485433,1.9739208802178718e-05,0.0008772981689857211
15.82,42.295176108071544,41.72907326977331,0.21997497047402842,-0.009880358433189223,1.9739208802178718e-05,0.0008772981689857211
15.83,40.60026428405218,41.369948798081694,0.2145975160266848,0.013433528971427596,1.9739208802178718e-05,0.0008772981689857211
15.84,41.10972181028702,41.62376407672211,0.2165957595570856,0.008971730043706255,1.9739208802178718e-05,0.0008772981689857211
15.85,39.116879095739215,43.500779747361406,0.21629252506522728,0.0765135004511322,1.9739208802178718e-05,0.0008772981689857211
15.860000000000001,38.05777741589605,39.64261207195883,0.20341914399675876,0.027660582848007452,1.9739208802178718e-05,0.0008772981689857211
15.870000000000001,41.81132241575876,40.92385177436112,0.21660017952429372,-0.0154892847071747,1.9739208802178718e-05,0.0008772981689857211
15.88,39.30702360930882,39.529428615820976,0.20639334928795872,0.0038816996365565832,1.9739208802178718e-05,0.0008772981689857211
15.89,39.75139817686377,39.6416259258539,0.20785045105614602,-0.0019158872074478048,1.9739208802178718e-05,0.0008772981689857211
15.9,38.44331495523339,40.04753728969929,0.2054885706555687,0.02799896167045966,1.9739208802178718e-05,0.0008772981689857211
15.91,38.22409608374669,41.53284761738361,0.2088031903368714,0.057748608392376166,1.9739208802178718e-05,0.0008772981689857211
15.92,39.51646855562353,41.88626251656356,0.21311185159877377,0.04136070721228134,1.9739208802178718e-05,0.0008772981689857211
15.93,38.658595231064034,40.071858437578854,0.20611584571600006,0.024666096150976202,1.9739208802178718e-05,0.0008772981689857211
15.94,39.79666712991017,38.891188264688346,0.2060043236953389,-0.015803587505342685,1.9739208802178718e-05,0.0008772981689857211
15.950000000000001,39.69516210338174,42.14340264057245,0.2142528614832826,0.04272985825477259,1.9739208802178718e-05,0.0008772981689857211
15.96,39.346149644485486,38.44806469130053,0.20366477687424592,-0.015674539395696595,1.9739208802178718e-05,0.0008772981689857211
15.97,39.05646508629982,38.084781039954,0.20195531009916756,-0.0169590858978357,1.9739208802178718e-05,0.0008772981689857211
15.98,40.47248005139368,36.44922655198094,0.20138055697229268,-0.07021902020713594,1.9739208802178718e-05,0.0008772981689857211
15.99,37.1070597509113,40.063482156858846,0.2020320062758283,0.051599305063517176,1.9739208802178718e-05,0.0008772981689857211
16.0,38.13126450261138,39.359081052900436,0.20286925026777536,0.021429441413022554,1.9739208802178718e-05,0.0008772981689857211
16.01,39.36542819496809,40.90756705368432,0.2101542101290123,0.026915400607545974,1.9739208802178718e-05,0.0008772981689857211
16.02,39.332662249839984,36.147786455972586,0.1976073526198683,-0.055586568870054275,1.9739208802178718e-05,0.0008772981689857211
16.03,35.91811216771054,39.37403351589896,0.19711437646053337,0.060317206215849316,1.9739208802178718e-05,0.0008772981689857211
16.04,37.058416085226746,37.51740523725314,0.19523904366843992,0.008010871933797441,1.9739208802178718e-05,0.0008772981689857211
16.05,38.8720019985442,38.20957694366365,0.20179910177661825,-0.011561498255369767,1.9739208802178718e-05,0.0008772981689857211
16.06,37.66096567803214,35.0739381824679,0.190419533023089,-0.045152147637218996,1.9739208802178718e-05,0.0008772981689857211
16.07,37.09460045785868,38.62198300728131,0.19822555197416852,0.026657854424929905,1.9739208802178718e-05,0.0008772981689857211
16.080000000000002,36.40807725625107,37.61311898997086,0.19378703861421598,0.021031945877351133,1.9739208802178718e-05,0.0008772981689857211
16.09,36.017751845813116,36.43162091491895,0.18967201435192027,0.0072233779280606964,1.9739208802178718e-05,0.0008772981689857211
16.1,36.633189900660504,37.06146225014546,0.1929321481715227,0.007474762593764339,1.9739208802178718e-05,0.0008772981689857211
16.11,35.79349214326049,35.17774673199117,0.1858022688888808,-0.010746784780696258,1.9739208802178718e-05,0.0008772981689857211
16.12,35.85426081627823,35.21002705883352,0.18604587060086775,-0.01124400021990472,1.9739208802178718e-05,0.0008772981689857211
16.13,35.808687677159384,35.158235693470864,0.1857909709242015,-0.011352528741493026,1.9739208802178718e-05,0.0008772981689857211
16.14,34.709697463918836,33.3001098640827,0.1780492592280891,-0.024601944712424793,1.9739208802178718e-05,0.0008772981689857211
16.15,35.970952615058515,36.366507559444834,0.18937902788630329,0.006903736152084339,1.9739208802178718e-05,0.0008772981689857211
16.16,38.63850501278898,36.571323771709565,0.1968988713226057,-0.03607911889229848,1.9739208802178718e-05,0.0008772981689857211
16.17,32.81804153578889,34.10881252326357,0.17521409419982956,0.02252820362065163,1.9739208802178718e-05,0.0008772981689857211
16.18,35.14825460029791,35.17728319040372,0.18411182740251636,0.0005066444745581896,1.9739208802178718e-05,0.0008772981689857211
16.19,33.656225533216954,34.24980507000456,0.177777572397937,0.010359917289406533,1.9739208802178718e-05,0.0008772981689857211
16.2,35.070350800872504,34.771396462346644,0.18284526676333696,-0.005217737520397947,1.9739208802178718e-05,0.0008772981689857211
16.21,34.242350744132544,33.43338908668588,0.17717467256562774,-0.014119044444834788,1.9739208802178718e-05,0.0008772981689857211
16.22,34.90972157327982,32.935385657123696,0.17761807538087288,-0.034458662277303084,1.9739208802178718e-05,0.0008772981689857211
16.23,35.2151178045291,35.06699977594705,0.18399815355796495,-0.0025851472803197404,1.9739208802178718e-05,0.0008772981689857211
16.240000000000002,33.84442932233007,33.53687927885886,0.17640385340896825,-0.005367760873224252,1.9739208802178718e-05,0.0008772981689857211
16.25,34.78100079539502,35.849068790322185,0.18490908977752088,0.018641303146653132,1.9739208802178718e-05,0.0008772981689857211
16.26,30.4183946450413,33.28712407534068,0.16678065800423253,0.050068773907585296,1.9739208802178718e-05,0.0008772981689857211
16.27,34.949108943376714,31.929272537456896,0.1750871932868021,-0.05270608815489279,1.9739208802178718e-05,0.0008772981689857211
16.28,33.29965483643799,34.32190930589031,0.17703284094482463,0.017841706285170827,1.9739208802178718e-05,0.0008772981689857211
16.29,33.95200634935115,33.415554519432156,0.17636786192969406,-0.009362850710435133,1.9739208802178718e-05,0.0008772981689857211
16.3,31.003757496936807,33.33985582718234,0.16845118577039586,0.04077260751312641,1.9739208802178718e-05,0.0008772981689857211
16.31,31.279698601109985,33.70534327367789,0.17013044178921555,0.04233548601976972,1.9739208802178718e-05,0.0008772981689857211
16.32,32.26076248029982,31.302280974711135,0.16640765863172602,-0.016728658091994995,1.9739208802178718e-05,0.0008772981689857211
16.330000000000002,31.87420512841083,31.74194662483344,0.16654669583137136,-0.0023083463511861897,1.9739208802178718e-05,0.0008772981689857211
16.34,32.04334696951755,31.497924866120208,0.166350660665493,-0.009519411517436665,1.9739208802178718e-05,0.0008772981689857211
16.35,32.81409692531121,29.96378288789651,0.16435210502426362,-0.04974736466869939,1.9739208802178718e-05,0.0008772981689857211
16.36,29.203428422121597,31.00538462029512,0.15762630394618143,0.031450068634847436,1.9739208802178718e-05,0.0008772981689857211
16.37,32.29928975483548,32.73436221822689,0.17025770272890675,0.007593446970942663,1.9739208802178718e-05,0.0008772981689857211
16.38,30.949659229013978,31.22452666161708,0.16277163803077727,0.004797341705427653,1.9739208802178718e-05,0.0008772981689857211
16.39,30.504196772004708,29.13346141194018,0.15613102402331708,-0.023923845206636023,1.9739208802178718e-05,0.0008772981689857211
16.4,28.792410792382068,28.690741779646014,0.15049054152122054,-0.001774459019496059,1.9739208802178718e-05,0.0008772981689857211
16.41,30.970421543985864,32.364494412431554,0.1658104222370066,0.02433116156709908,1.9739208802178718e-05,0.0008772981689857211
16.42,27.278847788986077,30.067394397917166,0.15013211097113027,0.04866931967117026,1.9739208802178718e-05,0.0008772981689857211
16.43,30.762864091999546,29.207899031671147,0.15700309071624796,-0.027139260056202874,1.9739208802178718e-05,0.0008772981689857211
16.44,28.003278344235188,29.465015228926372,0.1504516407531549,0.02551212143570588,1.9739208802178718e-05,0.0008772981689857211
16.45,29.666968910233514,27.830050109911745,0.1505268437975008,-0.03206028115739917,1.9739208802178718e-05,0.0008772981689857211
16.46,29.26883087858873,31.11954766279618,0.15809640532317862,0.032301101406341425,1.9739208802178718e-05,0.0008772981689857211
16.47,30.624293328424674,28.749184026568777,0.15543940023043948,-0.03272683115215762,1.9739208802178718e-05,0.0008772981689857211
16.48,28.815475417145034,30.67074345324781,0.15573455682755055,0.03238053573700245,1.9739208802178718e-05,0.0008772981689857211
16.490000000000002,28.005909414876605,28.90085774558818,0.14898156804238422,0.015619795006144115,1.9739208802178718e-05,0.0008772981689857211
16.5,28.039966521375714,30.363328126023287,0.152899467841424,0.040550309715518915,1.9739208802178718e-05,0.0008772981689857211
16.51,29.98436314733645,28.764937223682555,0.15380530870761117,-0.021282997351933508,1.9739208802178718e-05,0.0008772981689857211
16.52,28.909474256137692,29.28979708856351,0.15236533608399355,0.006637885646341157,1.9739208802178718e-05,0.0008772981689857211
16.53,27.612175983582517,28.937843616716314,0.14804760511388135,0.023137264985305106,1.9739208802178718e-05,0.0008772981689857211
16.54,27.600210325742662,28.63189530920244,0.1472153082988573,0.01800629980475643,1.9739208802178718e-05,0.0008772981689857211
16.55,25.812347589287235,28.110481470609024,0.14116963636279026,0.040110002880701844,1.9739208802178718e-05,0.0008772981689857211
16.56,27.968143207301388,27.222553306940835,0.14448890559637265,-0.013012998630908176,1.9739208802178718e-05,0.0008772981689857211
16.57,25.199209385334672,29.609509864456662,0.14348889145650828,0.07697426436296229,1.9739208802178718e-05,0.0008772981689857211
16.580000000000002,28.02215806186148,26.031677920743853,0.1415126116844171,-0.034740432158064015,1.9739208802178718e-05,0.0008772981689857211
16.59,27.083362282138214,26.934185541960485,0.14141760950760315,-0.0026036252834934124,1.9739208802178718e-05,0.0008772981689857211
16.6,29.602372598927097,26.755893489687505,0.14754559559420866,-0.04968043254546621,1.9739208802178718e-05,0.0008772981689857211
16.61,25.226881843258983,27.029973411740375,0.13680812714067597,0.03146988458494908,1.9739208802178718e-05,0.0008772981689857211
16.62,26.232864066769082,25.84069140094444,0.1363282494197245,-0.006844704254963438,1.9739208802178718e-05,0.0008772981689857211
16.63,28.323017885415286,26.542768211015115,0.14363829211164564,-0.031071218325839922,1.9739208802178718e-05,0.0008772981689857211
16.64,27.403754280947002,25.771475610353747,0.13921242631621566,-0.02848863711192825,1.9739208802178718e-05,0.0008772981689857211
16.65,24.947646318991193,23.88475775996159,0.12784293492630527,-0.018550904936844675,1.9739208802178718e-05,0.0008772981689857211
16.66,25.8608757632249,25.603577592684978,0.13473362381995085,-0.00449070023527944,1.9739208802178718e-05,0.0008772981689857211
16.67,25.40352814516457,24.080450517830283,0.12954875319838227,-0.023092060856457857,1.9739208802178718e-05,0.0008772981689857211
16.68,25.548490026629214,23.128880070817544,0.12743705691184185,-0.04223016034294818,1.9739208802178718e-05,0.0008772981689857211
16.69,24.180740530864124,25.183405038873182,0.12923503089385321,0.01749979695764718,1.9739208802178718e-05,0.0008772981689857211
16.7,24.7209866390948,25.41363113275916,0.13125212240215722,0.012088926960252083,1.9739208802178718e-05,0.0008772981689857211
16.71,22.719522340293324,25.26922284115087,0.1256342410975147,0.04450066867971272,1.9739208802178718e-05,0.0008772981689857211
16.72,24.608347401156845,25.12680410733878,0.130206322170221,0.00904877655191964,1.9739208802178718e-05,0.0008772981689857211
16.73,24.795238135311042,21.93610650207611,0.12234237417099023,-0.04990126074787257,1.9739208802178718e-05,0.0008772981689857211
16.740000000000002,23.791324100321877,22.431007082005575,0.12100978006182861,-0.023742010840531506,1.9739208802178718e-05,0.0008772981689857211
16.75,21.93518039508255,26.2414671879607,0.12612616843456095,0.07515888307087086,1.9739208802178718e-05,0.0008772981689857211
16.76,24.868493767495746,22.42560501998155,0.1238156610907405,-0.04263645190404314,1.9739208802178718e-05,0.0008772981689857211
16.77,23.928699645955124,24.224278837727788,0.12606420287733802,0.005158830096816762,1.9739208802178718e-05,0.0008772981689857211
16.78,22.429065551412286,22.47595852265444,0.11756107811696737,0.0008184367442185444,1.9739208802178718e-05,0.0008772981689857211
16.79,22.772577200737544,23.204905024064296,0.12036876698999396,0.007545543965032098,1.9739208802178718e-05,0.0008772981689857211
16.8,21.117508521894706,22.1584067625046,0.11329608127903593,0.018167101476858814,1.9739208802178718e-05,0.0008772981689857211
16.81,21.496833720189187,23.401175259066246,0.11754271264169786,0.033237029935900234,1.9739208802178718e-05,0.0008772981689857211
16.82,21.890966326183804,22.70046888259241,0.11674010438743049,0.014128484912641303,1.9739208802178718e-05,0.0008772981689857211
16.830000000000002,23.81945898483825,21.807406281728987,0.11945085393981578,-0.03511694439290863,1.9739208802178718e-05,0.0008772981689857211
16.84,21.38696400932686,20.894161534774977,0.1106917278290484,-0.008601025742905935,1.9739208802178718e-05,0.0008772981689857211
16.85,22.731638537876034,22.28471118367254,0.11785252798053826,-0.007800353848077905,1.9739208802178718e-05,0.0008772981689857211
16.86,21.1264167715374,20.317133656120188,0.10849896130183934,-0.014124654944827666,1.9739208802178718e-05,0.0008772981689857211
16.87,21.87894735628324,22.094387533805996,0.1151219215371234,0.003760140438853199,1.9739208802178718e-05,0.0008772981689857211
16.88,21.220749748978186,24.54220624239503,0.11980713862420926,0.05797035177186929,1.9739208802178718e-05,0.0008772981689857211
16.89,22.247106339951735,22.819642481354858,0.11798447251516106,0.009992640754148316,1.9739208802178718e-05,0.0008772981689857211
16.9,20.366678882267944,21.87046995240321,0.11057659707298466,0.026246105435949373,1.9739208802178718e-05,0.0008772981689857211
16.91,18.93043265641698,20.714737799130532,0.10379081354455263,0.0311419996006188,1.9739208802178718e-05,0.0008772981689857211
16.92,18.968141787073243,18.299977472305372,0.09756770806531012,-0.011661667237031076,1.9739208802178718e-05,0.0008772981689857211
16.93,19.797241700268057,18.848751017919145,0.10117497234511796,-0.016554285331476147,1.9739208802178718e-05,0.0008772981689857211
16.94,18.7456367964754,21.78386018861232,0.10610597498503438,0.05302700160390005,1.9739208802178718e-05,0.0008772981689857211
16.95,20.545777248394284,19.105815533429084,0.1038076271554253,-0.025132073028806778,1.9739208802178718e-05,0.0008772981689857211
16.96,19.303615100038826,19.023434380071663,0.10033998090040633,-0.0048900760640351966,1.9739208802178718e-05,0.0008772981689857211
16.97,22.52107882619,19.472770395337456,0.10993964017525676,-0.05320301873467877,1.9739208802178718e-05,0.0008772981689857211
16.98,17.395307520283417,18.20610952383211,0.09320429186931649,0.014151164543691475,1.9739208802178718e-05,0.0008772981689857211
16.990000000000002,19.533938917189438,17.817456621275714,0.09778572485414058,-0.02995826761588614,1.9739208802178718e-05,0.0008772981689857211
17.0,17.745049542820638,19.038024283689737,0.09629786209151332,0.022566666373286248,1.9739208802178718e-05,0.0008772981689857211
17.01,18.315525630857923,17.837771893710695,0.0946491115885257,-0.008338375726926658,1.9739208802178718e-05,0.0008772981689857211
17.02,18.886324675615548,17.827399011872224,0.09611630385211428,-0.01848173936618731,1.9739208802178718e-05,0.0008772981689857211
17.03,15.735189726047452,17.58820614452019,0.08724044638303313,0.032341237595862375,1.9739208802178718e-05,0.0008772981689857211
17.04,18.618840784331994,18.961481700787722,0.09838505419898952,0.0059802121442032365,1.9739208802178718e-05,0.0008772981689857211
17.05,20.427152467205058,17.865112683881627,0.10024891573997198,-0.04471602978607594,1.9739208802178718e-05,0.0008772981689857211
17.06,17.40855162272351,17.7383912192932,0.09201448119051672,0.005756786963590869,1.9739208802178718e-05,0.0008772981689857211
17.07,18.073461077222127,18.478026725826176,0.09569157129986122,0.007061002608607046,1.9739208802178718e-05,0.0008772981689857211
17.080000000000002,18.800611749095687,17.40025818746568,0.094773655871884,-0.024440780342472927,1.9739208802178718e-05,0.0008772981689857211
17.09,17.182975585602573,17.04581526348636,0.0896107648939661,-0.0023938992240238786,1.9739208802178718e-05,0.0008772981689857211
17.1,16.491581627686887,17.75327428060887,0.08965282312061915,0.0220206909417107,1.9739208802178718e-05,0.0008772981689857211
17.11,14.266864237748328,17.799585334483588,0.08394976866902612,0.061657614692695366,1.9739208802178718e-05,0.0008772981689857211
17.12,17.575950853778096,16.630273791093803,0.08955168670947641,-0.016505178404429693,1.9739208802178718e-05,0.0008772981689857211
17.13,16.479973967119214,16.712505389538517,0.08689770775108899,0.004058438935562597,1.9739208802178718e-05,0.0008772981689857211
17.14,15.209569505417795,15.486641851403595,0.08036249340969139,0.004835824703677087,1.9739208802178718e-05,0.0008772981689857211
17.150000000000002,16.385720247706516,15.200984543575855,0.08269379976950185,-0.020677538803013467,1.9739208802178718e-05,0.0008772981689857211
17.16,15.342401835495627,16.965795266023214,0.08458266222071886,0.0283335604179522,1.9739208802178718e-05,0.0008772981689857211
17.17,15.217720974614108,16.385762807006284,0.08273772706348567,0.020386175776271193,1.9739208802178718e-05,0.0008772981689857211
17.18,16.388395787572957,16.207204526342398,0.08533508207128804,-0.003162384084314379,1.9739208802178718e-05,0.0008772981689857211
17.19,13.863801574943587,15.806885687002827,0.07767767760757593,0.033913215398624214,1.9739208802178718e-05,0.0008772981689857211
17.2,16.53565288011048,15.334318467799912,0.08343538988059374,-0.02096724091233048,1.9739208802178718e-05,0.0008772981689857211
17.21,13.410665209369578,15.923582874098985,0.07679688189800442,0.043858687081055156,1.9739208802178718e-05,0.0008772981689857211
17.22,14.101660983375105,16.01903318662876,0.07885579293792422,0.033464457932994254,1.9739208802178718e-05,0.0008772981689857211
17.23,17.01345217457101,15.799390347919894,0.08590382084338016,-0.021189376197838644,1.9739208802178718e-05,0.0008772981689857211
17.240000000000002,15.867756523951721,14.39399731084563,0.0792250862767851,-0.025721950650302028,1.9739208802178718e-05,0.0008772981689857211
17.25,14.441069669265108,15.988336154161185,0.07966399815664876,0.027004894567195608,1.9739208802178718e-05,0.0008772981689857211
17.26,13.004322687958815,14.407111764639062,0.07176296758386637,0.024483288099081495,1.9739208802178718e-05,0.0008772981689857211
17.27,13.306846246810169,14.700824445928998,0.07332391041039293,0.024329509275644683,1.9739208802178718e-05,0.0008772981689857211
17.28,13.838917460642575,14.089492552141595,0.07311640643550531,0.004373360370143927,1.9739208802178718e-05,0.0008772981689857211
17.29,13.605029030237016,13.856409200410507,0.07189387716867679,0.004387411643751032,1.9739208802178718e-05,0.0008772981689857211
17.3,13.259970104168035,12.486112831418808,0.06740308750762763,-0.013506357349977832,1.9739208802178718e-05,0.0008772981689857211
17.31,13.141030271107939,14.01965029402275,0.0711064954415947,0.015334812273811496,1.9739208802178718e-05,0.0008772981689857211
17.32,12.729793224652516,16.40139663018782,0.07626527669857992,0.06408156825402764,1.9739208802178718e-05,0.0008772981689857211
17.330000000000002,11.065682941820333,12.346303334840249,0.06129243674391828,0.022351042326381375,1.9739208802178718e-05,0.0008772981689857211
17.34,11.985258602285114,12.690265151388052,0.06460037012335004,0.012304685529969384,1.9739208802178718e-05,0.0008772981689857211
17.35,13.511634425952025,11.878639243951094,0.06647158102833499,-0.028501142595120262,1.9739208802178718e-05,0.0008772981689857211
17.36,10.581098472396228,11.637475747583247,0.058168091285605905,0.018437261595259682,1.9739208802178718e-05,0.0008772981689857211
17.37,11.804647083900132,13.885453071489675,0.06725652493179884,0.03631691557864974,1.9739208802178718e-05,0.0008772981689857211
17.38,10.857423051512017,11.033562544764072,0.05731046627425078,0.0030742141000427345,1.9739208802178718e-05,0.0008772981689857211
17.39,11.783762349604462,11.081245266287095,0.05986044995863299,-0.012261236155395386,1.9739208802178718e-05,0.0008772981689857211
17.400000000000002,10.99279608533624,9.55416451413886,0.05379181706075825,-0.025108857640533506,1.9739208802178718e-05,0.0008772981689857211
17.41,13.041042368875793,10.359035901455492,0.061261261656249094,-0.04680984341626632,1.9739208802178718e-05,0.0008772981689857211
17.42,11.685083824224188,9.027104167651865,0.05422438136254045,-0.046390496458215184,1.9739208802178718e-05,0.0008772981689857211
17.43,9.31203430855299,11.644363746539959,0.054863721812986196,0.04070682793406155,1.9739208802178718e-05,0.0008772981689857211
17.44,11.50068578971178,14.054848841980112,0.06690423321456898,0.044578554894870406,1.9739208802178718e-05,0.0008772981689857211
17.45,9.574644016550632,10.06421169168448,0.05141440401491784,0.008544567842419642,1.9739208802178718e-05,0.0008772981689857211
17.46,9.620844666701762,8.313130792766518,0.04695103796093765,-0.022823912774180024,1.9739208802178718e-05,0.0008772981689857211
17.47,10.498837204773114,11.202253977960249,0.05681332386213114,0.012276938705869656,1.9739208802178718e-05,0.0008772981689857211
17.48,9.341171545258101,9.058958498218075,0.048171427808068,-0.0049255468629340795,1.9739208802178718e-05,0.0008772981689857211
17.490000000000002,10.811709496811503,11.299498833888205,0.05788700804476636,0.008513529988108903,1.9739208802178718e-05,0.0008772981689857211
17.5,8.619884511697643,9.210861728165783,0.04668078449598231,0.010314498231640315,1.9739208802178718e-05,0.0008772981689857211
17.51,8.615574790693778,8.600131826904075,0.045070614530168834,-0.0002695305643965936,1.9739208802178718e-05,0.0008772981689857211
17.52,8.37967964983545,8.953775655198356,0.0453788798730177,0.010019865516129716,1.9739208802178718e-05,0.0008772981689857211
17.53,8.297572292356827,9.885670903506298,0.04760361936880016,0.027717549610907385,1.9739208802178718e-05,0.0008772981689857211
17.54,10.104382725330018,8.512448101765854,0.048738749132940316,-0.02778450065769114,1.9739208802178718e-05,0.0008772981689857211
17.55,9.3489224792947,7.9982972836098885,0.04541491513945727,-0.023572856625092658,1.9739208802178718e-05,0.0008772981689857211
17.56,10.455313740066579,8.164783071677448,0.0487472994607548,-0.039977301781296756,1.9739208802178718e-05,0.0008772981689857211
17.57,10.933568108220896,6.686168842140729,0.04612836346786726,-0.07413110183988963,1.9739208802178718e-05,0.0008772981689857211
17.580000000000002,6.784548693512678,8.497847054584263,0.04000921850956103,0.029902697469721802,1.9739208802178718e-05,0.0008772981689857211
17.59,7.914926152914,5.686351287507361,0.035608061071886944,-0.03889596902853533,1.9739208802178718e-05,0.0008772981689857211
17.6,6.227996888438828,7.10649152317233,0.034909609027746535,0.015332623837204542,1.9739208802178718e-05,0.0008772981689857211
17.61,6.515324223402795,8.359713587297607,0.03894275792330565,0.03219066708872831,1.9739208802178718e-05,0.0008772981689857211
17.62,6.5013663926836065,7.62112334450967,0.036972591673969706,0.01954344563146036,1.9739208802178718e-05,0.0008772981689857211
17.63,5.7978936243142405,7.774864160863839,0.035533396789057606,0.03450464507770938,1.9739208802178718e-05,0.0008772981689857211
17.64,5.613228814091768,6.797438734307293,0.032491051663496445,0.02066836214254028,1.9739208802178718e-05,0.0008772981689857211
17.650000000000002,6.511366355635254,8.08820302704218,0.038221583265161584,0.02752099168223878,1.9739208802178718e-05,0.0008772981689857211
17.66,5.033459576085638,7.603160714273077,0.03308259455866222,0.044849745653616595,1.9739208802178718e-05,0.0008772981689857211
17.67,7.313088097404181,6.837904951536231,0.03704721316962619,-0.008293510445380228,1.9739208802178718e-05,0.0008772981689857211
17.68,5.01024556982777,7.2246047475050394,0.03203076322891958,0.03864785847222249,1.9739208802178718e-05,0.0008772981689857211
17.69,9.292046647134153,6.821072148302775,0.04218404636180356,-0.043126640737424324,1.9739208802178718e-05,0.0008772981689857211
17.7,5.187916610150968,5.202221735291975,0.0272013185798543,0.00024967153362036776,1.9739208802178718e-05,0.0008772981689857211
17.71,5.6250131898984,3.9259133255683376,0.025004267146638552,-0.029654886952748552,1.9739208802178718e-05,0.0008772981689857211
17.72,3.7931966665284618,5.852040638898853,0.025251172217383887,0.03593360610270248,1.9739208802178718e-05,0.0008772981689857211
17.73,7.203930265930568,5.8119272331751155,0.034075435249468364,-0.024295036119329136,1.9739208802178718e-05,0.0008772981689857211
17.740000000000002,6.3090350414305965,6.274200613833376,0.032942833910805366,-0.0006079754546190845,1.9739208802178718e-05,0.0008772981689857211
17.75,5.1309473376401975,3.65106276270251,0.022991248679156674,-0.025828858382139393,1.9739208802178718e-05,0.0008772981689857211
17.76,2.9674993025110794,3.4959450899139624,0.016921257850107212,0.00922311890847428,1.9739208802178718e-05,0.0008772981689857211
17.77,4.645476682605861,4.944556748905641,0.025106648813430874,0.005219931884014098,1.9739208802178718e-05,0.0008772981689857211
17.78,2.8559732424053066,4.116290111002309,0.018253342774965584,0.02199667897544241,1.9739208802178718e-05,0.0008772981689857211
17.79,5.765530882083811,1.7477906332304252,0.019669829730474445,-0.07012279583238791,1.9739208802178718e-05,0.0008772981689857211
17.8,4.790752312429281,4.2698484307105025,0.02372059727646514,-0.009091487822411778,1.9739208802178718e-05,0.0008772981689857211
17.81,3.7432595486805234,1.4058252045084947,0.013480272361108193,-0.04079592535499623,1.9739208802178718e-05,0.0008772981689857211
17.82,0.5140959748881491,2.3034389085368843,0.007376289075834216,0.031229925639464865,1.9739208802178718e-05,0.0008772981689857211
17.830000000000002,2.0666616646837945,4.86877848650676,0.018156939856993275,0.04890616456633003,1.9739208802178718e-05,0.0008772981689857211
17.84,3.8810882652842382,5.245629728732929,0.023893691834491755,0.023815741317161493,1.9739208802178718e-05,0.0008772981689857211
17.85,4.320249405721873,1.4060013334877328,0.014991289379095017,-0.050863224080383296,1.9739208802178718e-05,0.0008772981689857211
17.86,4.00480681773441,2.278533199048619,0.016449745697276943,-0.030129158436384165,1.9739208802178718e-05,0.0008772981689857211
17.87,0.5724015095438022,2.5339641399279955,0.008132446253120238,0.03423572638428474,1.9739208802178718e-05,0.0008772981689857211
17.88,2.6536939486987987,4.4293034936211955,0.018543243941823155,0.030990232788733984,1.9739208802178718e-05,0.0008772981689857211
17.89,3.3194635085925253,1.509402511423728,0.012641941678043701,-0.031591524062527264,1.9739208802178718e-05,0.0008772981689857211
17.900000000000002,-0.08014336159598878,1.3375984894627717,0.0032920098266042493,0.024744263244294427,1.9739208802178718e-05,0.0008772981689857211
17.91,1.709387966944581,3.577344055547899,0.013840632069466903,0.03260198402880282,1.9739208802178718e-05,0.0008772981689857211
17.92,1.856498331652308,1.0781404704202509,0.007682866417942252,-0.013584907437280521,1.9739208802178718e-05,0.0008772981689857211
17.93,0.9759840201558441,2.2035435727316752,0.008323983773084558,0.021424955956756694,1.9739208802178718e-05,0.0008772981689857211
17.94,-1.0766786362198202,-0.626655967873291,-0.004459319565686831,0.0078543772712574,1.9739208802178718e-05,0.0008772981689857211
17.95,0.5640919264629132,0.7494503656405961,0.0034388456792099026,0.003235115060008217,1.9739208802178718e-05,0.0008772981689857211
17.96,0.37117721053505454,-1.227572479150602,-0.0022420375703763847,-0.027903446000252335,1.9739208802178718e-05,0.0008772981689857211
17.97,0.39527090967353773,-0.6935627420160025,-0.0007809261909274381,-0.0190037322284956,1.9739208802178718e-05,0.0008772981689857211
17.98,-0.2941938470895449,1.3890134896032547,0.002866231121605729,0.02937751001901412,1.9739208802178718e-05,0.0008772981689857211
17.990000000000002,-0.34062865217952654,0.1310994624061791,-0.0005485461360871418,0.00823320877374565,1.9739208802178718e-05,0.0008772981689857211
18.0,-0.04764753881637348,-0.38292688866356955,-0.0011272412151621834,-0.005851728568779519,1.9739208802178718e-05,0.0008772981689857211
18.01,0.5309455259636533,-0.8984995487771011,-0.0009622541815567523,-0.024948523030642596,1.9739208802178718e-05,0.0008772981689857211
18.02,-0.3653121154280006,-0.2647872878895393,-0.001649596380411413,0.0017544892205456168,1.9739208802178718e-05,0.0008772981689857211
18.03,-0.49157871404160225,0.36133580052083236,-0.0003409751502491511,0.014886166517163608,1.9739208802178718e-05,0.0008772981689857211
18.04,0.11082484590534969,1.179499447754114,0.003378061101424175,0.01865189043470042,1.9739208802178718e-05,0.0008772981689857211
18.05,-2.3050991110742176,-3.1501760209161627,-0.014281876898310057,-0.014749374509321213,1.9739208802178718e-05,0.0008772981689857211
18.06,0.5724421526717497,-0.9981134091153716,-0.0011144047434063498,-0.027411365638694507,1.9739208802178718e-05,0.0008772981689857211
18.07,-0.0006757165475505698,0.19091549062680688,0.0004980465638899779,0.0033438973830631183,1.9739208802178718e-05,0.0008772981689857211
18.080000000000002,0.04763223191707419,-0.11863573915474303,-0.00018588674726414178,-0.002901923535813896,1.9739208802178718e-05,0.0008772981689857211
18.09,1.1528811691133567,0.48405149103206996,0.004285479682945058,-0.011673280017572205,1.9739208802178718e-05,0.0008772981689857211
18.1,-2.343378636057898,0.3210483433518646,-0.005294448325581142,0.04650302346966752,1.9739208802178718e-05,0.0008772981689857211
18.11,-2.3686006438307565,-0.36584143559208865,-0.00715875262365134,0.0349547423083995,1.9739208802178718e-05,0.0008772981689857211
18.12,0.32856461438822343,-0.6322238351846124,-0.0007949779810406141,-0.01676892186017749,1.9739208802178718e-05,0.0008772981689857211
18.13,-0.008540226154218927,-0.2946017876826011,-0.0007936239363868076,-0.004992716112066611,1.9739208802178718e-05,0.0008772981689857211
18.14,0.20421233183031864,1.3784908197872912,0.004143507161612746,0.02049502595018975,1.9739208802178718e-05,0.0008772981689857211
18.150000000000002,-0.5545524902069346,-0.8784095194868573,-0.0037514857687727353,-0.005652371466662331,1.9739208802178718e-05,0.0008772981689857211
18.16,0.7972244090879174,-0.07536806777274657,0.0018898154823524557,-0.015229611749351018,1.9739208802178718e-05,0.0008772981689857211
18.17,1.119166611589344,0.22001065679810522,0.0035059578901837146,-0.0156932319000204,1.9739208802178718e-05,0.0008772981689857211
18.18,0.5807787527418324,1.8724211158493496,0.006422462237461252,0.022543411994466307,1.9739208802178718e-05,0.0008772981689857211
18.19,-0.31299415008549974,-0.36036990988357587,-0.0017628629866585374,-0.0008268629941103908,1.9739208802178718e-05,0.0008772981689857211
18.2,-2.5292272651372834,1.1505679872131531,-0.0036093215494415474,0.06422454295277073,1.9739208802178718e-05,0.0008772981689857211
18.21,0.9230834496445537,1.4783752839180266,0.006287004262716042,0.009691670817510798,1.9739208802178718e-05,0.0008772981689857211
18.22,1.4660743994611114,-0.07650511798877789,0.003637883871939609,-0.026923091553325892,1.9739208802178718e-05,0.0008772981689857211
18.23,0.773470094380776,-0.252862774892115,0.001362946775258876,-0.017912887790252487,1.9739208802178718e-05,0.0008772981689857211
18.240000000000002,-1.0555709128410078,-0.3948644064578593,-0.003797230786347072,0.011531503925734873,1.9739208802178718e-05,0.0008772981689857211
18.25,0.8085532724013094,-0.3069877610910988,0.001313095438021805,-0.019469863975542866,1.9739208802178718e-05,0.0008772981689857211
18.26,1.0326356495537345,1.0250878326921993,0.005387107479119194,-0.00013173425557133807,1.9739208802178718e-05,0.0008772981689857211
18.27,1.8705794973589027,0.2772119727066167,0.0056229049198338816,-0.02780950949953431,1.9739208802178718e-05,0.0008772981689857211
18.28,-1.0513319090735491,0.2823476510038433,-0.0020131960798983215,0.02327709948990002,1.9739208802178718e-05,0.0008772981689857211
18.29,-0.27174550145296616,-1.3502682124558019,-0.004246421973031401,-0.018823772364534756,1.9739208802178718e-05,0.0008772981689857211
18.3,0.8967264613721462,-1.1609880928502814,-0.0006918353333978024,-0.035913894037388754,1.9739208802178718e-05,0.0008772981689857211
18.31,0.06889208572578934,2.572136189732376,0.0069141958567519105,0.04368985159605032,1.9739208802178718e-05,0.0008772981689857211
18.32,-1.3407931224615297,-0.2133908703464275,-0.004068844178443609,0.01967688129380774,1.9739208802178718e-05,0.0008772981689857211
18.330000000000002,0.4975395420320436,-0.9297263946940322,-0.0011314625344174983,-0.024910489897431082,1.9739208802178718e-05,0.0008772981689857211
18.34,0.6943939605782,1.7173189987071567,0.006313849762881814,0.01785340991643883,1.9739208802178718e-05,0.0008772981689857211
18.35,0.10555547559720238,0.3381702584202625,0.0011616712551650052,0.0040598938490739485,1.9739208802178718e-05,0.0008772981689857211
18.36,0.263501912615933,0.6937859002374259,0.002506173633525961,0.007509872302605576,1.9739208802178718e-05,0.0008772981689857211
18.37,-0.3104470820228762,-0.1656564903378403,-0.0012464362377302362,0.0025270725508146014,1.9739208802178718e-05,0.0008772981689857211
18.38,1.773934722859271,-0.38240770869216495,0.003643009204149267,-0.037635275231033015,1.9739208802178718e-05,0.0008772981689857211
18.39,-1.0808306204552118,-0.20350364699674842,-0.0033623792494839226,0.015312244303407094,1.9739208802178718e-05,0.0008772981689857211
18.400000000000002,-0.7047849153165346,-1.659285804358352,-0.0061891226712477996,-0.016659183226992776,1.9739208802178718e-05,0.0008772981689857211
18.41,0.013182616233030745,-0.10551289130387696,-0.00024172009488874604,-0.002071627413844784,1.9739208802178718e-05,0.0008772981689857211
18.42,1.0547448332410712,0.3552396924511408,0.0036913308563249515,-0.012208667841410772,1.9739208802178718e-05,0.0008772981689857211
18.43,-1.7968478041134441,2.2205558806125048,0.001109265150330093,0.07011692168022005,1.9739208802178718e-05,0.0008772981689857211
18.44,-1.572356099718527,0.10319887800625858,-0.0038462446122497114,0.029243951159477755,1.9739208802178718e-05,0.0008772981689857211
18.45,-2.4452742092816613,-2.8010124506523657,-0.013734746357895726,-0.006208803587173101,1.9739208802178718e-05,0.0008772981689857211
18.46,0.03923427030392494,-0.11278251934154569,-0.0001925488657174849,-0.002653193497625086,1.9739208802178718e-05,0.0008772981689857211
18.47,-1.3419669806478527,3.287404959729967,0.00509314471924912,0.08079778265903159,1.9739208802178718e-05,0.0008772981689857211
18.48,-0.46146013202150005,1.0396394819820476,0.001513669998577815,0.02619913066477789,1.9739208802178718e-05,0.0008772981689857211
18.490000000000002,0.7936538278700497,-0.9730667325703064,-0.0004697018861379437,-0.030835090742363694,1.9739208802178718e-05,0.0008772981689857211
18.5,-0.7698512649394159,0.709327817316668,-0.0001584500153512926,0.0258165452119967,1.9739208802178718e-05,0.0008772981689857211
18.51,0.2775384272920375,-0.8904161098676884,-0.0016045100209406687,-0.020384652187043682,1.9739208802178718e-05,0.0008772981689857211
18.52,-0.3592054893020664,-1.6245690234562289,-0.005193509529716776,-0.022084759905661853,1.9739208802178718e-05,0.0008772981689857211
18.53,0.8065371781157241,-0.4180432358808866,0.0010170747624075863,-0.02137296017967611,1.9739208802178718e-05,0.0008772981689857211
18.54,0.5701536808176105,0.10983172708663345,0.0017801976350168597,-0.008034133711818546,1.9739208802178718e-05,0.0008772981689857211
18.55,-0.8303204354095319,-2.246586602920075,-0.008055323789495852,-0.02471850770766052,1.9739208802178718e-05,0.0008772981689857211
18.56,-0.20238210408054316,-1.378991148646363,-0.004140025494458537,-0.02053570183641825,1.9739208802178718e-05,0.0008772981689857211
18.57,1.2524920772645933,0.01240267581882567,0.0033114867198759538,-0.021643643074314378,1.9739208802178718e-05,0.0008772981689857211
18.580000000000002,0.4720522443049164,-0.48980781118674493,-4.648396539689583e-05,-0.016787624911744858,1.9739208802178718e-05,0.0008772981689857211
18.59,-1.6763544693013577,0.4737735253753089,-0.0031483495489876287,0.03752681284641095,1.9739208802178718e-05,0.0008772981689857211
18.6,0.7867416734056591,-1.4576019927702737,-0.0017563082090839796,-0.039171186521050526,1.9739208802178718e-05,0.0008772981689857211
18.61,-1.3015327469234859,0.8569364982639608,-0.0011639502571686206,0.037672395131557714,1.9739208802178718e-05,0.0008772981689857211
18.62,1.6950156839532071,-1.420510916472234,0.0007186518007446666,-0.05437619711088973,1.9739208802178718e-05,0.0008772981689857211
18.63,1.2289186078092298,1.9712811623251558,0.008378103406561609,0.012956670819818808,1.9739208802178718e-05,0.0008772981689857211
18.64,0.34786257110208096,-2.05890994125398,-0.004479511540011118,-0.04200610468710917,1.9739208802178718e-05,0.0008772981689857211
18.650000000000002,0.18867941212343206,-1.311065124460095,-0.0029383989236425063,-0.026175480102179103,1.9739208802178718e-05,0.0008772981689857211
18.66,-0.250838707232904,0.5008449636381951,0.0006545148487286238,0.013119354990178071,1.9739208802178718e-05,0.0008772981689857211
18.67,0.8142287416800337,1.9970799017971657,0.007359988817767881,0.02064464730507859,1.9739208802178718e-05,0.0008772981689857211
18.68,-0.44493380335447397,0.3780516433394049,-0.00017509708546629846,0.014363805740804468,1.9739208802178718e-05,0.0008772981689857211
18.69,0.2826838447678726,0.6754295042188693,0.0025083348820692185,0.006854704880336277,1.9739208802178718e-05,0.0008772981689857211
18.7,1.0463212398233412,0.021044282007670178,0.0027943564017327846,-0.01789445865871447,1.9739208802178718e-05,0.0008772981689857211
18.71,-0.6741678522307076,-1.231678144938232,-0.004989493152982878,-0.00973039022150363,1.9739208802178718e-05,0.0008772981689857211
18.72,-0.7394312879888335,-0.5881660178872551,-0.0034756416192216013,0.0026400770071910817,1.9739208802178718e-05,0.0008772981689857211
18.73,-1.4332385768693507,-1.454291663977532,-0.007559536493052443,-0.00036744568774693735,1.9739208802178718e-05,0.0008772981689857211
18.740000000000002,-1.2773672953514066,-1.5344519613322458,-0.007361325600016396,-0.004486973877755504,1.9739208802178718e-05,0.0008772981689857211
18.75,-2.1940743737298027,0.4820987031836957,-0.0044819418247600915,0.046708031545368005,1.9739208802178718e-05,0.0008772981689857211
18.76,0.8757945468186356,-1.347813578505554,-0.0012357429352518258,-0.03880928306100581,1.9739208802178718e-05,0.0008772981689857211
18.77,2.170697450499325,0.3834648080680336,0.006686781156326273,-0.031193094109544548,1.9739208802178718e-05,0.0008772981689857211
18.78,1.7103947321643667,-1.5621873026653172,0.00038800614310136733,-0.05711733154939373,1.9739208802178718e-05,0.0008772981689857211
18.79,-1.9513013863518196,0.3556596241401056,-0.004177380364937827,0.040264065348219545,1.9739208802178718e-05,0.0008772981689857211
18.8,0.86982560586744,-0.586419082755555,0.0007419565424897699,-0.025416264531150874,1.9739208802178718e-05,0.0008772981689857211
18.81,1.7065276199082677,1.6879386403807735,0.008886691888485392,-0.00032443889734059053,1.9739208802178718e-05,0.0008772981689857211
18.82,-0.5481719768863969,0.38846267469487794,-0.00041811797539568997,0.01634735855836316,1.9739208802178718e-05,0.0008772981689857211
18.830000000000002,0.12173691678005935,1.4829394715929698,0.004201032960918092,0.023757466368043875,1.9739208802178718e-05,0.0008772981689857211
18.84,-2.4094716609656044,-0.906776059710231,-0.008681916230632584,0.0262269858971421,1.9739208802178718e-05,0.0008772981689857211
18.85,0.3200834015719698,0.06737200829300073,0.001014355891021178,-0.00441064587002028,1.9739208802178718e-05,0.0008772981689857211
18.86,-1.276271675321661,-1.177304589739534,-0.006423447641115444,0.0017273014945111236,1.9739208802178718e-05,0.0008772981689857211
18.87,0.23956202149381742,-0.49632629129330175,-0.0006722072864220063,-0.012843673985081119,1.9739208802178718e-05,0.0008772981689857211
18.88,-1.8734435066266564,-0.3145250672935549,-0.005728088331760893,0.027208259536414092,1.9739208802178718e-05,0.0008772981689857211
18.89,0.6514298693731151,-0.871029864824567,-0.0005749114436988613,-0.026571935090787265,1.9739208802178718e-05,0.0008772981689857211
18.900000000000002,1.2294152105120277,-1.458603430614834,-0.0006000133571369146,-0.0469147756426476,1.9739208802178718e-05,0.0008772981689857211
18.91,-0.9398158340582011,-1.6962207883831832,-0.00690112773971292,-0.013201756931368262,1.9739208802178718e-05,0.0008772981689857211
18.92,-1.3643070976925213,-2.8076977388488764,-0.010922283121016285,-0.025191919080650375,1.9739208802178718e-05,0.0008772981689857211
18.93,-2.5872276510599774,-1.2676157562041495,-0.010091956440833357,0.023031572413715423,1.9739208802178718e-05,0.0008772981689857211
18.94,-0.3196962408902124,0.7529926760062134,0.0011343674144892292,0.018721953449494465,1.9739208802178718e-05,0.0008772981689857211
18.95,-0.6979127211379261,-1.9181982384159395,-0.006848962476258474,-0.02129800009090349,1.9739208802178718e-05,0.0008772981689857211
18.96,-1.8612232948176657,-1.641747415503966,-0.009170755874405549,0.0038305767227337735,1.9739208802178718e-05,0.0008772981689857211
18.97,0.543622507574606,2.149078285479498,0.007049474191478486,0.028020489319607197,1.9739208802178718e-05,0.0008772981689857211
18.98,-0.539964458237579,-0.7637952598179049,-0.0034132349602411737,-0.0039065844549548145,1.9739208802178718e-05,0.0008772981689857211
18.990000000000002,-1.2908831503742788,0.3852552109978029,-0.0023709284010256654,0.029254133124925367,1.9739208802178718e-05,0.0008772981689857211
19.0,-0.6654868867685365,0.7707805758005936,0.00027565823327706544,0.025067596161095735,1.9739208802178718e-05,0.0008772981689857211
19.01,1.2855654467155386,0.7950313557375362,0.005446989691390829,-0.008561434980843555,1.9739208802178718e-05,0.0008772981689857211
19.02,0.7235243325062667,-1.8267770767296716,-0.0028883089302541897,-0.04451115650941845,1.9739208802178718e-05,0.0008772981689857211
19.03,-0.1560312737981878,-0.27727161587938826,-0.001134384312491918,-0.0021160431555611826,1.9739208802178718e-05,0.0008772981689857211
19.04,0.742926022157823,-1.9418727234220705,-0.0031388351239478966,-0.0468585778637827,1.9739208802178718e-05,0.0008772981689857211
19.05,-1.3930943476640867,2.935581430692388,0.004038221740249049,0.07554964458364878,1.9739208802178718e-05,0.0008772981689857211
19.06,0.03884412087243664,-1.91385031681872,-0.00490875474218349,-0.03408094722308995,1.9739208802178718e-05,0.0008772981689857211
19.07,0.17678679658376467,-1.2574082626437841,-0.0028290603825713244,-0.025031425899355808,1.9739208802178718e-05,0.0008772981689857211
19.080000000000002,-0.5638038101984723,-1.2487210258098056,-0.004745178924377209,-0.011954060516009677,1.9739208802178718e-05,0.0008772981689857211
19.09,0.5225500031489014,-1.7959925720674563,-0.0033338648494025385,-0.04046620178519373,1.9739208802178718e-05,0.0008772981689857211
19.1,-0.9365201455733414,1.6231126917078544,0.0017974950824547475,0.04467402065272113,1.9739208802178718e-05,0.0008772981689857211
19.11,0.6117848493313415,2.906937481300195,0.009211993519945325,0.04005797026367016,1.9739208802178718e-05,0.0008772981689857211
19.12,0.6622305258375503,-0.5708989431751408,0.00023910552427746203,-0.02152216933764085,1.9739208802178718e-05,0.0008772981689857211
19.13,-3.5005918568364796,-1.584507776213292,-0.013312759708301095,0.0334419759519231,1.9739208802178718e-05,0.0008772981689857211
19.14,1.428366844212141,-2.6843105984712254,-0.0032880530597519365,-0.07177976244732513,1.9739208802178718e-05,0.0008772981689857211
19.150000000000002,-3.657159078423305,-0.29293046222652175,-0.01034131023493948,0.05871686614244649,1.9739208802178718e-05,0.0008772981689857211
19.16,-0.7392588306673503,-0.3796385077937326,-0.002929266382192092,0.006276558691229706,1.9739208802178718e-05,0.0008772981689857211
19.17,1.230417641109306,-0.7815553516321735,0.0011751187259123786,-0.03511555318454279,1.9739208802178718e-05,0.0008772981689857211
19.18,-0.3807440703029288,0.26565030477147406,-0.00030131477355633694,0.011281710111419496,1.9739208802178718e-05,0.0008772981689857211
19.19,-1.7594231789634505,0.47420777137858355,-0.003364686068957525,0.038984214357918455,1.9739208802178718e-05,0.0008772981689857211
19.2,-1.3124844740600048,0.3876999095254808,-0.002421080328412414,0.029673815384556962,1.9739208802178718e-05,0.0008772981689857211
19.21,1.2322868955847437,-0.37934984636218466,0.00223298397317679,-0.02812836749308811,1.9739208802178718e-05,0.0008772981689857211
19.22,-2.305805436658366,-1.3219461954891143,-0.009497431563835753,0.01717158313457639,1.9739208802178718e-05,0.0008772981689857211
19.23,1.3547893211544206,0.798999717368059,0.005638606517337038,-0.009700358534426752,1.9739208802178718e-05,0.0008772981689857211
19.240000000000002,-0.0661225188507472,0.015016511305836543,-0.00013379521488116324,0.0014161432281073567,1.9739208802178718e-05,0.0008772981689857211
19.25,-1.43087439653092,1.0660290298015802,-0.0009551629365109737,0.043579185893829815,1.9739208802178718e-05,0.0008772981689857211
19.26,-0.6997380867632293,0.9480906593666776,0.0006501855146592657,0.028760037128976644,1.9739208802178718e-05,0.0008772981689857211
19.27,-1.2206692093219695,-1.7061144828565387,-0.0076623017883286765,-0.00847261836142272,1.9739208802178718e-05,0.0008772981689857211
19.28,1.0394702410302343,-1.7210666489491238,-0.0017844152231926455,-0.04818045785290426,1.9739208802178718e-05,0.0008772981689857211
19.29,0.878913371715406,-0.9066488624886341,-7.261134504740058e-05,-0.031163939986126613,1.9739208802178718e-05,0.0008772981689857211
19.3,-2.062993360651256,-1.2675184899488015,-0.008719259635449074,0.013883655610634012,1.9739208802178718e-05,0.0008772981689857211
19.31,-0.48431054222320086,0.9063021311713209,0.0011047713964300815,0.024270769770694957,1.9739208802178718e-05,0.0008772981689857211
19.32,-1.0358227948131324,0.4215716111855013,-0.0016081058382861676,0.02543633088482316,1.9739208802178718e-05,0.0008772981689857211
19.330000000000002,1.5522119621512442,1.319020792542373,0.007516869774076543,-0.004069953696251341,1.9739208802178718e-05,0.0008772981689857211
19.34,-1.6201189417517052,0.4757841808931019,-0.002995861398300684,0.03658041029298241,1.9739208802178718e-05,0.0008772981689857211
19.35,1.9250749256220165,0.2503794982480428,0.005695326363541328,-0.029228949175769417,1.9739208802178718e-05,0.0008772981689857211
19.36,-0.039953687420325075,1.4396757364130044,0.003664463755152545,0.025824405155278257,1.9739208802178718e-05,0.0008772981689857211
19.37,-1.394321287656105,0.5636728076820582,-0.002174632635334995,0.034173443698258706,1.9739208802178718e-05,0.0008772981689857211
19.38,-0.8127290208111334,0.08172115612526257,-0.0019137741145112447,0.01561110058258596,1.9739208802178718e-05,0.0008772981689857211
19.39,-0.9619426089221407,1.7765436407168225,0.0021326205142440315,0.04779560157679129,1.9739208802178718e-05,0.0008772981689857211
19.400000000000002,-1.5295420824186072,0.13821705978334806,-0.003642480391555486,0.029107888161660433,1.9739208802178718e-05,0.0008772981689857211
19.41,0.11379223167645079,-0.36520872590150594,-0.0006582068427072781,-0.008360143829941028,1.9739208802178718e-05,0.0008772981689857211
19.42,-1.4734986608302119,-1.0053879105331796,-0.006489709868064684,0.008170073856664238,1.9739208802178718e-05,0.0008772981689857211
19.43,-2.6164394504858266,0.8436305508544935,-0.004641202846083667,0.06038961387287319,1.9739208802178718e-05,0.0008772981689857211
19.44,-0.45561176501780765,1.4844606502109625,0.0026935200828140534,0.033860651372860616,1.9739208802178718e-05,0.0008772981689857211
19.45,-2.163427435701459,-0.06070488172011608,-0.005822764790852719,0.036699431822918634,1.9739208802178718e-05,0.0008772981689857211
19.46,-0.9025930416810244,1.5694987485358063,0.001745955057743409,0.04314614115080464,1.9739208802178718e-05,0.0008772981689857211
19.47,-1.090923466324027,-2.364018038365891,-0.009045015708096927,-0.022219691971398677,1.9739208802178718e-05,0.0008772981689857211
19.48,-1.045459286430977,-0.06654404976949775,-0.00291121792647896,0.01708529397768232,1.9739208802178718e-05,0.0008772981689857211
19.490000000000002,2.4011557219081845,-0.04811389452532343,0.006160249098746249,-0.04274781907582333,1.9739208802178718e-05,0.0008772981689857211
19.5,0.06769388060348491,-0.8723932468888164,-0.0021066980145586327,-0.01640761563035636,1.9739208802178718e-05,0.0008772981689857211
19.51,0.29444521079439856,2.860633245578248,0.008259976083366443,0.044788430432260946,1.9739208802178718e-05,0.0008772981689857211
19.52,-2.1316779556107535,-0.07943115922651339,-0.0057886701262151565,0.035818463660410645,1.9739208802178718e-05,0.0008772981689857211
19.53,-0.7847557603643063,-0.4892769259253199,-0.0033354097730672995,0.005157078530915524,1.9739208802178718e-05,0.0008772981689857211
19.54,0.25836315592981435,0.031154536120206022,0.00075795554535718,-0.0039655385045896776,1.9739208802178718e-05,0.0008772981689857211
19.55,-1.2294346954956077,-2.403376486230995,-0.009510677433659291,-0.020489149475090777,1.9739208802178718e-05,0.0008772981689857211
19.56,1.0896754122215824,-0.911841510413898,0.0004655680662318581,-0.03493306033437375,1.9739208802178718e-05,0.0008772981689857211
19.57,-1.443235903081236,1.179887963334485,-0.0006894432940386668,0.04578214815659824,1.9739208802178718e-05,0.0008772981689857211
19.580000000000002,-0.34363936303821074,-0.7547344259193296,-0.002875535855237162,-0.007174962385968651,1.9739208802178718e-05,0.0008772981689857211
19.59,-0.7032619679706703,-0.9946501953603257,-0.004445123648967842,-0.00508568396949941,1.9739208802178718e-05,0.0008772981689857211
19.6,0.19718479125829916,1.5714307638172804,0.004630224695708396,0.02398511695342587,1.9739208802178718e-05,0.0008772981689857211
19.61,-0.7685880862265111,1.6083052811421947,0.00219837447553345,0.04148461522939906,1.9739208802178718e-05,0.0008772981689857211
19.62,-0.3250723524851248,0.6203885665933702,0.0007731360406070116,0.01650140598685141,1.9739208802178718e-05,0.0008772981689857211
19.63,-0.28335611013358264,-0.5461408008464007,-0.0021716178347584523,-0.004586458076773641,1.9739208802178718e-05,0.0008772981689857211
19.64,-0.8812653088695612,-0.28736527813958823,-0.0030594677224235595,0.010365510963933533,1.9739208802178718e-05,0.0008772981689857211
19.650000000000002,0.5821126421965351,-0.9649799538899507,-0.0010023442780964233,-0.02700185963493592,1.9739208802178718e-05,0.0008772981689857211
19.66,0.28606604980491035,-1.1937277428343738,-0.0023762527556385306,-0.02582727393212974,1.9739208802178718e-05,0.0008772981689857211
19.67,-0.10633673430380076,-1.2532997859701187,-0.0035595200863707795,-0.020018281650299084,1.9739208802178718e-05,0.0008772981689857211
19.68,-0.5165500001543497,-0.741665288142249,-0.0032939999219557983,-0.003929002971964083,1.9739208802178718e-05,0.0008772981689857211
19.69,0.9558528366239963,-1.2416651888216939,-0.0007482549883079202,-0.038353924915951826,1.9739208802178718e-05,0.0008772981689857211
19.7,-0.2830010925770176,-1.8764461422517786,-0.005653419640627449,-0.02781086256642918,1.9739208802178718e-05,0.0008772981689857211
19.71,-0.36803674539112463,0.2632832037046869,-0.00027424413083302094,0.01101861174524491,1.9739208802178718e-05,0.0008772981689857211
19.72,0.1256280358657512,0.28151469707212445,0.0010658971823000844,0.0027207354979921295,1.9739208802178718e-05,0.0008772981689857211
19.73,2.0359040195650207,2.04095131011398,0.010673182294556618,8.80918383841349e-05,1.9739208802178718e-05,0.0008772981689857211
19.740000000000002,-1.6084274496254447,-0.8020060420256431,-0.0063105001244482106,0.014074708721183765,1.9739208802178718e-05,0.0008772981689857211
19.75,0.9238282716664256,0.35532070754792466,0.0033488041966222384,-0.009922328816360617,1.9739208802178718e-05,0.0008772981689857211
19.76,-2.271805393485726,0.375255095129762,-0.004965157070398856,0.04619992102579014,1.9739208802178718e-05,0.0008772981689857211
19.77,0.26072778987434875,-0.3046050733506397,-0.00011487045952382697,-0.009866919833002818,1.9739208802178718e-05,0.0008772981689857211
19.78,1.8900993931304768,0.8932003064996114,0.007286661574247136,-0.017399171371832788,1.9739208802178718e-05,0.0008772981689857211
19.79,0.5864022293607686,0.9302750242208573,0.00397065176476565,0.00600171247834358,1.9739208802178718e-05,0.0008772981689857211
19.8,0.20475009424775137,0.39289331423704793,0.0015646267846351745,0.0032837186541172353,1.9739208802178718e-05,0.0008772981689857211
19.81,-0.6725393625636906,-0.3067676460573546,-0.00256381975324406,0.006383920763706854,1.9739208802178718e-05,0.0008772981689857211
19.82,0.037256640586265086,-0.429036130265442,-0.001025676305502717,-0.008138344129609733,1.9739208802178718e-05,0.0008772981689857211
19.830000000000002,-0.30247537848402756,-1.641304678556471,-0.005088804289493983,-0.023366979408435296,1.9739208802178718e-05,0.0008772981689857211
19.84,-0.9431719295176264,-0.9671013343412299,-0.005001083710073316,-0.00041764690221449423,1.9739208802178718e-05,0.0008772981689857211
19.85,-0.3478507385698438,-0.7464090286820254,-0.002864765371597791,-0.00695615442357633,1.9739208802178718e-05,0.0008772981689857211
19.86,0.23805739275172744,-1.348766114915321,-0.0029078286348560435,-0.027695294856835476,1.9739208802178718e-05,0.0008772981689857211
19.87,-0.9206604822367683,0.527908760025197,-0.0010282216043205098,0.02528230272059069,1.9739208802178718e-05,0.0008772981689857211
19.88,-0.9675381848216209,1.435953442784412,0.001226308277704394,0.04194884244584272,1.9739208802178718e-05,0.0008772981689857211
19.89,-1.6322921251106093,-1.0896749187949801,-0.007126093057039438,0.009470456828181099,1.9739208802178718e-05,0.0008772981689857211
19.900000000000002,0.46887003130667526,0.3401297228935646,0.0021179564037928514,-0.002246942261841738,1.9739208802178718e-05,0.0008772981689857211
19.91,0.6543879143604724,-1.2409333674356522,-0.0015355724053145682,-0.03307959675046164,1.9739208802178718e-05,0.0008772981689857211
19.92,0.27799253308382094,-0.3659066051269945,-0.00023015850239833165,-0.011238160012532762,1.9739208802178718e-05,0.0008772981689857211
19.93,1.158204591274399,-0.828395495013331,0.0008634381949173841,-0.034672712426124346,1.9739208802178718e-05,0.0008772981689857211
19.94,0.10544116449687302,0.7222747783277298,0.0021669552710307676,0.010765777498323683,1.9739208802178718e-05,0.0008772981689857211
19.95,0.470413124838908,-0.8145458086106139,-0.0009009372593311083,-0.022426764141608855,1.9739208802178718e-05,0.0008772981689857211
19.96,0.3646049107650754,1.213992496447976,0.004132758347897015,0.014824609995732067,1.9739208802178718e-05,0.0008772981689857211
19.97,-0.10984802330184944,-0.2948649283946388,-0.0010595360298852735,-0.003229154165719039,1.9739208802178718e-05,0.0008772981689857211
19.98,-0.6369861937555767,-0.779524451513797,-0.0037084161974250017,-0.0024877619079372937,1.9739208802178718e-05,0.0008772981689857211
19.990000000000002,2.6569831389502934,-1.5039663148141955,0.0030185909868094994,-0.0726222679772499,1.9739208802178718e-05,0.0008772981689857211
